sim_time,tl_phase,total_vehicles,total_waiting_time,avg_waiting_time,north_count,north_wait,south_count,south_wait,east_count,east_wait,west_count,west_wait,queue_north,queue_south,queue_east,queue_west,intA_wait,intB_wait,intC_wait,emergency_count,controller_state,controller_reason,rl_override,max_q_value,override_rate
1.0,0,8,0.0,0.0,2,0.0,2,0.0,0,0.0,0,0.0,0,0,0,0,0.0,0.0,0.0,0,NS_GREEN,hold,,,
2.0,0,12,0.0,0.0,3,0.0,3,0.0,0,0.0,0,0.0,0,0,0,0,0.0,0.0,0.0,0,NS_GREEN,hold,,,
3.0,0,14,0.0,0.0,3,0.0,3,0.0,0,0.0,0,0.0,0,0,0,0,0.0,0.0,0.0,0,NS_GREEN,hold,,,
4.0,0,14,0.0,0.0,3,0.0,3,0.0,0,0.0,0,0.0,0,0,0,0,0.0,0.0,0.0,0,NS_GREEN,hold,,,
5.0,0,16,0.0,0.0,3,0.0,3,0.0,0,0.0,0,0.0,0,0,0,0,0.0,0.0,0.0,0,NS_GREEN,hold,,,
6.0,0,16,0.0,0.0,3,0.0,3,0.0,0,0.0,0,0.0,0,0,0,0,0.0,0.0,0.0,0,NS_GREEN,hold,,,
7.0,0,16,0.0,0.0,3,0.0,3,0.0,0,0.0,0,0.0,0,0,0,0,0.0,0.0,0.0,0,NS_GREEN,hold,,,
8.0,0,16,0.0,0.0,3,0.0,3,0.0,0,0.0,0,0.0,0,0,0,0,0.0,0.0,0.0,0,NS_GREEN,hold,,,
9.0,0,18,0.0,0.0,3,0.0,3,0.0,0,0.0,0,0.0,0,0,0,0,0.0,0.0,0.0,0,NS_GREEN,hold,,,
10.0,0,18,0.0,0.0,3,0.0,3,0.0,0,0.0,0,0.0,0,0,0,0,0.0,0.0,0.0,0,NS_GREEN,hold,,,
11.0,0,18,0.0,0.0,3,0.0,3,0.0,0,0.0,0,0.0,0,0,0,0,0.0,0.0,0.0,0,NS_GREEN,hold,,,
12.0,0,20,0.0,0.0,3,0.0,3,0.0,0,0.0,0,0.0,0,0,0,0,0.0,0.0,0.0,0,NS_GREEN,hold,,,
13.0,0,20,0.0,0.0,3,0.0,3,0.0,0,0.0,0,0.0,0,0,0,0,0.0,0.0,0.0,0,NS_GREEN,hold,,,
14.0,0,20,0.0,0.0,3,0.0,3,0.0,0,0.0,0,0.0,0,0,0,0,0.0,0.0,0.0,0,NS_GREEN,hold,,,
15.0,0,20,0.0,0.0,3,0.0,3,0.0,0,0.0,0,0.0,0,0,0,0,0.0,0.0,0.0,0,NS_GREEN,hold,,,
16.0,0,17,0.0,0.0,3,0.0,3,0.0,0,0.0,0,0.0,0,0,0,0,0.0,0.0,0.0,0,NS_GREEN,hold,,,
17.0,0,17,0.0,0.0,3,0.0,3,0.0,1,0.0,0,0.0,0,0,0,0,0.0,0.0,0.0,0,NS_GREEN,hold,,,
18.0,0,18,1.0,0.056,3,0.0,3,1.0,1,0.0,1,0.0,0,0,0,0,0.0,1.0,0.0,0,NS_GREEN,hold,,,
19.0,0,18,2.0,0.111,3,0.0,3,2.0,2,0.0,1,0.0,0,0,0,0,0.0,2.0,0.0,0,NS_GREEN,hold,,,
20.0,0,18,4.0,0.222,3,1.0,3,3.0,2,0.0,1,0.0,0,0,0,0,0.0,4.0,0.0,0,NS_GREEN,hold,,,
21.0,0,19,8.0,0.421,3,2.0,3,5.0,2,0.0,2,0.0,0,0,0,0,0.0,7.0,1.0,0,NS_GREEN,hold,,,
22.0,0,20,14.0,0.7,3,4.0,3,7.0,2,0.0,2,0.0,0,0,0,0,0.0,11.0,3.0,0,NS_GREEN,hold,,,
23.0,0,20,20.0,1.0,3,6.0,3,9.0,2,0.0,2,0.0,0,0,0,0,0.0,15.0,5.0,0,NS_GREEN,hold,,,
24.0,0,21,26.0,1.238,3,8.0,3,11.0,2,0.0,3,0.0,0,0,0,0,0.0,19.0,7.0,0,NS_GREEN,hold,,,
25.0,0,22,32.0,1.455,4,10.0,4,13.0,2,0.0,3,0.0,0,0,0,0,0.0,23.0,9.0,0,NS_GREEN,hold,,,
26.0,0,22,39.0,1.773,4,12.0,4,15.0,2,0.0,3,0.0,0,0,0,0,0.0,27.0,12.0,0,NS_GREEN,hold,,,
27.0,0,23,47.0,2.043,4,14.0,4,17.0,2,0.0,4,0.0,0,0,0,0,0.0,31.0,16.0,0,NS_GREEN,hold,,,
28.0,0,23,55.0,2.391,4,16.0,4,19.0,2,0.0,4,0.0,0,0,0,0,0.0,35.0,20.0,0,NS_GREEN,hold,,,
29.0,0,22,64.0,2.909,4,18.0,4,21.0,2,0.0,4,0.0,0,0,0,0,0.0,39.0,25.0,0,NS_YELLOW,pressure_ew,,,
30.0,1,22,73.0,3.318,4,20.0,4,23.0,2,0.0,4,0.0,0,0,0,0,0.0,43.0,30.0,0,NS_YELLOW,hold,,,
31.0,1,23,82.0,3.565,4,22.0,4,25.0,2,0.0,5,0.0,0,0,0,0,0.0,47.0,35.0,0,NS_YELLOW,hold,,,
32.0,1,25,91.0,3.64,4,24.0,4,27.0,2,0.0,5,0.0,0,0,0,0,0.0,51.0,40.0,0,EW_GREEN,yellow_end,,,
33.0,2,23,70.0,3.043,3,12.0,3,13.0,2,0.0,5,0.0,0,0,0,0,0.0,25.0,45.0,0,EW_GREEN,hold,,,
34.0,2,22,50.0,2.273,3,0.0,3,0.0,2,0.0,5,0.0,0,0,0,0,0.0,0.0,50.0,0,EW_GREEN,hold,,,
35.0,2,23,55.0,2.391,3,0.0,3,0.0,2,0.0,6,0.0,0,0,0,0,0.0,0.0,55.0,0,EW_GREEN,hold,,,
36.0,2,21,60.0,2.857,2,0.0,2,0.0,2,0.0,6,0.0,0,0,0,0,0.0,0.0,60.0,0,EW_GREEN,hold,,,
37.0,2,22,65.0,2.955,2,0.0,2,0.0,2,0.0,6,0.0,0,0,0,0,0.0,0.0,65.0,0,EW_GREEN,hold,,,
38.0,2,25,71.0,2.84,2,0.0,2,0.0,2,0.0,7,0.0,0,0,0,0,0.0,0.0,71.0,0,EW_GREEN,hold,,,
39.0,2,22,58.0,2.636,1,0.0,1,0.0,2,0.0,7,0.0,0,0,0,0,0.0,0.0,58.0,0,EW_GREEN,hold,,,
40.0,2,22,63.0,2.864,1,0.0,1,0.0,2,0.0,7,0.0,0,0,0,0,0.0,0.0,63.0,0,EW_GREEN,hold,,,
41.0,2,22,48.0,2.182,1,0.0,1,0.0,2,0.0,7,0.0,0,0,0,0,0.0,0.0,48.0,0,EW_GREEN,hold,,,
42.0,2,23,35.0,1.522,1,0.0,1,0.0,2,0.0,8,0.0,0,0,0,0,0.0,0.0,35.0,0,EW_GREEN,hold,,,
43.0,2,25,21.0,0.84,1,0.0,1,0.0,2,0.0,8,0.0,0,0,0,0,0.0,0.0,21.0,0,EW_GREEN,hold,,,
44.0,2,26,8.0,0.308,1,0.0,1,0.0,2,0.0,9,0.0,0,0,0,0,0.0,0.0,8.0,0,EW_GREEN,hold,,,
45.0,2,26,2.0,0.077,1,0.0,1,0.0,2,0.0,9,0.0,0,0,0,0,0.0,0.0,2.0,0,EW_GREEN,hold,,,
46.0,2,26,0.0,0.0,1,0.0,1,0.0,2,0.0,9,0.0,0,0,0,0,0.0,0.0,0.0,0,EW_GREEN,hold,,,
47.0,2,26,1.0,0.038,1,0.0,1,0.0,2,0.0,9,0.0,0,0,0,0,0.0,0.0,1.0,0,EW_GREEN,hold,,,
48.0,2,25,2.0,0.08,1,0.0,1,0.0,2,0.0,9,0.0,0,0,0,0,0.0,0.0,2.0,0,EW_GREEN,hold,,,
49.0,2,30,4.0,0.133,3,0.0,3,0.0,2,1.0,10,0.0,0,0,1,0,0.0,1.0,3.0,0,EW_GREEN,hold,,,
50.0,2,30,9.0,0.3,3,0.0,3,0.0,2,3.0,10,0.0,0,0,2,0,0.0,3.0,6.0,0,EW_GREEN,hold,,,
51.0,2,30,15.0,0.5,3,0.0,3,0.0,2,5.0,10,0.0,0,0,2,0,0.0,5.0,10.0,0,EW_GREEN,hold,,,
52.0,2,29,21.0,0.724,3,0.0,3,0.0,2,7.0,10,0.0,0,0,2,0,0.0,7.0,14.0,0,EW_GREEN,hold,,,
53.0,2,31,29.0,0.935,3,0.0,3,0.0,2,9.0,10,1.0,0,0,2,0,0.0,10.0,19.0,0,EW_GREEN,hold,,,
54.0,2,30,38.0,1.267,3,0.0,3,0.0,2,11.0,10,2.0,0,0,2,0,0.0,13.0,25.0,0,EW_GREEN,hold,,,
55.0,2,31,49.0,1.581,3,0.0,3,0.0,3,13.0,10,4.0,0,0,1,0,0.0,17.0,32.0,0,EW_GREEN,hold,,,
56.0,2,31,60.0,1.935,3,0.0,3,0.0,3,15.0,10,6.0,0,0,1,0,0.0,21.0,39.0,0,EW_GREEN,hold,,,
57.0,2,31,71.0,2.29,3,0.0,3,0.0,3,17.0,10,8.0,0,0,1,0,0.0,25.0,46.0,0,EW_GREEN,hold,,,
58.0,2,31,82.0,2.645,3,0.0,3,0.0,4,19.0,10,10.0,0,0,1,0,0.0,29.0,53.0,0,EW_GREEN,hold,,,
59.0,2,32,94.0,2.938,3,0.0,3,0.0,4,21.0,11,13.0,0,0,1,0,0.0,34.0,60.0,0,EW_GREEN,hold,,,
60.0,2,32,106.0,3.312,3,0.0,3,0.0,4,23.0,11,16.0,0,0,1,0,0.0,39.0,67.0,0,EW_GREEN,hold,,,
61.0,2,32,118.0,3.688,3,0.0,3,0.0,4,25.0,11,19.0,0,0,1,0,0.0,44.0,74.0,0,EW_GREEN,hold,,,
62.0,2,32,130.0,4.062,3,0.0,3,0.0,4,27.0,11,22.0,0,0,1,0,0.0,49.0,81.0,0,EW_GREEN,hold,,,
63.0,2,33,142.0,4.303,3,0.0,2,0.0,4,29.0,11,25.0,0,0,1,0,0.0,54.0,88.0,0,EW_GREEN,hold,,,
64.0,2,32,155.0,4.844,2,0.0,2,0.0,4,31.0,11,29.0,0,0,1,0,0.0,60.0,95.0,0,EW_GREEN,hold,,,
65.0,2,32,166.0,5.188,2,0.0,2,0.0,4,33.0,11,31.0,0,0,1,0,0.0,64.0,102.0,0,EW_GREEN,hold,,,
66.0,2,32,178.0,5.562,2,0.0,2,0.0,4,35.0,11,34.0,0,0,1,0,0.0,69.0,109.0,0,EW_GREEN,hold,,,
67.0,2,32,191.0,5.969,2,0.0,2,0.0,4,37.0,11,37.0,0,0,1,0,0.0,74.0,117.0,0,EW_GREEN,hold,,,
68.0,2,31,205.0,6.613,2,0.0,2,0.0,4,39.0,11,41.0,0,0,1,0,0.0,80.0,125.0,0,EW_GREEN,hold,,,
69.0,2,31,221.0,7.129,2,0.0,2,0.0,4,41.0,12,47.0,0,0,1,0,0.0,88.0,133.0,0,EW_GREEN,hold,,,
70.0,2,30,237.0,7.9,2,0.0,2,0.0,4,43.0,12,53.0,0,0,1,3,0.0,96.0,141.0,0,EW_GREEN,hold,,,
71.0,2,30,254.0,8.467,2,0.0,2,0.0,4,45.0,12,60.0,0,0,1,3,0.0,105.0,149.0,0,EW_GREEN,hold,,,
72.0,2,29,246.0,8.483,2,0.0,2,0.0,4,47.0,12,67.0,0,0,1,3,0.0,114.0,132.0,0,EW_GREEN,hold,,,
73.0,2,35,238.0,6.8,3,0.0,3,0.0,4,49.0,12,75.0,0,0,1,3,0.0,124.0,114.0,0,EW_GREEN,hold,,,
74.0,2,37,229.0,6.189,3,0.0,3,0.0,4,51.0,12,83.0,0,0,1,3,0.0,134.0,95.0,0,EW_GREEN,hold,,,
75.0,3,36,220.0,6.111,3,0.0,3,0.0,4,53.0,12,91.0,0,0,1,0,0.0,144.0,76.0,0,EW_GREEN,hold,,,
76.0,3,37,211.0,5.703,3,0.0,3,0.0,4,55.0,13,99.0,0,0,1,0,0.0,154.0,57.0,0,EW_GREEN,hold,,,
77.0,3,37,201.0,5.432,3,0.0,3,0.0,4,57.0,13,107.0,0,0,1,3,0.0,164.0,37.0,0,EW_GREEN,hold,,,
78.0,0,31,76.0,2.452,3,0.0,3,0.0,2,0.0,10,60.0,0,0,0,2,0.0,60.0,16.0,0,EW_GREEN,hold,,,
79.0,0,32,28.0,0.875,3,0.0,3,0.0,2,0.0,11,23.0,0,0,0,0,0.0,23.0,5.0,0,EW_GREEN,hold,,,
80.0,0,31,0.0,0.0,3,0.0,3,0.0,2,0.0,10,0.0,0,0,0,0,0.0,0.0,0.0,0,EW_GREEN,hold,,,
81.0,0,31,0.0,0.0,3,0.0,3,0.0,2,0.0,9,0.0,0,0,0,0,0.0,0.0,0.0,0,EW_GREEN,hold,,,
82.0,0,34,0.0,0.0,3,0.0,3,0.0,2,0.0,9,0.0,0,0,0,0,0.0,0.0,0.0,0,EW_GREEN,hold,,,
83.0,0,33,0.0,0.0,3,0.0,3,0.0,2,0.0,8,0.0,0,0,0,0,0.0,0.0,0.0,0,EW_GREEN,hold,,,
84.0,0,36,0.0,0.0,3,0.0,3,0.0,2,0.0,8,0.0,0,0,0,0,0.0,0.0,0.0,0,EW_GREEN,hold,,,
85.0,0,35,0.0,0.0,3,0.0,3,0.0,2,0.0,6,0.0,0,0,0,0,0.0,0.0,0.0,0,EW_YELLOW,pressure_ns,,,
86.0,3,36,0.0,0.0,3,0.0,3,0.0,2,0.0,6,0.0,0,0,0,0,0.0,0.0,0.0,0,EW_YELLOW,hold,,,
87.0,3,38,0.0,0.0,3,0.0,3,0.0,2,0.0,6,0.0,0,0,0,0,0.0,0.0,0.0,0,EW_YELLOW,hold,,,
88.0,3,37,2.0,0.054,3,0.0,3,0.0,2,0.0,6,1.0,0,0,0,1,0.0,1.0,1.0,0,NS_GREEN,yellow_end,,,
89.0,0,33,3.0,0.091,3,0.0,3,0.0,0,0.0,5,0.0,0,0,0,0,0.0,0.0,3.0,0,NS_GREEN,hold,,,
90.0,0,32,6.0,0.188,3,1.0,3,0.0,1,0.0,5,0.0,1,0,0,0,0.0,1.0,5.0,0,NS_GREEN,hold,,,
91.0,0,38,10.0,0.263,3,2.0,3,0.0,1,0.0,6,0.0,1,0,0,0,0.0,2.0,8.0,0,NS_GREEN,hold,,,
92.0,0,38,10.0,0.263,3,3.0,3,1.0,1,0.0,6,0.0,1,0,0,0,0.0,4.0,6.0,0,NS_GREEN,hold,,,
93.0,0,39,10.0,0.256,3,4.0,3,2.0,2,0.0,6,0.0,0,0,0,0,0.0,6.0,4.0,0,NS_GREEN,hold,,,
94.0,0,41,11.0,0.268,3,5.0,3,3.0,2,0.0,6,0.0,0,0,0,0,0.0,8.0,3.0,0,NS_GREEN,hold,,,
95.0,0,40,13.0,0.325,3,6.0,3,4.0,2,0.0,6,0.0,0,0,0,0,0.0,10.0,3.0,0,NS_GREEN,hold,,,
96.0,0,41,14.0,0.341,3,7.0,3,5.0,2,0.0,7,0.0,0,0,0,0,0.0,12.0,2.0,0,NS_GREEN,hold,,,
97.0,0,45,15.0,0.333,5,8.0,5,6.0,2,0.0,7,0.0,0,0,0,0,0.0,14.0,1.0,0,NS_GREEN,hold,,,
98.0,0,45,16.0,0.356,5,9.0,5,7.0,2,0.0,7,0.0,0,0,0,0,0.0,16.0,0.0,0,NS_GREEN,hold,,,
99.0,0,44,18.0,0.409,5,10.0,5,8.0,2,0.0,6,0.0,0,0,0,0,0.0,18.0,0.0,0,NS_GREEN,hold,,,
100.0,0,45,20.0,0.444,5,11.0,5,9.0,2,0.0,6,0.0,0,0,0,0,0.0,20.0,0.0,0,NS_GREEN,hold,,,
101.0,0,44,22.0,0.5,5,12.0,5,10.0,2,0.0,6,0.0,0,0,0,0,0.0,22.0,0.0,0,NS_GREEN,hold,,,
102.0,0,44,25.0,0.568,5,13.0,5,11.0,2,0.0,6,0.0,0,0,0,0,0.0,24.0,1.0,0,NS_YELLOW,pressure_ew,,,
103.0,1,43,26.0,0.605,5,14.0,5,12.0,2,0.0,6,0.0,0,0,0,0,0.0,26.0,0.0,0,NS_YELLOW,hold,,,
104.0,1,45,28.0,0.622,5,15.0,5,13.0,2,0.0,6,0.0,0,0,0,0,0.0,28.0,0.0,0,NS_YELLOW,hold,,,
105.0,1,47,30.0,0.638,5,16.0,5,14.0,2,0.0,7,0.0,0,0,0,0,0.0,30.0,0.0,0,EW_GREEN,yellow_end,,,
106.0,2,45,0.0,0.0,4,0.0,4,0.0,2,0.0,7,0.0,0,0,0,0,0.0,0.0,0.0,0,EW_GREEN,hold,,,
107.0,2,45,0.0,0.0,4,0.0,4,0.0,2,0.0,7,0.0,0,0,0,0,0.0,0.0,0.0,0,EW_GREEN,hold,,,
108.0,2,44,0.0,0.0,4,0.0,4,0.0,2,0.0,7,0.0,0,0,0,0,0.0,0.0,0.0,0,EW_GREEN,hold,,,
109.0,2,47,0.0,0.0,4,0.0,4,0.0,2,0.0,8,0.0,0,0,0,0,0.0,0.0,0.0,0,EW_GREEN,hold,,,
110.0,2,46,1.0,0.022,4,0.0,4,0.0,2,0.0,8,0.0,0,0,0,0,0.0,0.0,1.0,0,EW_GREEN,hold,,,
111.0,2,45,4.0,0.089,4,0.0,3,0.0,2,0.0,8,1.0,0,0,0,0,0.0,1.0,3.0,0,EW_GREEN,hold,,,
112.0,2,43,4.0,0.093,3,0.0,3,0.0,2,0.0,9,2.0,0,0,0,0,0.0,2.0,2.0,0,EW_GREEN,hold,,,
113.0,2,42,5.0,0.119,3,0.0,3,0.0,2,0.0,9,3.0,0,0,0,0,0.0,3.0,2.0,0,EW_GREEN,hold,,,
114.0,2,42,7.0,0.167,3,0.0,3,0.0,2,0.0,10,4.0,0,0,0,0,0.0,4.0,3.0,0,EW_GREEN,hold,,,
115.0,2,44,10.0,0.227,3,0.0,3,0.0,2,0.0,10,5.0,0,0,0,0,0.0,5.0,5.0,0,EW_GREEN,hold,,,
116.0,2,44,13.0,0.295,3,0.0,3,0.0,2,0.0,10,6.0,0,0,0,0,0.0,6.0,7.0,0,EW_GREEN,hold,,,
117.0,2,40,8.0,0.2,3,0.0,2,0.0,2,0.0,10,7.0,0,0,0,0,0.0,7.0,1.0,0,EW_GREEN,hold,,,
118.0,2,37,11.0,0.297,2,0.0,2,0.0,2,0.0,10,8.0,0,0,0,0,0.0,8.0,3.0,0,EW_GREEN,hold,,,
119.0,2,36,14.0,0.389,2,0.0,2,0.0,2,0.0,10,9.0,0,0,0,0,0.0,9.0,5.0,0,EW_GREEN,hold,,,
120.0,2,36,18.0,0.5,2,0.0,1,0.0,2,0.0,11,10.0,0,0,0,0,0.0,10.0,8.0,0,EW_GREEN,hold,,,
121.0,2,39,22.0,0.564,3,0.0,3,0.0,2,0.0,11,11.0,0,0,0,0,0.0,11.0,11.0,0,EW_GREEN,hold,,,
122.0,2,38,28.0,0.737,3,0.0,3,0.0,2,0.0,11,13.0,0,0,0,0,1.0,13.0,14.0,0,EW_GREEN,hold,,,
123.0,2,39,36.0,0.923,3,0.0,3,0.0,2,0.0,11,15.0,0,0,0,0,3.0,15.0,18.0,0,EW_GREEN,hold,,,
124.0,2,37,47.0,1.27,3,0.0,2,0.0,2,1.0,12,18.0,0,0,1,0,5.0,19.0,23.0,0,EW_GREEN,hold,,,
125.0,2,39,60.0,1.538,2,0.0,2,0.0,3,2.0,12,22.0,0,0,0,0,8.0,24.0,28.0,0,EW_GREEN,hold,,,
126.0,2,41,74.0,1.805,2,0.0,2,0.0,4,3.0,12,26.0,0,0,0,0,11.0,29.0,34.0,0,EW_GREEN,hold,,,
127.0,2,42,89.0,2.119,2,0.0,2,0.0,4,4.0,12,30.0,0,0,0,0,14.0,34.0,41.0,0,EW_GREEN,hold,,,
128.0,2,42,104.0,2.476,2,0.0,2,0.0,4,5.0,12,34.0,0,0,0,0,17.0,39.0,48.0,0,EW_GREEN,hold,,,
129.0,2,41,107.0,2.61,2,0.0,2,0.0,4,6.0,12,38.0,0,0,0,0,20.0,44.0,43.0,0,EW_GREEN,hold,,,
130.0,2,41,111.0,2.707,2,0.0,2,0.0,4,8.0,12,42.0,0,0,1,0,23.0,50.0,38.0,0,EW_GREEN,hold,,,
131.0,2,40,117.0,2.925,2,0.0,2,0.0,4,10.0,12,46.0,0,0,1,0,27.0,56.0,34.0,0,EW_GREEN,hold,,,
132.0,2,39,103.0,2.641,2,0.0,2,0.0,4,12.0,13,50.0,0,0,1,0,10.0,62.0,31.0,0,EW_GREEN,hold,,,
133.0,2,37,95.0,2.568,2,0.0,2,0.0,4,14.0,13,54.0,0,0,1,0,0.0,68.0,27.0,0,EW_GREEN,hold,,,
134.0,2,38,98.0,2.579,2,0.0,2,0.0,4,16.0,14,59.0,0,0,1,1,0.0,75.0,23.0,0,EW_GREEN,hold,,,
135.0,2,38,100.0,2.632,2,0.0,1,0.0,4,18.0,14,64.0,0,0,1,1,0.0,82.0,18.0,0,EW_GREEN,hold,,,
136.0,2,38,103.0,2.711,2,0.0,1,0.0,4,20.0,15,70.0,0,0,1,1,0.0,90.0,13.0,0,EW_GREEN,hold,,,
137.0,2,37,106.0,2.865,1,0.0,1,0.0,4,22.0,15,76.0,0,0,1,1,0.0,98.0,8.0,0,EW_GREEN,hold,,,
138.0,2,36,108.0,3.0,1,0.0,1,0.0,4,24.0,15,82.0,0,0,1,1,0.0,106.0,2.0,0,EW_GREEN,hold,,,
139.0,2,36,117.0,3.25,1,0.0,1,0.0,4,26.0,15,88.0,0,0,1,1,0.0,114.0,3.0,0,EW_GREEN,hold,,,
140.0,2,36,124.0,3.444,1,0.0,1,0.0,4,28.0,15,95.0,0,0,1,1,0.0,123.0,1.0,0,EW_GREEN,hold,,,
141.0,2,35,134.0,3.829,1,0.0,1,0.0,4,30.0,15,102.0,0,0,1,1,0.0,132.0,2.0,0,EW_GREEN,hold,,,
142.0,2,36,145.0,4.028,1,0.0,1,0.0,4,32.0,16,109.0,0,0,1,2,0.0,141.0,4.0,0,EW_GREEN,hold,,,
143.0,2,35,153.0,4.371,1,0.0,1,0.0,4,34.0,16,116.0,0,0,1,0,0.0,150.0,3.0,0,EW_GREEN,hold,,,
144.0,2,35,161.0,4.6,1,0.0,1,0.0,4,36.0,16,123.0,0,0,1,0,0.0,159.0,2.0,0,EW_GREEN,hold,,,
145.0,2,44,169.0,3.841,3,0.0,3,0.0,4,38.0,17,130.0,0,0,1,0,0.0,168.0,1.0,0,EW_GREEN,hold,,,
146.0,2,46,178.0,3.87,3,0.0,3,0.0,4,40.0,17,138.0,0,0,1,0,0.0,178.0,0.0,0,EW_GREEN,hold,,,
147.0,2,45,189.0,4.2,3,0.0,3,0.0,4,42.0,17,147.0,0,0,1,0,0.0,189.0,0.0,0,EW_GREEN,hold,,,
148.0,3,46,200.0,4.348,3,0.0,3,0.0,4,44.0,18,156.0,0,0,1,0,0.0,200.0,0.0,0,EW_GREEN,hold,,,
149.0,3,46,212.0,4.609,3,0.0,3,0.0,4,46.0,18,166.0,0,0,1,0,0.0,212.0,0.0,0,EW_GREEN,hold,,,
150.0,3,45,224.0,4.978,3,0.0,3,0.0,4,48.0,18,176.0,0,0,1,0,0.0,224.0,0.0,0,EW_GREEN,hold,,,
151.0,0,41,102.0,2.488,3,0.0,3,0.0,2,0.0,16,101.0,0,0,0,0,0.0,101.0,1.0,0,EW_GREEN,hold,,,
152.0,0,40,55.0,1.375,3,0.0,3,0.0,2,0.0,16,55.0,0,0,0,0,0.0,55.0,0.0,0,EW_GREEN,hold,,,
153.0,0,40,11.0,0.275,3,0.0,3,0.0,2,0.0,16,11.0,0,0,0,0,0.0,11.0,0.0,0,EW_GREEN,hold,,,
154.0,0,41,4.0,0.098,3,0.0,3,0.0,2,0.0,16,4.0,0,0,0,0,0.0,4.0,0.0,0,EW_GREEN,hold,,,
155.0,0,40,0.0,0.0,3,0.0,3,0.0,0,0.0,15,0.0,0,0,0,0,0.0,0.0,0.0,0,EW_GREEN,hold,,,
156.0,0,44,0.0,0.0,3,0.0,3,0.0,0,0.0,15,0.0,0,0,0,0,0.0,0.0,0.0,0,EW_GREEN,hold,,,
157.0,0,45,1.0,0.022,3,0.0,3,0.0,0,0.0,14,0.0,0,0,0,0,0.0,0.0,1.0,0,EW_GREEN,hold,,,
158.0,0,45,3.0,0.067,3,0.0,3,0.0,0,0.0,14,0.0,0,0,0,0,1.0,0.0,2.0,0,EW_GREEN,hold,,,
159.0,0,42,3.0,0.071,3,0.0,3,0.0,0,0.0,11,0.0,0,0,0,0,2.0,0.0,1.0,0,EW_GREEN,hold,,,
160.0,0,40,5.0,0.125,3,0.0,3,0.0,0,0.0,11,0.0,0,0,0,0,3.0,0.0,2.0,0,EW_GREEN,hold,,,
161.0,0,41,9.0,0.22,3,0.0,3,1.0,0,0.0,10,0.0,0,1,0,0,4.0,1.0,4.0,0,EW_GREEN,hold,,,
162.0,0,42,13.0,0.31,3,0.0,3,2.0,1,0.0,10,0.0,0,1,0,0,5.0,2.0,6.0,0,EW_GREEN,hold,,,
163.0,0,40,13.0,0.325,3,1.0,3,3.0,2,0.0,9,0.0,1,1,0,0,0.0,4.0,9.0,0,EW_GREEN,hold,,,
164.0,0,41,18.0,0.439,3,2.0,3,4.0,2,0.0,9,0.0,0,0,0,0,0.0,6.0,12.0,0,EW_GREEN,hold,,,
165.0,0,41,24.0,0.585,3,3.0,3,5.0,2,0.0,8,0.0,0,0,0,0,0.0,8.0,16.0,0,EW_YELLOW,max_green,,,
166.0,3,46,31.0,0.674,3,4.0,3,6.0,2,0.0,9,0.0,0,0,0,0,0.0,10.0,21.0,0,EW_YELLOW,hold,,,
167.0,3,46,38.0,0.826,3,5.0,3,7.0,2,0.0,9,0.0,0,0,0,0,0.0,12.0,26.0,0,EW_YELLOW,hold,,,
168.0,3,46,46.0,1.0,3,6.0,3,8.0,2,0.0,9,0.0,0,0,0,0,0.0,14.0,32.0,0,NS_GREEN,yellow_end,,,
169.0,0,48,54.0,1.125,4,7.0,4,9.0,2,0.0,9,0.0,0,0,0,0,0.0,16.0,38.0,0,NS_GREEN,hold,,,
170.0,0,48,63.0,1.312,4,8.0,4,10.0,2,0.0,9,0.0,0,0,0,0,0.0,18.0,45.0,0,NS_GREEN,hold,,,
171.0,0,48,73.0,1.521,4,9.0,4,11.0,2,0.0,9,0.0,0,0,0,0,0.0,20.0,53.0,0,NS_GREEN,hold,,,
172.0,0,47,69.0,1.468,4,10.0,4,12.0,2,0.0,9,0.0,0,0,0,0,0.0,22.0,47.0,0,NS_GREEN,hold,,,
173.0,0,47,65.0,1.383,4,11.0,4,13.0,2,0.0,9,0.0,0,0,0,0,0.0,24.0,41.0,0,NS_GREEN,hold,,,
174.0,0,46,61.0,1.326,4,12.0,4,14.0,2,0.0,8,0.0,0,0,0,0,0.0,26.0,35.0,0,NS_GREEN,hold,,,
175.0,0,45,57.0,1.267,4,13.0,4,15.0,2,0.0,7,0.0,0,0,0,0,0.0,28.0,29.0,0,NS_GREEN,hold,,,
176.0,0,48,52.0,1.083,4,14.0,4,16.0,2,0.0,7,0.0,0,0,0,0,0.0,30.0,22.0,0,NS_YELLOW,pressure_ew,,,
177.0,1,48,47.0,0.979,4,15.0,4,17.0,2,0.0,8,0.0,0,0,0,0,0.0,32.0,15.0,0,NS_YELLOW,hold,,,
178.0,1,48,42.0,0.875,4,16.0,4,18.0,2,0.0,8,0.0,0,0,0,0,0.0,34.0,8.0,0,NS_YELLOW,hold,,,
179.0,1,49,36.0,0.735,4,17.0,4,19.0,2,0.0,9,0.0,0,0,0,0,0.0,36.0,0.0,0,EW_GREEN,yellow_end,,,
180.0,2,47,0.0,0.0,3,0.0,3,0.0,2,0.0,9,0.0,0,0,0,0,0.0,0.0,0.0,0,EW_GREEN,hold,,,
181.0,2,51,0.0,0.0,3,0.0,3,0.0,2,0.0,9,0.0,0,0,0,0,0.0,0.0,0.0,0,EW_GREEN,hold,,,
182.0,2,51,0.0,0.0,3,0.0,3,0.0,2,0.0,9,0.0,0,0,0,0,0.0,0.0,0.0,0,EW_GREEN,hold,,,
183.0,2,51,2.0,0.039,2,0.0,2,0.0,2,0.0,10,1.0,0,0,0,1,0.0,1.0,1.0,0,EW_GREEN,hold,,,
184.0,2,49,3.0,0.061,2,0.0,2,0.0,2,0.0,10,3.0,0,0,0,1,0.0,3.0,0.0,0,EW_GREEN,hold,,,
185.0,2,48,5.0,0.104,2,0.0,2,0.0,2,0.0,10,5.0,0,0,0,1,0.0,5.0,0.0,0,EW_GREEN,hold,,,
186.0,2,48,9.0,0.188,2,0.0,2,0.0,2,0.0,11,8.0,0,0,0,1,0.0,8.0,1.0,0,EW_GREEN,hold,,,
187.0,2,50,13.0,0.26,2,0.0,2,0.0,2,0.0,11,11.0,0,0,0,1,0.0,11.0,2.0,0,EW_GREEN,hold,,,
188.0,2,50,18.0,0.36,2,0.0,2,0.0,2,0.0,11,15.0,0,0,0,1,0.0,15.0,3.0,0,EW_GREEN,hold,,,
189.0,2,50,25.0,0.5,2,0.0,2,0.0,2,0.0,11,19.0,0,0,0,1,0.0,19.0,6.0,0,EW_GREEN,hold,,,
190.0,2,50,33.0,0.66,2,0.0,2,0.0,2,0.0,11,23.0,0,0,0,1,0.0,23.0,10.0,0,EW_GREEN,hold,,,
191.0,2,49,42.0,0.857,2,0.0,2,0.0,2,0.0,11,27.0,0,0,0,1,0.0,27.0,15.0,0,EW_GREEN,hold,,,
192.0,2,49,52.0,1.061,2,0.0,2,0.0,2,0.0,12,31.0,0,0,0,1,0.0,31.0,21.0,0,EW_GREEN,hold,,,
193.0,2,49,45.0,0.918,4,0.0,4,0.0,2,0.0,12,36.0,0,0,0,1,0.0,36.0,9.0,0,EW_GREEN,hold,,,
194.0,2,49,52.0,1.061,4,0.0,4,0.0,2,2.0,12,41.0,0,0,2,0,0.0,43.0,9.0,0,EW_GREEN,hold,,,
195.0,2,47,63.0,1.34,4,0.0,4,0.0,2,4.0,12,46.0,0,0,2,0,0.0,50.0,13.0,0,EW_GREEN,hold,,,
196.0,2,45,74.0,1.644,4,0.0,4,0.0,2,6.0,13,51.0,0,0,2,0,0.0,57.0,17.0,0,EW_GREEN,hold,,,
197.0,2,47,86.0,1.83,4,0.0,4,0.0,2,8.0,13,57.0,0,0,2,0,0.0,65.0,21.0,0,EW_GREEN,hold,,,
198.0,2,48,100.0,2.083,4,0.0,4,0.0,3,10.0,13,63.0,0,0,1,0,1.0,73.0,26.0,0,EW_GREEN,hold,,,
199.0,2,47,114.0,2.426,4,0.0,4,0.0,3,12.0,13,70.0,0,0,1,2,0.0,82.0,32.0,0,EW_GREEN,hold,,,
200.0,2,46,132.0,2.87,4,0.0,4,0.0,3,14.0,13,77.0,0,0,1,2,2.0,91.0,39.0,0,EW_GREEN,hold,,,
201.0,2,47,153.0,3.255,4,0.0,4,0.0,3,16.0,14,84.0,0,0,1,2,6.0,100.0,47.0,0,EW_GREEN,hold,,,
202.0,2,47,175.0,3.723,4,0.0,4,0.0,3,18.0,14,91.0,0,0,1,2,11.0,109.0,55.0,0,EW_GREEN,hold,,,
203.0,2,47,199.0,4.234,4,0.0,4,0.0,4,20.0,14,98.0,0,0,1,2,17.0,118.0,64.0,0,EW_GREEN,hold,,,
204.0,2,47,208.0,4.426,4,0.0,4,0.0,4,22.0,14,105.0,0,0,1,2,23.0,127.0,58.0,0,EW_GREEN,hold,,,
205.0,2,47,232.0,4.936,4,0.0,4,0.0,4,24.0,15,112.0,0,0,1,2,29.0,136.0,67.0,0,EW_GREEN,hold,,,
206.0,2,47,242.0,5.149,4,0.0,4,0.0,4,26.0,15,119.0,0,0,1,2,36.0,145.0,61.0,0,EW_GREEN,hold,,,
207.0,2,48,252.0,5.25,3,0.0,3,0.0,4,28.0,16,126.0,0,0,1,2,43.0,154.0,55.0,0,EW_GREEN,hold,,,
208.0,2,47,264.0,5.617,3,0.0,3,0.0,4,30.0,16,133.0,0,0,1,2,52.0,163.0,49.0,0,EW_GREEN,hold,,,
209.0,2,48,277.0,5.771,3,0.0,3,0.0,4,32.0,17,140.0,0,0,1,2,61.0,172.0,44.0,0,EW_GREEN,hold,,,
210.0,2,45,257.0,5.711,3,0.0,3,0.0,4,34.0,17,147.0,0,0,1,2,38.0,181.0,38.0,0,EW_GREEN,hold,,,
211.0,2,45,235.0,5.222,3,0.0,3,0.0,4,36.0,17,154.0,0,0,1,0,14.0,190.0,31.0,0,EW_GREEN,hold,,,
212.0,2,45,228.0,5.067,3,0.0,3,0.0,4,38.0,17,162.0,0,0,1,0,5.0,200.0,23.0,0,EW_GREEN,hold,,,
213.0,2,43,225.0,5.233,3,0.0,3,0.0,4,40.0,17,170.0,0,0,1,0,0.0,210.0,15.0,0,EW_GREEN,hold,,,
214.0,2,42,228.0,5.429,3,0.0,3,0.0,4,42.0,17,178.0,0,0,1,0,0.0,220.0,8.0,0,EW_GREEN,hold,,,
215.0,2,41,238.0,5.805,3,0.0,3,0.0,4,44.0,18,186.0,0,0,1,0,0.0,230.0,8.0,0,EW_GREEN,hold,,,
216.0,2,39,240.0,6.154,3,0.0,3,0.0,4,46.0,18,194.0,0,0,1,0,0.0,240.0,0.0,0,EW_GREEN,hold,,,
217.0,2,46,250.0,5.435,4,0.0,4,0.0,4,48.0,19,202.0,0,0,1,0,0.0,250.0,0.0,0,EW_GREEN,hold,,,
218.0,2,48,260.0,5.417,4,0.0,4,0.0,4,50.0,19,210.0,0,0,1,0,0.0,260.0,0.0,0,EW_GREEN,hold,,,
219.0,2,48,271.0,5.646,4,0.0,4,0.0,4,52.0,20,219.0,0,0,1,0,0.0,271.0,0.0,0,EW_GREEN,hold,,,
220.0,2,48,284.0,5.917,4,0.0,4,0.0,4,54.0,20,230.0,0,0,1,0,0.0,284.0,0.0,0,EW_GREEN,hold,,,
221.0,2,48,298.0,6.208,4,0.0,4,0.0,4,56.0,20,241.0,0,0,1,0,1.0,297.0,0.0,0,EW_GREEN,hold,,,
222.0,3,48,312.0,6.5,4,0.0,4,0.0,4,58.0,20,252.0,0,0,1,0,2.0,310.0,0.0,0,EW_GREEN,hold,,,
223.0,3,47,326.0,6.936,4,0.0,4,0.0,4,60.0,20,263.0,0,0,1,0,3.0,323.0,0.0,0,EW_GREEN,hold,,,
224.0,3,48,341.0,7.104,4,0.0,4,0.0,4,62.0,21,275.0,0,0,1,0,4.0,337.0,0.0,0,EW_GREEN,hold,,,
225.0,0,42,169.0,4.024,4,0.0,4,0.0,2,0.0,18,164.0,0,0,0,0,5.0,164.0,0.0,0,EW_GREEN,hold,,,
226.0,0,42,80.0,1.905,4,0.0,4,0.0,2,0.0,18,74.0,0,0,0,0,6.0,74.0,0.0,0,EW_GREEN,hold,,,
227.0,0,43,29.0,0.674,4,0.0,4,0.0,2,0.0,19,22.0,0,0,0,0,7.0,22.0,0.0,0,EW_GREEN,hold,,,
228.0,0,44,10.0,0.227,4,0.0,4,0.0,2,0.0,17,2.0,0,0,0,0,8.0,2.0,0.0,0,EW_GREEN,hold,,,
229.0,0,46,9.0,0.196,4,0.0,4,0.0,1,0.0,17,0.0,0,0,0,0,9.0,0.0,0.0,0,EW_GREEN,hold,,,
230.0,0,45,10.0,0.222,4,0.0,4,0.0,1,0.0,16,0.0,0,0,0,0,10.0,0.0,0.0,0,EW_GREEN,hold,,,
231.0,0,47,13.0,0.277,4,0.0,4,0.0,1,0.0,15,1.0,0,0,0,0,11.0,1.0,1.0,0,EW_GREEN,hold,,,
232.0,0,44,16.0,0.364,4,0.0,4,0.0,0,0.0,15,2.0,0,0,0,0,12.0,2.0,2.0,0,EW_GREEN,hold,,,
233.0,0,45,20.0,0.444,4,0.0,4,0.0,0,0.0,14,3.0,0,0,0,0,13.0,3.0,4.0,0,EW_GREEN,hold,,,
234.0,0,43,26.0,0.605,4,1.0,4,0.0,0,0.0,14,5.0,1,0,0,0,14.0,6.0,6.0,0,EW_GREEN,hold,,,
235.0,0,46,29.0,0.63,4,2.0,4,1.0,1,0.0,14,3.0,1,1,0,0,15.0,6.0,8.0,0,EW_GREEN,hold,,,
236.0,0,44,28.0,0.636,4,3.0,4,2.0,1,0.0,13,2.0,1,1,0,0,16.0,7.0,5.0,0,EW_YELLOW,pressure_ns,,,
237.0,3,45,27.0,0.6,4,4.0,4,3.0,1,0.0,13,0.0,1,1,0,0,17.0,7.0,3.0,0,EW_YELLOW,hold,,,
238.0,3,48,14.0,0.292,4,6.0,4,4.0,2,0.0,14,2.0,1,1,0,0,0.0,12.0,2.0,0,EW_YELLOW,hold,,,
239.0,3,49,20.0,0.408,4,9.0,4,6.0,2,0.0,14,4.0,1,1,0,0,0.0,19.0,1.0,0,NS_GREEN,yellow_end,,,
240.0,0,45,22.0,0.489,4,12.0,4,9.0,2,0.0,11,0.0,1,4,0,0,0.0,21.0,1.0,0,NS_GREEN,hold,,,
241.0,0,50,28.0,0.56,6,16.0,6,12.0,2,0.0,12,0.0,0,0,0,0,0.0,28.0,0.0,0,NS_GREEN,hold,,,
242.0,0,52,36.0,0.692,7,20.0,7,16.0,2,0.0,12,0.0,0,0,0,0,0.0,36.0,0.0,0,NS_GREEN,hold,,,
243.0,0,52,44.0,0.846,7,24.0,7,20.0,2,0.0,11,0.0,0,0,0,0,0.0,44.0,0.0,0,NS_GREEN,hold,,,
244.0,0,52,53.0,1.019,7,28.0,7,24.0,2,0.0,10,0.0,0,0,0,0,0.0,52.0,1.0,0,NS_GREEN,hold,,,
245.0,0,52,62.0,1.192,7,32.0,7,28.0,2,0.0,10,0.0,0,0,0,0,0.0,60.0,2.0,0,NS_GREEN,hold,,,
246.0,0,54,71.0,1.315,7,36.0,7,32.0,2,0.0,10,0.0,0,0,0,0,0.0,68.0,3.0,0,NS_GREEN,hold,,,
247.0,0,53,81.0,1.528,7,40.0,7,36.0,2,0.0,9,0.0,0,0,0,0,0.0,76.0,5.0,0,NS_YELLOW,pressure_ew,,,
248.0,1,55,91.0,1.655,7,44.0,7,40.0,2,0.0,8,0.0,0,0,0,0,0.0,84.0,7.0,0,NS_YELLOW,hold,,,
249.0,1,57,102.0,1.789,7,48.0,7,44.0,2,0.0,9,0.0,0,0,0,0,0.0,92.0,10.0,0,NS_YELLOW,hold,,,
250.0,1,57,113.0,1.982,7,52.0,7,48.0,2,0.0,9,0.0,0,0,0,0,0.0,100.0,13.0,0,EW_GREEN,yellow_end,,,
251.0,2,55,64.0,1.164,6,24.0,6,22.0,2,0.0,9,1.0,0,0,0,0,0.0,47.0,17.0,0,EW_GREEN,hold,,,
252.0,2,55,46.0,0.836,6,12.0,6,11.0,2,0.0,9,2.0,0,0,0,0,0.0,25.0,21.0,0,EW_GREEN,hold,,,
253.0,2,55,29.0,0.527,5,0.0,5,0.0,2,0.0,9,3.0,0,0,0,0,0.0,3.0,26.0,0,EW_GREEN,hold,,,
254.0,2,55,36.0,0.655,5,0.0,5,0.0,2,0.0,9,4.0,0,0,0,0,0.0,4.0,32.0,0,EW_GREEN,hold,,,
255.0,2,53,43.0,0.811,5,0.0,4,0.0,2,0.0,9,5.0,0,0,0,0,0.0,5.0,38.0,0,EW_GREEN,hold,,,
256.0,2,52,51.0,0.981,4,0.0,4,0.0,2,0.0,9,6.0,0,0,0,0,0.0,6.0,45.0,0,EW_GREEN,hold,,,
257.0,2,51,60.0,1.176,3,0.0,3,0.0,2,0.0,10,7.0,0,0,0,0,0.0,7.0,53.0,0,EW_GREEN,hold,,,
258.0,2,47,70.0,1.489,3,0.0,3,0.0,2,0.0,10,8.0,0,0,0,0,0.0,8.0,62.0,0,EW_GREEN,hold,,,
259.0,2,48,81.0,1.688,3,0.0,3,0.0,2,0.0,10,10.0,0,0,0,0,0.0,10.0,71.0,0,EW_GREEN,hold,,,
260.0,2,49,92.0,1.878,3,0.0,3,0.0,2,0.0,10,12.0,0,0,0,0,0.0,12.0,80.0,0,EW_GREEN,hold,,,
261.0,2,46,103.0,2.239,2,0.0,2,0.0,2,0.0,10,14.0,0,0,0,0,0.0,14.0,89.0,0,EW_GREEN,hold,,,
262.0,2,45,115.0,2.556,2,0.0,2,0.0,2,0.0,10,17.0,0,0,0,0,0.0,17.0,98.0,0,EW_GREEN,hold,,,
263.0,2,44,128.0,2.909,1,0.0,2,0.0,2,0.0,10,20.0,0,0,0,0,0.0,20.0,108.0,0,EW_GREEN,hold,,,
264.0,2,44,141.0,3.205,1,0.0,1,0.0,2,0.0,11,23.0,0,0,0,0,0.0,23.0,118.0,0,EW_GREEN,hold,,,
265.0,2,47,155.0,3.298,2,0.0,2,0.0,2,0.0,11,27.0,0,0,0,0,0.0,27.0,128.0,0,EW_GREEN,hold,,,
266.0,2,48,169.0,3.521,2,0.0,2,0.0,2,0.0,11,31.0,0,0,0,0,0.0,31.0,138.0,0,EW_GREEN,hold,,,
267.0,2,48,184.0,3.833,2,0.0,2,0.0,2,0.0,11,36.0,0,0,0,0,0.0,36.0,148.0,0,EW_GREEN,hold,,,
268.0,2,46,199.0,4.326,2,0.0,2,0.0,2,0.0,11,41.0,0,0,0,0,0.0,41.0,158.0,0,EW_GREEN,hold,,,
269.0,2,49,215.0,4.388,2,0.0,2,0.0,3,0.0,11,46.0,0,0,0,0,1.0,46.0,168.0,0,EW_GREEN,hold,,,
270.0,2,48,232.0,4.833,2,0.0,2,0.0,3,1.0,11,51.0,0,0,0,0,2.0,52.0,178.0,0,EW_GREEN,hold,,,
271.0,2,49,250.0,5.102,2,0.0,2,0.0,3,3.0,11,56.0,0,0,1,0,3.0,59.0,188.0,0,EW_GREEN,hold,,,
272.0,2,49,270.0,5.51,2,0.0,2,0.0,3,5.0,11,62.0,0,0,1,0,4.0,67.0,199.0,0,EW_GREEN,hold,,,
273.0,2,48,290.0,6.042,2,0.0,2,0.0,3,7.0,11,68.0,0,0,1,0,5.0,75.0,210.0,0,EW_GREEN,hold,,,
274.0,2,45,310.0,6.889,2,0.0,2,0.0,3,9.0,11,74.0,0,0,1,0,6.0,83.0,221.0,0,EW_GREEN,hold,,,
275.0,2,46,330.0,7.174,2,0.0,2,0.0,3,11.0,12,80.0,0,0,1,0,7.0,91.0,232.0,0,EW_GREEN,hold,,,
276.0,2,46,351.0,7.63,2,0.0,2,0.0,3,13.0,12,87.0,0,0,1,2,8.0,100.0,243.0,0,EW_GREEN,hold,,,
277.0,2,46,372.0,8.087,2,0.0,2,0.0,3,15.0,12,94.0,0,0,1,2,9.0,109.0,254.0,0,EW_GREEN,hold,,,
278.0,2,44,348.0,7.909,2,0.0,2,0.0,3,17.0,12,101.0,0,0,1,2,0.0,118.0,230.0,0,EW_GREEN,hold,,,
279.0,2,45,335.0,7.444,2,0.0,1,0.0,3,19.0,12,108.0,0,0,1,2,1.0,127.0,207.0,0,EW_GREEN,hold,,,
280.0,2,45,324.0,7.2,2,0.0,1,0.0,3,21.0,12,116.0,0,0,1,5,3.0,137.0,184.0,0,EW_GREEN,hold,,,
281.0,2,43,316.0,7.349,1,0.0,1,0.0,3,23.0,12,125.0,0,0,1,5,6.0,148.0,162.0,0,EW_GREEN,hold,,,
282.0,2,45,309.0,6.867,1,0.0,1,0.0,4,25.0,13,134.0,0,0,1,2,9.0,159.0,141.0,0,EW_GREEN,hold,,,
283.0,2,45,301.0,6.689,1,0.0,1,0.0,4,27.0,13,143.0,0,0,1,2,12.0,170.0,119.0,0,EW_GREEN,hold,,,
284.0,2,44,294.0,6.682,1,0.0,1,0.0,4,29.0,13,152.0,0,0,1,2,16.0,181.0,97.0,0,EW_GREEN,hold,,,
285.0,2,45,287.0,6.378,1,0.0,1,0.0,4,31.0,14,161.0,0,0,1,2,21.0,192.0,74.0,0,EW_GREEN,hold,,,
286.0,2,45,280.0,6.222,1,0.0,1,0.0,4,33.0,14,170.0,0,0,1,2,26.0,203.0,51.0,0,EW_GREEN,hold,,,
287.0,2,45,276.0,6.133,1,0.0,1,0.0,4,35.0,14,179.0,0,0,1,2,31.0,214.0,31.0,0,EW_GREEN,hold,,,
288.0,2,45,280.0,6.222,1,0.0,1,0.0,4,37.0,14,188.0,0,0,1,2,36.0,225.0,19.0,0,EW_GREEN,hold,,,
289.0,2,49,261.0,5.327,3,0.0,3,0.0,4,39.0,14,197.0,0,0,1,3,11.0,236.0,14.0,0,EW_GREEN,hold,,,
290.0,2,51,256.0,5.02,3,0.0,3,0.0,4,41.0,14,206.0,0,0,1,0,0.0,247.0,9.0,0,EW_GREEN,hold,,,
291.0,2,52,271.0,5.212,3,0.0,3,0.0,4,43.0,15,215.0,0,0,1,0,0.0,258.0,13.0,0,EW_GREEN,hold,,,
292.0,2,51,284.0,5.569,3,0.0,3,0.0,4,45.0,15,224.0,0,0,1,0,0.0,269.0,15.0,0,EW_GREEN,hold,,,
293.0,3,50,299.0,5.98,3,0.0,3,0.0,4,47.0,15,233.0,0,0,1,3,0.0,280.0,19.0,0,EW_GREEN,hold,,,
294.0,3,49,316.0,6.449,3,0.0,3,0.0,4,49.0,15,243.0,0,0,1,7,0.0,292.0,24.0,0,EW_GREEN,hold,,,
295.0,3,49,335.0,6.837,3,0.0,3,0.0,4,51.0,16,254.0,0,0,1,7,0.0,305.0,30.0,0,EW_GREEN,hold,,,
296.0,0,44,182.0,4.136,3,0.0,3,0.0,2,0.0,13,156.0,0,0,0,2,0.0,156.0,26.0,0,EW_GREEN,hold,,,
297.0,0,43,98.0,2.279,3,0.0,3,0.0,2,0.0,13,75.0,0,0,0,0,0.0,75.0,23.0,0,EW_GREEN,hold,,,
298.0,0,43,46.0,1.07,3,0.0,3,0.0,2,0.0,13,23.0,0,0,0,0,0.0,23.0,23.0,0,EW_GREEN,hold,,,
299.0,0,41,24.0,0.585,3,0.0,3,0.0,1,0.0,10,0.0,0,0,0,0,0.0,0.0,24.0,0,EW_GREEN,hold,,,
300.0,0,46,25.0,0.543,3,0.0,3,0.0,1,0.0,11,0.0,0,0,0,0,0.0,0.0,25.0,0,EW_GREEN,hold,,,
301.0,0,47,25.0,0.532,3,0.0,3,0.0,1,0.0,9,0.0,0,0,0,0,0.0,0.0,25.0,0,EW_GREEN,hold,,,
302.0,0,47,26.0,0.553,3,0.0,3,0.0,1,0.0,8,0.0,0,0,0,0,1.0,0.0,25.0,0,EW_GREEN,hold,,,
303.0,0,48,27.0,0.562,3,0.0,3,0.0,1,0.0,8,0.0,0,0,0,0,2.0,0.0,25.0,0,EW_GREEN,hold,,,
304.0,0,45,29.0,0.644,3,0.0,3,0.0,1,0.0,6,0.0,0,0,0,0,3.0,0.0,26.0,0,EW_YELLOW,pressure_ns,,,
305.0,3,46,39.0,0.848,3,0.0,3,0.0,2,0.0,6,0.0,0,0,0,0,4.0,0.0,35.0,0,EW_YELLOW,hold,,,
306.0,3,48,44.0,0.917,3,1.0,3,1.0,2,0.0,7,0.0,1,1,0,0,5.0,2.0,37.0,0,EW_YELLOW,hold,,,
307.0,3,46,32.0,0.696,3,2.0,3,2.0,3,0.0,7,1.0,1,1,0,0,6.0,5.0,21.0,0,NS_GREEN,yellow_end,,,
308.0,0,45,31.0,0.689,3,3.0,3,3.0,3,0.0,6,0.0,1,0,0,0,7.0,6.0,18.0,0,NS_GREEN,hold,,,
309.0,0,46,34.0,0.739,3,4.0,3,4.0,3,0.0,7,0.0,1,0,0,0,8.0,8.0,18.0,0,NS_GREEN,hold,,,
310.0,0,47,36.0,0.766,3,5.0,3,5.0,3,0.0,7,0.0,0,0,0,0,9.0,10.0,17.0,0,NS_GREEN,hold,,,
311.0,0,46,30.0,0.652,3,6.0,3,6.0,2,0.0,8,0.0,0,0,0,0,0.0,12.0,18.0,0,NS_GREEN,hold,,,
312.0,0,48,37.0,0.771,3,7.0,3,7.0,2,0.0,8,0.0,0,0,0,0,0.0,14.0,23.0,0,NS_GREEN,hold,,,
313.0,0,50,45.0,0.9,4,8.0,4,8.0,2,0.0,8,0.0,0,0,0,0,0.0,16.0,29.0,0,NS_GREEN,hold,,,
314.0,0,50,54.0,1.08,4,9.0,4,9.0,2,0.0,8,0.0,0,0,0,0,0.0,18.0,36.0,0,NS_GREEN,hold,,,
315.0,0,48,64.0,1.333,4,10.0,4,10.0,2,0.0,7,0.0,0,0,0,0,0.0,20.0,44.0,0,NS_GREEN,hold,,,
316.0,0,49,74.0,1.51,4,11.0,4,11.0,2,0.0,7,0.0,0,0,0,0,0.0,22.0,52.0,0,NS_GREEN,hold,,,
317.0,0,49,84.0,1.714,4,12.0,4,12.0,2,0.0,7,0.0,0,0,0,0,0.0,24.0,60.0,0,NS_GREEN,hold,,,
318.0,0,49,80.0,1.633,4,13.0,4,13.0,2,0.0,7,0.0,0,0,0,0,0.0,26.0,54.0,0,NS_GREEN,hold,,,
319.0,0,49,77.0,1.571,4,14.0,4,14.0,2,0.0,7,0.0,0,0,0,0,0.0,28.0,49.0,0,NS_GREEN,hold,,,
320.0,0,51,76.0,1.49,4,15.0,4,15.0,2,0.0,7,0.0,0,0,0,0,0.0,30.0,46.0,0,NS_YELLOW,pressure_ew,,,
321.0,1,50,75.0,1.5,4,16.0,4,16.0,2,0.0,7,0.0,0,0,0,0,0.0,32.0,43.0,0,NS_YELLOW,hold,,,
322.0,1,51,73.0,1.431,4,17.0,4,17.0,2,0.0,8,0.0,0,0,0,0,0.0,34.0,39.0,0,NS_YELLOW,hold,,,
323.0,1,50,71.0,1.42,4,18.0,4,18.0,2,0.0,8,0.0,0,0,0,0,0.0,36.0,35.0,0,EW_GREEN,yellow_end,,,
324.0,2,49,31.0,0.633,3,0.0,3,0.0,2,0.0,9,0.0,0,0,0,0,0.0,0.0,31.0,0,EW_GREEN,hold,,,
325.0,2,51,27.0,0.529,3,0.0,3,0.0,2,0.0,9,0.0,0,0,0,0,0.0,0.0,27.0,0,EW_GREEN,hold,,,
326.0,2,51,25.0,0.49,3,0.0,3,0.0,2,0.0,9,0.0,0,0,0,0,0.0,0.0,25.0,0,EW_GREEN,hold,,,
327.0,2,48,33.0,0.688,2,0.0,2,0.0,2,0.0,9,1.0,0,0,0,0,0.0,1.0,32.0,0,EW_GREEN,hold,,,
328.0,2,49,32.0,0.653,2,0.0,2,0.0,2,0.0,10,2.0,0,0,0,0,0.0,2.0,30.0,0,EW_GREEN,hold,,,
329.0,2,47,28.0,0.596,2,0.0,2,0.0,2,0.0,10,3.0,0,0,0,0,0.0,3.0,25.0,0,EW_GREEN,hold,,,
330.0,2,47,26.0,0.553,2,0.0,2,0.0,2,0.0,10,5.0,0,0,0,0,0.0,5.0,21.0,0,EW_GREEN,hold,,,
331.0,2,49,24.0,0.49,2,0.0,2,0.0,2,0.0,11,7.0,0,0,0,0,0.0,7.0,17.0,0,EW_GREEN,hold,,,
332.0,2,48,21.0,0.438,2,0.0,2,0.0,2,0.0,11,9.0,0,0,0,0,0.0,9.0,12.0,0,EW_GREEN,hold,,,
333.0,2,48,26.0,0.542,2,0.0,2,0.0,2,0.0,11,11.0,0,0,0,0,0.0,11.0,15.0,0,EW_GREEN,hold,,,
334.0,2,48,23.0,0.479,2,0.0,2,0.0,2,0.0,11,13.0,0,0,0,0,0.0,13.0,10.0,0,EW_GREEN,hold,,,
335.0,2,47,21.0,0.447,2,0.0,2,0.0,2,0.0,11,15.0,0,0,0,0,0.0,15.0,6.0,0,EW_GREEN,hold,,,
336.0,2,48,28.0,0.583,2,0.0,2,0.0,2,0.0,12,17.0,0,0,0,0,1.0,17.0,10.0,0,EW_GREEN,hold,,,
337.0,2,51,36.0,0.706,4,0.0,4,0.0,2,0.0,12,20.0,0,0,0,0,3.0,20.0,13.0,0,EW_GREEN,hold,,,
338.0,2,51,46.0,0.902,4,0.0,4,0.0,2,1.0,12,23.0,0,0,1,0,6.0,24.0,16.0,0,EW_GREEN,hold,,,
339.0,2,52,56.0,1.077,4,0.0,4,0.0,2,2.0,13,26.0,0,0,1,0,10.0,28.0,18.0,0,EW_GREEN,hold,,,
340.0,2,50,69.0,1.38,4,0.0,4,0.0,2,3.0,13,30.0,0,0,1,0,15.0,33.0,21.0,0,EW_GREEN,hold,,,
341.0,2,51,60.0,1.176,4,0.0,4,0.0,3,5.0,14,35.0,0,0,1,0,20.0,40.0,0.0,0,EW_GREEN,hold,,,
342.0,2,51,72.0,1.412,4,0.0,4,0.0,3,7.0,14,38.0,0,0,1,0,26.0,45.0,1.0,0,EW_GREEN,hold,,,
343.0,2,52,87.0,1.673,4,0.0,4,0.0,4,9.0,14,42.0,0,0,1,0,33.0,51.0,3.0,0,EW_GREEN,hold,,,
344.0,2,51,103.0,2.02,4,0.0,4,0.0,4,11.0,14,46.0,0,0,1,0,41.0,57.0,5.0,0,EW_GREEN,hold,,,
345.0,2,51,119.0,2.333,4,0.0,4,0.0,4,13.0,14,50.0,0,0,1,0,49.0,63.0,7.0,0,EW_GREEN,hold,,,
346.0,2,51,137.0,2.686,4,0.0,4,0.0,4,15.0,14,56.0,0,0,1,0,57.0,71.0,9.0,0,EW_GREEN,hold,,,
347.0,2,47,124.0,2.638,4,0.0,4,0.0,4,17.0,14,62.0,0,0,1,0,33.0,79.0,12.0,0,EW_GREEN,hold,,,
348.0,2,47,117.0,2.489,4,0.0,4,0.0,4,19.0,14,68.0,0,0,1,0,14.0,87.0,16.0,0,EW_GREEN,hold,,,
349.0,2,48,119.0,2.479,4,0.0,4,0.0,4,21.0,15,74.0,0,0,1,0,3.0,95.0,21.0,0,EW_GREEN,hold,,,
350.0,2,46,130.0,2.826,4,0.0,4,0.0,4,23.0,15,80.0,0,0,1,0,0.0,103.0,27.0,0,EW_GREEN,hold,,,
351.0,2,46,144.0,3.13,3,0.0,4,0.0,4,25.0,15,86.0,0,0,1,0,0.0,111.0,33.0,0,EW_GREEN,hold,,,
352.0,2,43,148.0,3.442,3,0.0,3,0.0,4,27.0,15,93.0,0,0,1,0,0.0,120.0,28.0,0,EW_GREEN,hold,,,
353.0,2,42,152.0,3.619,3,0.0,3,0.0,4,29.0,15,100.0,0,0,1,0,0.0,129.0,23.0,0,EW_GREEN,hold,,,
354.0,2,41,160.0,3.902,3,0.0,3,0.0,4,31.0,15,108.0,0,0,1,0,0.0,139.0,21.0,0,EW_GREEN,hold,,,
355.0,2,40,168.0,4.2,3,0.0,3,0.0,4,33.0,15,116.0,0,0,1,0,0.0,149.0,19.0,0,EW_GREEN,hold,,,
356.0,2,39,175.0,4.487,3,0.0,3,0.0,4,35.0,15,124.0,0,0,1,0,0.0,159.0,16.0,0,EW_GREEN,hold,,,
357.0,2,40,183.0,4.575,3,0.0,3,0.0,4,37.0,16,133.0,0,0,1,0,0.0,170.0,13.0,0,EW_GREEN,hold,,,
358.0,2,38,193.0,5.079,2,0.0,3,0.0,4,39.0,16,142.0,0,0,1,0,0.0,181.0,12.0,0,EW_GREEN,hold,,,
359.0,2,37,202.0,5.459,2,0.0,2,0.0,4,41.0,16,151.0,0,0,1,0,0.0,192.0,10.0,0,EW_GREEN,hold,,,
360.0,2,38,211.0,5.553,2,0.0,2,0.0,4,43.0,17,160.0,0,0,1,0,0.0,203.0,8.0,0,EW_GREEN,hold,,,
361.0,2,45,222.0,4.933,3,0.0,4,0.0,4,45.0,17,170.0,0,0,1,4,0.0,215.0,7.0,0,EW_GREEN,hold,,,
362.0,2,45,237.0,5.267,3,0.0,3,0.0,4,47.0,17,180.0,0,0,1,4,0.0,227.0,10.0,0,EW_GREEN,hold,,,
363.0,2,46,247.0,5.37,3,0.0,3,0.0,4,49.0,18,191.0,0,0,1,4,0.0,240.0,7.0,0,EW_GREEN,hold,,,
364.0,2,49,258.0,5.265,3,0.0,3,0.0,4,51.0,18,202.0,0,0,1,4,0.0,253.0,5.0,0,EW_GREEN,hold,,,
365.0,2,49,268.0,5.469,2,0.0,3,0.0,4,53.0,18,213.0,0,0,1,4,0.0,266.0,2.0,0,EW_GREEN,hold,,,
366.0,3,48,279.0,5.812,2,0.0,3,0.0,4,55.0,18,224.0,0,0,1,4,0.0,279.0,0.0,0,EW_GREEN,hold,,,
367.0,3,52,294.0,5.654,2,0.0,3,0.0,4,57.0,19,236.0,0,0,1,4,0.0,293.0,1.0,0,EW_GREEN,hold,,,
368.0,3,52,308.0,5.923,2,0.0,3,1.0,4,59.0,19,248.0,0,0,1,5,0.0,308.0,0.0,0,EW_GREEN,hold,,,
369.0,0,53,156.0,2.943,2,0.0,3,2.0,4,0.0,19,154.0,0,0,0,0,0.0,156.0,0.0,0,EW_GREEN,hold,,,
370.0,0,50,89.0,1.78,2,0.0,3,3.0,3,0.0,17,86.0,0,0,0,0,0.0,89.0,0.0,0,EW_GREEN,hold,,,
371.0,0,48,33.0,0.688,2,0.0,3,4.0,2,0.0,17,29.0,0,0,0,0,0.0,33.0,0.0,0,EW_GREEN,hold,,,
372.0,0,49,13.0,0.265,2,0.0,3,5.0,1,0.0,18,8.0,0,0,0,0,0.0,13.0,0.0,0,EW_GREEN,hold,,,
373.0,0,50,6.0,0.12,2,0.0,3,6.0,1,0.0,18,0.0,0,0,0,0,0.0,6.0,0.0,0,EW_GREEN,hold,,,
374.0,0,50,7.0,0.14,2,0.0,3,7.0,1,0.0,17,0.0,0,0,0,0,0.0,7.0,0.0,0,EW_GREEN,hold,,,
375.0,0,49,8.0,0.163,2,0.0,3,8.0,0,0.0,16,0.0,0,0,0,0,0.0,8.0,0.0,0,EW_GREEN,hold,,,
376.0,0,48,9.0,0.188,2,0.0,3,9.0,0,0.0,16,0.0,0,0,0,0,0.0,9.0,0.0,0,EW_GREEN,hold,,,
377.0,0,51,10.0,0.196,2,0.0,3,10.0,1,0.0,16,0.0,0,0,0,0,0.0,10.0,0.0,0,EW_GREEN,hold,,,
378.0,0,52,11.0,0.212,2,0.0,3,11.0,2,0.0,14,0.0,0,0,0,0,0.0,11.0,0.0,0,EW_GREEN,hold,,,
379.0,0,52,14.0,0.269,2,1.0,3,13.0,2,0.0,13,0.0,1,1,0,0,0.0,14.0,0.0,0,EW_GREEN,hold,,,
380.0,0,51,18.0,0.353,2,2.0,3,15.0,2,0.0,12,0.0,1,1,0,0,0.0,17.0,1.0,0,EW_GREEN,hold,,,
381.0,0,50,23.0,0.46,2,3.0,3,17.0,2,0.0,11,0.0,1,1,0,0,0.0,20.0,3.0,0,EW_GREEN,hold,,,
382.0,0,53,29.0,0.547,2,4.0,3,19.0,2,0.0,10,0.0,1,1,0,0,0.0,23.0,6.0,0,EW_GREEN,hold,,,
383.0,0,52,35.0,0.673,2,5.0,3,21.0,2,0.0,9,0.0,1,1,0,0,0.0,26.0,9.0,0,EW_YELLOW,max_green,,,
384.0,3,54,42.0,0.778,2,6.0,3,23.0,2,0.0,10,0.0,1,1,0,0,0.0,29.0,13.0,0,EW_YELLOW,hold,,,
385.0,3,59,49.0,0.831,4,7.0,5,25.0,2,0.0,10,0.0,0,0,0,0,0.0,32.0,17.0,0,EW_YELLOW,hold,,,
386.0,3,58,57.0,0.983,4,8.0,5,27.0,2,0.0,10,0.0,0,0,0,0,0.0,35.0,22.0,0,NS_GREEN,yellow_end,,,
387.0,0,56,66.0,1.179,4,9.0,5,29.0,2,0.0,8,0.0,0,0,0,0,0.0,38.0,28.0,0,NS_GREEN,hold,,,
388.0,0,57,75.0,1.316,4,10.0,5,31.0,2,0.0,9,0.0,0,0,0,0,0.0,41.0,34.0,0,NS_GREEN,hold,,,
389.0,0,58,85.0,1.466,4,11.0,5,33.0,2,0.0,9,0.0,0,0,0,0,0.0,44.0,41.0,0,NS_GREEN,hold,,,
390.0,0,57,96.0,1.684,4,12.0,5,35.0,2,0.0,9,0.0,0,0,0,0,0.0,47.0,49.0,0,NS_GREEN,hold,,,
391.0,0,59,107.0,1.814,4,13.0,5,37.0,2,0.0,10,0.0,0,0,0,0,0.0,50.0,57.0,0,NS_GREEN,hold,,,
392.0,0,61,119.0,1.951,4,14.0,5,39.0,2,0.0,10,0.0,0,0,0,0,0.0,53.0,66.0,0,NS_GREEN,hold,,,
393.0,0,59,131.0,2.22,4,15.0,5,41.0,2,0.0,9,0.0,0,0,0,0,0.0,56.0,75.0,0,NS_GREEN,hold,,,
394.0,0,59,144.0,2.441,4,16.0,5,43.0,2,0.0,10,0.0,0,0,0,0,0.0,59.0,85.0,0,NS_YELLOW,pressure_ew,,,
395.0,1,60,158.0,2.633,4,17.0,5,45.0,2,0.0,10,0.0,0,0,0,0,0.0,62.0,96.0,0,NS_YELLOW,hold,,,
396.0,1,60,155.0,2.583,4,18.0,5,47.0,2,0.0,10,0.0,0,0,0,0,0.0,65.0,90.0,0,NS_YELLOW,hold,,,
397.0,1,62,152.0,2.452,4,19.0,5,49.0,2,0.0,11,0.0,0,0,0,0,0.0,68.0,84.0,0,EW_GREEN,yellow_end,,,
398.0,2,59,78.0,1.322,3,0.0,3,0.0,2,0.0,11,0.0,0,0,0,0,0.0,0.0,78.0,0,EW_GREEN,hold,,,
399.0,2,59,74.0,1.254,3,0.0,3,0.0,2,0.0,11,1.0,0,0,0,0,0.0,1.0,73.0,0,EW_GREEN,hold,,,
400.0,2,59,72.0,1.22,3,0.0,3,0.0,2,0.0,11,2.0,0,0,0,0,0.0,2.0,70.0,0,EW_GREEN,hold,,,
401.0,2,57,70.0,1.228,2,0.0,2,0.0,2,0.0,11,3.0,0,0,0,0,0.0,3.0,67.0,0,EW_GREEN,hold,,,
402.0,2,57,69.0,1.211,2,0.0,2,0.0,2,0.0,12,4.0,0,0,0,0,0.0,4.0,65.0,0,EW_GREEN,hold,,,
403.0,2,58,70.0,1.207,2,0.0,2,0.0,2,0.0,12,7.0,0,0,0,1,0.0,7.0,63.0,0,EW_GREEN,hold,,,
404.0,2,58,71.0,1.224,2,0.0,2,0.0,2,0.0,13,10.0,0,0,0,1,0.0,10.0,61.0,0,EW_GREEN,hold,,,
405.0,2,58,85.0,1.466,2,0.0,2,0.0,2,0.0,13,13.0,0,0,0,1,0.0,13.0,72.0,0,EW_GREEN,hold,,,
406.0,2,56,87.0,1.554,2,0.0,2,0.0,2,0.0,13,16.0,0,0,0,1,0.0,16.0,71.0,0,EW_GREEN,hold,,,
407.0,2,54,88.0,1.63,2,0.0,2,0.0,2,0.0,13,19.0,0,0,0,1,0.0,19.0,69.0,0,EW_GREEN,hold,,,
408.0,2,54,91.0,1.685,2,0.0,2,0.0,2,0.0,13,23.0,0,0,0,1,0.0,23.0,68.0,0,EW_GREEN,hold,,,
409.0,2,55,95.0,1.727,3,0.0,3,0.0,2,1.0,13,27.0,0,0,1,1,0.0,28.0,67.0,0,EW_GREEN,hold,,,
410.0,2,54,103.0,1.907,3,0.0,3,0.0,2,3.0,14,32.0,0,0,2,1,0.0,35.0,68.0,0,EW_GREEN,hold,,,
411.0,2,54,109.0,2.019,3,0.0,3,0.0,2,5.0,14,37.0,0,0,2,1,0.0,42.0,67.0,0,EW_GREEN,hold,,,
412.0,2,50,115.0,2.3,3,0.0,3,0.0,2,7.0,14,42.0,0,0,2,1,0.0,49.0,66.0,0,EW_GREEN,hold,,,
413.0,2,53,131.0,2.472,3,0.0,3,0.0,3,9.0,14,47.0,0,0,1,1,0.0,56.0,75.0,0,EW_GREEN,hold,,,
414.0,2,52,149.0,2.865,3,0.0,3,0.0,3,11.0,14,52.0,0,0,1,1,0.0,63.0,86.0,0,EW_GREEN,hold,,,
415.0,2,52,168.0,3.231,3,0.0,3,0.0,3,13.0,14,57.0,0,0,1,1,1.0,70.0,97.0,0,EW_GREEN,hold,,,
416.0,2,51,188.0,3.686,3,0.0,3,0.0,3,15.0,14,62.0,0,0,1,1,2.0,77.0,109.0,0,EW_GREEN,hold,,,
417.0,2,51,210.0,4.118,3,0.0,3,0.0,3,17.0,14,67.0,0,0,1,1,3.0,84.0,123.0,0,EW_GREEN,hold,,,
418.0,2,49,232.0,4.735,3,0.0,3,0.0,3,19.0,14,73.0,0,0,1,1,4.0,92.0,136.0,0,EW_GREEN,hold,,,
419.0,2,49,255.0,5.204,3,0.0,3,0.0,3,21.0,15,79.0,0,0,1,1,5.0,100.0,150.0,0,EW_GREEN,hold,,,
420.0,2,48,280.0,5.833,3,0.0,3,0.0,3,23.0,15,85.0,0,0,1,1,6.0,108.0,166.0,0,EW_GREEN,hold,,,
421.0,2,48,304.0,6.333,3,0.0,3,0.0,3,25.0,15,92.0,0,0,1,0,7.0,117.0,180.0,0,EW_GREEN,hold,,,
422.0,2,48,330.0,6.875,3,0.0,3,0.0,3,27.0,15,100.0,0,0,1,0,8.0,127.0,195.0,0,EW_GREEN,hold,,,
423.0,2,48,349.0,7.271,3,0.0,2,0.0,3,29.0,15,106.0,0,0,1,0,2.0,135.0,212.0,0,EW_GREEN,hold,,,
424.0,2,47,378.0,8.043,2,0.0,2,0.0,3,31.0,15,113.0,0,0,1,0,4.0,144.0,230.0,0,EW_GREEN,hold,,,
425.0,2,47,407.0,8.66,2,0.0,2,0.0,3,33.0,15,120.0,0,0,1,0,6.0,153.0,248.0,0,EW_GREEN,hold,,,
426.0,2,46,408.0,8.87,2,0.0,2,0.0,3,35.0,15,127.0,0,0,1,3,8.0,162.0,238.0,0,EW_GREEN,hold,,,
427.0,2,47,411.0,8.745,2,0.0,2,0.0,4,37.0,15,136.0,0,0,1,3,10.0,173.0,228.0,0,EW_GREEN,hold,,,
428.0,2,46,414.0,9.0,2,0.0,2,0.0,4,39.0,15,145.0,0,0,1,3,12.0,184.0,218.0,0,EW_GREEN,hold,,,
429.0,2,47,419.0,8.915,2,0.0,2,0.0,4,41.0,16,155.0,0,0,1,3,14.0,196.0,209.0,0,EW_GREEN,hold,,,
430.0,2,46,423.0,9.196,2,0.0,2,0.0,4,43.0,16,165.0,0,0,1,7,16.0,208.0,199.0,0,EW_GREEN,hold,,,
431.0,2,46,429.0,9.326,2,0.0,2,0.0,4,45.0,16,176.0,0,0,1,7,19.0,221.0,189.0,0,EW_GREEN,hold,,,
432.0,2,47,434.0,9.234,2,0.0,2,0.0,4,47.0,17,187.0,0,0,1,3,22.0,234.0,178.0,0,EW_GREEN,hold,,,
433.0,2,54,462.0,8.556,4,0.0,4,0.0,4,49.0,17,198.0,0,0,1,3,25.0,247.0,190.0,0,EW_GREEN,hold,,,
434.0,2,54,437.0,8.093,4,0.0,4,0.0,4,51.0,18,209.0,0,0,1,0,0.0,260.0,177.0,0,EW_GREEN,hold,,,
435.0,2,54,438.0,8.111,4,0.0,4,0.0,4,53.0,18,220.0,0,0,1,0,0.0,273.0,165.0,0,EW_GREEN,hold,,,
436.0,2,54,438.0,8.111,4,0.0,4,0.0,4,55.0,18,231.0,0,0,1,0,0.0,286.0,152.0,0,EW_GREEN,hold,,,
437.0,2,54,436.0,8.074,4,0.0,4,0.0,4,57.0,18,242.0,0,0,1,0,0.0,299.0,137.0,0,EW_GREEN,hold,,,
438.0,2,53,435.0,8.208,4,0.0,4,0.0,4,59.0,18,253.0,0,0,1,0,0.0,312.0,123.0,0,EW_GREEN,hold,,,
439.0,2,54,434.0,8.037,4,0.0,4,0.0,4,61.0,19,264.0,0,0,1,0,0.0,325.0,109.0,0,EW_GREEN,hold,,,
440.0,3,53,434.0,8.189,4,0.0,4,0.0,4,63.0,19,275.0,0,0,1,0,0.0,338.0,96.0,0,EW_GREEN,hold,,,
441.0,3,53,434.0,8.189,4,0.0,4,0.0,4,65.0,19,287.0,0,0,1,0,0.0,352.0,82.0,0,EW_GREEN,hold,,,
442.0,3,54,455.0,8.426,4,0.0,4,0.0,4,67.0,20,299.0,0,0,1,0,0.0,366.0,89.0,0,EW_GREEN,hold,,,
443.0,0,48,259.0,5.396,4,0.0,4,0.0,2,0.0,17,185.0,0,0,0,0,0.0,185.0,74.0,0,EW_GREEN,hold,,,
444.0,0,51,163.0,3.196,4,0.0,4,0.0,2,0.0,18,105.0,0,0,0,0,0.0,105.0,58.0,0,EW_GREEN,hold,,,
445.0,0,51,90.0,1.765,4,0.0,4,0.0,2,0.0,18,49.0,0,0,0,0,0.0,49.0,41.0,0,EW_GREEN,hold,,,
446.0,0,46,37.0,0.804,4,0.0,4,0.0,1,0.0,15,10.0,0,0,0,0,0.0,10.0,27.0,0,EW_GREEN,hold,,,
447.0,0,51,21.0,0.412,4,0.0,4,0.0,1,0.0,16,0.0,0,0,0,0,0.0,0.0,21.0,0,EW_GREEN,hold,,,
448.0,0,48,15.0,0.312,4,0.0,4,0.0,1,0.0,15,0.0,0,0,0,0,0.0,0.0,15.0,0,EW_GREEN,hold,,,
449.0,0,52,16.0,0.308,4,1.0,4,0.0,2,0.0,15,0.0,1,0,0,0,0.0,1.0,15.0,0,EW_GREEN,hold,,,
450.0,0,52,19.0,0.365,4,2.0,4,1.0,2,0.0,14,0.0,1,1,0,0,0.0,3.0,16.0,0,EW_GREEN,hold,,,
451.0,0,55,22.0,0.4,4,3.0,4,2.0,3,0.0,13,0.0,1,1,0,0,0.0,5.0,17.0,0,EW_GREEN,hold,,,
452.0,0,54,25.0,0.463,4,4.0,4,3.0,3,0.0,12,0.0,0,0,0,0,0.0,7.0,18.0,0,EW_GREEN,hold,,,
453.0,0,52,10.0,0.192,4,5.0,4,4.0,3,0.0,10,0.0,0,0,0,0,0.0,9.0,1.0,0,EW_GREEN,hold,,,
454.0,0,56,13.0,0.232,4,6.0,4,5.0,3,0.0,11,0.0,0,0,0,0,0.0,11.0,2.0,0,EW_GREEN,hold,,,
455.0,0,55,17.0,0.309,4,7.0,4,6.0,3,0.0,9,0.0,0,0,0,0,0.0,13.0,4.0,0,EW_GREEN,hold,,,
456.0,0,55,21.0,0.382,4,8.0,4,7.0,2,0.0,10,0.0,0,0,0,0,0.0,15.0,6.0,0,EW_YELLOW,pressure_ns,,,
457.0,3,60,25.0,0.417,5,9.0,5,8.0,2,0.0,10,0.0,0,0,0,0,0.0,17.0,8.0,0,EW_YELLOW,hold,,,
458.0,3,60,30.0,0.5,5,10.0,5,9.0,2,0.0,10,0.0,0,0,0,0,0.0,19.0,11.0,0,EW_YELLOW,hold,,,
459.0,3,59,36.0,0.61,5,11.0,5,10.0,2,0.0,10,0.0,0,0,0,0,0.0,21.0,15.0,0,NS_GREEN,yellow_end,,,
460.0,0,59,43.0,0.729,5,12.0,5,11.0,2,0.0,10,0.0,0,0,0,0,0.0,23.0,20.0,0,NS_GREEN,hold,,,
461.0,0,59,50.0,0.847,5,13.0,5,12.0,2,0.0,10,0.0,0,0,0,0,0.0,25.0,25.0,0,NS_GREEN,hold,,,
462.0,0,60,58.0,0.967,5,14.0,5,13.0,2,0.0,10,0.0,0,0,0,0,0.0,27.0,31.0,0,NS_GREEN,hold,,,
463.0,0,60,66.0,1.1,5,15.0,5,14.0,2,0.0,10,0.0,0,0,0,0,0.0,29.0,37.0,0,NS_GREEN,hold,,,
464.0,0,61,75.0,1.23,5,16.0,5,15.0,2,0.0,9,0.0,0,0,0,0,0.0,31.0,44.0,0,NS_GREEN,hold,,,
465.0,0,61,72.0,1.18,5,17.0,5,16.0,2,0.0,9,0.0,0,0,0,0,0.0,33.0,39.0,0,NS_GREEN,hold,,,
466.0,0,61,69.0,1.131,5,18.0,5,17.0,2,0.0,9,0.0,0,0,0,0,0.0,35.0,34.0,0,NS_GREEN,hold,,,
467.0,0,61,68.0,1.115,5,19.0,5,18.0,2,0.0,9,0.0,0,0,0,0,0.0,37.0,31.0,0,NS_YELLOW,pressure_ew,,,
468.0,1,60,67.0,1.117,5,20.0,5,19.0,2,0.0,9,0.0,0,0,0,0,0.0,39.0,28.0,0,NS_YELLOW,hold,,,
469.0,1,63,66.0,1.048,5,21.0,5,20.0,2,0.0,10,0.0,0,0,0,0,0.0,41.0,25.0,0,NS_YELLOW,hold,,,
470.0,1,62,65.0,1.048,5,22.0,5,21.0,2,0.0,10,0.0,0,0,0,0,0.0,43.0,22.0,0,EW_GREEN,yellow_end,,,
471.0,2,59,21.0,0.356,3,0.0,4,0.0,2,0.0,10,0.0,0,0,0,0,0.0,0.0,21.0,0,EW_GREEN,hold,,,
472.0,2,58,18.0,0.31,3,0.0,3,0.0,2,0.0,11,1.0,0,0,0,0,0.0,1.0,17.0,0,EW_GREEN,hold,,,
473.0,2,58,17.0,0.293,3,0.0,3,0.0,2,0.0,11,2.0,0,0,0,0,0.0,2.0,15.0,0,EW_GREEN,hold,,,
474.0,2,59,16.0,0.271,3,0.0,3,0.0,2,0.0,12,3.0,0,0,0,0,0.0,3.0,13.0,0,EW_GREEN,hold,,,
475.0,2,61,16.0,0.262,3,0.0,3,0.0,2,0.0,12,5.0,0,0,0,0,0.0,5.0,11.0,0,EW_GREEN,hold,,,
476.0,2,59,18.0,0.305,3,0.0,3,0.0,2,0.0,13,8.0,0,0,0,0,0.0,8.0,10.0,0,EW_GREEN,hold,,,
477.0,2,58,20.0,0.345,2,0.0,3,0.0,2,0.0,13,11.0,0,0,0,0,0.0,11.0,9.0,0,EW_GREEN,hold,,,
478.0,2,55,28.0,0.509,2,0.0,2,0.0,2,0.0,13,14.0,0,0,0,0,0.0,14.0,14.0,0,EW_GREEN,hold,,,
479.0,2,54,32.0,0.593,2,0.0,2,0.0,2,0.0,13,18.0,0,0,0,0,0.0,18.0,14.0,0,EW_GREEN,hold,,,
480.0,2,54,37.0,0.685,2,0.0,2,0.0,2,0.0,14,22.0,0,0,0,0,0.0,22.0,15.0,0,EW_GREEN,hold,,,
481.0,2,56,42.0,0.75,3,0.0,3,0.0,2,1.0,14,26.0,0,0,1,0,0.0,27.0,15.0,0,EW_GREEN,hold,,,
482.0,2,58,48.0,0.828,4,0.0,4,0.0,2,2.0,14,31.0,0,0,1,0,0.0,33.0,15.0,0,EW_GREEN,hold,,,
483.0,2,60,55.0,0.917,4,0.0,4,0.0,2,4.0,15,36.0,0,0,2,0,0.0,40.0,15.0,0,EW_GREEN,hold,,,
484.0,2,59,65.0,1.102,3,0.0,4,0.0,2,6.0,15,41.0,0,0,2,0,0.0,47.0,18.0,0,EW_GREEN,hold,,,
485.0,2,59,75.0,1.271,3,0.0,3,0.0,2,8.0,15,46.0,0,0,2,0,0.0,54.0,21.0,0,EW_GREEN,hold,,,
486.0,2,55,62.0,1.127,3,0.0,3,0.0,3,10.0,15,51.0,0,0,1,0,0.0,61.0,1.0,0,EW_GREEN,hold,,,
487.0,2,56,70.0,1.25,3,0.0,3,0.0,3,12.0,15,56.0,0,0,1,0,0.0,68.0,2.0,0,EW_GREEN,hold,,,
488.0,2,56,80.0,1.429,3,0.0,3,0.0,3,14.0,15,62.0,0,0,1,0,0.0,76.0,4.0,0,EW_GREEN,hold,,,
489.0,2,55,91.0,1.655,3,0.0,3,0.0,3,16.0,15,68.0,0,0,1,0,0.0,84.0,7.0,0,EW_GREEN,hold,,,
490.0,2,52,104.0,2.0,3,0.0,3,0.0,3,18.0,15,74.0,0,0,1,0,1.0,92.0,11.0,0,EW_GREEN,hold,,,
491.0,2,53,117.0,2.208,3,0.0,3,0.0,3,20.0,16,80.0,0,0,1,0,2.0,100.0,15.0,0,EW_GREEN,hold,,,
492.0,2,53,132.0,2.491,3,0.0,3,0.0,3,22.0,16,87.0,0,0,1,0,3.0,109.0,20.0,0,EW_GREEN,hold,,,
493.0,2,52,149.0,2.865,3,0.0,3,0.0,3,24.0,16,95.0,0,0,1,0,4.0,119.0,26.0,0,EW_GREEN,hold,,,
494.0,2,51,168.0,3.294,3,0.0,3,0.0,3,26.0,16,104.0,0,0,1,0,5.0,130.0,33.0,0,EW_GREEN,hold,,,
495.0,2,50,187.0,3.74,2,0.0,2,0.0,3,28.0,16,113.0,0,0,1,0,6.0,141.0,40.0,0,EW_GREEN,hold,,,
496.0,2,47,207.0,4.404,1,0.0,1,0.0,3,30.0,16,122.0,0,0,1,0,7.0,152.0,48.0,0,EW_GREEN,hold,,,
497.0,2,49,229.0,4.673,1,0.0,1,0.0,3,32.0,16,131.0,0,0,1,0,9.0,163.0,57.0,0,EW_GREEN,hold,,,
498.0,2,49,251.0,5.122,1,0.0,1,0.0,3,34.0,16,140.0,0,0,1,0,11.0,174.0,66.0,0,EW_GREEN,hold,,,
499.0,2,48,264.0,5.5,1,0.0,1,0.0,3,36.0,16,149.0,0,0,1,0,3.0,185.0,76.0,0,EW_GREEN,hold,,,
500.0,2,47,288.0,6.128,1,0.0,1,0.0,3,38.0,16,158.0,0,0,1,0,5.0,196.0,87.0,0,EW_GREEN,hold,,,
501.0,2,48,312.0,6.5,1,0.0,1,0.0,3,40.0,17,167.0,0,0,1,0,7.0,207.0,98.0,0,EW_GREEN,hold,,,
502.0,2,48,319.0,6.646,1,0.0,1,0.0,3,42.0,17,176.0,0,0,1,0,9.0,218.0,92.0,0,EW_GREEN,hold,,,
503.0,2,49,327.0,6.673,1,0.0,1,0.0,4,44.0,17,185.0,0,0,1,0,11.0,229.0,87.0,0,EW_GREEN,hold,,,
504.0,2,49,334.0,6.816,1,0.0,1,0.0,4,46.0,17,194.0,0,0,1,0,13.0,240.0,81.0,0,EW_GREEN,hold,,,
505.0,2,55,342.0,6.218,2,0.0,2,0.0,4,48.0,17,203.0,0,0,1,0,15.0,251.0,76.0,0,EW_GREEN,hold,,,
506.0,2,58,353.0,6.086,2,0.0,2,0.0,4,50.0,18,213.0,0,0,1,0,17.0,263.0,73.0,0,EW_GREEN,hold,,,
507.0,2,58,365.0,6.293,2,0.0,2,0.0,4,52.0,18,225.0,0,0,1,0,19.0,277.0,69.0,0,EW_GREEN,hold,,,
508.0,2,58,378.0,6.517,2,0.0,2,0.0,4,54.0,18,237.0,0,0,1,4,21.0,291.0,66.0,0,EW_GREEN,hold,,,
509.0,2,58,391.0,6.741,2,0.0,2,0.0,4,56.0,18,250.0,0,0,1,4,23.0,306.0,62.0,0,EW_GREEN,hold,,,
510.0,2,57,400.0,7.018,2,0.0,2,0.0,4,58.0,18,264.0,0,0,1,4,25.0,322.0,53.0,0,EW_GREEN,hold,,,
511.0,2,57,424.0,7.439,2,0.0,2,0.0,4,60.0,18,278.0,0,0,1,9,27.0,338.0,59.0,0,EW_GREEN,hold,,,
512.0,2,57,436.0,7.649,2,0.0,2,0.0,4,62.0,18,292.0,0,0,0,4,29.0,354.0,53.0,0,EW_GREEN,hold,,,
513.0,3,56,447.0,7.982,2,0.0,2,0.0,4,64.0,18,306.0,0,0,0,5,31.0,370.0,46.0,0,EW_GREEN,hold,,,
514.0,3,56,473.0,8.446,2,0.0,2,0.0,4,66.0,18,320.0,0,0,0,5,33.0,386.0,54.0,0,EW_GREEN,hold,,,
515.0,3,57,486.0,8.526,2,0.0,2,0.0,4,68.0,19,334.0,0,0,0,10,36.0,402.0,48.0,0,EW_GREEN,hold,,,
516.0,0,54,309.0,5.722,2,0.0,2,0.0,2,0.0,16,227.0,0,0,0,8,39.0,227.0,43.0,0,EW_GREEN,hold,,,
517.0,0,54,214.0,3.963,2,0.0,2,0.0,2,0.0,16,134.0,0,0,0,0,42.0,134.0,38.0,0,EW_GREEN,hold,,,
518.0,0,54,149.0,2.759,2,0.0,2,0.0,2,0.0,16,73.0,0,0,0,0,45.0,73.0,31.0,0,EW_GREEN,hold,,,
519.0,0,51,104.0,2.039,2,0.0,2,0.0,1,0.0,13,27.0,0,0,0,0,49.0,27.0,28.0,0,EW_GREEN,hold,,,
520.0,0,52,77.0,1.481,2,0.0,2,0.0,1,0.0,13,0.0,0,0,0,0,53.0,0.0,24.0,0,EW_GREEN,hold,,,
521.0,0,50,88.0,1.76,2,0.0,2,0.0,2,0.0,10,0.0,0,0,0,0,57.0,0.0,31.0,0,EW_GREEN,hold,,,
522.0,0,55,89.0,1.618,2,0.0,2,0.0,2,0.0,11,0.0,0,0,0,0,61.0,0.0,28.0,0,EW_GREEN,hold,,,
523.0,0,56,93.0,1.661,2,0.0,2,1.0,3,0.0,10,0.0,0,0,0,0,65.0,1.0,27.0,0,EW_GREEN,hold,,,
524.0,0,54,49.0,0.907,2,0.0,2,2.0,3,0.0,9,0.0,0,0,0,0,16.0,2.0,31.0,0,EW_GREEN,hold,,,
525.0,0,53,43.0,0.811,2,1.0,2,3.0,3,0.0,8,0.0,0,0,0,0,0.0,4.0,39.0,0,EW_GREEN,hold,,,
526.0,0,55,53.0,0.964,2,2.0,2,4.0,3,0.0,7,0.0,0,0,0,0,0.0,6.0,47.0,0,EW_GREEN,hold,,,
527.0,0,53,63.0,1.189,2,3.0,2,5.0,3,0.0,6,0.0,0,0,0,0,0.0,8.0,55.0,0,EW_GREEN,hold,,,
528.0,0,53,75.0,1.415,2,4.0,2,6.0,3,0.0,5,0.0,0,0,0,0,0.0,10.0,65.0,0,EW_GREEN,hold,,,
529.0,0,58,88.0,1.517,4,5.0,4,7.0,3,0.0,5,0.0,0,0,0,0,0.0,12.0,76.0,0,EW_GREEN,hold,,,
530.0,0,58,101.0,1.741,4,6.0,4,8.0,3,0.0,5,0.0,0,0,0,0,0.0,14.0,87.0,0,EW_YELLOW,max_green,,,
531.0,3,57,115.0,2.018,4,7.0,4,9.0,3,0.0,5,0.0,0,0,0,0,0.0,16.0,99.0,0,EW_YELLOW,hold,,,
532.0,3,56,105.0,1.875,4,8.0,4,10.0,3,0.0,6,0.0,0,0,0,0,0.0,18.0,87.0,0,EW_YELLOW,hold,,,
533.0,3,56,113.0,2.018,4,9.0,4,11.0,3,0.0,6,1.0,0,0,0,0,0.0,21.0,92.0,0,NS_GREEN,yellow_end,,,
534.0,0,55,125.0,2.273,4,10.0,4,12.0,3,0.0,5,0.0,0,0,0,0,0.0,22.0,103.0,0,NS_GREEN,hold,,,
535.0,0,54,139.0,2.574,4,11.0,4,13.0,3,0.0,5,0.0,0,0,0,0,0.0,24.0,115.0,0,NS_GREEN,hold,,,
536.0,0,56,153.0,2.732,4,12.0,4,14.0,3,0.0,5,0.0,0,0,0,0,0.0,26.0,127.0,0,NS_GREEN,hold,,,
537.0,0,56,168.0,3.0,4,13.0,4,15.0,3,0.0,5,0.0,0,0,0,0,0.0,28.0,140.0,0,NS_GREEN,hold,,,
538.0,0,57,183.0,3.211,4,14.0,4,16.0,3,0.0,5,0.0,0,0,0,0,0.0,30.0,153.0,0,NS_GREEN,hold,,,
539.0,0,57,199.0,3.491,4,15.0,4,17.0,3,0.0,5,0.0,0,0,0,0,0.0,32.0,167.0,0,NS_GREEN,hold,,,
540.0,0,56,217.0,3.875,4,16.0,4,18.0,2,0.0,5,0.0,0,0,0,0,0.0,34.0,183.0,0,NS_GREEN,hold,,,
541.0,0,59,236.0,4.0,4,17.0,4,19.0,2,0.0,5,0.0,0,0,0,0,0.0,36.0,200.0,0,NS_YELLOW,pressure_ew,,,
542.0,1,61,255.0,4.18,4,18.0,4,20.0,2,0.0,6,0.0,0,0,0,0,0.0,38.0,217.0,0,NS_YELLOW,hold,,,
543.0,1,63,248.0,3.937,4,19.0,4,21.0,2,0.0,6,0.0,0,0,0,0,0.0,40.0,208.0,0,NS_YELLOW,hold,,,
544.0,1,63,241.0,3.825,4,20.0,4,22.0,2,0.0,6,0.0,0,0,0,0,0.0,42.0,199.0,0,EW_GREEN,yellow_end,,,
545.0,2,59,192.0,3.254,2,0.0,2,0.0,2,0.0,6,1.0,0,0,0,0,0.0,1.0,191.0,0,EW_GREEN,hold,,,
546.0,2,58,185.0,3.19,2,0.0,2,0.0,2,0.0,6,2.0,0,0,0,0,0.0,2.0,183.0,0,EW_GREEN,hold,,,
547.0,2,60,178.0,2.967,2,0.0,2,0.0,2,0.0,7,3.0,0,0,0,0,0.0,3.0,175.0,0,EW_GREEN,hold,,,
548.0,2,60,171.0,2.85,2,0.0,2,0.0,2,0.0,7,4.0,0,0,0,0,0.0,4.0,167.0,0,EW_GREEN,hold,,,
549.0,2,57,188.0,3.298,2,0.0,2,0.0,2,0.0,7,5.0,0,0,0,0,0.0,5.0,183.0,0,EW_GREEN,hold,,,
550.0,2,57,182.0,3.193,2,0.0,2,0.0,2,0.0,7,6.0,0,0,0,0,0.0,6.0,176.0,0,EW_GREEN,hold,,,
551.0,2,56,176.0,3.143,2,0.0,2,0.0,2,0.0,7,7.0,0,0,0,0,0.0,7.0,169.0,0,EW_GREEN,hold,,,
552.0,2,54,173.0,3.204,2,0.0,2,0.0,2,0.0,7,9.0,0,0,0,0,0.0,9.0,164.0,0,EW_GREEN,hold,,,
553.0,2,56,173.0,3.089,3,0.0,3,0.0,2,1.0,8,11.0,0,0,1,0,0.0,12.0,161.0,0,EW_GREEN,hold,,,
554.0,2,55,172.0,3.127,3,0.0,3,0.0,2,2.0,8,13.0,0,0,1,0,0.0,15.0,157.0,0,EW_GREEN,hold,,,
555.0,2,55,172.0,3.127,3,0.0,3,0.0,2,4.0,8,16.0,0,0,2,0,0.0,20.0,152.0,0,EW_GREEN,hold,,,
556.0,2,53,173.0,3.264,3,0.0,3,0.0,2,6.0,8,19.0,0,0,2,1,0.0,25.0,148.0,0,EW_GREEN,hold,,,
557.0,2,53,195.0,3.679,3,0.0,3,0.0,2,8.0,8,22.0,0,0,2,1,1.0,30.0,164.0,0,EW_GREEN,hold,,,
558.0,2,54,198.0,3.667,3,0.0,3,0.0,3,10.0,8,25.0,0,0,1,1,3.0,35.0,160.0,0,EW_GREEN,hold,,,
559.0,2,56,201.0,3.589,3,0.0,3,0.0,4,12.0,9,28.0,0,0,1,0,5.0,40.0,156.0,0,EW_GREEN,hold,,,
560.0,2,55,203.0,3.691,3,0.0,3,0.0,4,14.0,9,31.0,0,0,1,0,8.0,45.0,150.0,0,EW_GREEN,hold,,,
561.0,2,55,228.0,4.145,3,0.0,3,0.0,4,16.0,9,35.0,0,0,1,1,12.0,51.0,165.0,0,EW_GREEN,hold,,,
562.0,2,56,233.0,4.161,3,0.0,3,0.0,4,18.0,10,39.0,0,0,1,1,17.0,57.0,159.0,0,EW_GREEN,hold,,,
563.0,2,56,240.0,4.286,3,0.0,3,0.0,4,20.0,10,43.0,0,0,1,1,23.0,63.0,154.0,0,EW_GREEN,hold,,,
564.0,2,55,248.0,4.509,3,0.0,3,0.0,4,22.0,10,47.0,0,0,1,3,29.0,69.0,150.0,0,EW_GREEN,hold,,,
565.0,2,55,257.0,4.673,3,0.0,3,0.0,4,24.0,10,52.0,0,0,1,3,36.0,76.0,145.0,0,EW_GREEN,hold,,,
566.0,2,56,266.0,4.75,3,0.0,3,0.0,4,26.0,11,57.0,0,0,1,3,43.0,83.0,140.0,0,EW_GREEN,hold,,,
567.0,2,52,251.0,4.827,2,0.0,2,0.0,4,28.0,11,62.0,0,0,1,3,26.0,90.0,135.0,0,EW_GREEN,hold,,,
568.0,2,50,196.0,3.92,2,0.0,2,0.0,4,30.0,12,67.0,0,0,1,1,13.0,97.0,86.0,0,EW_GREEN,hold,,,
569.0,2,50,202.0,4.04,2,0.0,2,0.0,4,32.0,12,72.0,0,0,1,1,1.0,104.0,97.0,0,EW_GREEN,hold,,,
570.0,2,48,219.0,4.562,2,0.0,2,0.0,4,34.0,12,77.0,0,0,1,0,0.0,111.0,108.0,0,EW_GREEN,hold,,,
571.0,2,49,237.0,4.837,2,0.0,2,0.0,4,36.0,12,82.0,0,0,1,0,0.0,118.0,119.0,0,EW_GREEN,hold,,,
572.0,2,47,256.0,5.447,2,0.0,2,0.0,4,38.0,12,87.0,0,0,1,0,0.0,125.0,131.0,0,EW_GREEN,hold,,,
573.0,2,47,276.0,5.872,2,0.0,2,0.0,4,40.0,13,92.0,0,0,1,0,0.0,132.0,144.0,0,EW_GREEN,hold,,,
574.0,2,47,297.0,6.319,2,0.0,2,0.0,4,42.0,13,97.0,0,0,1,0,0.0,139.0,158.0,0,EW_GREEN,hold,,,
575.0,2,46,320.0,6.957,2,0.0,2,0.0,4,44.0,13,103.0,0,0,1,2,0.0,147.0,173.0,0,EW_GREEN,hold,,,
576.0,2,47,343.0,7.298,2,0.0,2,0.0,4,46.0,13,109.0,0,0,1,2,0.0,155.0,188.0,0,EW_GREEN,hold,,,
577.0,2,54,367.0,6.796,4,0.0,4,0.0,4,48.0,13,115.0,0,0,1,2,0.0,163.0,204.0,0,EW_GREEN,hold,,,
578.0,2,55,392.0,7.127,4,0.0,4,0.0,4,50.0,13,121.0,0,0,1,2,0.0,171.0,221.0,0,EW_GREEN,hold,,,
579.0,2,54,390.0,7.222,4,0.0,4,0.0,4,52.0,13,127.0,0,0,1,2,0.0,179.0,211.0,0,EW_GREEN,hold,,,
580.0,2,54,387.0,7.167,4,0.0,4,0.0,4,54.0,13,133.0,0,0,1,2,0.0,187.0,200.0,0,EW_GREEN,hold,,,
581.0,2,53,386.0,7.283,4,0.0,4,0.0,4,56.0,13,139.0,0,0,1,2,0.0,195.0,191.0,0,EW_GREEN,hold,,,
582.0,2,54,387.0,7.167,4,0.0,4,0.0,4,58.0,14,145.0,0,0,1,2,0.0,203.0,184.0,0,EW_GREEN,hold,,,
583.0,2,53,390.0,7.358,4,0.0,4,0.0,4,60.0,14,151.0,0,0,1,2,0.0,211.0,179.0,0,EW_GREEN,hold,,,
584.0,2,53,392.0,7.396,4,0.0,4,0.0,4,62.0,14,158.0,0,0,1,2,0.0,220.0,172.0,0,EW_GREEN,hold,,,
585.0,2,54,395.0,7.315,4,0.0,4,0.0,4,64.0,15,165.0,0,0,1,2,0.0,229.0,166.0,0,EW_GREEN,hold,,,
586.0,2,53,398.0,7.509,4,0.0,4,0.0,4,66.0,15,173.0,0,0,1,2,0.0,239.0,159.0,0,EW_GREEN,hold,,,
587.0,3,55,402.0,7.309,4,0.0,4,0.0,4,68.0,16,181.0,0,0,1,2,0.0,249.0,153.0,0,EW_GREEN,hold,,,
588.0,3,55,408.0,7.418,4,0.0,4,0.0,4,70.0,16,189.0,0,0,1,2,0.0,259.0,149.0,0,EW_GREEN,hold,,,
589.0,3,56,413.0,7.375,4,0.0,4,0.0,4,72.0,17,197.0,0,0,1,2,0.0,269.0,144.0,0,EW_GREEN,hold,,,
590.0,0,51,249.0,4.882,4,0.0,4,0.0,1,0.0,15,90.0,0,0,0,0,0.0,90.0,159.0,0,EW_GREEN,hold,,,
591.0,0,50,168.0,3.36,4,0.0,4,0.0,1,0.0,14,14.0,0,0,0,0,0.0,14.0,154.0,0,EW_GREEN,hold,,,
592.0,0,47,148.0,3.149,4,0.0,4,0.0,1,0.0,14,0.0,0,0,0,0,0.0,0.0,148.0,0,EW_GREEN,hold,,,
593.0,0,49,142.0,2.898,4,1.0,4,0.0,1,0.0,14,0.0,1,0,0,0,0.0,1.0,141.0,0,EW_GREEN,hold,,,
594.0,0,50,135.0,2.7,4,2.0,4,0.0,1,0.0,13,0.0,1,0,0,0,0.0,2.0,133.0,0,EW_GREEN,hold,,,
595.0,0,51,129.0,2.529,4,3.0,4,0.0,2,0.0,12,0.0,1,0,0,0,0.0,3.0,126.0,0,EW_GREEN,hold,,,
596.0,0,52,140.0,2.692,4,4.0,4,0.0,2,0.0,11,0.0,1,0,0,0,0.0,4.0,136.0,0,EW_GREEN,hold,,,
597.0,0,53,132.0,2.491,4,5.0,4,1.0,2,0.0,11,0.0,1,1,0,0,0.0,6.0,126.0,0,EW_GREEN,hold,,,
598.0,0,54,122.0,2.259,4,6.0,4,2.0,2,0.0,10,0.0,1,1,0,0,0.0,8.0,114.0,0,EW_GREEN,hold,,,
599.0,0,54,114.0,2.111,4,7.0,4,4.0,2,0.0,10,0.0,1,1,0,0,0.0,11.0,103.0,0,EW_GREEN,hold,,,
600.0,0,54,125.0,2.315,4,9.0,4,6.0,2,0.0,10,0.0,1,1,0,0,0.0,15.0,110.0,0,EW_GREEN,hold,,,
601.0,0,58,119.0,2.052,6,12.0,6,9.0,2,0.0,9,0.0,0,0,0,0,0.0,21.0,98.0,0,EW_GREEN,hold,,,
602.0,0,59,113.0,1.915,6,15.0,6,13.0,2,0.0,9,0.0,0,0,0,0,0.0,28.0,85.0,0,EW_GREEN,hold,,,
603.0,0,59,107.0,1.814,6,19.0,6,17.0,2,0.0,8,0.0,0,0,0,0,0.0,36.0,71.0,0,EW_YELLOW,pressure_ns,,,
604.0,3,59,101.0,1.712,6,23.0,6,21.0,2,0.0,8,0.0,0,0,0,0,0.0,44.0,57.0,0,EW_YELLOW,hold,,,
605.0,3,60,95.0,1.583,6,27.0,6,25.0,2,0.0,9,0.0,0,0,0,0,0.0,52.0,43.0,0,EW_YELLOW,hold,,,
606.0,3,60,87.0,1.45,6,31.0,6,29.0,2,0.0,9,0.0,0,0,0,0,0.0,60.0,27.0,0,NS_GREEN,yellow_end,,,
607.0,0,60,98.0,1.633,6,35.0,6,33.0,2,0.0,9,0.0,0,0,0,0,0.0,68.0,30.0,0,NS_GREEN,hold,,,
608.0,0,61,82.0,1.344,6,39.0,6,37.0,2,0.0,10,0.0,0,0,0,0,0.0,76.0,6.0,0,NS_GREEN,hold,,,
609.0,0,61,94.0,1.541,6,43.0,6,41.0,2,0.0,10,0.0,0,0,0,0,0.0,84.0,10.0,0,NS_GREEN,hold,,,
610.0,0,62,104.0,1.677,6,47.0,6,45.0,2,0.0,10,0.0,0,0,0,0,0.0,92.0,12.0,0,NS_GREEN,hold,,,
611.0,0,62,116.0,1.871,6,51.0,6,49.0,2,0.0,10,0.0,0,0,0,0,0.0,100.0,16.0,0,NS_GREEN,hold,,,
612.0,0,61,128.0,2.098,6,55.0,6,53.0,2,0.0,9,0.0,0,0,0,0,0.0,108.0,20.0,0,NS_GREEN,hold,,,
613.0,0,64,142.0,2.219,6,59.0,6,57.0,2,0.0,9,0.0,0,0,0,0,0.0,116.0,26.0,0,NS_GREEN,hold,,,
614.0,0,63,154.0,2.444,6,63.0,6,61.0,2,0.0,8,0.0,0,0,0,0,0.0,124.0,30.0,0,NS_YELLOW,pressure_ew,,,
615.0,1,65,169.0,2.6,6,67.0,6,65.0,2,0.0,9,0.0,0,0,0,0,0.0,132.0,37.0,0,NS_YELLOW,hold,,,
616.0,1,65,185.0,2.846,6,71.0,6,69.0,2,0.0,9,0.0,0,0,0,0,0.0,140.0,45.0,0,NS_YELLOW,hold,,,
617.0,1,66,201.0,3.045,6,75.0,6,73.0,2,0.0,9,0.0,0,0,0,0,0.0,148.0,53.0,0,EW_GREEN,yellow_end,,,
618.0,2,64,131.0,2.047,5,34.0,5,35.0,2,0.0,9,0.0,0,0,0,0,0.0,69.0,62.0,0,EW_GREEN,hold,,,
619.0,2,64,108.0,1.688,4,17.0,5,18.0,2,0.0,9,1.0,0,0,0,0,0.0,36.0,72.0,0,EW_GREEN,hold,,,
620.0,2,63,85.0,1.349,4,0.0,4,0.0,2,0.0,9,3.0,0,0,0,0,0.0,3.0,82.0,0,EW_GREEN,hold,,,
621.0,2,62,81.0,1.306,4,0.0,4,0.0,2,0.0,9,5.0,0,0,0,0,0.0,5.0,76.0,0,EW_GREEN,hold,,,
622.0,2,60,77.0,1.283,3,0.0,3,0.0,2,0.0,9,7.0,0,0,0,0,0.0,7.0,70.0,0,EW_GREEN,hold,,,
623.0,2,57,73.0,1.281,2,0.0,3,0.0,2,0.0,9,9.0,0,0,0,0,0.0,9.0,64.0,0,EW_GREEN,hold,,,
624.0,2,58,70.0,1.207,2,0.0,2,0.0,2,0.0,10,11.0,0,0,0,0,0.0,11.0,59.0,0,EW_GREEN,hold,,,
625.0,2,60,70.0,1.167,4,0.0,4,0.0,2,1.0,10,13.0,0,0,1,0,0.0,14.0,56.0,0,EW_GREEN,hold,,,
626.0,2,59,74.0,1.254,4,0.0,4,0.0,2,2.0,10,16.0,0,0,1,0,0.0,18.0,56.0,0,EW_GREEN,hold,,,
627.0,2,62,77.0,1.242,4,0.0,4,0.0,2,4.0,11,19.0,0,0,2,0,0.0,23.0,54.0,0,EW_GREEN,hold,,,
628.0,2,60,80.0,1.333,3,0.0,3,0.0,2,6.0,11,23.0,0,0,2,0,0.0,29.0,51.0,0,EW_GREEN,hold,,,
629.0,2,59,86.0,1.458,3,0.0,3,0.0,2,8.0,11,27.0,0,0,2,0,0.0,35.0,51.0,0,EW_GREEN,hold,,,
630.0,2,59,92.0,1.559,3,0.0,3,0.0,2,10.0,12,31.0,0,0,2,0,0.0,41.0,51.0,0,EW_GREEN,hold,,,
631.0,2,61,100.0,1.639,3,0.0,3,0.0,3,12.0,12,36.0,0,0,1,0,0.0,48.0,52.0,0,EW_GREEN,hold,,,
632.0,2,61,119.0,1.951,3,0.0,3,0.0,3,14.0,12,42.0,0,0,1,0,0.0,56.0,63.0,0,EW_GREEN,hold,,,
633.0,2,61,130.0,2.131,3,0.0,3,0.0,3,16.0,12,48.0,0,0,1,0,0.0,64.0,66.0,0,EW_GREEN,hold,,,
634.0,2,59,142.0,2.407,3,0.0,3,0.0,3,18.0,12,54.0,0,0,1,0,1.0,72.0,69.0,0,EW_GREEN,hold,,,
635.0,2,60,153.0,2.55,3,0.0,3,0.0,3,20.0,13,60.0,0,0,1,0,2.0,80.0,71.0,0,EW_GREEN,hold,,,
636.0,2,57,134.0,2.351,3,0.0,3,0.0,3,22.0,13,66.0,0,0,1,0,3.0,88.0,43.0,0,EW_GREEN,hold,,,
637.0,2,56,133.0,2.375,3,0.0,3,0.0,3,24.0,13,72.0,0,0,1,0,4.0,96.0,33.0,0,EW_GREEN,hold,,,
638.0,2,56,143.0,2.554,3,0.0,3,0.0,3,26.0,14,78.0,0,0,1,0,5.0,104.0,34.0,0,EW_GREEN,hold,,,
639.0,2,55,154.0,2.8,2,0.0,3,0.0,3,28.0,14,85.0,0,0,1,0,6.0,113.0,35.0,0,EW_GREEN,hold,,,
640.0,2,56,175.0,3.125,2,0.0,3,0.0,3,30.0,14,93.0,0,0,1,0,7.0,123.0,45.0,0,EW_GREEN,hold,,,
641.0,2,55,190.0,3.455,2,0.0,3,0.0,3,32.0,14,101.0,0,0,1,0,9.0,133.0,48.0,0,EW_GREEN,hold,,,
642.0,2,54,205.0,3.796,2,0.0,2,0.0,3,34.0,14,109.0,0,0,1,0,11.0,143.0,51.0,0,EW_GREEN,hold,,,
643.0,2,53,212.0,4.0,2,0.0,2,0.0,3,36.0,14,117.0,0,0,1,3,3.0,153.0,56.0,0,EW_GREEN,hold,,,
644.0,2,52,228.0,4.385,2,0.0,2,0.0,3,38.0,14,125.0,0,0,1,3,4.0,163.0,61.0,0,EW_GREEN,hold,,,
645.0,2,53,241.0,4.547,2,0.0,2,0.0,3,40.0,15,133.0,0,0,1,3,5.0,173.0,63.0,0,EW_GREEN,hold,,,
646.0,2,53,263.0,4.962,2,0.0,2,0.0,3,42.0,15,141.0,0,0,1,3,7.0,183.0,73.0,0,EW_GREEN,hold,,,
647.0,2,53,265.0,5.0,2,0.0,2,0.0,4,44.0,15,150.0,0,0,1,3,10.0,194.0,61.0,0,EW_GREEN,hold,,,
648.0,2,52,268.0,5.154,2,0.0,2,0.0,4,46.0,15,159.0,0,0,1,3,13.0,205.0,50.0,0,EW_GREEN,hold,,,
649.0,2,58,278.0,4.793,3,0.0,3,0.0,4,48.0,16,168.0,0,0,1,3,16.0,216.0,46.0,0,EW_GREEN,hold,,,
650.0,2,58,287.0,4.948,3,0.0,3,0.0,4,50.0,16,177.0,0,0,1,3,19.0,227.0,41.0,0,EW_GREEN,hold,,,
651.0,2,58,298.0,5.138,3,0.0,3,0.0,4,52.0,16,186.0,0,0,1,0,22.0,238.0,38.0,0,EW_GREEN,hold,,,
652.0,2,59,308.0,5.22,3,0.0,3,0.0,4,54.0,17,195.0,0,0,1,0,25.0,249.0,34.0,0,EW_GREEN,hold,,,
653.0,2,59,319.0,5.407,3,0.0,3,0.0,4,56.0,17,204.0,0,0,1,0,28.0,260.0,31.0,0,EW_GREEN,hold,,,
654.0,2,58,332.0,5.724,3,0.0,3,0.0,4,58.0,17,213.0,0,0,1,0,31.0,271.0,30.0,0,EW_GREEN,hold,,,
655.0,2,59,355.0,6.017,3,0.0,3,0.0,4,60.0,17,223.0,0,0,1,0,34.0,283.0,38.0,0,EW_GREEN,hold,,,
656.0,2,59,368.0,6.237,3,0.0,3,0.0,4,62.0,18,233.0,0,0,1,0,37.0,295.0,36.0,0,EW_GREEN,hold,,,
657.0,2,60,380.0,6.333,3,0.0,3,0.0,4,64.0,18,243.0,0,0,1,0,40.0,307.0,33.0,0,EW_GREEN,hold,,,
658.0,2,61,392.0,6.426,3,0.0,3,0.0,4,66.0,19,253.0,0,0,0,0,43.0,319.0,30.0,0,EW_GREEN,hold,,,
659.0,2,60,405.0,6.75,3,0.0,3,0.0,4,68.0,19,263.0,0,0,0,0,46.0,331.0,28.0,0,EW_GREEN,hold,,,
660.0,3,62,420.0,6.774,3,0.0,3,0.0,4,70.0,20,274.0,0,0,0,4,50.0,344.0,26.0,0,EW_GREEN,hold,,,
661.0,3,62,434.0,7.0,3,0.0,3,0.0,4,72.0,20,285.0,0,0,0,4,54.0,357.0,23.0,0,EW_GREEN,hold,,,
662.0,3,62,449.0,7.242,3,0.0,3,0.0,4,74.0,20,297.0,0,0,0,4,59.0,371.0,19.0,0,EW_GREEN,hold,,,
663.0,0,57,268.0,4.702,3,0.0,3,0.0,2,0.0,17,188.0,0,0,0,3,64.0,188.0,16.0,0,EW_GREEN,hold,,,
664.0,0,55,183.0,3.327,3,0.0,3,0.0,2,0.0,17,99.0,0,0,0,0,69.0,99.0,15.0,0,EW_GREEN,hold,,,
665.0,0,57,124.0,2.175,3,0.0,3,0.0,3,0.0,18,30.0,0,0,0,0,74.0,30.0,20.0,0,EW_GREEN,hold,,,
666.0,0,55,102.0,1.855,3,0.0,3,1.0,2,0.0,16,2.0,0,1,0,0,79.0,3.0,20.0,0,EW_GREEN,hold,,,
667.0,0,56,37.0,0.661,3,0.0,3,2.0,3,0.0,16,0.0,0,1,0,0,14.0,2.0,21.0,0,EW_GREEN,hold,,,
668.0,0,55,25.0,0.455,3,1.0,3,3.0,3,0.0,16,0.0,1,1,0,0,0.0,4.0,21.0,0,EW_GREEN,hold,,,
669.0,0,55,26.0,0.473,3,2.0,3,4.0,3,0.0,13,0.0,0,1,0,0,0.0,6.0,20.0,0,EW_GREEN,hold,,,
670.0,0,55,28.0,0.509,3,3.0,3,5.0,3,0.0,14,0.0,0,1,0,0,0.0,8.0,20.0,0,EW_GREEN,hold,,,
671.0,0,54,29.0,0.537,3,4.0,3,6.0,3,0.0,11,0.0,0,0,0,0,0.0,10.0,19.0,0,EW_GREEN,hold,,,
672.0,0,55,36.0,0.655,3,5.0,3,7.0,3,0.0,12,0.0,0,0,0,0,0.0,12.0,24.0,0,EW_GREEN,hold,,,
673.0,0,60,36.0,0.6,5,6.0,5,8.0,3,0.0,11,0.0,0,0,0,0,0.0,14.0,22.0,0,EW_GREEN,hold,,,
674.0,0,60,37.0,0.617,5,7.0,5,9.0,3,0.0,11,0.0,0,0,0,0,0.0,16.0,21.0,0,EW_GREEN,hold,,,
675.0,0,57,19.0,0.333,5,8.0,5,10.0,3,0.0,9,0.0,0,0,0,0,0.0,18.0,1.0,0,EW_GREEN,hold,,,
676.0,0,58,22.0,0.379,5,9.0,5,11.0,3,0.0,9,0.0,0,0,0,0,0.0,20.0,2.0,0,EW_GREEN,hold,,,
677.0,0,58,26.0,0.448,5,10.0,5,12.0,3,0.0,9,0.0,0,0,0,0,0.0,22.0,4.0,0,EW_YELLOW,max_green,,,
678.0,3,59,30.0,0.508,5,11.0,5,13.0,3,0.0,10,0.0,0,0,0,0,0.0,24.0,6.0,0,EW_YELLOW,hold,,,
679.0,3,59,35.0,0.593,5,12.0,5,14.0,3,0.0,10,0.0,0,0,0,0,0.0,26.0,9.0,0,EW_YELLOW,hold,,,
680.0,3,61,41.0,0.672,5,13.0,5,15.0,3,0.0,10,0.0,0,0,0,0,0.0,28.0,13.0,0,NS_GREEN,yellow_end,,,
681.0,0,60,47.0,0.783,5,14.0,5,16.0,3,0.0,9,0.0,0,0,0,0,0.0,30.0,17.0,0,NS_GREEN,hold,,,
682.0,0,60,54.0,0.9,5,15.0,5,17.0,3,0.0,9,0.0,0,0,0,0,0.0,32.0,22.0,0,NS_GREEN,hold,,,
683.0,0,60,61.0,1.017,5,16.0,5,18.0,2,0.0,9,0.0,0,0,0,0,0.0,34.0,27.0,0,NS_GREEN,hold,,,
684.0,0,61,69.0,1.131,5,17.0,5,19.0,2,0.0,9,0.0,0,0,0,0,0.0,36.0,33.0,0,NS_GREEN,hold,,,
685.0,0,65,78.0,1.2,5,18.0,5,20.0,2,0.0,9,0.0,0,0,0,0,0.0,38.0,40.0,0,NS_GREEN,hold,,,
686.0,0,63,75.0,1.19,5,19.0,5,21.0,2,0.0,9,0.0,0,0,0,0,0.0,40.0,35.0,0,NS_GREEN,hold,,,
687.0,0,63,73.0,1.159,5,20.0,5,22.0,2,0.0,9,0.0,0,0,0,0,0.0,42.0,31.0,0,NS_GREEN,hold,,,
688.0,0,63,71.0,1.127,5,21.0,5,23.0,2,0.0,8,0.0,0,0,0,0,0.0,44.0,27.0,0,NS_YELLOW,pressure_ew,,,
689.0,1,64,69.0,1.078,5,23.0,5,24.0,2,0.0,7,0.0,1,0,0,0,0.0,47.0,22.0,0,NS_YELLOW,hold,,,
690.0,1,64,69.0,1.078,5,25.0,5,26.0,2,0.0,8,0.0,1,1,0,0,0.0,51.0,18.0,0,NS_YELLOW,hold,,,
691.0,1,66,71.0,1.076,5,27.0,5,28.0,2,0.0,8,0.0,1,1,0,0,0.0,55.0,16.0,0,EW_GREEN,yellow_end,,,
692.0,2,61,12.0,0.197,3,0.0,3,0.0,2,0.0,8,0.0,0,0,0,0,0.0,0.0,12.0,0,EW_GREEN,hold,,,
693.0,2,62,18.0,0.29,3,0.0,3,0.0,2,0.0,9,0.0,0,0,0,0,0.0,0.0,18.0,0,EW_GREEN,hold,,,
694.0,2,62,15.0,0.242,3,0.0,3,0.0,2,0.0,9,0.0,0,0,0,0,0.0,0.0,15.0,0,EW_GREEN,hold,,,
695.0,2,61,13.0,0.213,3,0.0,3,0.0,2,0.0,9,0.0,0,0,0,0,0.0,0.0,13.0,0,EW_GREEN,hold,,,
696.0,2,61,11.0,0.18,3,0.0,3,0.0,2,0.0,10,0.0,0,0,0,0,0.0,0.0,11.0,0,EW_GREEN,hold,,,
697.0,2,61,10.0,0.164,4,0.0,4,0.0,2,1.0,10,0.0,0,0,1,0,0.0,1.0,9.0,0,EW_GREEN,hold,,,
698.0,2,60,11.0,0.183,4,0.0,4,0.0,2,3.0,10,0.0,0,0,2,0,0.0,3.0,8.0,0,EW_GREEN,hold,,,
699.0,2,60,18.0,0.3,4,0.0,4,0.0,2,5.0,11,1.0,0,0,2,0,0.0,6.0,12.0,0,EW_GREEN,hold,,,
700.0,2,58,22.0,0.379,4,0.0,4,0.0,2,7.0,11,3.0,0,0,2,0,0.0,10.0,12.0,0,EW_GREEN,hold,,,
701.0,2,61,27.0,0.443,4,0.0,4,0.0,3,9.0,12,5.0,0,0,1,0,0.0,14.0,13.0,0,EW_GREEN,hold,,,
702.0,2,59,33.0,0.559,4,0.0,4,0.0,3,11.0,12,8.0,0,0,1,0,0.0,19.0,14.0,0,EW_GREEN,hold,,,
703.0,2,59,41.0,0.695,4,0.0,4,0.0,3,13.0,13,11.0,0,0,1,0,0.0,24.0,17.0,0,EW_GREEN,hold,,,
704.0,2,58,49.0,0.845,4,0.0,4,0.0,3,15.0,13,14.0,0,0,1,0,0.0,29.0,20.0,0,EW_GREEN,hold,,,
705.0,2,56,56.0,1.0,4,0.0,4,0.0,3,17.0,13,17.0,0,0,1,0,1.0,34.0,21.0,0,EW_GREEN,hold,,,
706.0,2,54,66.0,1.222,4,0.0,4,0.0,3,19.0,13,21.0,0,0,1,0,2.0,40.0,24.0,0,EW_GREEN,hold,,,
707.0,2,55,77.0,1.4,4,0.0,4,0.0,3,21.0,14,25.0,0,0,1,0,3.0,46.0,28.0,0,EW_GREEN,hold,,,
708.0,2,55,87.0,1.582,4,0.0,4,0.0,3,23.0,14,29.0,0,0,1,0,5.0,52.0,30.0,0,EW_GREEN,hold,,,
709.0,2,56,96.0,1.714,4,0.0,4,0.0,3,25.0,15,33.0,0,0,1,0,7.0,58.0,31.0,0,EW_GREEN,hold,,,
710.0,2,52,71.0,1.365,4,0.0,4,0.0,3,27.0,15,37.0,0,0,1,0,3.0,64.0,4.0,0,EW_GREEN,hold,,,
711.0,2,51,74.0,1.451,3,0.0,3,0.0,3,29.0,15,41.0,0,0,1,0,4.0,70.0,0.0,0,EW_GREEN,hold,,,
712.0,2,51,81.0,1.588,3,0.0,3,0.0,3,31.0,15,45.0,0,0,1,0,5.0,76.0,0.0,0,EW_GREEN,hold,,,
713.0,2,52,88.0,1.692,3,0.0,3,0.0,3,33.0,16,49.0,0,0,1,0,6.0,82.0,0.0,0,EW_GREEN,hold,,,
714.0,2,54,98.0,1.815,3,0.0,3,0.0,4,35.0,16,54.0,0,0,1,0,8.0,89.0,1.0,0,EW_GREEN,hold,,,
715.0,2,54,112.0,2.074,3,0.0,3,0.0,4,37.0,16,60.0,0,0,1,0,11.0,97.0,4.0,0,EW_GREEN,hold,,,
716.0,2,52,124.0,2.385,2,0.0,2,0.0,4,39.0,16,66.0,0,0,1,0,14.0,105.0,5.0,0,EW_GREEN,hold,,,
717.0,2,51,138.0,2.706,2,0.0,2,0.0,4,41.0,16,72.0,0,0,1,0,18.0,113.0,7.0,0,EW_GREEN,hold,,,
718.0,2,53,151.0,2.849,2,0.0,2,0.0,4,43.0,17,78.0,0,0,1,0,20.0,121.0,10.0,0,EW_GREEN,hold,,,
719.0,2,52,167.0,3.212,1,0.0,2,0.0,4,45.0,17,84.0,0,0,1,3,24.0,129.0,14.0,0,EW_GREEN,hold,,,
720.0,2,50,184.0,3.68,1,0.0,1,0.0,4,47.0,17,91.0,0,0,1,3,28.0,138.0,18.0,0,EW_GREEN,hold,,,
721.0,2,54,176.0,3.259,3,0.0,3,0.0,4,49.0,17,99.0,0,0,1,3,5.0,148.0,23.0,0,EW_GREEN,hold,,,
722.0,2,60,189.0,3.15,4,0.0,4,0.0,4,51.0,17,107.0,0,0,1,3,2.0,158.0,29.0,0,EW_GREEN,hold,,,
723.0,2,58,204.0,3.517,3,0.0,3,0.0,4,53.0,17,116.0,0,0,1,3,0.0,169.0,35.0,0,EW_GREEN,hold,,,
724.0,2,56,211.0,3.768,3,0.0,3,0.0,4,55.0,17,125.0,0,0,0,3,0.0,180.0,31.0,0,EW_GREEN,hold,,,
725.0,2,58,218.0,3.759,3,0.0,3,0.0,4,57.0,17,134.0,0,0,0,3,0.0,191.0,27.0,0,EW_GREEN,hold,,,
726.0,2,58,227.0,3.914,3,0.0,3,0.0,4,59.0,17,143.0,0,0,0,3,0.0,202.0,25.0,0,EW_GREEN,hold,,,
727.0,2,58,236.0,4.069,3,0.0,3,0.0,4,61.0,17,153.0,0,0,0,3,0.0,214.0,22.0,0,EW_GREEN,hold,,,
728.0,2,59,246.0,4.169,3,0.0,3,0.0,4,63.0,17,163.0,0,0,0,0,0.0,226.0,20.0,0,EW_GREEN,hold,,,
729.0,2,59,255.0,4.322,3,0.0,3,0.0,4,65.0,18,173.0,0,0,0,0,0.0,238.0,17.0,0,EW_GREEN,hold,,,
730.0,2,59,265.0,4.492,3,0.0,3,0.0,4,67.0,18,183.0,0,0,1,0,0.0,250.0,15.0,0,EW_GREEN,hold,,,
731.0,2,60,275.0,4.583,3,0.0,3,0.0,4,69.0,19,194.0,0,0,1,0,0.0,263.0,12.0,0,EW_GREEN,hold,,,
732.0,2,61,286.0,4.689,3,0.0,3,0.0,4,71.0,19,206.0,0,0,1,0,0.0,277.0,9.0,0,EW_GREEN,hold,,,
733.0,2,61,304.0,4.984,3,0.0,3,0.0,4,73.0,19,219.0,0,0,1,4,0.0,292.0,12.0,0,EW_GREEN,hold,,,
734.0,3,61,317.0,5.197,3,0.0,3,0.0,4,76.0,19,232.0,0,0,1,4,0.0,308.0,9.0,0,EW_GREEN,hold,,,
735.0,3,61,331.0,5.426,3,0.0,3,0.0,4,79.0,19,245.0,0,0,1,4,0.0,324.0,7.0,0,EW_GREEN,hold,,,
736.0,3,59,347.0,5.881,3,0.0,3,0.0,4,82.0,19,258.0,0,0,1,0,0.0,340.0,7.0,0,EW_GREEN,hold,,,
737.0,0,55,174.0,3.164,3,0.0,3,0.0,2,4.0,17,162.0,0,0,0,0,0.0,166.0,8.0,0,EW_GREEN,hold,,,
738.0,0,56,97.0,1.732,3,1.0,3,0.0,3,0.0,17,87.0,1,0,0,0,0.0,88.0,9.0,0,EW_GREEN,hold,,,
739.0,0,56,58.0,1.036,3,3.0,3,2.0,4,0.0,17,39.0,1,1,0,0,0.0,44.0,14.0,0,EW_GREEN,hold,,,
740.0,0,53,36.0,0.679,3,5.0,3,4.0,3,0.0,14,12.0,1,1,0,0,0.0,21.0,15.0,0,EW_GREEN,hold,,,
741.0,0,57,30.0,0.526,3,7.0,3,6.0,3,0.0,15,0.0,1,1,0,0,0.0,13.0,17.0,0,EW_GREEN,hold,,,
742.0,0,57,38.0,0.667,3,9.0,3,8.0,3,0.0,15,0.0,1,1,0,0,0.0,17.0,21.0,0,EW_GREEN,hold,,,
743.0,0,58,48.0,0.828,3,11.0,3,10.0,3,0.0,12,0.0,1,1,0,0,0.0,21.0,27.0,0,EW_GREEN,hold,,,
744.0,0,59,57.0,0.966,3,13.0,3,12.0,3,0.0,13,0.0,1,1,0,0,0.0,25.0,32.0,0,EW_GREEN,hold,,,
745.0,0,60,67.0,1.117,4,15.0,4,14.0,3,0.0,10,0.0,0,0,0,0,0.0,29.0,38.0,0,EW_GREEN,hold,,,
746.0,0,59,79.0,1.339,4,17.0,4,16.0,3,0.0,10,0.0,0,0,0,0,0.0,33.0,46.0,0,EW_YELLOW,pressure_ns,,,
747.0,3,63,91.0,1.444,4,19.0,4,18.0,3,0.0,11,0.0,0,0,0,0,0.0,37.0,54.0,0,EW_YELLOW,hold,,,
748.0,3,63,105.0,1.667,4,21.0,4,20.0,3,0.0,11,1.0,0,0,0,0,0.0,42.0,63.0,0,EW_YELLOW,hold,,,
749.0,3,63,119.0,1.889,4,23.0,4,22.0,3,0.0,11,2.0,0,0,0,0,0.0,47.0,72.0,0,NS_GREEN,yellow_end,,,
750.0,0,58,131.0,2.259,4,25.0,4,24.0,2,0.0,8,1.0,0,0,0,0,0.0,50.0,81.0,0,NS_GREEN,hold,,,
751.0,0,59,145.0,2.458,4,27.0,4,26.0,2,0.0,9,0.0,0,0,0,0,0.0,53.0,92.0,0,NS_GREEN,hold,,,
752.0,0,60,161.0,2.683,4,29.0,4,28.0,2,0.0,9,0.0,0,0,0,0,0.0,57.0,104.0,0,NS_GREEN,hold,,,
753.0,0,62,177.0,2.855,4,31.0,4,30.0,2,0.0,8,0.0,0,0,0,0,0.0,61.0,116.0,0,NS_GREEN,hold,,,
754.0,0,62,175.0,2.823,4,33.0,4,32.0,2,0.0,8,0.0,0,0,0,0,0.0,65.0,110.0,0,NS_GREEN,hold,,,
755.0,0,61,173.0,2.836,4,35.0,4,34.0,2,0.0,8,0.0,0,0,0,0,0.0,69.0,104.0,0,NS_GREEN,hold,,,
756.0,0,63,171.0,2.714,4,37.0,4,36.0,2,0.0,9,0.0,0,0,0,0,0.0,73.0,98.0,0,NS_GREEN,hold,,,
757.0,0,65,171.0,2.631,4,39.0,4,38.0,2,0.0,9,0.0,0,0,0,0,0.0,77.0,94.0,0,NS_YELLOW,pressure_ew,,,
758.0,1,65,172.0,2.646,4,41.0,4,40.0,2,0.0,9,0.0,0,0,0,0,0.0,81.0,91.0,0,NS_YELLOW,hold,,,
759.0,1,65,173.0,2.662,4,43.0,4,42.0,2,0.0,9,0.0,0,0,0,0,0.0,85.0,88.0,0,NS_YELLOW,hold,,,
760.0,1,65,176.0,2.708,4,45.0,4,44.0,2,0.0,10,0.0,0,0,0,0,0.0,89.0,87.0,0,EW_GREEN,yellow_end,,,
761.0,2,61,85.0,1.393,2,0.0,2,0.0,2,0.0,10,0.0,0,0,0,0,0.0,0.0,85.0,0,EW_GREEN,hold,,,
762.0,2,61,83.0,1.361,2,0.0,2,0.0,2,0.0,10,0.0,0,0,0,0,0.0,0.0,83.0,0,EW_GREEN,hold,,,
763.0,2,65,83.0,1.277,2,0.0,2,0.0,2,0.0,11,0.0,0,0,0,0,0.0,0.0,83.0,0,EW_GREEN,hold,,,
764.0,2,62,82.0,1.323,1,0.0,1,0.0,2,0.0,11,1.0,0,0,0,0,0.0,1.0,81.0,0,EW_GREEN,hold,,,
765.0,2,63,81.0,1.286,1,0.0,1,0.0,2,0.0,12,2.0,0,0,0,0,0.0,2.0,79.0,0,EW_GREEN,hold,,,
766.0,2,63,95.0,1.508,1,0.0,1,0.0,2,0.0,12,4.0,0,0,0,0,0.0,4.0,91.0,0,EW_GREEN,hold,,,
767.0,2,63,97.0,1.54,1,0.0,1,0.0,2,0.0,12,6.0,0,0,0,0,0.0,6.0,91.0,0,EW_GREEN,hold,,,
768.0,2,62,99.0,1.597,1,0.0,1,0.0,2,0.0,12,8.0,0,0,0,0,0.0,8.0,91.0,0,EW_GREEN,hold,,,
769.0,2,67,101.0,1.507,3,0.0,3,0.0,2,0.0,13,10.0,0,0,0,0,0.0,10.0,91.0,0,EW_GREEN,hold,,,
770.0,2,65,102.0,1.569,3,0.0,3,0.0,2,1.0,13,12.0,0,0,1,0,0.0,13.0,89.0,0,EW_GREEN,hold,,,
771.0,2,65,104.0,1.6,3,0.0,3,0.0,2,2.0,13,15.0,0,0,1,0,0.0,17.0,87.0,0,EW_GREEN,hold,,,
772.0,2,61,71.0,1.164,3,0.0,3,0.0,2,3.0,14,18.0,0,0,1,0,0.0,21.0,50.0,0,EW_GREEN,hold,,,
773.0,2,62,70.0,1.129,3,0.0,3,0.0,3,5.0,14,21.0,0,0,1,0,0.0,26.0,44.0,0,EW_GREEN,hold,,,
774.0,2,61,71.0,1.164,3,0.0,3,0.0,3,7.0,14,24.0,0,0,1,0,1.0,31.0,39.0,0,EW_GREEN,hold,,,
775.0,2,59,85.0,1.441,3,0.0,3,0.0,3,9.0,14,28.0,0,0,1,0,2.0,37.0,46.0,0,EW_GREEN,hold,,,
776.0,2,56,86.0,1.536,3,0.0,3,0.0,3,11.0,14,30.0,0,0,1,0,3.0,41.0,42.0,0,EW_GREEN,hold,,,
777.0,2,56,89.0,1.589,3,0.0,3,0.0,3,13.0,14,33.0,0,0,1,0,4.0,46.0,39.0,0,EW_GREEN,hold,,,
778.0,2,55,89.0,1.618,3,0.0,3,0.0,3,15.0,14,36.0,0,0,1,0,5.0,51.0,33.0,0,EW_GREEN,hold,,,
779.0,2,56,102.0,1.821,3,0.0,3,0.0,3,17.0,15,39.0,0,0,1,0,6.0,56.0,40.0,0,EW_GREEN,hold,,,
780.0,2,55,110.0,2.0,3,0.0,3,0.0,3,19.0,15,43.0,0,0,1,0,0.0,62.0,48.0,0,EW_GREEN,hold,,,
781.0,2,56,126.0,2.25,3,0.0,3,0.0,3,21.0,15,47.0,0,0,1,0,1.0,68.0,57.0,0,EW_GREEN,hold,,,
782.0,2,56,145.0,2.589,3,0.0,3,0.0,3,23.0,15,53.0,0,0,1,0,3.0,76.0,66.0,0,EW_GREEN,hold,,,
783.0,2,56,164.0,2.929,3,0.0,2,0.0,3,25.0,15,59.0,0,0,1,0,5.0,84.0,75.0,0,EW_GREEN,hold,,,
784.0,2,56,182.0,3.25,2,0.0,2,0.0,4,27.0,15,63.0,0,0,1,0,7.0,90.0,85.0,0,EW_GREEN,hold,,,
785.0,2,55,187.0,3.4,2,0.0,2,0.0,4,29.0,15,69.0,0,0,1,0,10.0,98.0,79.0,0,EW_GREEN,hold,,,
786.0,2,55,193.0,3.509,2,0.0,2,0.0,4,31.0,15,75.0,0,0,1,0,14.0,106.0,73.0,0,EW_GREEN,hold,,,
787.0,2,55,202.0,3.673,2,0.0,2,0.0,4,33.0,15,83.0,0,0,1,0,18.0,116.0,68.0,0,EW_GREEN,hold,,,
788.0,2,55,211.0,3.836,2,0.0,2,0.0,4,35.0,15,91.0,0,0,1,0,22.0,126.0,63.0,0,EW_GREEN,hold,,,
789.0,2,55,222.0,4.036,2,0.0,2,0.0,4,37.0,15,99.0,0,0,1,0,28.0,136.0,58.0,0,EW_GREEN,hold,,,
790.0,2,55,234.0,4.255,2,0.0,2,0.0,4,39.0,16,108.0,0,0,1,0,34.0,147.0,53.0,0,EW_GREEN,hold,,,
791.0,2,52,220.0,4.231,2,0.0,2,0.0,4,41.0,16,117.0,0,0,1,0,12.0,158.0,50.0,0,EW_GREEN,hold,,,
792.0,2,53,215.0,4.057,2,0.0,2,0.0,4,43.0,17,126.0,0,0,1,0,0.0,169.0,46.0,0,EW_GREEN,hold,,,
793.0,2,57,213.0,3.737,3,0.0,3,0.0,4,45.0,17,126.0,0,0,1,0,0.0,171.0,42.0,0,EW_GREEN,hold,,,
794.0,2,57,221.0,3.877,3,0.0,3,0.0,4,47.0,18,135.0,0,0,1,0,0.0,182.0,39.0,0,EW_GREEN,hold,,,
795.0,2,57,229.0,4.018,3,0.0,3,0.0,4,49.0,18,144.0,0,0,1,0,0.0,193.0,36.0,0,EW_GREEN,hold,,,
796.0,2,56,238.0,4.25,3,0.0,3,0.0,4,51.0,18,154.0,0,0,1,0,0.0,205.0,33.0,0,EW_GREEN,hold,,,
797.0,2,55,250.0,4.545,3,0.0,3,0.0,4,53.0,18,165.0,0,0,1,0,0.0,218.0,32.0,0,EW_GREEN,hold,,,
798.0,2,54,265.0,4.907,3,0.0,3,0.0,4,55.0,18,177.0,0,0,1,0,0.0,232.0,33.0,0,EW_GREEN,hold,,,
799.0,2,54,280.0,5.185,3,0.0,3,0.0,4,57.0,18,189.0,0,0,1,0,0.0,246.0,34.0,0,EW_GREEN,hold,,,
800.0,2,54,302.0,5.593,3,0.0,3,0.0,4,59.0,19,201.0,0,0,1,0,0.0,260.0,42.0,0,EW_GREEN,hold,,,
801.0,2,54,317.0,5.87,3,0.0,3,0.0,4,61.0,19,214.0,0,0,1,6,0.0,275.0,42.0,0,EW_GREEN,hold,,,
802.0,2,55,331.0,6.018,3,0.0,3,0.0,4,63.0,20,228.0,0,0,1,6,0.0,291.0,40.0,0,EW_GREEN,hold,,,
803.0,3,54,345.0,6.389,3,0.0,3,0.0,4,65.0,20,242.0,0,0,1,6,0.0,307.0,38.0,0,EW_GREEN,hold,,,
804.0,3,55,368.0,6.691,3,0.0,3,0.0,4,67.0,20,256.0,0,0,1,6,0.0,323.0,45.0,0,EW_GREEN,hold,,,
805.0,3,56,383.0,6.839,3,0.0,3,0.0,4,69.0,21,270.0,0,0,1,6,0.0,339.0,44.0,0,EW_GREEN,hold,,,
806.0,0,51,215.0,4.216,3,0.0,3,0.0,2,1.0,18,173.0,0,0,1,5,0.0,174.0,41.0,0,EW_GREEN,hold,,,
807.0,0,51,142.0,2.784,3,0.0,3,0.0,2,0.0,18,105.0,0,0,0,0,0.0,105.0,37.0,0,EW_GREEN,hold,,,
808.0,0,48,86.0,1.792,3,0.0,3,0.0,2,0.0,18,51.0,0,0,0,0,0.0,51.0,35.0,0,EW_GREEN,hold,,,
809.0,0,48,55.0,1.146,3,1.0,3,1.0,3,0.0,16,21.0,1,1,0,0,0.0,23.0,32.0,0,EW_GREEN,hold,,,
810.0,0,50,48.0,0.96,3,2.0,3,2.0,2,0.0,16,9.0,1,1,0,0,0.0,13.0,35.0,0,EW_GREEN,hold,,,
811.0,0,52,44.0,0.846,3,3.0,3,3.0,3,0.0,15,0.0,1,1,0,0,0.0,6.0,38.0,0,EW_GREEN,hold,,,
812.0,0,54,50.0,0.926,3,4.0,3,4.0,3,0.0,15,0.0,0,1,0,0,0.0,8.0,42.0,0,EW_GREEN,hold,,,
813.0,0,53,57.0,1.075,3,5.0,3,5.0,2,0.0,13,0.0,0,1,0,0,0.0,10.0,47.0,0,EW_GREEN,hold,,,
814.0,0,55,23.0,0.418,3,6.0,3,6.0,2,0.0,14,0.0,0,0,0,0,0.0,12.0,11.0,0,EW_GREEN,hold,,,
815.0,0,55,30.0,0.545,3,7.0,3,7.0,2,0.0,13,0.0,0,0,0,0,0.0,14.0,16.0,0,EW_GREEN,hold,,,
816.0,0,54,38.0,0.704,3,8.0,3,8.0,2,0.0,11,0.0,0,0,0,0,0.0,16.0,22.0,0,EW_GREEN,hold,,,
817.0,0,59,46.0,0.78,5,9.0,5,9.0,2,0.0,11,0.0,0,0,0,0,0.0,18.0,28.0,0,EW_YELLOW,pressure_ns,,,
818.0,3,60,54.0,0.9,5,10.0,5,10.0,2,0.0,11,0.0,0,0,0,0,0.0,20.0,34.0,0,EW_YELLOW,hold,,,
819.0,3,60,64.0,1.067,5,11.0,5,11.0,2,0.0,11,1.0,0,0,0,0,0.0,23.0,41.0,0,EW_YELLOW,hold,,,
820.0,3,61,75.0,1.23,5,12.0,5,12.0,2,0.0,12,2.0,0,0,0,0,0.0,26.0,49.0,0,NS_GREEN,yellow_end,,,
821.0,0,58,83.0,1.431,5,13.0,5,13.0,2,0.0,9,0.0,0,0,0,0,0.0,26.0,57.0,0,NS_GREEN,hold,,,
822.0,0,59,94.0,1.593,5,14.0,5,14.0,2,0.0,9,0.0,0,0,0,0,0.0,28.0,66.0,0,NS_GREEN,hold,,,
823.0,0,60,105.0,1.75,5,15.0,5,15.0,2,0.0,9,0.0,0,0,0,0,0.0,30.0,75.0,0,NS_GREEN,hold,,,
824.0,0,60,117.0,1.95,5,16.0,5,16.0,2,0.0,8,0.0,0,0,0,0,0.0,32.0,85.0,0,NS_GREEN,hold,,,
825.0,0,60,114.0,1.9,5,17.0,5,17.0,2,0.0,7,0.0,0,0,0,0,0.0,34.0,80.0,0,NS_GREEN,hold,,,
826.0,0,60,111.0,1.85,5,18.0,5,18.0,2,0.0,7,0.0,0,0,0,0,0.0,36.0,75.0,0,NS_GREEN,hold,,,
827.0,0,61,108.0,1.77,5,19.0,5,19.0,2,0.0,7,0.0,0,0,0,0,0.0,38.0,70.0,0,NS_GREEN,hold,,,
828.0,0,61,105.0,1.721,5,20.0,5,20.0,2,0.0,7,0.0,0,0,0,0,0.0,40.0,65.0,0,NS_YELLOW,pressure_ew,,,
829.0,1,64,101.0,1.578,5,21.0,5,21.0,2,0.0,8,0.0,0,0,0,0,0.0,42.0,59.0,0,NS_YELLOW,hold,,,
830.0,1,63,97.0,1.54,5,22.0,5,22.0,2,0.0,8,0.0,0,0,0,0,0.0,44.0,53.0,0,NS_YELLOW,hold,,,
831.0,1,63,95.0,1.508,5,23.0,5,23.0,2,0.0,8,0.0,0,0,0,0,0.0,46.0,49.0,0,EW_GREEN,yellow_end,,,
832.0,2,61,45.0,0.738,3,0.0,3,0.0,2,0.0,9,0.0,0,0,0,0,0.0,0.0,45.0,0,EW_GREEN,hold,,,
833.0,2,61,41.0,0.672,3,0.0,3,0.0,2,0.0,9,0.0,0,0,0,0,0.0,0.0,41.0,0,EW_GREEN,hold,,,
834.0,2,62,51.0,0.823,3,0.0,3,0.0,2,0.0,10,2.0,0,0,0,0,0.0,2.0,49.0,0,EW_GREEN,hold,,,
835.0,2,62,50.0,0.806,3,0.0,3,0.0,2,0.0,10,4.0,0,0,0,0,0.0,4.0,46.0,0,EW_GREEN,hold,,,
836.0,2,63,49.0,0.778,3,0.0,3,0.0,2,0.0,11,6.0,0,0,0,0,0.0,6.0,43.0,0,EW_GREEN,hold,,,
837.0,2,62,50.0,0.806,3,0.0,3,0.0,2,0.0,11,9.0,0,0,0,0,0.0,9.0,41.0,0,EW_GREEN,hold,,,
838.0,2,62,50.0,0.806,3,0.0,2,0.0,2,0.0,12,12.0,0,0,0,0,0.0,12.0,38.0,0,EW_GREEN,hold,,,
839.0,2,61,51.0,0.836,2,0.0,2,0.0,2,0.0,12,15.0,0,0,0,0,0.0,15.0,36.0,0,EW_GREEN,hold,,,
840.0,2,61,53.0,0.869,2,0.0,2,0.0,2,0.0,12,19.0,0,0,0,0,0.0,19.0,34.0,0,EW_GREEN,hold,,,
841.0,2,64,54.0,0.844,4,0.0,4,0.0,2,1.0,12,23.0,0,0,1,0,0.0,24.0,30.0,0,EW_GREEN,hold,,,
842.0,2,61,65.0,1.066,3,0.0,3,0.0,2,2.0,12,27.0,0,0,1,0,0.0,29.0,36.0,0,EW_GREEN,hold,,,
843.0,2,59,68.0,1.153,3,0.0,3,0.0,2,3.0,12,31.0,0,0,1,0,0.0,34.0,34.0,0,EW_GREEN,hold,,,
844.0,2,58,74.0,1.276,3,0.0,3,0.0,2,5.0,13,36.0,0,0,2,0,0.0,41.0,33.0,0,EW_GREEN,hold,,,
845.0,2,61,80.0,1.311,3,0.0,3,0.0,3,7.0,13,41.0,0,0,1,0,1.0,48.0,31.0,0,EW_GREEN,hold,,,
846.0,2,58,86.0,1.483,2,0.0,2,0.0,3,9.0,13,46.0,0,0,1,0,2.0,55.0,29.0,0,EW_GREEN,hold,,,
847.0,2,59,92.0,1.559,2,0.0,2,0.0,3,11.0,14,51.0,0,0,1,0,3.0,62.0,27.0,0,EW_GREEN,hold,,,
848.0,2,59,108.0,1.831,2,0.0,2,0.0,3,13.0,14,57.0,0,0,1,0,4.0,70.0,34.0,0,EW_GREEN,hold,,,
849.0,2,59,116.0,1.966,2,0.0,2,0.0,3,15.0,14,63.0,0,0,1,0,5.0,78.0,33.0,0,EW_GREEN,hold,,,
850.0,2,57,124.0,2.175,2,0.0,2,0.0,3,17.0,14,69.0,0,0,1,0,6.0,86.0,32.0,0,EW_GREEN,hold,,,
851.0,2,55,114.0,2.073,2,0.0,2,0.0,3,19.0,15,76.0,0,0,1,0,7.0,95.0,12.0,0,EW_GREEN,hold,,,
852.0,2,55,119.0,2.164,2,0.0,2,0.0,3,21.0,15,81.0,0,0,1,0,8.0,102.0,9.0,0,EW_GREEN,hold,,,
853.0,2,54,131.0,2.426,2,0.0,2,0.0,3,23.0,15,87.0,0,0,1,0,9.0,110.0,12.0,0,EW_GREEN,hold,,,
854.0,2,55,144.0,2.618,2,0.0,2,0.0,3,25.0,16,93.0,0,0,1,0,10.0,118.0,16.0,0,EW_GREEN,hold,,,
855.0,2,54,158.0,2.926,1,0.0,1,0.0,3,27.0,16,99.0,0,0,1,0,11.0,126.0,21.0,0,EW_GREEN,hold,,,
856.0,2,52,162.0,3.115,1,0.0,1,0.0,3,29.0,16,106.0,0,0,1,0,0.0,135.0,27.0,0,EW_GREEN,hold,,,
857.0,2,52,179.0,3.442,1,0.0,1,0.0,3,31.0,16,113.0,0,0,1,0,1.0,144.0,34.0,0,EW_GREEN,hold,,,
858.0,2,53,196.0,3.698,1,0.0,1,0.0,3,33.0,16,120.0,0,0,1,0,4.0,153.0,39.0,0,EW_GREEN,hold,,,
859.0,2,53,217.0,4.094,1,0.0,1,0.0,3,35.0,16,127.0,0,0,1,0,9.0,162.0,46.0,0,EW_GREEN,hold,,,
860.0,2,54,239.0,4.426,1,0.0,1,0.0,4,37.0,16,134.0,0,0,1,0,14.0,171.0,54.0,0,EW_GREEN,hold,,,
861.0,2,53,262.0,4.943,1,0.0,1,0.0,4,39.0,16,141.0,0,0,1,0,19.0,180.0,63.0,0,EW_GREEN,hold,,,
862.0,2,54,285.0,5.278,1,0.0,1,0.0,4,41.0,17,148.0,0,0,1,0,24.0,189.0,72.0,0,EW_GREEN,hold,,,
863.0,2,55,311.0,5.655,1,0.0,1,0.0,4,43.0,17,156.0,0,0,1,0,29.0,199.0,83.0,0,EW_GREEN,hold,,,
864.0,2,55,339.0,6.164,1,0.0,1,0.0,4,45.0,17,164.0,0,0,1,0,35.0,209.0,95.0,0,EW_GREEN,hold,,,
865.0,2,62,365.0,5.887,3,0.0,3,0.0,4,47.0,17,172.0,0,0,1,0,41.0,219.0,105.0,0,EW_GREEN,hold,,,
866.0,2,62,377.0,6.081,3,0.0,3,0.0,4,49.0,17,183.0,0,0,1,0,47.0,232.0,98.0,0,EW_GREEN,hold,,,
867.0,2,60,359.0,5.983,3,0.0,3,0.0,4,51.0,17,194.0,0,0,1,0,22.0,245.0,92.0,0,EW_GREEN,hold,,,
868.0,2,60,344.0,5.733,3,0.0,3,0.0,4,53.0,17,205.0,0,0,1,0,0.0,258.0,86.0,0,EW_GREEN,hold,,,
869.0,2,60,352.0,5.867,3,0.0,3,0.0,4,55.0,17,216.0,0,0,1,0,0.0,271.0,81.0,0,EW_GREEN,hold,,,
870.0,2,57,362.0,6.351,3,0.0,3,0.0,4,57.0,17,228.0,0,0,1,4,0.0,285.0,77.0,0,EW_GREEN,hold,,,
871.0,2,57,372.0,6.526,3,0.0,3,0.0,4,59.0,17,240.0,0,0,1,4,0.0,299.0,73.0,0,EW_GREEN,hold,,,
872.0,2,57,385.0,6.754,3,0.0,3,0.0,4,61.0,17,252.0,0,0,1,4,0.0,313.0,72.0,0,EW_GREEN,hold,,,
873.0,2,57,393.0,6.895,3,0.0,3,0.0,4,63.0,18,264.0,0,0,1,4,0.0,327.0,66.0,0,EW_GREEN,hold,,,
874.0,3,57,402.0,7.053,3,0.0,3,0.0,4,65.0,18,276.0,0,0,1,4,0.0,341.0,61.0,0,EW_GREEN,hold,,,
875.0,3,57,411.0,7.211,3,0.0,3,0.0,4,67.0,18,288.0,0,0,1,4,0.0,355.0,56.0,0,EW_GREEN,hold,,,
876.0,3,59,434.0,7.356,3,0.0,3,0.0,4,69.0,19,300.0,0,0,1,4,0.0,369.0,65.0,0,EW_GREEN,hold,,,
877.0,0,53,256.0,4.83,3,0.0,3,0.0,2,1.0,16,194.0,0,0,1,3,0.0,195.0,61.0,0,EW_GREEN,hold,,,
878.0,0,54,162.0,3.0,3,0.0,3,0.0,2,0.0,17,104.0,0,0,0,0,0.0,104.0,58.0,0,EW_GREEN,hold,,,
879.0,0,53,97.0,1.83,3,0.0,3,0.0,2,0.0,17,41.0,0,0,0,0,0.0,41.0,56.0,0,EW_GREEN,hold,,,
880.0,0,51,60.0,1.176,3,0.0,3,0.0,1,0.0,16,5.0,0,0,0,0,1.0,5.0,54.0,0,EW_GREEN,hold,,,
881.0,0,53,55.0,1.038,3,1.0,3,0.0,1,0.0,15,0.0,1,0,0,0,2.0,1.0,52.0,0,EW_GREEN,hold,,,
882.0,0,55,57.0,1.036,3,2.0,3,1.0,2,0.0,13,0.0,1,1,0,0,4.0,3.0,50.0,0,EW_GREEN,hold,,,
883.0,0,55,58.0,1.055,3,3.0,3,2.0,3,0.0,12,0.0,1,1,0,0,6.0,5.0,47.0,0,EW_GREEN,hold,,,
884.0,0,57,60.0,1.053,3,4.0,3,3.0,3,0.0,13,0.0,1,1,0,0,8.0,7.0,45.0,0,EW_GREEN,hold,,,
885.0,0,54,62.0,1.148,3,5.0,3,4.0,3,0.0,10,0.0,1,1,0,0,10.0,9.0,43.0,0,EW_GREEN,hold,,,
886.0,0,55,64.0,1.164,3,6.0,3,5.0,3,0.0,10,0.0,0,0,0,0,12.0,11.0,41.0,0,EW_GREEN,hold,,,
887.0,0,55,72.0,1.309,3,7.0,3,6.0,3,0.0,9,0.0,0,0,0,0,14.0,13.0,45.0,0,EW_GREEN,hold,,,
888.0,0,55,70.0,1.273,3,8.0,3,7.0,3,0.0,9,0.0,0,0,0,0,16.0,15.0,39.0,0,EW_GREEN,hold,,,
889.0,0,57,49.0,0.86,4,9.0,4,8.0,2,0.0,10,0.0,0,0,0,0,0.0,17.0,32.0,0,EW_GREEN,hold,,,
890.0,0,57,45.0,0.789,4,10.0,4,9.0,2,0.0,9,0.0,0,0,0,0,0.0,19.0,26.0,0,EW_YELLOW,pressure_ns,,,
891.0,3,56,50.0,0.893,4,11.0,4,10.0,2,0.0,9,0.0,0,0,0,0,0.0,21.0,29.0,0,EW_YELLOW,hold,,,
892.0,3,55,24.0,0.436,4,12.0,4,11.0,2,0.0,10,0.0,0,0,0,0,0.0,23.0,1.0,0,EW_YELLOW,hold,,,
893.0,3,57,27.0,0.474,4,13.0,4,12.0,2,0.0,10,0.0,0,0,0,0,0.0,25.0,2.0,0,NS_GREEN,yellow_end,,,
894.0,0,55,30.0,0.545,4,14.0,4,13.0,2,0.0,8,0.0,0,0,0,0,0.0,27.0,3.0,0,NS_GREEN,hold,,,
895.0,0,56,34.0,0.607,4,15.0,4,14.0,2,0.0,9,0.0,0,0,0,0,0.0,29.0,5.0,0,NS_GREEN,hold,,,
896.0,0,58,39.0,0.672,4,16.0,4,15.0,2,0.0,9,0.0,0,0,0,0,0.0,31.0,8.0,0,NS_GREEN,hold,,,
897.0,0,58,44.0,0.759,4,17.0,4,16.0,2,0.0,9,0.0,0,0,0,0,0.0,33.0,11.0,0,NS_GREEN,hold,,,
898.0,0,59,50.0,0.847,4,18.0,4,17.0,2,0.0,9,0.0,0,0,0,0,0.0,35.0,15.0,0,NS_GREEN,hold,,,
899.0,0,59,57.0,0.966,4,19.0,4,18.0,2,0.0,9,0.0,0,0,0,0,0.0,37.0,20.0,0,NS_GREEN,hold,,,
900.0,0,59,65.0,1.102,4,20.0,4,19.0,2,0.0,9,0.0,0,0,0,0,0.0,39.0,26.0,0,NS_GREEN,hold,,,
901.0,0,61,73.0,1.197,4,21.0,4,20.0,2,0.0,9,0.0,0,0,0,0,0.0,41.0,32.0,0,NS_YELLOW,pressure_ew,,,
902.0,1,64,81.0,1.266,4,22.0,4,21.0,2,0.0,10,0.0,0,0,0,0,0.0,43.0,38.0,0,NS_YELLOW,hold,,,
903.0,1,64,90.0,1.406,4,23.0,4,22.0,2,0.0,10,0.0,0,0,0,0,0.0,45.0,45.0,0,NS_YELLOW,hold,,,
904.0,1,63,86.0,1.365,4,24.0,4,23.0,2,0.0,10,0.0,0,0,0,0,0.0,47.0,39.0,0,EW_GREEN,yellow_end,,,
905.0,2,60,35.0,0.583,2,0.0,2,0.0,2,0.0,10,0.0,0,0,0,0,0.0,0.0,35.0,0,EW_GREEN,hold,,,
906.0,2,60,31.0,0.517,2,0.0,2,0.0,2,0.0,10,0.0,0,0,0,0,0.0,0.0,31.0,0,EW_GREEN,hold,,,
907.0,2,60,27.0,0.45,2,0.0,2,0.0,2,0.0,10,0.0,0,0,0,0,0.0,0.0,27.0,0,EW_GREEN,hold,,,
908.0,2,62,24.0,0.387,2,0.0,2,0.0,2,0.0,11,1.0,0,0,0,0,0.0,1.0,23.0,0,EW_GREEN,hold,,,
909.0,2,61,23.0,0.377,2,0.0,2,0.0,2,0.0,11,3.0,0,0,0,0,0.0,3.0,20.0,0,EW_GREEN,hold,,,
910.0,2,60,22.0,0.367,2,0.0,2,0.0,2,0.0,12,5.0,0,0,0,0,0.0,5.0,17.0,0,EW_GREEN,hold,,,
911.0,2,58,24.0,0.414,2,0.0,2,0.0,2,0.0,12,8.0,0,0,0,0,0.0,8.0,16.0,0,EW_GREEN,hold,,,
912.0,2,57,25.0,0.439,2,0.0,2,0.0,2,0.0,12,11.0,0,0,0,0,0.0,11.0,14.0,0,EW_GREEN,hold,,,
913.0,2,61,33.0,0.541,4,0.0,4,0.0,2,0.0,12,14.0,0,0,0,0,0.0,14.0,19.0,0,EW_GREEN,hold,,,
914.0,2,62,39.0,0.629,4,0.0,4,0.0,2,1.0,13,18.0,0,0,1,0,0.0,19.0,20.0,0,EW_GREEN,hold,,,
915.0,2,62,47.0,0.758,4,0.0,4,0.0,2,2.0,13,22.0,0,0,1,0,1.0,24.0,22.0,0,EW_GREEN,hold,,,
916.0,2,61,57.0,0.934,4,0.0,4,0.0,2,4.0,14,26.0,0,0,2,0,3.0,30.0,24.0,0,EW_GREEN,hold,,,
917.0,2,63,70.0,1.111,4,0.0,4,0.0,3,6.0,14,30.0,0,0,1,0,6.0,36.0,28.0,0,EW_GREEN,hold,,,
918.0,2,63,83.0,1.317,4,0.0,4,0.0,3,8.0,14,34.0,0,0,1,0,9.0,42.0,32.0,0,EW_GREEN,hold,,,
919.0,2,64,97.0,1.516,4,0.0,4,0.0,4,10.0,14,38.0,0,0,1,0,13.0,48.0,36.0,0,EW_GREEN,hold,,,
920.0,2,63,115.0,1.825,4,0.0,4,0.0,4,12.0,14,43.0,0,0,1,0,18.0,55.0,42.0,0,EW_GREEN,hold,,,
921.0,2,64,139.0,2.172,4,0.0,4,0.0,4,14.0,15,49.0,0,0,1,0,24.0,63.0,52.0,0,EW_GREEN,hold,,,
922.0,2,64,163.0,2.547,4,0.0,4,0.0,4,16.0,15,56.0,0,0,1,0,31.0,72.0,60.0,0,EW_GREEN,hold,,,
923.0,2,63,186.0,2.952,4,0.0,4,0.0,4,18.0,15,63.0,0,0,1,0,39.0,81.0,66.0,0,EW_GREEN,hold,,,
924.0,2,64,214.0,3.344,4,0.0,4,0.0,4,20.0,16,71.0,0,0,1,0,47.0,91.0,76.0,0,EW_GREEN,hold,,,
925.0,2,61,204.0,3.344,4,0.0,4,0.0,4,22.0,16,79.0,0,0,1,0,55.0,101.0,48.0,0,EW_GREEN,hold,,,
926.0,2,58,191.0,3.293,4,0.0,4,0.0,4,24.0,16,87.0,0,0,1,0,31.0,111.0,49.0,0,EW_GREEN,hold,,,
927.0,2,59,193.0,3.271,4,0.0,4,0.0,4,26.0,16,95.0,0,0,1,0,14.0,121.0,58.0,0,EW_GREEN,hold,,,
928.0,2,57,204.0,3.579,4,0.0,3,0.0,4,28.0,16,104.0,0,0,1,0,6.0,132.0,66.0,0,EW_GREEN,hold,,,
929.0,2,53,219.0,4.132,3,0.0,3,0.0,4,30.0,16,113.0,0,0,1,0,0.0,143.0,76.0,0,EW_GREEN,hold,,,
930.0,2,53,240.0,4.528,3,0.0,3,0.0,4,32.0,16,122.0,0,0,1,0,0.0,154.0,86.0,0,EW_GREEN,hold,,,
931.0,2,51,262.0,5.137,3,0.0,3,0.0,4,34.0,16,131.0,0,0,1,0,0.0,165.0,97.0,0,EW_GREEN,hold,,,
932.0,2,50,285.0,5.7,3,0.0,3,0.0,4,36.0,16,141.0,0,0,1,0,0.0,177.0,108.0,0,EW_GREEN,hold,,,
933.0,2,50,309.0,6.18,3,0.0,3,0.0,4,38.0,17,151.0,0,0,1,0,0.0,189.0,120.0,0,EW_GREEN,hold,,,
934.0,2,50,313.0,6.26,3,0.0,3,0.0,4,40.0,17,161.0,0,0,1,0,0.0,201.0,112.0,0,EW_GREEN,hold,,,
935.0,2,49,318.0,6.49,3,0.0,3,0.0,4,42.0,17,171.0,0,0,1,0,0.0,213.0,105.0,0,EW_GREEN,hold,,,
936.0,2,50,324.0,6.48,3,0.0,3,0.0,4,44.0,17,181.0,0,0,1,0,0.0,225.0,99.0,0,EW_GREEN,hold,,,
937.0,2,54,330.0,6.111,4,0.0,4,0.0,4,46.0,17,191.0,0,0,1,0,0.0,237.0,93.0,0,EW_GREEN,hold,,,
938.0,2,56,338.0,6.036,4,0.0,4,0.0,4,48.0,18,202.0,0,0,1,4,0.0,250.0,88.0,0,EW_GREEN,hold,,,
939.0,2,57,346.0,6.07,4,0.0,4,0.0,4,50.0,18,213.0,0,0,1,4,0.0,263.0,83.0,0,EW_GREEN,hold,,,
940.0,2,57,355.0,6.228,4,0.0,4,0.0,4,52.0,18,225.0,0,0,1,4,0.0,277.0,78.0,0,EW_GREEN,hold,,,
941.0,2,57,363.0,6.368,4,0.0,4,0.0,4,54.0,18,237.0,0,0,1,4,0.0,291.0,72.0,0,EW_GREEN,hold,,,
942.0,2,57,372.0,6.526,4,0.0,4,0.0,4,56.0,18,249.0,0,0,1,4,0.0,305.0,67.0,0,EW_GREEN,hold,,,
943.0,2,56,398.0,7.107,4,0.0,4,0.0,4,58.0,18,261.0,0,0,1,4,0.0,319.0,79.0,0,EW_GREEN,hold,,,
944.0,2,56,407.0,7.268,4,0.0,4,0.0,4,60.0,18,274.0,0,0,1,4,0.0,334.0,73.0,0,EW_GREEN,hold,,,
945.0,2,57,434.0,7.614,4,0.0,4,0.0,4,62.0,19,287.0,0,0,1,4,0.0,349.0,85.0,0,EW_GREEN,hold,,,
946.0,2,57,448.0,7.86,4,0.0,4,0.0,4,64.0,19,301.0,0,0,1,4,0.0,365.0,83.0,0,EW_GREEN,hold,,,
947.0,3,57,463.0,8.123,4,0.0,4,0.0,4,66.0,19,315.0,0,0,1,4,0.0,381.0,82.0,0,EW_GREEN,hold,,,
948.0,3,58,481.0,8.293,4,0.0,4,0.0,4,69.0,19,329.0,0,0,3,4,0.0,398.0,83.0,0,EW_GREEN,hold,,,
949.0,3,58,498.0,8.586,4,0.0,4,0.0,4,72.0,19,343.0,0,0,3,4,0.0,415.0,83.0,0,EW_GREEN,hold,,,
950.0,0,52,318.0,6.115,4,0.0,4,0.0,1,3.0,16,232.0,0,0,1,3,0.0,235.0,83.0,0,EW_GREEN,hold,,,
951.0,0,52,224.0,4.308,4,0.0,4,0.0,1,0.0,16,142.0,0,0,0,0,0.0,142.0,82.0,0,EW_GREEN,hold,,,
952.0,0,49,147.0,3.0,4,0.0,4,0.0,1,0.0,16,65.0,0,0,0,0,0.0,65.0,82.0,0,EW_GREEN,hold,,,
953.0,0,49,101.0,2.061,4,0.0,4,0.0,1,0.0,14,18.0,0,0,0,0,0.0,18.0,83.0,0,EW_GREEN,hold,,,
954.0,0,52,85.0,1.635,4,0.0,4,1.0,1,0.0,14,0.0,0,1,0,0,0.0,1.0,84.0,0,EW_GREEN,hold,,,
955.0,0,53,88.0,1.66,4,0.0,4,2.0,2,0.0,14,0.0,0,1,0,0,0.0,2.0,86.0,0,EW_GREEN,hold,,,
956.0,0,54,101.0,1.87,4,0.0,4,3.0,2,0.0,12,0.0,0,1,0,0,0.0,3.0,98.0,0,EW_GREEN,hold,,,
957.0,0,54,105.0,1.944,4,1.0,4,5.0,2,0.0,12,0.0,0,1,0,0,0.0,6.0,99.0,0,EW_GREEN,hold,,,
958.0,0,55,109.0,1.982,4,2.0,4,8.0,2,0.0,9,0.0,0,1,0,0,0.0,10.0,99.0,0,EW_GREEN,hold,,,
959.0,0,55,114.0,2.073,4,5.0,4,11.0,2,0.0,9,0.0,1,4,0,0,0.0,16.0,98.0,0,EW_GREEN,hold,,,
960.0,0,54,133.0,2.463,4,9.0,4,15.0,2,0.0,6,0.0,4,4,0,0,0.0,24.0,109.0,0,EW_GREEN,hold,,,
961.0,0,58,153.0,2.638,6,13.0,6,19.0,2,0.0,6,0.0,0,0,0,0,0.0,32.0,121.0,0,EW_GREEN,hold,,,
962.0,0,62,174.0,2.806,7,17.0,7,23.0,2,0.0,5,0.0,0,0,0,0,0.0,40.0,134.0,0,EW_YELLOW,pressure_ns,,,
963.0,3,61,196.0,3.213,7,21.0,7,27.0,2,0.0,5,0.0,0,0,0,0,0.0,48.0,148.0,0,EW_YELLOW,hold,,,
964.0,3,63,219.0,3.476,7,25.0,7,31.0,2,0.0,6,0.0,0,0,0,0,0.0,56.0,163.0,0,EW_YELLOW,hold,,,
965.0,3,63,217.0,3.444,7,29.0,7,35.0,2,0.0,6,1.0,0,0,0,0,0.0,65.0,152.0,0,NS_GREEN,yellow_end,,,
966.0,0,64,216.0,3.375,7,33.0,7,39.0,2,0.0,6,0.0,0,0,0,0,0.0,72.0,144.0,0,NS_GREEN,hold,,,
967.0,0,63,216.0,3.429,7,37.0,7,43.0,2,0.0,5,0.0,0,0,0,0,0.0,80.0,136.0,0,NS_GREEN,hold,,,
968.0,0,64,217.0,3.391,7,41.0,7,47.0,2,0.0,5,0.0,0,0,0,0,0.0,88.0,129.0,0,NS_GREEN,hold,,,
969.0,0,64,219.0,3.422,7,45.0,7,51.0,2,0.0,6,0.0,0,0,0,0,0.0,96.0,123.0,0,NS_GREEN,hold,,,
970.0,0,64,221.0,3.453,7,49.0,7,55.0,2,0.0,6,0.0,0,0,0,0,0.0,104.0,117.0,0,NS_GREEN,hold,,,
971.0,0,64,223.0,3.484,7,53.0,7,59.0,2,0.0,6,0.0,0,0,0,0,0.0,112.0,111.0,0,NS_GREEN,hold,,,
972.0,0,65,243.0,3.738,7,57.0,7,63.0,2,0.0,6,0.0,0,0,0,0,0.0,120.0,123.0,0,NS_GREEN,hold,,,
973.0,0,67,244.0,3.642,7,61.0,7,67.0,2,0.0,6,0.0,0,0,0,0,0.0,128.0,116.0,0,NS_YELLOW,pressure_ew,,,
974.0,1,66,245.0,3.712,7,65.0,7,71.0,2,0.0,5,0.0,0,0,0,0,0.0,136.0,109.0,0,NS_YELLOW,hold,,,
975.0,1,65,248.0,3.815,7,69.0,7,75.0,2,0.0,5,0.0,0,0,0,0,0.0,144.0,104.0,0,NS_YELLOW,hold,,,
976.0,1,67,254.0,3.791,7,74.0,7,79.0,2,0.0,6,0.0,0,0,0,0,0.0,153.0,101.0,0,EW_GREEN,yellow_end,,,
977.0,2,64,173.0,2.703,6,39.0,6,39.0,2,0.0,6,0.0,0,0,0,0,0.0,78.0,95.0,0,EW_GREEN,hold,,,
978.0,2,64,132.0,2.062,6,22.0,6,21.0,2,0.0,6,0.0,0,0,0,0,0.0,43.0,89.0,0,EW_GREEN,hold,,,
979.0,2,64,89.0,1.391,5,4.0,5,3.0,2,0.0,7,0.0,0,0,0,0,0.0,7.0,82.0,0,EW_GREEN,hold,,,
980.0,2,62,90.0,1.452,4,0.0,4,0.0,2,0.0,7,0.0,0,0,0,0,0.0,0.0,90.0,0,EW_GREEN,hold,,,
981.0,2,62,84.0,1.355,4,0.0,4,0.0,2,0.0,7,1.0,0,0,0,0,0.0,1.0,83.0,0,EW_GREEN,hold,,,
982.0,2,61,78.0,1.279,3,0.0,3,0.0,2,0.0,8,2.0,0,0,0,0,0.0,2.0,76.0,0,EW_GREEN,hold,,,
983.0,2,59,87.0,1.475,3,0.0,3,0.0,2,0.0,8,3.0,0,0,0,0,0.0,3.0,84.0,0,EW_GREEN,hold,,,
984.0,2,56,79.0,1.411,3,0.0,3,0.0,2,0.0,8,4.0,0,0,0,0,0.0,4.0,75.0,0,EW_GREEN,hold,,,
985.0,2,56,73.0,1.304,4,0.0,4,0.0,2,1.0,8,6.0,0,0,1,0,0.0,7.0,66.0,0,EW_GREEN,hold,,,
986.0,2,56,68.0,1.214,4,0.0,3,0.0,2,2.0,9,8.0,0,0,1,0,0.0,10.0,58.0,0,EW_GREEN,hold,,,
987.0,2,55,64.0,1.164,3,0.0,3,0.0,2,4.0,9,10.0,0,0,2,0,0.0,14.0,50.0,0,EW_GREEN,hold,,,
988.0,2,55,60.0,1.091,3,0.0,3,0.0,2,6.0,9,13.0,0,0,2,0,0.0,19.0,41.0,0,EW_GREEN,hold,,,
989.0,2,54,56.0,1.037,3,0.0,2,0.0,2,8.0,9,16.0,0,0,2,0,0.0,24.0,32.0,0,EW_GREEN,hold,,,
990.0,2,54,51.0,0.944,2,0.0,2,0.0,2,10.0,9,19.0,0,0,2,0,0.0,29.0,22.0,0,EW_GREEN,hold,,,
991.0,2,57,62.0,1.088,2,0.0,2,0.0,3,12.0,9,22.0,0,0,1,0,1.0,34.0,27.0,0,EW_GREEN,hold,,,
992.0,2,56,74.0,1.321,2,0.0,2,0.0,3,14.0,9,25.0,0,0,1,0,2.0,39.0,33.0,0,EW_GREEN,hold,,,
993.0,2,57,87.0,1.526,2,0.0,2,0.0,3,16.0,9,28.0,0,0,1,0,4.0,44.0,39.0,0,EW_GREEN,hold,,,
994.0,2,57,102.0,1.789,2,0.0,2,0.0,3,18.0,9,31.0,0,0,1,0,7.0,49.0,46.0,0,EW_GREEN,hold,,,
995.0,2,57,121.0,2.123,2,0.0,2,0.0,3,20.0,9,34.0,0,0,1,0,13.0,54.0,54.0,0,EW_GREEN,hold,,,
996.0,2,57,141.0,2.474,2,0.0,2,0.0,4,22.0,9,37.0,0,0,1,0,19.0,59.0,63.0,0,EW_GREEN,hold,,,
997.0,2,58,162.0,2.793,2,0.0,2,0.0,4,24.0,10,40.0,0,0,1,0,26.0,64.0,72.0,0,EW_GREEN,hold,,,
998.0,2,58,186.0,3.207,2,0.0,2,0.0,4,26.0,10,44.0,0,0,1,1,33.0,70.0,83.0,0,EW_GREEN,hold,,,
999.0,2,59,209.0,3.542,1,0.0,2,0.0,4,28.0,10,48.0,0,0,1,1,41.0,76.0,92.0,0,EW_GREEN,hold,,,
1000.0,2,59,234.0,3.966,1,0.0,2,0.0,4,30.0,10,52.0,0,0,1,1,49.0,82.0,103.0,0,EW_GREEN,hold,,,
1001.0,2,58,260.0,4.483,1,0.0,1,0.0,4,32.0,10,56.0,0,0,1,1,57.0,88.0,115.0,0,EW_GREEN,hold,,,
1002.0,2,58,287.0,4.948,1,0.0,1,0.0,4,34.0,10,60.0,0,0,1,1,65.0,94.0,128.0,0,EW_GREEN,hold,,,
1003.0,2,55,282.0,5.127,1,0.0,1,0.0,4,36.0,10,64.0,0,0,1,1,40.0,100.0,142.0,0,EW_GREEN,hold,,,
1004.0,2,56,287.0,5.125,1,0.0,1,0.0,4,38.0,10,68.0,0,0,1,1,24.0,106.0,157.0,0,EW_GREEN,hold,,,
1005.0,2,56,294.0,5.25,1,0.0,1,0.0,4,40.0,10,72.0,0,0,1,0,9.0,112.0,173.0,0,EW_GREEN,hold,,,
1006.0,2,54,307.0,5.685,1,0.0,1,0.0,4,42.0,10,77.0,0,0,1,0,0.0,119.0,188.0,0,EW_GREEN,hold,,,
1007.0,2,53,330.0,6.226,1,0.0,1,0.0,4,44.0,10,82.0,0,0,1,0,0.0,126.0,204.0,0,EW_GREEN,hold,,,
1008.0,2,53,355.0,6.698,1,0.0,1,0.0,4,46.0,10,87.0,0,0,1,2,0.0,133.0,222.0,0,EW_GREEN,hold,,,
1009.0,2,59,381.0,6.458,3,0.0,3,0.0,4,48.0,11,92.0,0,0,1,2,0.0,140.0,241.0,0,EW_GREEN,hold,,,
1010.0,2,58,378.0,6.517,3,0.0,3,0.0,4,50.0,11,99.0,0,0,1,2,0.0,149.0,229.0,0,EW_GREEN,hold,,,
1011.0,2,56,379.0,6.768,3,0.0,3,0.0,4,52.0,11,106.0,0,0,1,2,0.0,158.0,221.0,0,EW_GREEN,hold,,,
1012.0,2,57,380.0,6.667,3,0.0,3,0.0,4,54.0,12,113.0,0,0,1,5,0.0,167.0,213.0,0,EW_GREEN,hold,,,
1013.0,2,57,384.0,6.737,3,0.0,3,0.0,4,56.0,12,121.0,0,0,0,5,0.0,177.0,207.0,0,EW_GREEN,hold,,,
1014.0,2,57,388.0,6.807,3,0.0,3,0.0,4,58.0,12,129.0,0,0,0,5,0.0,187.0,201.0,0,EW_GREEN,hold,,,
1015.0,2,56,392.0,7.0,3,0.0,3,0.0,4,60.0,12,137.0,0,0,0,5,0.0,197.0,195.0,0,EW_GREEN,hold,,,
1016.0,2,56,396.0,7.071,3,0.0,3,0.0,4,62.0,12,145.0,0,0,0,5,0.0,207.0,189.0,0,EW_GREEN,hold,,,
1017.0,2,56,401.0,7.161,3,0.0,3,0.0,4,64.0,13,153.0,0,0,0,5,1.0,217.0,183.0,0,EW_GREEN,hold,,,
1018.0,2,56,406.0,7.25,3,0.0,3,0.0,4,66.0,13,161.0,0,0,0,5,2.0,227.0,177.0,0,EW_GREEN,hold,,,
1019.0,3,57,411.0,7.211,3,0.0,3,0.0,4,68.0,14,169.0,0,0,0,3,3.0,237.0,171.0,0,EW_GREEN,hold,,,
1020.0,3,57,418.0,7.333,3,0.0,3,0.0,4,70.0,14,178.0,0,0,0,3,5.0,248.0,165.0,0,EW_GREEN,hold,,,
1021.0,3,57,425.0,7.456,3,0.0,3,0.0,4,72.0,14,187.0,0,0,0,3,7.0,259.0,159.0,0,EW_GREEN,hold,,,
1022.0,0,53,278.0,5.245,3,0.0,3,0.0,2,0.0,12,94.0,0,0,0,2,10.0,94.0,174.0,0,EW_GREEN,hold,,,
1023.0,0,53,210.0,3.962,3,0.0,3,0.0,2,0.0,12,29.0,0,0,0,0,14.0,29.0,167.0,0,EW_GREEN,hold,,,
1024.0,0,51,182.0,3.569,3,0.0,3,0.0,2,0.0,12,5.0,0,0,0,0,18.0,5.0,159.0,0,EW_GREEN,hold,,,
1025.0,0,50,172.0,3.44,3,0.0,3,0.0,2,0.0,10,0.0,0,0,0,0,22.0,0.0,150.0,0,EW_GREEN,hold,,,
1026.0,0,52,170.0,3.269,3,1.0,3,1.0,2,0.0,9,0.0,1,1,0,0,26.0,2.0,142.0,0,EW_GREEN,hold,,,
1027.0,0,55,188.0,3.418,3,2.0,3,2.0,3,0.0,10,0.0,1,1,0,0,30.0,4.0,154.0,0,EW_GREEN,hold,,,
1028.0,0,52,166.0,3.192,3,3.0,3,3.0,3,0.0,8,0.0,1,1,0,0,13.0,6.0,147.0,0,EW_GREEN,hold,,,
1029.0,0,50,144.0,2.88,3,4.0,3,4.0,2,0.0,8,0.0,0,1,0,0,0.0,8.0,136.0,0,EW_GREEN,hold,,,
1030.0,0,54,134.0,2.481,3,5.0,3,5.0,2,0.0,8,0.0,0,0,0,0,0.0,10.0,124.0,0,EW_GREEN,hold,,,
1031.0,0,53,143.0,2.698,3,6.0,3,6.0,2,0.0,7,0.0,0,0,0,0,0.0,12.0,131.0,0,EW_GREEN,hold,,,
1032.0,0,53,129.0,2.434,3,7.0,3,7.0,2,0.0,7,0.0,0,0,0,0,0.0,14.0,115.0,0,EW_GREEN,hold,,,
1033.0,0,57,115.0,2.018,4,8.0,4,8.0,2,0.0,8,0.0,0,0,0,0,0.0,16.0,99.0,0,EW_GREEN,hold,,,
1034.0,0,56,101.0,1.804,4,9.0,4,9.0,2,0.0,8,0.0,0,0,0,0,0.0,18.0,83.0,0,EW_GREEN,hold,,,
1035.0,0,53,54.0,1.019,4,10.0,4,10.0,2,0.0,8,0.0,0,0,0,0,0.0,20.0,34.0,0,EW_GREEN,hold,,,
1036.0,0,54,24.0,0.444,4,11.0,4,11.0,2,0.0,9,0.0,0,0,0,0,0.0,22.0,2.0,0,EW_YELLOW,max_green,,,
1037.0,3,54,27.0,0.5,4,12.0,4,12.0,2,0.0,9,0.0,0,0,0,0,0.0,24.0,3.0,0,EW_YELLOW,hold,,,
1038.0,3,54,30.0,0.556,4,13.0,4,13.0,2,0.0,9,0.0,0,0,0,0,0.0,26.0,4.0,0,EW_YELLOW,hold,,,
1039.0,3,55,35.0,0.636,4,14.0,4,14.0,2,0.0,10,0.0,0,0,0,0,0.0,28.0,7.0,0,NS_GREEN,yellow_end,,,
1040.0,0,56,40.0,0.714,4,15.0,4,15.0,2,0.0,10,0.0,0,0,0,0,0.0,30.0,10.0,0,NS_GREEN,hold,,,
1041.0,0,56,46.0,0.821,4,16.0,4,16.0,2,0.0,10,0.0,0,0,0,0,0.0,32.0,14.0,0,NS_GREEN,hold,,,
1042.0,0,56,53.0,0.946,4,17.0,4,17.0,2,0.0,10,0.0,0,0,0,0,0.0,34.0,19.0,0,NS_GREEN,hold,,,
1043.0,0,56,60.0,1.071,4,18.0,4,18.0,2,0.0,10,0.0,0,0,0,0,0.0,36.0,24.0,0,NS_GREEN,hold,,,
1044.0,0,56,68.0,1.214,4,19.0,4,19.0,2,0.0,10,0.0,0,0,0,0,0.0,38.0,30.0,0,NS_GREEN,hold,,,
1045.0,0,56,76.0,1.357,4,20.0,4,20.0,2,0.0,9,0.0,0,0,0,0,0.0,40.0,36.0,0,NS_GREEN,hold,,,
1046.0,0,57,74.0,1.298,4,21.0,4,21.0,2,0.0,10,0.0,0,0,0,0,0.0,42.0,32.0,0,NS_GREEN,hold,,,
1047.0,0,57,73.0,1.281,4,22.0,4,22.0,2,0.0,9,0.0,0,0,0,0,0.0,44.0,29.0,0,NS_YELLOW,pressure_ew,,,
1048.0,1,57,71.0,1.246,4,23.0,4,23.0,2,0.0,9,0.0,0,0,0,0,0.0,46.0,25.0,0,NS_YELLOW,hold,,,
1049.0,1,57,71.0,1.246,4,24.0,4,25.0,2,0.0,9,0.0,0,1,0,0,0.0,49.0,22.0,0,NS_YELLOW,hold,,,
1050.0,1,59,72.0,1.22,4,26.0,4,27.0,2,0.0,10,0.0,1,1,0,0,0.0,53.0,19.0,0,EW_GREEN,yellow_end,,,
1051.0,2,55,17.0,0.309,2,0.0,2,0.0,2,0.0,10,0.0,0,0,0,0,0.0,0.0,17.0,0,EW_GREEN,hold,,,
1052.0,2,56,15.0,0.268,2,0.0,2,0.0,2,0.0,11,0.0,0,0,0,0,0.0,0.0,15.0,0,EW_GREEN,hold,,,
1053.0,2,56,15.0,0.268,2,0.0,2,0.0,2,0.0,11,2.0,0,0,0,0,0.0,2.0,13.0,0,EW_GREEN,hold,,,
1054.0,2,56,16.0,0.286,2,0.0,2,0.0,2,0.0,11,4.0,0,0,0,0,0.0,4.0,12.0,0,EW_GREEN,hold,,,
1055.0,2,55,17.0,0.309,2,0.0,2,0.0,2,0.0,11,7.0,0,0,0,0,0.0,7.0,10.0,0,EW_GREEN,hold,,,
1056.0,2,56,18.0,0.321,2,0.0,2,0.0,2,0.0,12,10.0,0,0,0,0,0.0,10.0,8.0,0,EW_GREEN,hold,,,
1057.0,2,59,26.0,0.441,4,0.0,4,0.0,2,0.0,12,13.0,0,0,0,0,1.0,13.0,12.0,0,EW_GREEN,hold,,,
1058.0,2,60,32.0,0.533,4,0.0,4,0.0,2,1.0,12,16.0,0,0,1,0,3.0,17.0,12.0,0,EW_GREEN,hold,,,
1059.0,2,61,39.0,0.639,4,0.0,4,0.0,2,2.0,13,19.0,0,0,1,0,6.0,21.0,12.0,0,EW_GREEN,hold,,,
1060.0,2,59,49.0,0.831,4,0.0,4,0.0,2,4.0,13,22.0,0,0,2,0,10.0,26.0,13.0,0,EW_GREEN,hold,,,
1061.0,2,59,60.0,1.017,4,0.0,4,0.0,2,6.0,13,26.0,0,0,2,0,14.0,32.0,14.0,0,EW_GREEN,hold,,,
1062.0,2,61,74.0,1.213,4,0.0,4,0.0,3,8.0,14,31.0,0,0,1,0,20.0,39.0,15.0,0,EW_GREEN,hold,,,
1063.0,2,62,88.0,1.419,4,0.0,4,0.0,4,10.0,14,36.0,0,0,1,0,26.0,46.0,16.0,0,EW_GREEN,hold,,,
1064.0,2,58,83.0,1.431,4,0.0,4,0.0,4,12.0,14,41.0,0,0,1,0,13.0,53.0,17.0,0,EW_GREEN,hold,,,
1065.0,2,58,87.0,1.5,4,0.0,4,0.0,4,14.0,14,46.0,0,0,1,0,6.0,60.0,21.0,0,EW_GREEN,hold,,,
1066.0,2,57,97.0,1.702,4,0.0,4,0.0,4,16.0,14,51.0,0,0,1,0,3.0,67.0,27.0,0,EW_GREEN,hold,,,
1067.0,2,56,105.0,1.875,4,0.0,4,0.0,4,18.0,15,57.0,0,0,1,0,0.0,75.0,30.0,0,EW_GREEN,hold,,,
1068.0,2,55,116.0,2.109,4,0.0,4,0.0,4,20.0,15,63.0,0,0,1,0,0.0,83.0,33.0,0,EW_GREEN,hold,,,
1069.0,2,55,128.0,2.327,4,0.0,4,0.0,4,22.0,15,69.0,0,0,1,0,0.0,91.0,37.0,0,EW_GREEN,hold,,,
1070.0,2,52,105.0,2.019,4,0.0,4,0.0,4,24.0,16,75.0,0,0,1,0,0.0,99.0,6.0,0,EW_GREEN,hold,,,
1071.0,2,51,108.0,2.118,3,0.0,4,0.0,4,26.0,16,82.0,0,0,1,0,0.0,108.0,0.0,0,EW_GREEN,hold,,,
1072.0,2,51,118.0,2.314,3,0.0,3,0.0,4,28.0,17,90.0,0,0,1,0,0.0,118.0,0.0,0,EW_GREEN,hold,,,
1073.0,2,51,129.0,2.529,3,0.0,3,0.0,4,30.0,17,98.0,0,0,1,0,0.0,128.0,1.0,0,EW_GREEN,hold,,,
1074.0,2,50,141.0,2.82,3,0.0,3,0.0,4,32.0,17,106.0,0,0,1,0,0.0,138.0,3.0,0,EW_GREEN,hold,,,
1075.0,2,50,153.0,3.06,3,0.0,3,0.0,4,34.0,17,114.0,0,0,1,0,0.0,148.0,5.0,0,EW_GREEN,hold,,,
1076.0,2,50,165.0,3.3,3,0.0,3,0.0,4,36.0,17,122.0,0,0,1,0,0.0,158.0,7.0,0,EW_GREEN,hold,,,
1077.0,2,49,179.0,3.653,3,0.0,3,0.0,4,38.0,17,131.0,0,0,1,0,0.0,169.0,10.0,0,EW_GREEN,hold,,,
1078.0,2,50,194.0,3.88,3,0.0,3,0.0,4,40.0,17,140.0,0,0,1,0,0.0,180.0,14.0,0,EW_GREEN,hold,,,
1079.0,2,49,209.0,4.265,2,0.0,2,0.0,4,42.0,18,149.0,0,0,1,4,0.0,191.0,18.0,0,EW_GREEN,hold,,,
1080.0,2,49,225.0,4.592,2,0.0,2,0.0,4,44.0,18,158.0,0,0,1,4,0.0,202.0,23.0,0,EW_GREEN,hold,,,
1081.0,2,56,234.0,4.179,4,0.0,4,0.0,4,46.0,18,168.0,0,0,1,4,0.0,214.0,20.0,0,EW_GREEN,hold,,,
1082.0,2,56,243.0,4.339,4,0.0,3,0.0,4,48.0,18,178.0,0,0,1,4,0.0,226.0,17.0,0,EW_GREEN,hold,,,
1083.0,2,55,254.0,4.618,3,0.0,3,0.0,4,50.0,18,189.0,0,0,1,0,0.0,239.0,15.0,0,EW_GREEN,hold,,,
1084.0,2,56,266.0,4.75,3,0.0,3,0.0,4,52.0,18,200.0,0,0,1,3,1.0,252.0,13.0,0,EW_GREEN,hold,,,
1085.0,2,58,281.0,4.845,3,0.0,3,0.0,4,54.0,18,212.0,0,0,1,0,3.0,266.0,12.0,0,EW_GREEN,hold,,,
1086.0,2,57,295.0,5.175,3,0.0,2,0.0,4,56.0,18,224.0,0,0,1,0,5.0,280.0,10.0,0,EW_GREEN,hold,,,
1087.0,2,56,311.0,5.554,2,0.0,2,0.0,4,58.0,18,236.0,0,0,1,0,7.0,294.0,10.0,0,EW_GREEN,hold,,,
1088.0,2,59,323.0,5.475,2,0.0,2,0.0,4,60.0,19,248.0,0,0,1,0,9.0,308.0,6.0,0,EW_GREEN,hold,,,
1089.0,2,60,337.0,5.617,2,0.0,2,0.0,4,62.0,19,260.0,0,0,1,4,11.0,322.0,4.0,0,EW_GREEN,hold,,,
1090.0,2,61,352.0,5.77,2,0.0,2,0.0,4,64.0,20,273.0,0,0,1,4,13.0,337.0,2.0,0,EW_GREEN,hold,,,
1091.0,2,61,370.0,6.066,2,0.0,2,0.0,4,66.0,20,286.0,0,0,1,4,15.0,352.0,3.0,0,EW_GREEN,hold,,,
1092.0,2,62,389.0,6.274,2,0.0,2,0.0,4,68.0,21,300.0,0,0,1,4,17.0,368.0,4.0,0,EW_GREEN,hold,,,
1093.0,3,63,406.0,6.444,2,0.0,2,0.0,4,70.0,21,314.0,0,0,1,4,19.0,384.0,3.0,0,EW_GREEN,hold,,,
1094.0,3,62,422.0,6.806,2,0.0,2,0.0,4,72.0,21,328.0,0,0,3,4,21.0,400.0,1.0,0,EW_GREEN,hold,,,
1095.0,3,63,442.0,7.016,2,0.0,2,0.0,4,75.0,22,343.0,0,0,3,4,23.0,418.0,1.0,0,EW_GREEN,hold,,,
1096.0,0,55,256.0,4.655,2,0.0,2,0.0,1,2.0,19,228.0,0,0,1,3,25.0,230.0,1.0,0,EW_GREEN,hold,,,
1097.0,0,57,167.0,2.93,2,0.0,2,0.0,2,0.0,20,140.0,0,0,0,0,27.0,140.0,0.0,0,EW_GREEN,hold,,,
1098.0,0,57,104.0,1.825,2,0.0,2,0.0,2,0.0,20,74.0,0,0,0,0,29.0,74.0,1.0,0,EW_GREEN,hold,,,
1099.0,0,57,60.0,1.053,2,1.0,2,0.0,2,0.0,18,28.0,1,0,0,0,31.0,29.0,0.0,0,EW_GREEN,hold,,,
1100.0,0,57,9.0,0.158,2,2.0,2,1.0,2,0.0,17,6.0,1,0,0,0,0.0,9.0,0.0,0,EW_GREEN,hold,,,
1101.0,0,58,5.0,0.086,2,3.0,2,2.0,2,0.0,17,0.0,1,0,0,0,0.0,5.0,0.0,0,EW_GREEN,hold,,,
1102.0,0,58,8.0,0.138,2,4.0,2,3.0,2,0.0,15,0.0,1,0,0,0,0.0,7.0,1.0,0,EW_GREEN,hold,,,
1103.0,0,58,12.0,0.207,2,5.0,2,4.0,2,0.0,15,0.0,1,0,0,0,0.0,9.0,3.0,0,EW_GREEN,hold,,,
1104.0,0,56,17.0,0.304,2,6.0,2,5.0,2,0.0,12,0.0,1,0,0,0,0.0,11.0,6.0,0,EW_GREEN,hold,,,
1105.0,0,61,22.0,0.361,4,7.0,4,6.0,2,0.0,13,0.0,0,0,0,0,0.0,13.0,9.0,0,EW_GREEN,hold,,,
1106.0,0,61,27.0,0.443,4,8.0,4,7.0,2,0.0,10,0.0,0,0,0,0,0.0,15.0,12.0,0,EW_GREEN,hold,,,
1107.0,0,62,33.0,0.532,4,9.0,4,8.0,2,0.0,11,0.0,0,0,0,0,0.0,17.0,16.0,0,EW_GREEN,hold,,,
1108.0,0,63,40.0,0.635,4,10.0,4,9.0,2,0.0,9,0.0,0,0,0,0,0.0,19.0,21.0,0,EW_GREEN,hold,,,
1109.0,0,63,48.0,0.762,4,11.0,4,10.0,2,0.0,9,0.0,0,0,0,0,0.0,21.0,27.0,0,EW_GREEN,hold,,,
1110.0,0,66,56.0,0.848,4,12.0,4,11.0,2,0.0,10,0.0,0,0,0,0,0.0,23.0,33.0,0,EW_YELLOW,max_green,,,
1111.0,3,66,65.0,0.985,4,13.0,4,12.0,2,0.0,10,0.0,0,0,0,0,0.0,25.0,40.0,0,EW_YELLOW,hold,,,
1112.0,3,67,74.0,1.104,4,14.0,4,13.0,2,0.0,10,0.0,0,0,0,0,0.0,27.0,47.0,0,EW_YELLOW,hold,,,
1113.0,3,66,84.0,1.273,4,15.0,4,14.0,2,0.0,10,0.0,0,0,0,0,0.0,29.0,55.0,0,NS_GREEN,yellow_end,,,
1114.0,0,66,94.0,1.424,4,16.0,4,15.0,2,0.0,10,0.0,0,0,0,0,0.0,31.0,63.0,0,NS_GREEN,hold,,,
1115.0,0,65,105.0,1.615,4,17.0,4,16.0,2,0.0,10,0.0,0,0,0,0,0.0,33.0,72.0,0,NS_GREEN,hold,,,
1116.0,0,65,116.0,1.785,4,18.0,4,17.0,2,0.0,10,0.0,0,0,0,0,0.0,35.0,81.0,0,NS_GREEN,hold,,,
1117.0,0,68,128.0,1.882,4,19.0,4,18.0,2,0.0,11,0.0,0,0,0,0,0.0,37.0,91.0,0,NS_GREEN,hold,,,
1118.0,0,67,141.0,2.104,4,20.0,4,19.0,2,0.0,11,0.0,0,0,0,0,0.0,39.0,102.0,0,NS_GREEN,hold,,,
1119.0,0,66,155.0,2.348,4,21.0,4,20.0,2,0.0,10,0.0,0,0,0,0,0.0,41.0,114.0,0,NS_GREEN,hold,,,
1120.0,0,67,151.0,2.254,4,22.0,4,21.0,2,0.0,10,0.0,0,0,0,0,0.0,43.0,108.0,0,NS_GREEN,hold,,,
1121.0,0,67,148.0,2.209,4,23.0,4,22.0,2,0.0,9,0.0,0,0,0,0,0.0,45.0,103.0,0,NS_YELLOW,pressure_ew,,,
1122.0,1,68,145.0,2.132,4,24.0,4,23.0,2,0.0,10,0.0,0,0,0,0,0.0,47.0,98.0,0,NS_YELLOW,hold,,,
1123.0,1,71,160.0,2.254,4,25.0,4,24.0,2,0.0,10,0.0,0,0,0,0,0.0,49.0,111.0,0,NS_YELLOW,hold,,,
1124.0,1,71,159.0,2.239,4,27.0,4,25.0,2,0.0,10,0.0,1,0,0,0,0.0,52.0,107.0,0,EW_GREEN,yellow_end,,,
1125.0,2,67,103.0,1.537,2,0.0,2,0.0,2,0.0,10,0.0,0,0,0,0,0.0,0.0,103.0,0,EW_GREEN,hold,,,
1126.0,2,66,84.0,1.273,2,0.0,2,0.0,2,0.0,10,1.0,0,0,0,0,0.0,1.0,83.0,0,EW_GREEN,hold,,,
1127.0,2,65,81.0,1.246,2,0.0,2,0.0,2,0.0,10,2.0,0,0,0,0,0.0,2.0,79.0,0,EW_GREEN,hold,,,
1128.0,2,66,78.0,1.182,2,0.0,2,0.0,2,0.0,11,3.0,0,0,0,0,0.0,3.0,75.0,0,EW_GREEN,hold,,,
1129.0,2,66,77.0,1.167,3,0.0,3,0.0,2,0.0,11,5.0,0,0,0,0,0.0,5.0,72.0,0,EW_GREEN,hold,,,
1130.0,2,64,80.0,1.25,3,0.0,3,0.0,2,1.0,11,7.0,0,0,1,0,0.0,8.0,72.0,0,EW_GREEN,hold,,,
1131.0,2,64,83.0,1.297,3,0.0,3,0.0,2,2.0,12,9.0,0,0,1,0,0.0,11.0,72.0,0,EW_GREEN,hold,,,
1132.0,2,61,87.0,1.426,3,0.0,3,0.0,2,4.0,12,11.0,0,0,2,0,0.0,15.0,72.0,0,EW_GREEN,hold,,,
1133.0,2,62,105.0,1.694,3,0.0,3,0.0,2,6.0,12,13.0,0,0,2,0,0.0,19.0,86.0,0,EW_GREEN,hold,,,
1134.0,2,61,109.0,1.787,3,0.0,3,0.0,2,8.0,12,15.0,0,0,2,0,0.0,23.0,86.0,0,EW_GREEN,hold,,,
1135.0,2,57,114.0,2.0,3,0.0,3,0.0,2,10.0,12,17.0,0,0,2,0,0.0,27.0,87.0,0,EW_GREEN,hold,,,
1136.0,2,57,120.0,2.105,3,0.0,3,0.0,2,12.0,12,19.0,0,0,2,0,0.0,31.0,89.0,0,EW_GREEN,hold,,,
1137.0,2,58,127.0,2.19,3,0.0,3,0.0,3,14.0,12,21.0,0,0,1,0,1.0,35.0,91.0,0,EW_GREEN,hold,,,
1138.0,2,58,136.0,2.345,3,0.0,3,0.0,3,16.0,12,23.0,0,0,1,0,2.0,39.0,95.0,0,EW_GREEN,hold,,,
1139.0,2,56,148.0,2.643,3,0.0,3,0.0,3,18.0,12,25.0,0,0,1,0,3.0,43.0,102.0,0,EW_GREEN,hold,,,
1140.0,2,57,161.0,2.825,3,0.0,3,0.0,3,20.0,13,28.0,0,0,1,0,4.0,48.0,109.0,0,EW_GREEN,hold,,,
1141.0,2,56,183.0,3.268,3,0.0,3,0.0,3,22.0,13,31.0,0,0,1,0,5.0,53.0,125.0,0,EW_GREEN,hold,,,
1142.0,2,56,197.0,3.518,3,0.0,3,0.0,3,24.0,13,35.0,0,0,1,0,6.0,59.0,132.0,0,EW_GREEN,hold,,,
1143.0,2,54,205.0,3.796,2,0.0,2,0.0,3,26.0,13,39.0,0,0,1,0,1.0,65.0,139.0,0,EW_GREEN,hold,,,
1144.0,2,54,221.0,4.093,2,0.0,2,0.0,3,28.0,13,44.0,0,0,1,0,2.0,72.0,147.0,0,EW_GREEN,hold,,,
1145.0,2,54,246.0,4.556,2,0.0,2,0.0,3,30.0,13,49.0,0,0,1,0,4.0,79.0,163.0,0,EW_GREEN,hold,,,
1146.0,2,54,264.0,4.889,2,0.0,2,0.0,3,32.0,13,55.0,0,0,1,0,7.0,87.0,170.0,0,EW_GREEN,hold,,,
1147.0,2,55,282.0,5.127,2,0.0,2,0.0,4,34.0,13,61.0,0,0,1,0,11.0,95.0,176.0,0,EW_GREEN,hold,,,
1148.0,2,54,301.0,5.574,2,0.0,2,0.0,4,36.0,13,67.0,0,0,1,0,15.0,103.0,183.0,0,EW_GREEN,hold,,,
1149.0,2,55,330.0,6.0,2,0.0,2,0.0,4,38.0,14,73.0,0,0,1,0,19.0,111.0,200.0,0,EW_GREEN,hold,,,
1150.0,2,55,353.0,6.418,2,0.0,2,0.0,4,40.0,14,74.0,0,0,1,0,23.0,114.0,216.0,0,EW_GREEN,hold,,,
1151.0,2,55,382.0,6.945,2,0.0,2,0.0,4,42.0,14,80.0,0,0,1,0,28.0,122.0,232.0,0,EW_GREEN,hold,,,
1152.0,2,55,414.0,7.527,2,0.0,2,0.0,4,44.0,14,87.0,0,0,1,3,33.0,131.0,250.0,0,EW_GREEN,hold,,,
1153.0,2,62,450.0,7.258,4,0.0,4,0.0,4,46.0,14,96.0,0,0,1,3,39.0,142.0,269.0,0,EW_GREEN,hold,,,
1154.0,2,60,459.0,7.65,4,0.0,4,0.0,4,48.0,14,105.0,0,0,1,3,17.0,153.0,289.0,0,EW_GREEN,hold,,,
1155.0,2,59,448.0,7.593,4,0.0,4,0.0,4,50.0,14,114.0,0,0,1,4,6.0,164.0,278.0,0,EW_GREEN,hold,,,
1156.0,2,59,444.0,7.525,4,0.0,4,0.0,4,52.0,14,124.0,0,0,1,4,0.0,176.0,268.0,0,EW_GREEN,hold,,,
1157.0,2,57,447.0,7.842,4,0.0,4,0.0,4,54.0,14,134.0,0,0,0,4,0.0,188.0,259.0,0,EW_GREEN,hold,,,
1158.0,2,55,451.0,8.2,4,0.0,4,0.0,4,56.0,14,144.0,0,0,0,8,0.0,200.0,251.0,0,EW_GREEN,hold,,,
1159.0,2,56,454.0,8.107,4,0.0,4,0.0,4,58.0,15,155.0,0,0,0,8,0.0,213.0,241.0,0,EW_GREEN,hold,,,
1160.0,2,53,459.0,8.66,4,0.0,4,0.0,4,60.0,15,166.0,0,0,0,8,0.0,226.0,233.0,0,EW_GREEN,hold,,,
1161.0,2,53,463.0,8.736,4,0.0,4,0.0,4,62.0,15,177.0,0,0,0,8,0.0,239.0,224.0,0,EW_GREEN,hold,,,
1162.0,2,54,493.0,9.13,4,0.0,4,0.0,4,64.0,16,188.0,0,0,0,4,0.0,252.0,241.0,0,EW_GREEN,hold,,,
1163.0,2,53,497.0,9.377,4,0.0,4,0.0,4,66.0,16,199.0,0,0,1,4,0.0,265.0,232.0,0,EW_GREEN,hold,,,
1164.0,2,55,501.0,9.109,4,0.0,4,0.0,4,68.0,17,211.0,0,0,1,4,0.0,279.0,222.0,0,EW_GREEN,hold,,,
1165.0,2,55,504.0,9.164,4,0.0,4,0.0,4,70.0,17,223.0,0,0,1,4,0.0,293.0,211.0,0,EW_GREEN,hold,,,
1166.0,2,55,507.0,9.218,4,0.0,4,0.0,4,72.0,17,235.0,0,0,1,4,0.0,307.0,200.0,0,EW_GREEN,hold,,,
1167.0,3,54,509.0,9.426,3,0.0,4,0.0,4,74.0,17,247.0,0,0,1,4,0.0,321.0,188.0,0,EW_GREEN,hold,,,
1168.0,3,53,510.0,9.623,3,0.0,4,0.0,4,76.0,17,259.0,0,0,1,4,0.0,335.0,175.0,0,EW_GREEN,hold,,,
1169.0,3,52,512.0,9.846,3,0.0,4,0.0,4,78.0,17,271.0,0,0,1,4,0.0,349.0,163.0,0,EW_GREEN,hold,,,
1170.0,0,48,340.0,7.083,3,0.0,4,1.0,3,0.0,15,165.0,0,1,0,3,0.0,166.0,174.0,0,EW_GREEN,hold,,,
1171.0,0,48,267.0,5.562,3,0.0,4,2.0,3,0.0,15,103.0,0,1,0,0,0.0,105.0,162.0,0,EW_GREEN,hold,,,
1172.0,0,48,191.0,3.979,3,0.0,4,3.0,3,0.0,15,40.0,0,0,0,0,0.0,43.0,148.0,0,EW_GREEN,hold,,,
1173.0,0,45,134.0,2.978,3,0.0,4,4.0,2,0.0,13,0.0,0,0,0,0,0.0,4.0,130.0,0,EW_GREEN,hold,,,
1174.0,0,51,117.0,2.294,3,0.0,4,5.0,3,0.0,13,0.0,0,0,0,0,0.0,5.0,112.0,0,EW_GREEN,hold,,,
1175.0,0,50,101.0,2.02,3,0.0,4,6.0,3,0.0,12,0.0,0,0,0,0,0.0,6.0,95.0,0,EW_GREEN,hold,,,
1176.0,0,52,85.0,1.635,3,0.0,4,7.0,3,0.0,12,0.0,0,0,0,0,0.0,7.0,78.0,0,EW_GREEN,hold,,,
1177.0,0,54,90.0,1.667,4,0.0,5,8.0,3,0.0,11,0.0,0,0,0,0,0.0,8.0,82.0,0,EW_GREEN,hold,,,
1178.0,0,53,72.0,1.358,4,0.0,5,9.0,3,0.0,10,0.0,0,0,0,0,0.0,9.0,63.0,0,EW_GREEN,hold,,,
1179.0,0,54,52.0,0.963,4,0.0,5,10.0,3,0.0,10,0.0,0,0,0,0,0.0,10.0,42.0,0,EW_GREEN,hold,,,
1180.0,0,53,32.0,0.604,4,0.0,5,11.0,3,0.0,8,0.0,0,0,0,0,0.0,11.0,21.0,0,EW_YELLOW,pressure_ns,,,
1181.0,3,55,12.0,0.218,4,0.0,5,12.0,3,0.0,8,0.0,0,0,0,0,0.0,12.0,0.0,0,EW_YELLOW,hold,,,
1182.0,3,57,14.0,0.246,4,0.0,5,13.0,3,0.0,8,0.0,0,0,0,0,0.0,13.0,1.0,0,EW_YELLOW,hold,,,
1183.0,3,56,18.0,0.321,4,0.0,5,14.0,3,0.0,8,0.0,0,0,0,0,0.0,14.0,4.0,0,NS_GREEN,yellow_end,,,
1184.0,0,55,20.0,0.364,4,0.0,5,15.0,2,0.0,7,0.0,0,0,0,0,0.0,15.0,5.0,0,NS_GREEN,hold,,,
1185.0,0,56,24.0,0.429,4,0.0,5,16.0,2,0.0,8,0.0,0,0,0,0,0.0,16.0,8.0,0,NS_GREEN,hold,,,
1186.0,0,57,29.0,0.509,4,0.0,5,17.0,2,0.0,8,0.0,0,0,0,0,0.0,17.0,12.0,0,NS_GREEN,hold,,,
1187.0,0,57,34.0,0.596,4,0.0,5,18.0,2,0.0,8,0.0,0,0,0,0,0.0,18.0,16.0,0,NS_GREEN,hold,,,
1188.0,0,58,40.0,0.69,4,0.0,5,19.0,2,0.0,8,0.0,0,0,0,0,0.0,19.0,21.0,0,NS_GREEN,hold,,,
1189.0,0,59,46.0,0.78,4,0.0,5,20.0,2,0.0,7,0.0,0,0,0,0,0.0,20.0,26.0,0,NS_GREEN,hold,,,
1190.0,0,60,53.0,0.883,4,0.0,5,21.0,2,0.0,8,0.0,0,0,0,0,0.0,21.0,32.0,0,NS_GREEN,hold,,,
1191.0,0,60,60.0,1.0,4,0.0,5,22.0,2,0.0,8,0.0,0,0,0,0,0.0,22.0,38.0,0,NS_YELLOW,pressure_ew,,,
1192.0,1,62,68.0,1.097,4,0.0,5,23.0,2,0.0,9,0.0,0,0,0,0,0.0,23.0,45.0,0,NS_YELLOW,hold,,,
1193.0,1,62,78.0,1.258,4,0.0,5,25.0,2,0.0,9,0.0,0,0,0,0,0.0,25.0,53.0,0,NS_YELLOW,hold,,,
1194.0,1,62,90.0,1.452,4,1.0,5,27.0,2,0.0,9,0.0,1,0,0,0,0.0,28.0,62.0,0,EW_GREEN,yellow_end,,,
1195.0,2,60,77.0,1.283,3,0.0,3,4.0,2,0.0,9,1.0,0,0,0,0,0.0,5.0,72.0,0,EW_GREEN,hold,,,
1196.0,2,60,86.0,1.433,3,0.0,3,2.0,2,0.0,9,2.0,0,0,0,0,0.0,4.0,82.0,0,EW_GREEN,hold,,,
1197.0,2,60,98.0,1.633,3,0.0,3,1.0,2,0.0,9,4.0,0,0,0,0,0.0,5.0,93.0,0,EW_GREEN,hold,,,
1198.0,2,59,109.0,1.847,2,0.0,3,0.0,2,0.0,9,6.0,0,0,0,0,0.0,6.0,103.0,0,EW_GREEN,hold,,,
1199.0,2,59,122.0,2.068,2,0.0,3,0.0,2,0.0,9,8.0,0,0,0,0,0.0,8.0,114.0,0,EW_GREEN,hold,,,
1200.0,2,58,137.0,2.362,2,0.0,3,0.0,2,0.0,9,10.0,0,0,0,0,0.0,10.0,127.0,0,EW_GREEN,hold,,,
1201.0,2,62,152.0,2.452,3,0.0,5,0.0,2,0.0,10,12.0,0,0,0,0,0.0,12.0,140.0,0,EW_GREEN,hold,,,
1202.0,2,64,148.0,2.312,4,0.0,6,0.0,2,0.0,10,15.0,0,0,0,0,0.0,15.0,133.0,0,EW_GREEN,hold,,,
1203.0,2,62,144.0,2.323,4,0.0,5,0.0,2,0.0,10,18.0,0,0,0,0,0.0,18.0,126.0,0,EW_GREEN,hold,,,
1204.0,2,61,142.0,2.328,4,0.0,5,0.0,2,0.0,10,22.0,0,0,0,0,0.0,22.0,120.0,0,EW_GREEN,hold,,,
1205.0,2,62,141.0,2.274,3,0.0,5,0.0,3,1.0,10,26.0,0,0,0,0,1.0,27.0,113.0,0,EW_GREEN,hold,,,
1206.0,2,63,142.0,2.254,3,0.0,5,0.0,3,2.0,11,30.0,0,0,0,0,3.0,32.0,107.0,0,EW_GREEN,hold,,,
1207.0,2,64,145.0,2.266,3,0.0,4,0.0,4,3.0,11,34.0,0,0,0,0,6.0,37.0,102.0,0,EW_GREEN,hold,,,
1208.0,2,61,142.0,2.328,3,0.0,4,0.0,4,4.0,11,38.0,0,0,0,0,0.0,42.0,100.0,0,EW_GREEN,hold,,,
1209.0,2,61,145.0,2.377,3,0.0,4,0.0,4,5.0,11,43.0,0,0,0,0,0.0,48.0,97.0,0,EW_GREEN,hold,,,
1210.0,2,62,165.0,2.661,3,0.0,4,0.0,4,6.0,11,48.0,0,0,0,2,0.0,54.0,111.0,0,EW_GREEN,hold,,,
1211.0,2,59,170.0,2.881,3,0.0,3,0.0,4,7.0,11,54.0,0,0,0,2,0.0,61.0,109.0,0,EW_GREEN,hold,,,
1212.0,2,57,176.0,3.088,3,0.0,3,0.0,4,9.0,11,60.0,0,0,1,2,0.0,69.0,107.0,0,EW_GREEN,hold,,,
1213.0,2,57,185.0,3.246,3,0.0,3,0.0,4,11.0,11,66.0,0,0,1,2,0.0,77.0,108.0,0,EW_GREEN,hold,,,
1214.0,2,57,195.0,3.421,3,0.0,3,0.0,4,13.0,12,72.0,0,0,1,2,0.0,85.0,110.0,0,EW_GREEN,hold,,,
1215.0,2,56,200.0,3.571,2,0.0,2,0.0,4,15.0,12,78.0,0,0,1,2,0.0,93.0,107.0,0,EW_GREEN,hold,,,
1216.0,2,52,210.0,4.038,1,0.0,1,0.0,4,17.0,12,84.0,0,0,1,2,0.0,101.0,109.0,0,EW_GREEN,hold,,,
1217.0,2,54,220.0,4.074,1,0.0,1,0.0,4,19.0,12,90.0,0,0,1,2,0.0,109.0,111.0,0,EW_GREEN,hold,,,
1218.0,2,53,230.0,4.34,1,0.0,1,0.0,4,21.0,12,96.0,0,0,1,2,0.0,117.0,113.0,0,EW_GREEN,hold,,,
1219.0,2,52,239.0,4.596,1,0.0,1,0.0,4,23.0,12,102.0,0,0,1,2,0.0,125.0,114.0,0,EW_GREEN,hold,,,
1220.0,2,51,262.0,5.137,1,0.0,1,0.0,4,25.0,12,108.0,0,0,1,2,0.0,133.0,129.0,0,EW_GREEN,hold,,,
1221.0,2,50,285.0,5.7,1,0.0,1,0.0,4,27.0,12,114.0,0,0,1,2,0.0,141.0,144.0,0,EW_GREEN,hold,,,
1222.0,2,49,294.0,6.0,1,0.0,1,0.0,4,29.0,13,120.0,0,0,1,2,0.0,149.0,145.0,0,EW_GREEN,hold,,,
1223.0,2,49,302.0,6.163,1,0.0,1,0.0,4,31.0,13,126.0,0,0,1,2,0.0,157.0,145.0,0,EW_GREEN,hold,,,
1224.0,2,49,311.0,6.347,1,0.0,1,0.0,4,33.0,13,133.0,0,0,1,0,0.0,166.0,145.0,0,EW_GREEN,hold,,,
1225.0,2,54,320.0,5.926,2,0.0,2,0.0,4,35.0,13,140.0,0,0,1,0,0.0,175.0,145.0,0,EW_GREEN,hold,,,
1226.0,2,55,330.0,6.0,2,0.0,2,0.0,4,37.0,13,147.0,0,0,1,0,0.0,184.0,146.0,0,EW_GREEN,hold,,,
1227.0,2,55,342.0,6.218,2,0.0,2,0.0,4,39.0,13,154.0,0,0,1,3,0.0,193.0,149.0,0,EW_GREEN,hold,,,
1228.0,2,55,368.0,6.691,2,0.0,2,0.0,4,41.0,13,163.0,0,0,1,6,0.0,204.0,164.0,0,EW_GREEN,hold,,,
1229.0,2,54,369.0,6.833,2,0.0,2,0.0,4,43.0,13,170.0,0,0,1,6,0.0,213.0,156.0,0,EW_GREEN,hold,,,
1230.0,2,53,372.0,7.019,2,0.0,2,0.0,4,45.0,13,179.0,0,0,1,3,0.0,224.0,148.0,0,EW_GREEN,hold,,,
1231.0,2,54,376.0,6.963,2,0.0,2,0.0,4,47.0,14,188.0,0,0,1,3,0.0,235.0,141.0,0,EW_GREEN,hold,,,
1232.0,2,53,380.0,7.17,2,0.0,2,0.0,4,49.0,14,197.0,0,0,1,3,0.0,246.0,134.0,0,EW_GREEN,hold,,,
1233.0,2,53,387.0,7.302,2,0.0,2,0.0,4,51.0,14,207.0,0,0,1,7,0.0,258.0,129.0,0,EW_GREEN,hold,,,
1234.0,2,54,394.0,7.296,2,0.0,2,0.0,4,53.0,15,217.0,0,0,1,3,0.0,270.0,124.0,0,EW_GREEN,hold,,,
1235.0,2,53,399.0,7.528,2,0.0,2,0.0,4,55.0,15,227.0,0,0,1,3,0.0,282.0,117.0,0,EW_GREEN,hold,,,
1236.0,2,55,404.0,7.345,2,0.0,2,0.0,4,57.0,16,237.0,0,0,1,3,0.0,294.0,110.0,0,EW_GREEN,hold,,,
1237.0,3,54,411.0,7.611,2,0.0,2,0.0,4,60.0,16,247.0,0,0,3,0,0.0,307.0,104.0,0,EW_GREEN,hold,,,
1238.0,3,55,420.0,7.636,2,0.0,2,0.0,4,63.0,17,257.0,0,0,3,0,2.0,320.0,98.0,0,EW_GREEN,hold,,,
1239.0,3,55,430.0,7.818,2,0.0,2,0.0,4,66.0,17,267.0,0,0,3,0,4.0,333.0,93.0,0,EW_GREEN,hold,,,
1240.0,0,48,254.0,5.292,2,0.0,2,0.0,1,4.0,14,155.0,0,0,1,0,6.0,159.0,89.0,0,EW_GREEN,hold,,,
1241.0,0,47,161.0,3.426,2,0.0,2,0.0,2,0.0,14,53.0,0,0,0,0,8.0,53.0,100.0,0,EW_GREEN,hold,,,
1242.0,0,46,116.0,2.522,2,0.0,2,1.0,2,0.0,13,10.0,0,1,0,0,10.0,11.0,95.0,0,EW_GREEN,hold,,,
1243.0,0,47,104.0,2.213,2,1.0,2,2.0,1,0.0,12,0.0,1,1,0,0,12.0,3.0,89.0,0,EW_GREEN,hold,,,
1244.0,0,50,102.0,2.04,2,2.0,2,3.0,2,0.0,12,0.0,0,1,0,0,14.0,5.0,83.0,0,EW_GREEN,hold,,,
1245.0,0,48,85.0,1.771,2,3.0,2,4.0,2,0.0,11,0.0,0,1,0,0,0.0,7.0,78.0,0,EW_GREEN,hold,,,
1246.0,0,49,94.0,1.918,2,4.0,2,5.0,2,0.0,10,0.0,0,1,0,0,0.0,9.0,85.0,0,EW_GREEN,hold,,,
1247.0,0,50,87.0,1.74,2,5.0,2,6.0,2,0.0,10,0.0,0,0,0,0,0.0,11.0,76.0,0,EW_GREEN,hold,,,
1248.0,0,52,79.0,1.519,2,6.0,2,7.0,2,0.0,10,0.0,0,0,0,0,0.0,13.0,66.0,0,EW_GREEN,hold,,,
1249.0,0,54,72.0,1.333,4,7.0,4,8.0,2,0.0,9,0.0,0,0,0,0,0.0,15.0,57.0,0,EW_GREEN,hold,,,
1250.0,0,54,80.0,1.481,4,8.0,4,9.0,2,0.0,8,0.0,0,0,0,0,0.0,17.0,63.0,0,EW_GREEN,hold,,,
1251.0,0,54,75.0,1.389,4,9.0,4,10.0,2,0.0,8,0.0,0,0,0,0,0.0,19.0,56.0,0,EW_GREEN,hold,,,
1252.0,0,56,68.0,1.214,4,10.0,4,11.0,2,0.0,9,0.0,0,0,0,0,0.0,21.0,47.0,0,EW_GREEN,hold,,,
1253.0,0,55,62.0,1.127,4,11.0,4,12.0,2,0.0,8,0.0,0,0,0,0,0.0,23.0,39.0,0,EW_GREEN,hold,,,
1254.0,0,56,55.0,0.982,4,12.0,4,13.0,2,0.0,8,0.0,0,0,0,0,0.0,25.0,30.0,0,EW_YELLOW,max_green,,,
1255.0,3,55,43.0,0.782,4,13.0,4,14.0,2,0.0,9,0.0,0,0,0,0,0.0,27.0,16.0,0,EW_YELLOW,hold,,,
1256.0,3,57,41.0,0.719,4,14.0,4,15.0,2,0.0,9,0.0,0,0,0,0,0.0,29.0,12.0,0,EW_YELLOW,hold,,,
1257.0,3,57,47.0,0.825,4,15.0,4,16.0,2,0.0,9,0.0,0,0,0,0,0.0,31.0,16.0,0,NS_GREEN,yellow_end,,,
1258.0,0,56,53.0,0.946,4,16.0,4,17.0,2,0.0,9,0.0,0,0,0,0,0.0,33.0,20.0,0,NS_GREEN,hold,,,
1259.0,0,56,61.0,1.089,4,17.0,4,18.0,2,0.0,9,0.0,0,0,0,0,0.0,35.0,26.0,0,NS_GREEN,hold,,,
1260.0,0,56,69.0,1.232,4,18.0,4,19.0,2,0.0,8,0.0,0,0,0,0,0.0,37.0,32.0,0,NS_GREEN,hold,,,
1261.0,0,59,77.0,1.305,4,19.0,4,20.0,2,0.0,8,0.0,0,0,0,0,0.0,39.0,38.0,0,NS_GREEN,hold,,,
1262.0,0,61,86.0,1.41,4,20.0,4,21.0,2,0.0,8,0.0,0,0,0,0,0.0,41.0,45.0,0,NS_GREEN,hold,,,
1263.0,0,61,96.0,1.574,4,21.0,4,22.0,2,0.0,8,0.0,0,0,0,0,0.0,43.0,53.0,0,NS_GREEN,hold,,,
1264.0,0,62,106.0,1.71,4,22.0,4,23.0,2,0.0,9,0.0,0,0,0,0,0.0,45.0,61.0,0,NS_GREEN,hold,,,
1265.0,0,61,118.0,1.934,4,23.0,4,25.0,2,0.0,8,0.0,0,1,0,0,0.0,48.0,70.0,0,NS_YELLOW,pressure_ew,,,
1266.0,1,60,114.0,1.9,4,24.0,4,27.0,2,0.0,8,0.0,0,1,0,0,0.0,51.0,63.0,0,NS_YELLOW,hold,,,
1267.0,1,63,111.0,1.762,4,25.0,4,29.0,2,0.0,8,0.0,0,1,0,0,0.0,54.0,57.0,0,NS_YELLOW,hold,,,
1268.0,1,63,109.0,1.73,4,26.0,4,31.0,2,0.0,8,0.0,0,1,0,0,0.0,57.0,52.0,0,EW_GREEN,yellow_end,,,
1269.0,2,58,47.0,0.81,2,0.0,2,0.0,2,0.0,8,0.0,0,0,0,0,0.0,0.0,47.0,0,EW_GREEN,hold,,,
1270.0,2,59,43.0,0.729,2,0.0,2,0.0,2,0.0,9,0.0,0,0,0,0,0.0,0.0,43.0,0,EW_GREEN,hold,,,
1271.0,2,59,37.0,0.627,2,0.0,2,0.0,2,0.0,9,1.0,0,0,0,0,0.0,1.0,36.0,0,EW_GREEN,hold,,,
1272.0,2,59,34.0,0.576,2,0.0,2,0.0,2,0.0,9,2.0,0,0,0,0,0.0,2.0,32.0,0,EW_GREEN,hold,,,
1273.0,2,60,32.0,0.533,3,0.0,3,0.0,2,1.0,9,3.0,0,0,1,0,0.0,4.0,28.0,0,EW_GREEN,hold,,,
1274.0,2,62,31.0,0.5,3,0.0,3,0.0,2,2.0,10,4.0,0,0,1,0,1.0,6.0,24.0,0,EW_GREEN,hold,,,
1275.0,2,61,32.0,0.525,3,0.0,3,0.0,2,3.0,10,5.0,0,0,1,0,2.0,8.0,22.0,0,EW_GREEN,hold,,,
1276.0,2,59,42.0,0.712,3,0.0,3,0.0,2,4.0,10,6.0,0,0,1,0,3.0,10.0,29.0,0,EW_GREEN,hold,,,
1277.0,2,62,47.0,0.758,3,0.0,3,0.0,3,5.0,11,8.0,0,0,0,0,6.0,13.0,28.0,0,EW_GREEN,hold,,,
1278.0,2,63,58.0,0.921,3,0.0,3,0.0,4,6.0,11,11.0,0,0,0,0,10.0,17.0,31.0,0,EW_GREEN,hold,,,
1279.0,2,60,61.0,1.017,3,0.0,3,0.0,4,8.0,11,14.0,0,0,1,0,5.0,22.0,34.0,0,EW_GREEN,hold,,,
1280.0,2,59,67.0,1.136,3,0.0,3,0.0,4,10.0,11,17.0,0,0,1,0,1.0,27.0,39.0,0,EW_GREEN,hold,,,
1281.0,2,60,76.0,1.267,3,0.0,3,0.0,4,12.0,12,20.0,0,0,1,0,0.0,32.0,44.0,0,EW_GREEN,hold,,,
1282.0,2,57,88.0,1.544,3,0.0,3,0.0,4,14.0,12,23.0,0,0,1,0,0.0,37.0,51.0,0,EW_GREEN,hold,,,
1283.0,2,56,102.0,1.821,3,0.0,3,0.0,4,16.0,12,27.0,0,0,1,0,0.0,43.0,59.0,0,EW_GREEN,hold,,,
1284.0,2,56,122.0,2.179,3,0.0,3,0.0,4,18.0,13,31.0,0,0,1,0,0.0,49.0,73.0,0,EW_GREEN,hold,,,
1285.0,2,54,130.0,2.407,3,0.0,3,0.0,4,20.0,13,36.0,0,0,1,0,0.0,56.0,74.0,0,EW_GREEN,hold,,,
1286.0,2,53,137.0,2.585,3,0.0,3,0.0,4,22.0,13,41.0,0,0,1,2,0.0,63.0,74.0,0,EW_GREEN,hold,,,
1287.0,2,54,143.0,2.648,3,0.0,3,0.0,4,24.0,14,46.0,0,0,1,2,0.0,70.0,73.0,0,EW_GREEN,hold,,,
1288.0,2,53,155.0,2.925,3,0.0,2,0.0,4,26.0,14,52.0,0,0,1,2,0.0,78.0,77.0,0,EW_GREEN,hold,,,
1289.0,2,47,125.0,2.66,2,0.0,2,0.0,4,28.0,14,59.0,0,0,1,2,0.0,87.0,38.0,0,EW_GREEN,hold,,,
1290.0,2,47,117.0,2.489,2,0.0,2,0.0,4,30.0,14,66.0,0,0,1,2,0.0,96.0,21.0,0,EW_GREEN,hold,,,
1291.0,2,47,121.0,2.574,2,0.0,2,0.0,4,32.0,14,73.0,0,0,1,2,0.0,105.0,16.0,0,EW_GREEN,hold,,,
1292.0,2,44,129.0,2.932,2,0.0,2,0.0,4,34.0,14,80.0,0,0,1,2,0.0,114.0,15.0,0,EW_GREEN,hold,,,
1293.0,2,46,140.0,3.043,2,0.0,2,0.0,4,36.0,15,87.0,0,0,1,2,0.0,123.0,17.0,0,EW_GREEN,hold,,,
1294.0,2,46,152.0,3.304,2,0.0,2,0.0,4,38.0,15,94.0,0,0,1,2,0.0,132.0,20.0,0,EW_GREEN,hold,,,
1295.0,2,46,164.0,3.565,2,0.0,2,0.0,4,40.0,15,101.0,0,0,1,2,0.0,141.0,23.0,0,EW_GREEN,hold,,,
1296.0,2,45,182.0,4.044,2,0.0,2,0.0,4,42.0,15,108.0,0,0,1,0,0.0,150.0,32.0,0,EW_GREEN,hold,,,
1297.0,2,53,195.0,3.679,4,0.0,4,0.0,4,44.0,15,115.0,0,0,1,0,0.0,159.0,36.0,0,EW_GREEN,hold,,,
1298.0,2,54,209.0,3.87,4,0.0,4,0.0,4,46.0,15,122.0,0,0,1,0,0.0,168.0,41.0,0,EW_GREEN,hold,,,
1299.0,2,55,226.0,4.109,4,0.0,4,0.0,4,48.0,16,130.0,0,0,1,0,0.0,178.0,48.0,0,EW_GREEN,hold,,,
1300.0,2,54,232.0,4.296,4,0.0,4,0.0,4,50.0,16,139.0,0,0,1,3,0.0,189.0,43.0,0,EW_GREEN,hold,,,
1301.0,2,54,239.0,4.426,4,0.0,4,0.0,4,52.0,16,148.0,0,0,1,3,0.0,200.0,39.0,0,EW_GREEN,hold,,,
1302.0,2,53,244.0,4.604,4,0.0,4,0.0,4,54.0,16,157.0,0,0,1,3,0.0,211.0,33.0,0,EW_GREEN,hold,,,
1303.0,2,54,250.0,4.63,4,0.0,4,0.0,4,56.0,17,166.0,0,0,1,3,0.0,222.0,28.0,0,EW_GREEN,hold,,,
1304.0,2,53,258.0,4.868,4,0.0,4,0.0,4,58.0,17,175.0,0,0,1,3,0.0,233.0,25.0,0,EW_GREEN,hold,,,
1305.0,2,54,264.0,4.889,4,0.0,4,0.0,4,60.0,18,184.0,0,0,1,3,0.0,244.0,20.0,0,EW_GREEN,hold,,,
1306.0,2,54,281.0,5.204,4,0.0,4,0.0,4,62.0,18,194.0,0,0,1,3,0.0,256.0,25.0,0,EW_GREEN,hold,,,
1307.0,2,53,291.0,5.491,4,0.0,4,0.0,4,64.0,18,204.0,0,0,1,3,0.0,268.0,23.0,0,EW_GREEN,hold,,,
1308.0,2,55,300.0,5.455,4,0.0,4,0.0,4,66.0,19,214.0,0,0,1,3,0.0,280.0,20.0,0,EW_GREEN,hold,,,
1309.0,2,54,312.0,5.778,4,0.0,4,0.0,4,69.0,19,225.0,0,0,3,3,0.0,294.0,18.0,0,EW_GREEN,hold,,,
1310.0,2,54,324.0,6.0,4,0.0,4,0.0,4,72.0,19,236.0,0,0,3,3,0.0,308.0,16.0,0,EW_GREEN,hold,,,
1311.0,3,54,337.0,6.241,4,0.0,4,0.0,4,76.0,19,247.0,0,0,4,3,0.0,323.0,14.0,0,EW_GREEN,hold,,,
1312.0,3,53,351.0,6.623,4,0.0,4,0.0,4,80.0,19,258.0,0,0,4,3,0.0,338.0,13.0,0,EW_GREEN,hold,,,
1313.0,3,53,365.0,6.887,4,0.0,4,0.0,5,84.0,19,269.0,0,0,2,4,0.0,353.0,12.0,0,EW_GREEN,hold,,,
1314.0,0,48,181.0,3.771,4,0.0,4,0.0,2,6.0,17,166.0,0,0,0,0,0.0,172.0,9.0,0,EW_GREEN,hold,,,
1315.0,0,47,92.0,1.957,4,1.0,4,0.0,2,0.0,17,77.0,1,0,0,0,0.0,78.0,14.0,0,EW_GREEN,hold,,,
1316.0,0,48,36.0,0.75,4,2.0,4,0.0,3,0.0,17,20.0,1,0,0,0,0.0,22.0,14.0,0,EW_GREEN,hold,,,
1317.0,0,45,21.0,0.467,4,3.0,4,0.0,2,0.0,15,2.0,1,0,0,0,0.0,5.0,16.0,0,EW_GREEN,hold,,,
1318.0,0,52,17.0,0.327,4,4.0,4,0.0,2,0.0,15,0.0,1,0,0,0,0.0,4.0,13.0,0,EW_GREEN,hold,,,
1319.0,0,53,16.0,0.302,4,6.0,4,1.0,2,0.0,16,0.0,1,0,0,0,0.0,7.0,9.0,0,EW_GREEN,hold,,,
1320.0,0,53,15.0,0.283,4,8.0,4,3.0,2,0.0,14,0.0,1,1,0,0,0.0,11.0,4.0,0,EW_GREEN,hold,,,
1321.0,0,56,18.0,0.321,6,10.0,6,6.0,2,0.0,13,0.0,0,0,0,0,0.0,16.0,2.0,0,EW_GREEN,hold,,,
1322.0,0,57,26.0,0.456,6,13.0,6,9.0,2,0.0,12,0.0,0,0,0,0,0.0,22.0,4.0,0,EW_GREEN,hold,,,
1323.0,0,55,35.0,0.636,6,16.0,6,13.0,2,0.0,11,0.0,0,0,0,0,0.0,29.0,6.0,0,EW_GREEN,hold,,,
1324.0,0,55,46.0,0.836,6,20.0,6,17.0,2,0.0,10,0.0,0,0,0,0,0.0,37.0,9.0,0,EW_GREEN,hold,,,
1325.0,0,55,49.0,0.891,6,24.0,6,21.0,2,0.0,9,0.0,0,0,0,0,0.0,45.0,4.0,0,EW_GREEN,hold,,,
1326.0,0,56,56.0,1.0,6,28.0,6,25.0,2,0.0,8,0.0,0,0,0,0,0.0,53.0,3.0,0,EW_YELLOW,pressure_ns,,,
1327.0,3,58,61.0,1.052,6,32.0,6,29.0,2,0.0,9,0.0,0,0,0,0,0.0,61.0,0.0,0,EW_YELLOW,hold,,,
1328.0,3,61,69.0,1.131,6,36.0,6,33.0,2,0.0,9,0.0,0,0,0,0,0.0,69.0,0.0,0,EW_YELLOW,hold,,,
1329.0,3,61,77.0,1.262,6,40.0,6,37.0,2,0.0,10,0.0,0,0,0,0,0.0,77.0,0.0,0,NS_GREEN,yellow_end,,,
1330.0,0,60,85.0,1.417,6,44.0,6,41.0,2,0.0,9,0.0,0,0,0,0,0.0,85.0,0.0,0,NS_GREEN,hold,,,
1331.0,0,60,94.0,1.567,6,48.0,6,45.0,2,0.0,9,0.0,0,0,0,0,0.0,93.0,1.0,0,NS_GREEN,hold,,,
1332.0,0,61,101.0,1.656,6,52.0,6,49.0,2,0.0,8,0.0,0,0,0,0,0.0,101.0,0.0,0,NS_GREEN,hold,,,
1333.0,0,62,109.0,1.758,6,56.0,6,53.0,2,0.0,8,0.0,0,0,0,0,0.0,109.0,0.0,0,NS_GREEN,hold,,,
1334.0,0,64,117.0,1.828,6,60.0,6,57.0,2,0.0,9,0.0,0,0,0,0,0.0,117.0,0.0,0,NS_GREEN,hold,,,
1335.0,0,64,125.0,1.953,6,64.0,6,61.0,2,0.0,9,0.0,0,0,0,0,0.0,125.0,0.0,0,NS_GREEN,hold,,,
1336.0,0,64,133.0,2.078,6,68.0,6,65.0,2,0.0,9,0.0,0,0,0,0,0.0,133.0,0.0,0,NS_GREEN,hold,,,
1337.0,0,63,142.0,2.254,6,72.0,6,70.0,2,0.0,8,0.0,0,2,0,0,0.0,142.0,0.0,0,NS_YELLOW,pressure_ew,,,
1338.0,1,65,151.0,2.323,6,76.0,6,75.0,2,0.0,9,0.0,2,2,0,0,0.0,151.0,0.0,0,NS_YELLOW,hold,,,
1339.0,1,65,161.0,2.477,6,81.0,6,80.0,2,0.0,9,0.0,2,2,0,0,0.0,161.0,0.0,0,NS_YELLOW,hold,,,
1340.0,1,67,171.0,2.552,6,86.0,6,85.0,2,0.0,10,0.0,2,2,0,0,0.0,171.0,0.0,0,EW_GREEN,yellow_end,,,
1341.0,2,65,86.0,1.323,5,41.0,5,45.0,2,0.0,10,0.0,1,1,0,0,0.0,86.0,0.0,0,EW_GREEN,hold,,,
1342.0,2,65,62.0,0.954,5,19.0,5,42.0,2,0.0,10,0.0,0,0,0,0,0.0,61.0,1.0,0,EW_GREEN,hold,,,
1343.0,2,62,23.0,0.371,4,0.0,4,21.0,2,0.0,10,0.0,0,0,0,0,0.0,21.0,2.0,0,EW_GREEN,hold,,,
1344.0,2,61,4.0,0.066,3,0.0,4,0.0,2,0.0,10,0.0,0,0,0,0,0.0,0.0,4.0,0,EW_GREEN,hold,,,
1345.0,2,65,7.0,0.108,5,0.0,5,0.0,2,1.0,11,0.0,0,0,1,0,0.0,1.0,6.0,0,EW_GREEN,hold,,,
1346.0,2,65,11.0,0.169,5,0.0,5,0.0,2,2.0,11,0.0,0,0,1,0,0.0,2.0,9.0,0,EW_GREEN,hold,,,
1347.0,2,62,16.0,0.258,4,0.0,4,0.0,2,3.0,12,0.0,0,0,1,0,0.0,3.0,13.0,0,EW_GREEN,hold,,,
1348.0,2,61,21.0,0.344,4,0.0,4,0.0,2,4.0,12,0.0,0,0,1,0,0.0,4.0,17.0,0,EW_GREEN,hold,,,
1349.0,2,61,27.0,0.443,4,0.0,4,0.0,3,5.0,12,0.0,0,0,0,0,1.0,5.0,21.0,0,EW_GREEN,hold,,,
1350.0,2,62,35.0,0.565,4,0.0,4,0.0,3,7.0,12,0.0,0,0,1,0,2.0,7.0,26.0,0,EW_GREEN,hold,,,
1351.0,2,61,44.0,0.721,3,0.0,3,0.0,3,9.0,12,0.0,0,0,1,0,3.0,9.0,32.0,0,EW_GREEN,hold,,,
1352.0,2,61,54.0,0.885,3,0.0,3,0.0,3,11.0,12,0.0,0,0,1,0,4.0,11.0,39.0,0,EW_GREEN,hold,,,
1353.0,2,62,65.0,1.048,3,0.0,3,0.0,3,13.0,12,1.0,0,0,1,0,5.0,14.0,46.0,0,EW_GREEN,hold,,,
1354.0,2,60,78.0,1.3,3,0.0,3,0.0,3,15.0,12,3.0,0,0,1,0,6.0,18.0,54.0,0,EW_GREEN,hold,,,
1355.0,2,61,91.0,1.492,3,0.0,3,0.0,3,17.0,13,5.0,0,0,1,0,7.0,22.0,62.0,0,EW_GREEN,hold,,,
1356.0,2,58,106.0,1.828,3,0.0,3,0.0,3,19.0,13,8.0,0,0,1,0,8.0,27.0,71.0,0,EW_GREEN,hold,,,
1357.0,2,59,121.0,2.051,3,0.0,3,0.0,3,21.0,13,11.0,0,0,1,0,9.0,32.0,80.0,0,EW_GREEN,hold,,,
1358.0,2,59,138.0,2.339,3,0.0,3,0.0,3,23.0,13,15.0,0,0,1,0,10.0,38.0,90.0,0,EW_GREEN,hold,,,
1359.0,2,57,146.0,2.561,2,0.0,2,0.0,3,25.0,13,20.0,0,0,1,0,0.0,45.0,101.0,0,EW_GREEN,hold,,,
1360.0,2,57,165.0,2.895,2,0.0,2,0.0,3,27.0,13,25.0,0,0,1,0,1.0,52.0,112.0,0,EW_GREEN,hold,,,
1361.0,2,57,189.0,3.316,2,0.0,2,0.0,3,29.0,13,31.0,0,0,1,0,5.0,60.0,124.0,0,EW_GREEN,hold,,,
1362.0,2,57,212.0,3.719,2,0.0,2,0.0,3,31.0,13,37.0,0,0,1,0,7.0,68.0,137.0,0,EW_GREEN,hold,,,
1363.0,2,58,239.0,4.121,2,0.0,2,0.0,4,33.0,13,44.0,0,0,1,2,11.0,77.0,151.0,0,EW_GREEN,hold,,,
1364.0,2,58,268.0,4.621,2,0.0,2,0.0,4,35.0,13,51.0,0,0,1,2,17.0,86.0,165.0,0,EW_GREEN,hold,,,
1365.0,2,59,300.0,5.085,2,0.0,2,0.0,4,37.0,14,59.0,0,0,1,2,24.0,96.0,180.0,0,EW_GREEN,hold,,,
1366.0,2,59,333.0,5.644,2,0.0,2,0.0,4,39.0,14,67.0,0,0,1,2,32.0,106.0,195.0,0,EW_GREEN,hold,,,
1367.0,2,58,367.0,6.328,2,0.0,2,0.0,4,41.0,14,75.0,0,0,1,2,40.0,116.0,211.0,0,EW_GREEN,hold,,,
1368.0,2,60,402.0,6.7,2,0.0,2,0.0,4,43.0,15,83.0,0,0,1,3,48.0,126.0,228.0,0,EW_GREEN,hold,,,
1369.0,2,65,438.0,6.738,3,0.0,3,0.0,4,45.0,15,91.0,0,0,1,4,56.0,136.0,246.0,0,EW_GREEN,hold,,,
1370.0,2,63,444.0,7.048,3,0.0,3,0.0,4,47.0,15,99.0,0,0,1,0,34.0,146.0,264.0,0,EW_GREEN,hold,,,
1371.0,2,63,455.0,7.222,3,0.0,3,0.0,4,49.0,15,107.0,0,0,1,0,16.0,156.0,283.0,0,EW_GREEN,hold,,,
1372.0,2,63,476.0,7.556,3,0.0,3,0.0,4,51.0,15,116.0,0,0,1,7,7.0,167.0,302.0,0,EW_GREEN,hold,,,
1373.0,2,61,502.0,8.23,3,0.0,3,0.0,4,53.0,15,126.0,0,0,1,7,0.0,179.0,323.0,0,EW_GREEN,hold,,,
1374.0,2,58,502.0,8.655,3,0.0,3,0.0,4,55.0,15,136.0,0,0,1,7,0.0,191.0,311.0,0,EW_GREEN,hold,,,
1375.0,2,58,502.0,8.655,3,0.0,3,0.0,4,57.0,16,146.0,0,0,1,7,0.0,203.0,299.0,0,EW_GREEN,hold,,,
1376.0,2,57,503.0,8.825,3,0.0,3,0.0,4,59.0,16,156.0,0,0,1,7,0.0,215.0,288.0,0,EW_GREEN,hold,,,
1377.0,2,57,504.0,8.842,3,0.0,3,0.0,4,61.0,16,166.0,0,0,1,7,0.0,227.0,277.0,0,EW_GREEN,hold,,,
1378.0,2,57,507.0,8.895,3,0.0,3,0.0,4,63.0,17,177.0,0,0,1,3,0.0,240.0,267.0,0,EW_GREEN,hold,,,
1379.0,2,57,509.0,8.93,3,0.0,3,0.0,4,65.0,17,188.0,0,0,1,0,0.0,253.0,256.0,0,EW_GREEN,hold,,,
1380.0,2,57,510.0,8.947,3,0.0,3,0.0,4,67.0,17,199.0,0,0,1,0,0.0,266.0,244.0,0,EW_GREEN,hold,,,
1381.0,2,58,513.0,8.845,3,0.0,3,0.0,4,70.0,18,210.0,0,0,3,4,1.0,280.0,232.0,0,EW_GREEN,hold,,,
1382.0,2,58,516.0,8.897,3,0.0,3,0.0,4,73.0,18,221.0,0,0,3,4,2.0,294.0,220.0,0,EW_GREEN,hold,,,
1383.0,3,56,520.0,9.286,2,0.0,3,0.0,4,76.0,18,232.0,0,0,3,4,3.0,308.0,209.0,0,EW_GREEN,hold,,,
1384.0,3,54,525.0,9.722,2,0.0,3,0.0,4,79.0,18,244.0,0,0,3,4,5.0,323.0,197.0,0,EW_GREEN,hold,,,
1385.0,3,56,558.0,9.964,2,0.0,3,0.0,5,82.0,19,257.0,0,0,1,4,8.0,339.0,211.0,0,EW_GREEN,hold,,,
1386.0,0,51,392.0,7.686,2,0.0,3,0.0,3,6.0,16,175.0,0,0,0,3,11.0,181.0,200.0,0,EW_GREEN,hold,,,
1387.0,0,51,301.0,5.902,2,0.0,3,0.0,4,0.0,16,98.0,0,0,0,0,14.0,98.0,189.0,0,EW_GREEN,hold,,,
1388.0,0,51,231.0,4.529,2,0.0,3,1.0,4,0.0,16,36.0,0,1,0,0,17.0,37.0,177.0,0,EW_GREEN,hold,,,
1389.0,0,50,188.0,3.76,2,0.0,3,2.0,3,0.0,15,5.0,0,0,0,0,20.0,7.0,161.0,0,EW_GREEN,hold,,,
1390.0,0,53,172.0,3.245,2,0.0,3,3.0,3,0.0,14,0.0,0,0,0,0,23.0,3.0,146.0,0,EW_GREEN,hold,,,
1391.0,0,53,159.0,3.0,2,0.0,3,4.0,3,0.0,13,0.0,0,0,0,0,26.0,4.0,129.0,0,EW_GREEN,hold,,,
1392.0,0,51,148.0,2.902,2,0.0,3,5.0,2,0.0,13,0.0,0,0,0,0,8.0,5.0,135.0,0,EW_GREEN,hold,,,
1393.0,0,56,123.0,2.196,4,0.0,5,6.0,2,0.0,12,0.0,0,0,0,0,0.0,6.0,117.0,0,EW_GREEN,hold,,,
1394.0,0,56,108.0,1.929,4,0.0,5,7.0,2,0.0,11,0.0,0,0,0,0,0.0,7.0,101.0,0,EW_GREEN,hold,,,
1395.0,0,54,91.0,1.685,4,0.0,5,8.0,2,0.0,10,0.0,0,0,0,0,0.0,8.0,83.0,0,EW_GREEN,hold,,,
1396.0,0,53,72.0,1.358,4,0.0,5,9.0,2,0.0,8,0.0,0,0,0,0,0.0,9.0,63.0,0,EW_YELLOW,pressure_ns,,,
1397.0,3,55,57.0,1.036,4,0.0,5,10.0,2,0.0,9,0.0,0,0,0,0,0.0,10.0,47.0,0,EW_YELLOW,hold,,,
1398.0,3,56,42.0,0.75,4,0.0,5,11.0,2,0.0,9,0.0,0,0,0,0,0.0,11.0,31.0,0,EW_YELLOW,hold,,,
1399.0,3,58,48.0,0.828,4,0.0,5,12.0,2,0.0,10,0.0,0,0,0,0,0.0,12.0,36.0,0,NS_GREEN,yellow_end,,,
1400.0,0,55,26.0,0.473,4,0.0,5,13.0,2,0.0,8,0.0,0,0,0,0,0.0,13.0,13.0,0,NS_GREEN,hold,,,
1401.0,0,56,31.0,0.554,4,0.0,5,14.0,2,0.0,8,0.0,0,0,0,0,0.0,14.0,17.0,0,NS_GREEN,hold,,,
1402.0,0,57,36.0,0.632,4,0.0,5,15.0,2,0.0,8,0.0,0,0,0,0,0.0,15.0,21.0,0,NS_GREEN,hold,,,
1403.0,0,58,42.0,0.724,4,0.0,5,16.0,2,0.0,8,0.0,0,0,0,0,0.0,16.0,26.0,0,NS_GREEN,hold,,,
1404.0,0,58,48.0,0.828,4,0.0,5,17.0,2,0.0,8,0.0,0,0,0,0,0.0,17.0,31.0,0,NS_GREEN,hold,,,
1405.0,0,58,55.0,0.948,4,0.0,5,18.0,2,0.0,7,0.0,0,0,0,0,0.0,18.0,37.0,0,NS_GREEN,hold,,,
1406.0,0,60,63.0,1.05,4,0.0,5,19.0,2,0.0,8,0.0,0,0,0,0,0.0,19.0,44.0,0,NS_GREEN,hold,,,
1407.0,0,61,72.0,1.18,4,0.0,5,20.0,2,0.0,8,0.0,0,0,0,0,0.0,20.0,52.0,0,NS_YELLOW,pressure_ew,,,
1408.0,1,61,81.0,1.328,4,0.0,5,21.0,2,0.0,8,0.0,0,0,0,0,0.0,21.0,60.0,0,NS_YELLOW,hold,,,
1409.0,1,62,91.0,1.468,4,0.0,5,22.0,2,0.0,8,0.0,0,0,0,0,0.0,22.0,69.0,0,NS_YELLOW,hold,,,
1410.0,1,62,103.0,1.661,4,0.0,5,24.0,2,0.0,8,0.0,0,1,0,0,0.0,24.0,79.0,0,EW_GREEN,yellow_end,,,
1411.0,2,59,73.0,1.237,3,0.0,3,0.0,2,0.0,8,0.0,0,0,0,0,0.0,0.0,73.0,0,EW_GREEN,hold,,,
1412.0,2,59,67.0,1.136,3,0.0,3,0.0,2,0.0,8,0.0,0,0,0,0,0.0,0.0,67.0,0,EW_GREEN,hold,,,
1413.0,2,59,61.0,1.034,3,0.0,3,0.0,2,0.0,8,0.0,0,0,0,0,0.0,0.0,61.0,0,EW_GREEN,hold,,,
1414.0,2,59,57.0,0.966,3,0.0,3,0.0,2,0.0,8,1.0,0,0,0,0,0.0,1.0,56.0,0,EW_GREEN,hold,,,
1415.0,2,59,55.0,0.932,3,0.0,3,0.0,2,0.0,8,2.0,0,0,0,0,0.0,2.0,53.0,0,EW_GREEN,hold,,,
1416.0,2,59,54.0,0.915,3,0.0,3,0.0,2,0.0,8,3.0,0,0,0,0,0.0,3.0,51.0,0,EW_GREEN,hold,,,
1417.0,2,62,54.0,0.871,4,0.0,4,0.0,2,0.0,9,4.0,0,0,0,0,0.0,4.0,50.0,0,EW_GREEN,hold,,,
1418.0,2,61,49.0,0.803,4,0.0,4,0.0,2,1.0,9,5.0,0,0,1,0,0.0,6.0,43.0,0,EW_GREEN,hold,,,
1419.0,2,61,50.0,0.82,4,0.0,4,0.0,2,3.0,9,8.0,0,0,2,0,0.0,11.0,39.0,0,EW_GREEN,hold,,,
1420.0,2,61,50.0,0.82,4,0.0,4,0.0,2,5.0,10,11.0,0,0,2,0,0.0,16.0,34.0,0,EW_GREEN,hold,,,
1421.0,2,61,52.0,0.852,4,0.0,4,0.0,3,7.0,10,14.0,0,0,1,0,0.0,21.0,31.0,0,EW_GREEN,hold,,,
1422.0,2,60,55.0,0.917,4,0.0,4,0.0,3,9.0,10,17.0,0,0,1,0,1.0,26.0,28.0,0,EW_GREEN,hold,,,
1423.0,2,61,58.0,0.951,4,0.0,4,0.0,3,11.0,11,20.0,0,0,1,0,2.0,31.0,25.0,0,EW_GREEN,hold,,,
1424.0,2,60,75.0,1.25,4,0.0,4,0.0,3,13.0,11,25.0,0,0,1,0,3.0,38.0,34.0,0,EW_GREEN,hold,,,
1425.0,2,60,83.0,1.383,4,0.0,4,0.0,3,15.0,11,30.0,0,0,1,0,4.0,45.0,34.0,0,EW_GREEN,hold,,,
1426.0,2,59,91.0,1.542,4,0.0,4,0.0,3,17.0,11,35.0,0,0,1,0,5.0,52.0,34.0,0,EW_GREEN,hold,,,
1427.0,2,57,111.0,1.947,4,0.0,4,0.0,3,19.0,12,40.0,0,0,1,0,6.0,59.0,46.0,0,EW_GREEN,hold,,,
1428.0,2,57,113.0,1.982,4,0.0,4,0.0,3,21.0,12,45.0,0,0,1,0,7.0,66.0,40.0,0,EW_GREEN,hold,,,
1429.0,2,57,131.0,2.298,4,0.0,4,0.0,3,23.0,12,50.0,0,0,1,0,8.0,73.0,50.0,0,EW_GREEN,hold,,,
1430.0,2,56,133.0,2.375,4,0.0,4,0.0,3,25.0,12,56.0,0,0,1,0,0.0,81.0,52.0,0,EW_GREEN,hold,,,
1431.0,2,52,117.0,2.25,3,0.0,3,0.0,3,27.0,12,62.0,0,0,1,0,1.0,89.0,27.0,0,EW_GREEN,hold,,,
1432.0,2,53,119.0,2.245,3,0.0,3,0.0,3,29.0,13,69.0,0,0,1,0,2.0,98.0,19.0,0,EW_GREEN,hold,,,
1433.0,2,53,127.0,2.396,3,0.0,3,0.0,3,31.0,13,76.0,0,0,1,0,5.0,107.0,15.0,0,EW_GREEN,hold,,,
1434.0,2,54,135.0,2.5,3,0.0,3,0.0,4,33.0,13,83.0,0,0,1,0,8.0,116.0,11.0,0,EW_GREEN,hold,,,
1435.0,2,53,151.0,2.849,3,0.0,3,0.0,4,35.0,13,90.0,0,0,1,0,12.0,125.0,14.0,0,EW_GREEN,hold,,,
1436.0,2,52,160.0,3.077,3,0.0,3,0.0,4,37.0,13,97.0,0,0,1,0,17.0,134.0,9.0,0,EW_GREEN,hold,,,
1437.0,2,52,178.0,3.423,2,0.0,3,0.0,4,39.0,14,104.0,0,0,1,0,23.0,143.0,12.0,0,EW_GREEN,hold,,,
1438.0,2,52,198.0,3.808,2,0.0,2,0.0,4,41.0,14,112.0,0,0,1,0,29.0,153.0,16.0,0,EW_GREEN,hold,,,
1439.0,2,52,220.0,4.231,2,0.0,2,0.0,4,43.0,14,120.0,0,0,1,0,36.0,163.0,21.0,0,EW_GREEN,hold,,,
1440.0,2,52,243.0,4.673,2,0.0,2,0.0,4,45.0,14,128.0,0,0,1,0,44.0,173.0,26.0,0,EW_GREEN,hold,,,
1441.0,2,55,238.0,4.327,3,0.0,4,0.0,4,47.0,14,136.0,0,0,1,0,23.0,183.0,32.0,0,EW_GREEN,hold,,,
1442.0,2,56,231.0,4.125,4,0.0,4,0.0,4,49.0,14,144.0,0,0,1,0,10.0,193.0,28.0,0,EW_GREEN,hold,,,
1443.0,2,56,228.0,4.071,4,0.0,4,0.0,4,51.0,14,152.0,0,0,1,0,0.0,203.0,25.0,0,EW_GREEN,hold,,,
1444.0,2,57,235.0,4.123,4,0.0,4,0.0,4,53.0,14,160.0,0,0,1,0,0.0,213.0,22.0,0,EW_GREEN,hold,,,
1445.0,2,55,243.0,4.418,3,0.0,3,0.0,4,55.0,14,168.0,0,0,1,3,0.0,223.0,20.0,0,EW_GREEN,hold,,,
1446.0,2,55,252.0,4.582,3,0.0,3,0.0,4,57.0,14,176.0,0,0,1,3,0.0,233.0,19.0,0,EW_GREEN,hold,,,
1447.0,2,56,260.0,4.643,3,0.0,3,0.0,4,59.0,14,184.0,0,0,1,3,0.0,243.0,17.0,0,EW_GREEN,hold,,,
1448.0,2,55,269.0,4.891,3,0.0,3,0.0,4,61.0,14,192.0,0,0,1,0,0.0,253.0,16.0,0,EW_GREEN,hold,,,
1449.0,2,58,277.0,4.776,3,0.0,3,0.0,4,63.0,15,200.0,0,0,1,0,0.0,263.0,14.0,0,EW_GREEN,hold,,,
1450.0,2,58,294.0,5.069,3,0.0,3,0.0,4,65.0,15,210.0,0,0,1,0,0.0,275.0,19.0,0,EW_GREEN,hold,,,
1451.0,2,58,304.0,5.241,3,0.0,3,0.0,4,67.0,15,220.0,0,0,1,4,0.0,287.0,17.0,0,EW_GREEN,hold,,,
1452.0,2,58,316.0,5.448,3,0.0,3,0.0,4,69.0,15,230.0,0,0,1,4,0.0,299.0,17.0,0,EW_GREEN,hold,,,
1453.0,3,59,329.0,5.576,3,0.0,3,0.0,4,71.0,15,241.0,0,0,1,4,0.0,312.0,17.0,0,EW_GREEN,hold,,,
1454.0,3,59,350.0,5.932,3,0.0,3,0.0,4,74.0,15,252.0,0,0,3,4,0.0,326.0,24.0,0,EW_GREEN,hold,,,
1455.0,3,59,366.0,6.203,3,0.0,3,0.0,4,77.0,15,263.0,0,0,3,4,0.0,340.0,26.0,0,EW_GREEN,hold,,,
1456.0,0,54,193.0,3.574,3,0.0,3,0.0,2,3.0,12,160.0,0,0,1,3,0.0,163.0,30.0,0,EW_GREEN,hold,,,
1457.0,0,51,105.0,2.059,3,0.0,3,1.0,2,0.0,12,69.0,0,1,0,0,0.0,70.0,35.0,0,EW_GREEN,hold,,,
1458.0,0,52,61.0,1.173,3,0.0,3,3.0,3,0.0,12,16.0,0,1,0,0,0.0,19.0,42.0,0,EW_GREEN,hold,,,
1459.0,0,50,53.0,1.06,3,1.0,3,5.0,2,0.0,10,0.0,1,1,0,0,0.0,6.0,47.0,0,EW_GREEN,hold,,,
1460.0,0,54,63.0,1.167,3,3.0,3,7.0,3,0.0,10,0.0,1,1,0,0,0.0,10.0,53.0,0,EW_GREEN,hold,,,
1461.0,0,55,75.0,1.364,3,5.0,3,9.0,3,0.0,10,0.0,1,1,0,0,0.0,14.0,61.0,0,EW_GREEN,hold,,,
1462.0,0,56,87.0,1.554,3,7.0,3,11.0,3,0.0,8,0.0,1,1,0,0,0.0,18.0,69.0,0,EW_GREEN,hold,,,
1463.0,0,54,100.0,1.852,3,9.0,3,13.0,2,0.0,7,0.0,1,1,0,0,0.0,22.0,78.0,0,EW_YELLOW,pressure_ns,,,
1464.0,3,57,114.0,2.0,3,11.0,3,15.0,2,0.0,8,0.0,1,1,0,0,0.0,26.0,88.0,0,EW_YELLOW,hold,,,
1465.0,3,60,129.0,2.15,4,13.0,4,17.0,2,0.0,8,1.0,0,0,0,0,0.0,31.0,98.0,0,EW_YELLOW,hold,,,
1466.0,3,60,144.0,2.4,4,15.0,4,19.0,2,0.0,8,2.0,0,0,0,0,0.0,36.0,108.0,0,NS_GREEN,yellow_end,,,
1467.0,0,57,157.0,2.754,4,17.0,4,21.0,2,0.0,6,0.0,0,0,0,0,0.0,38.0,119.0,0,NS_GREEN,hold,,,
1468.0,0,58,173.0,2.983,4,19.0,4,23.0,2,0.0,7,0.0,0,0,0,0,0.0,42.0,131.0,0,NS_GREEN,hold,,,
1469.0,0,58,190.0,3.276,4,21.0,4,25.0,2,0.0,7,0.0,0,0,0,0,0.0,46.0,144.0,0,NS_GREEN,hold,,,
1470.0,0,59,207.0,3.508,4,23.0,4,27.0,2,0.0,6,0.0,0,0,0,0,0.0,50.0,157.0,0,NS_GREEN,hold,,,
1471.0,0,59,225.0,3.814,4,25.0,4,29.0,2,0.0,5,0.0,0,0,0,0,0.0,54.0,171.0,0,NS_GREEN,hold,,,
1472.0,0,60,244.0,4.067,4,27.0,4,31.0,2,0.0,5,0.0,0,0,0,0,0.0,58.0,186.0,0,NS_GREEN,hold,,,
1473.0,0,60,264.0,4.4,4,29.0,4,33.0,2,0.0,5,0.0,0,0,0,0,0.0,62.0,202.0,0,NS_GREEN,hold,,,
1474.0,0,62,285.0,4.597,4,31.0,4,35.0,2,0.0,6,0.0,0,0,0,0,0.0,66.0,219.0,0,NS_YELLOW,pressure_ew,,,
1475.0,1,61,306.0,5.016,4,33.0,4,37.0,2,0.0,6,0.0,0,0,0,0,0.0,70.0,236.0,0,NS_YELLOW,hold,,,
1476.0,1,60,328.0,5.467,4,35.0,4,39.0,2,0.0,6,0.0,0,0,0,0,0.0,74.0,254.0,0,NS_YELLOW,hold,,,
1477.0,1,63,351.0,5.571,4,37.0,4,41.0,2,0.0,7,0.0,0,0,0,0,0.0,78.0,273.0,0,EW_GREEN,yellow_end,,,
1478.0,2,58,292.0,5.034,2,0.0,2,0.0,2,0.0,7,0.0,0,0,0,0,0.0,0.0,292.0,0,EW_GREEN,hold,,,
1479.0,2,58,313.0,5.397,2,0.0,2,0.0,2,0.0,7,0.0,0,0,0,0,0.0,0.0,313.0,0,EW_GREEN,hold,,,
1480.0,2,60,336.0,5.6,2,0.0,2,0.0,2,0.0,8,0.0,0,0,0,0,0.0,0.0,336.0,0,EW_GREEN,hold,,,
1481.0,2,58,359.0,6.19,1,0.0,1,0.0,2,0.0,8,0.0,0,0,0,0,0.0,0.0,359.0,0,EW_GREEN,hold,,,
1482.0,2,58,383.0,6.603,1,0.0,1,0.0,2,0.0,8,0.0,0,0,0,0,0.0,0.0,383.0,0,EW_GREEN,hold,,,
1483.0,2,59,408.0,6.915,1,0.0,1,0.0,2,0.0,8,0.0,0,0,0,0,0.0,0.0,408.0,0,EW_GREEN,hold,,,
1484.0,2,59,433.0,7.339,1,0.0,1,0.0,2,0.0,8,0.0,0,0,0,0,0.0,0.0,433.0,0,EW_GREEN,hold,,,
1485.0,2,59,458.0,7.763,1,0.0,1,0.0,2,0.0,8,0.0,0,0,0,0,0.0,0.0,458.0,0,EW_GREEN,hold,,,
1486.0,2,59,484.0,8.203,1,0.0,1,0.0,2,0.0,8,1.0,0,0,0,0,0.0,1.0,483.0,0,EW_GREEN,hold,,,
1487.0,2,56,493.0,8.804,1,0.0,1,0.0,2,0.0,8,2.0,0,0,0,0,0.0,2.0,491.0,0,EW_GREEN,hold,,,
1488.0,2,55,517.0,9.4,1,0.0,1,0.0,2,0.0,8,3.0,0,0,0,0,0.0,3.0,514.0,0,EW_GREEN,hold,,,
1489.0,2,59,499.0,8.458,3,0.0,3,0.0,2,0.0,9,4.0,0,0,0,0,0.0,4.0,495.0,0,EW_GREEN,hold,,,
1490.0,2,58,483.0,8.328,3,0.0,3,0.0,2,0.0,9,5.0,0,0,0,0,0.0,5.0,478.0,0,EW_GREEN,hold,,,
1491.0,2,57,465.0,8.158,3,0.0,3,0.0,2,0.0,9,6.0,0,0,0,0,0.0,6.0,459.0,0,EW_GREEN,hold,,,
1492.0,2,56,447.0,7.982,3,0.0,3,0.0,2,0.0,9,7.0,0,0,0,0,0.0,7.0,440.0,0,EW_GREEN,hold,,,
1493.0,2,57,469.0,8.228,3,0.0,3,0.0,2,1.0,10,8.0,0,0,1,0,1.0,9.0,459.0,0,EW_GREEN,hold,,,
1494.0,2,58,456.0,7.862,3,0.0,3,0.0,3,2.0,10,11.0,0,0,0,0,3.0,13.0,440.0,0,EW_GREEN,hold,,,
1495.0,2,58,443.0,7.638,3,0.0,3,0.0,3,3.0,10,14.0,0,0,0,0,6.0,17.0,420.0,0,EW_GREEN,hold,,,
1496.0,2,59,430.0,7.288,3,0.0,3,0.0,4,5.0,10,17.0,0,0,1,0,9.0,22.0,399.0,0,EW_GREEN,hold,,,
1497.0,2,58,419.0,7.224,3,0.0,3,0.0,4,7.0,10,20.0,0,0,1,0,12.0,27.0,380.0,0,EW_GREEN,hold,,,
1498.0,2,58,407.0,7.017,3,0.0,3,0.0,4,9.0,10,23.0,0,0,1,0,15.0,32.0,360.0,0,EW_GREEN,hold,,,
1499.0,2,57,399.0,7.0,3,0.0,3,0.0,4,11.0,10,26.0,0,0,1,0,21.0,37.0,341.0,0,EW_GREEN,hold,,,
1500.0,2,58,392.0,6.759,3,0.0,3,0.0,4,13.0,11,29.0,0,0,1,0,27.0,42.0,323.0,0,EW_GREEN,hold,,,
1501.0,2,58,389.0,6.707,3,0.0,3,0.0,4,15.0,11,33.0,0,0,1,1,35.0,48.0,306.0,0,EW_GREEN,hold,,,
1502.0,2,58,385.0,6.638,3,0.0,3,0.0,4,17.0,11,35.0,0,0,1,0,44.0,52.0,289.0,0,EW_GREEN,hold,,,
1503.0,2,55,352.0,6.4,2,0.0,3,0.0,4,19.0,11,38.0,0,0,1,0,23.0,57.0,272.0,0,EW_GREEN,hold,,,
1504.0,2,54,361.0,6.685,2,0.0,2,0.0,4,21.0,11,41.0,0,0,1,0,12.0,62.0,287.0,0,EW_GREEN,hold,,,
1505.0,2,53,344.0,6.491,2,0.0,2,0.0,4,23.0,11,46.0,0,0,1,1,6.0,69.0,269.0,0,EW_GREEN,hold,,,
1506.0,2,51,326.0,6.392,2,0.0,2,0.0,4,25.0,11,51.0,0,0,1,1,0.0,76.0,250.0,0,EW_GREEN,hold,,,
1507.0,2,51,314.0,6.157,2,0.0,2,0.0,4,27.0,11,56.0,0,0,1,1,0.0,83.0,231.0,0,EW_GREEN,hold,,,
1508.0,2,49,336.0,6.857,2,0.0,2,0.0,4,29.0,11,61.0,0,0,1,1,0.0,90.0,246.0,0,EW_GREEN,hold,,,
1509.0,2,48,324.0,6.75,2,0.0,2,0.0,4,31.0,12,66.0,0,0,1,1,0.0,97.0,227.0,0,EW_GREEN,hold,,,
1510.0,2,47,312.0,6.638,2,0.0,2,0.0,4,33.0,12,71.0,0,0,1,1,0.0,104.0,208.0,0,EW_GREEN,hold,,,
1511.0,2,45,300.0,6.667,2,0.0,2,0.0,4,35.0,12,77.0,0,0,1,1,0.0,112.0,188.0,0,EW_GREEN,hold,,,
1512.0,2,45,289.0,6.422,2,0.0,2,0.0,4,37.0,12,83.0,0,0,1,2,0.0,120.0,169.0,0,EW_GREEN,hold,,,
1513.0,2,49,279.0,5.694,3,0.0,3,0.0,4,39.0,12,89.0,0,0,1,0,0.0,128.0,151.0,0,EW_GREEN,hold,,,
1514.0,2,50,268.0,5.36,3,0.0,3,0.0,4,41.0,12,95.0,0,0,1,0,0.0,136.0,132.0,0,EW_GREEN,hold,,,
1515.0,2,50,291.0,5.82,3,0.0,3,0.0,4,43.0,12,102.0,0,0,1,3,0.0,145.0,146.0,0,EW_GREEN,hold,,,
1516.0,2,49,293.0,5.98,3,0.0,3,0.0,4,45.0,12,110.0,0,0,1,5,0.0,155.0,138.0,0,EW_GREEN,hold,,,
1517.0,2,50,296.0,5.92,3,0.0,3,0.0,4,47.0,12,118.0,0,0,1,5,0.0,165.0,131.0,0,EW_GREEN,hold,,,
1518.0,2,49,299.0,6.102,3,0.0,3,0.0,4,49.0,12,126.0,0,0,1,5,0.0,175.0,124.0,0,EW_GREEN,hold,,,
1519.0,2,50,301.0,6.02,3,0.0,3,0.0,4,51.0,13,134.0,0,0,1,5,0.0,185.0,116.0,0,EW_GREEN,hold,,,
1520.0,3,49,304.0,6.204,3,0.0,3,0.0,4,53.0,13,142.0,0,0,1,5,0.0,195.0,109.0,0,EW_GREEN,hold,,,
1521.0,3,49,306.0,6.245,3,0.0,3,0.0,4,55.0,13,150.0,0,0,1,5,0.0,205.0,101.0,0,EW_GREEN,hold,,,
1522.0,3,50,311.0,6.22,3,0.0,3,0.0,4,57.0,14,159.0,0,0,1,2,0.0,216.0,95.0,0,EW_GREEN,hold,,,
1523.0,0,45,171.0,3.8,3,0.0,3,0.0,2,0.0,12,81.0,0,0,0,0,0.0,81.0,90.0,0,EW_GREEN,hold,,,
1524.0,0,46,130.0,2.826,3,0.0,3,0.0,2,0.0,12,27.0,0,0,0,0,0.0,27.0,103.0,0,EW_GREEN,hold,,,
1525.0,0,45,99.0,2.2,3,0.0,3,0.0,1,0.0,12,4.0,0,0,0,0,0.0,4.0,95.0,0,EW_GREEN,hold,,,
1526.0,0,45,92.0,2.044,3,0.0,3,0.0,0,0.0,11,0.0,0,0,0,0,0.0,0.0,92.0,0,EW_GREEN,hold,,,
1527.0,0,47,89.0,1.894,3,0.0,3,0.0,0,0.0,10,0.0,0,0,0,0,0.0,0.0,89.0,0,EW_GREEN,hold,,,
1528.0,0,48,85.0,1.771,3,0.0,3,0.0,0,0.0,10,0.0,0,0,0,0,0.0,0.0,85.0,0,EW_GREEN,hold,,,
1529.0,0,47,82.0,1.745,3,0.0,3,0.0,0,0.0,9,0.0,0,0,0,0,0.0,0.0,82.0,0,EW_GREEN,hold,,,
1530.0,0,45,79.0,1.756,3,1.0,3,0.0,0,0.0,9,0.0,1,0,0,0,0.0,1.0,78.0,0,EW_GREEN,hold,,,
1531.0,0,47,76.0,1.617,3,2.0,3,1.0,1,0.0,7,0.0,1,1,0,0,0.0,3.0,73.0,0,EW_GREEN,hold,,,
1532.0,0,46,71.0,1.543,3,3.0,3,2.0,1,0.0,7,0.0,0,1,0,0,0.0,5.0,66.0,0,EW_GREEN,hold,,,
1533.0,0,47,67.0,1.426,3,4.0,3,3.0,2,0.0,6,0.0,0,0,0,0,0.0,7.0,60.0,0,EW_GREEN,hold,,,
1534.0,0,51,76.0,1.49,3,5.0,3,4.0,2,0.0,7,0.0,0,0,0,0,0.0,9.0,67.0,0,EW_GREEN,hold,,,
1535.0,0,51,70.0,1.373,3,6.0,3,5.0,2,0.0,7,0.0,0,0,0,0,0.0,11.0,59.0,0,EW_GREEN,hold,,,
1536.0,0,51,64.0,1.255,3,7.0,3,6.0,2,0.0,7,0.0,0,0,0,0,0.0,13.0,51.0,0,EW_GREEN,hold,,,
1537.0,0,56,58.0,1.036,5,8.0,5,7.0,2,0.0,8,0.0,0,0,0,0,0.0,15.0,43.0,0,EW_YELLOW,max_green,,,
1538.0,3,56,51.0,0.911,5,9.0,5,8.0,2,0.0,8,0.0,0,0,0,0,0.0,17.0,34.0,0,EW_YELLOW,hold,,,
1539.0,3,56,56.0,1.0,5,10.0,5,9.0,2,0.0,8,0.0,0,0,0,0,0.0,19.0,37.0,0,EW_YELLOW,hold,,,
1540.0,3,55,47.0,0.855,5,11.0,5,10.0,2,0.0,8,1.0,0,0,0,0,0.0,22.0,25.0,0,NS_GREEN,yellow_end,,,
1541.0,0,55,36.0,0.655,5,12.0,5,11.0,2,0.0,8,0.0,0,0,0,0,0.0,23.0,13.0,0,NS_GREEN,hold,,,
1542.0,0,54,26.0,0.481,5,13.0,5,12.0,2,0.0,8,0.0,0,0,0,0,0.0,25.0,1.0,0,NS_GREEN,hold,,,
1543.0,0,54,27.0,0.5,5,14.0,5,13.0,2,0.0,8,0.0,0,0,0,0,0.0,27.0,0.0,0,NS_GREEN,hold,,,
1544.0,0,57,29.0,0.509,5,15.0,5,14.0,2,0.0,9,0.0,0,0,0,0,0.0,29.0,0.0,0,NS_GREEN,hold,,,
1545.0,0,58,31.0,0.534,5,16.0,5,15.0,2,0.0,9,0.0,0,0,0,0,0.0,31.0,0.0,0,NS_GREEN,hold,,,
1546.0,0,58,33.0,0.569,5,17.0,5,16.0,2,0.0,9,0.0,0,0,0,0,0.0,33.0,0.0,0,NS_GREEN,hold,,,
1547.0,0,58,35.0,0.603,5,18.0,5,17.0,2,0.0,9,0.0,0,0,0,0,0.0,35.0,0.0,0,NS_GREEN,hold,,,
1548.0,0,58,37.0,0.638,5,19.0,5,18.0,2,0.0,8,0.0,0,0,0,0,0.0,37.0,0.0,0,NS_YELLOW,pressure_ew,,,
1549.0,1,59,40.0,0.678,5,20.0,5,19.0,2,0.0,8,0.0,0,0,0,0,0.0,39.0,1.0,0,NS_YELLOW,hold,,,
1550.0,1,61,43.0,0.705,5,21.0,5,20.0,2,0.0,9,0.0,0,0,0,0,0.0,41.0,2.0,0,NS_YELLOW,hold,,,
1551.0,1,60,47.0,0.783,5,22.0,5,21.0,2,0.0,9,0.0,0,0,0,0,0.0,43.0,4.0,0,EW_GREEN,yellow_end,,,
1552.0,2,57,8.0,0.14,3,0.0,3,0.0,2,0.0,9,1.0,0,0,0,0,0.0,1.0,7.0,0,EW_GREEN,hold,,,
1553.0,2,57,8.0,0.14,3,0.0,3,0.0,2,0.0,10,2.0,0,0,0,0,0.0,2.0,6.0,0,EW_GREEN,hold,,,
1554.0,2,57,6.0,0.105,3,0.0,3,0.0,2,0.0,10,3.0,0,0,0,0,0.0,3.0,3.0,0,EW_GREEN,hold,,,
1555.0,2,58,6.0,0.103,3,0.0,3,0.0,2,0.0,10,4.0,0,0,0,0,1.0,4.0,1.0,0,EW_GREEN,hold,,,
1556.0,2,59,8.0,0.136,3,0.0,3,0.0,2,0.0,11,5.0,0,0,0,0,2.0,5.0,1.0,0,EW_GREEN,hold,,,
1557.0,2,59,9.0,0.153,3,0.0,3,0.0,2,0.0,11,6.0,0,0,0,0,3.0,6.0,0.0,0,EW_GREEN,hold,,,
1558.0,2,59,13.0,0.22,3,0.0,3,0.0,2,0.0,11,7.0,0,0,0,0,4.0,7.0,2.0,0,EW_GREEN,hold,,,
1559.0,2,56,19.0,0.339,2,0.0,2,0.0,2,0.0,11,8.0,0,0,0,0,5.0,8.0,6.0,0,EW_GREEN,hold,,,
1560.0,2,58,25.0,0.431,2,0.0,2,0.0,2,0.0,12,9.0,0,0,0,0,6.0,9.0,10.0,0,EW_GREEN,hold,,,
1561.0,2,60,25.0,0.417,4,0.0,4,0.0,2,0.0,12,10.0,0,0,0,0,7.0,10.0,8.0,0,EW_GREEN,hold,,,
1562.0,2,59,30.0,0.508,4,0.0,4,0.0,2,0.0,12,11.0,0,0,0,0,9.0,11.0,10.0,0,EW_GREEN,hold,,,
1563.0,2,58,39.0,0.672,3,0.0,3,0.0,2,0.0,13,13.0,0,0,0,0,13.0,13.0,13.0,0,EW_GREEN,hold,,,
1564.0,2,56,50.0,0.893,3,0.0,3,0.0,2,0.0,13,16.0,0,0,0,0,17.0,16.0,17.0,0,EW_GREEN,hold,,,
1565.0,2,58,62.0,1.069,3,0.0,3,0.0,3,0.0,13,19.0,0,0,0,0,21.0,19.0,22.0,0,EW_GREEN,hold,,,
1566.0,2,60,76.0,1.267,3,0.0,3,0.0,3,0.0,13,23.0,0,0,0,0,25.0,23.0,28.0,0,EW_GREEN,hold,,,
1567.0,2,59,95.0,1.61,2,0.0,2,0.0,4,1.0,13,28.0,0,0,0,1,31.0,29.0,35.0,0,EW_GREEN,hold,,,
1568.0,2,58,94.0,1.621,2,0.0,2,0.0,4,2.0,13,33.0,0,0,0,1,17.0,35.0,42.0,0,EW_GREEN,hold,,,
1569.0,2,58,103.0,1.776,2,0.0,2,0.0,4,4.0,13,39.0,0,0,1,1,11.0,43.0,49.0,0,EW_GREEN,hold,,,
1570.0,2,56,113.0,2.018,2,0.0,2,0.0,4,6.0,13,45.0,0,0,1,1,5.0,51.0,57.0,0,EW_GREEN,hold,,,
1571.0,2,58,126.0,2.172,2,0.0,2,0.0,4,8.0,14,51.0,0,0,1,0,2.0,59.0,65.0,0,EW_GREEN,hold,,,
1572.0,2,57,141.0,2.474,2,0.0,2,0.0,4,10.0,14,57.0,0,0,1,0,0.0,67.0,74.0,0,EW_GREEN,hold,,,
1573.0,2,56,159.0,2.839,2,0.0,2,0.0,4,12.0,14,63.0,0,0,1,0,0.0,75.0,84.0,0,EW_GREEN,hold,,,
1574.0,2,56,178.0,3.179,2,0.0,2,0.0,4,14.0,14,70.0,0,0,1,2,0.0,84.0,94.0,0,EW_GREEN,hold,,,
1575.0,2,56,198.0,3.536,1,0.0,2,0.0,4,16.0,14,77.0,0,0,1,2,0.0,93.0,105.0,0,EW_GREEN,hold,,,
1576.0,2,54,219.0,4.056,1,0.0,2,0.0,4,18.0,14,84.0,0,0,1,2,0.0,102.0,117.0,0,EW_GREEN,hold,,,
1577.0,2,54,242.0,4.481,1,0.0,2,0.0,4,20.0,14,92.0,0,0,1,2,0.0,112.0,130.0,0,EW_GREEN,hold,,,
1578.0,2,53,266.0,5.019,1,0.0,2,0.0,4,22.0,14,100.0,0,0,1,2,0.0,122.0,144.0,0,EW_GREEN,hold,,,
1579.0,2,52,290.0,5.577,1,0.0,2,0.0,4,24.0,14,108.0,0,0,1,2,0.0,132.0,158.0,0,EW_GREEN,hold,,,
1580.0,2,51,315.0,6.176,1,0.0,2,0.0,4,26.0,14,116.0,0,0,1,2,0.0,142.0,173.0,0,EW_GREEN,hold,,,
1581.0,2,51,341.0,6.686,1,0.0,1,0.0,4,28.0,15,124.0,0,0,1,2,0.0,152.0,189.0,0,EW_GREEN,hold,,,
1582.0,2,51,367.0,7.196,1,0.0,1,0.0,4,30.0,15,132.0,0,0,1,2,0.0,162.0,205.0,0,EW_GREEN,hold,,,
1583.0,2,50,394.0,7.88,1,0.0,1,0.0,4,32.0,15,140.0,0,0,1,2,0.0,172.0,222.0,0,EW_GREEN,hold,,,
1584.0,2,50,422.0,8.44,1,0.0,1,0.0,4,34.0,15,148.0,0,0,1,0,0.0,182.0,240.0,0,EW_GREEN,hold,,,
1585.0,2,57,450.0,7.895,3,0.0,3,0.0,4,36.0,15,156.0,0,0,1,0,0.0,192.0,258.0,0,EW_GREEN,hold,,,
1586.0,2,58,480.0,8.276,3,0.0,3,0.0,4,38.0,15,164.0,0,0,1,0,0.0,202.0,278.0,0,EW_GREEN,hold,,,
1587.0,2,58,512.0,8.828,3,0.0,3,0.0,4,40.0,15,173.0,0,0,1,3,0.0,213.0,299.0,0,EW_GREEN,hold,,,
1588.0,2,58,546.0,9.414,3,0.0,3,0.0,4,42.0,15,183.0,0,0,1,3,0.0,225.0,321.0,0,EW_GREEN,hold,,,
1589.0,2,58,576.0,9.931,3,0.0,3,0.0,4,44.0,15,194.0,0,0,1,7,0.0,238.0,338.0,0,EW_GREEN,hold,,,
1590.0,2,57,578.0,10.14,3,0.0,3,0.0,4,46.0,15,205.0,0,0,1,3,0.0,251.0,327.0,0,EW_GREEN,hold,,,
1591.0,2,56,581.0,10.375,3,0.0,3,0.0,4,48.0,15,217.0,0,0,1,3,0.0,265.0,316.0,0,EW_GREEN,hold,,,
1592.0,2,57,586.0,10.281,3,0.0,3,0.0,4,50.0,16,229.0,0,0,1,4,0.0,279.0,307.0,0,EW_GREEN,hold,,,
1593.0,2,56,589.0,10.518,3,0.0,3,0.0,4,52.0,16,241.0,0,0,1,4,0.0,293.0,296.0,0,EW_GREEN,hold,,,
1594.0,3,57,593.0,10.404,3,0.0,3,0.0,4,54.0,17,253.0,0,0,1,4,0.0,307.0,286.0,0,EW_GREEN,hold,,,
1595.0,3,57,596.0,10.456,3,0.0,3,0.0,4,56.0,17,265.0,0,0,1,4,0.0,321.0,275.0,0,EW_GREEN,hold,,,
1596.0,3,57,598.0,10.491,3,0.0,3,0.0,4,58.0,17,277.0,0,0,1,4,0.0,335.0,263.0,0,EW_GREEN,hold,,,
1597.0,0,52,431.0,8.288,3,0.0,3,0.0,1,1.0,15,178.0,0,0,1,0,0.0,179.0,252.0,0,EW_GREEN,hold,,,
1598.0,0,52,338.0,6.5,3,0.0,3,0.0,1,0.0,15,97.0,0,0,0,0,0.0,97.0,241.0,0,EW_GREEN,hold,,,
1599.0,0,53,265.0,5.0,3,0.0,3,0.0,1,0.0,15,35.0,0,0,0,0,0.0,35.0,230.0,0,EW_GREEN,hold,,,
1600.0,0,48,230.0,4.792,3,0.0,3,0.0,0,0.0,12,10.0,0,0,0,0,1.0,10.0,219.0,0,EW_GREEN,hold,,,
1601.0,0,53,238.0,4.491,3,1.0,3,1.0,0,0.0,13,0.0,1,1,0,0,2.0,2.0,234.0,0,EW_GREEN,hold,,,
1602.0,0,50,230.0,4.6,3,2.0,3,2.0,0,0.0,11,0.0,1,1,0,0,3.0,4.0,223.0,0,EW_GREEN,hold,,,
1603.0,0,54,222.0,4.111,3,3.0,3,3.0,1,0.0,11,0.0,1,1,0,0,5.0,6.0,211.0,0,EW_GREEN,hold,,,
1604.0,0,54,211.0,3.907,3,4.0,3,4.0,1,0.0,11,0.0,1,1,0,0,7.0,8.0,196.0,0,EW_GREEN,hold,,,
1605.0,0,53,201.0,3.792,3,5.0,3,5.0,2,0.0,8,0.0,0,1,0,0,9.0,10.0,182.0,0,EW_GREEN,hold,,,
1606.0,0,52,178.0,3.423,3,6.0,3,6.0,2,0.0,8,0.0,0,1,0,0,0.0,12.0,166.0,0,EW_GREEN,hold,,,
1607.0,0,53,165.0,3.113,3,7.0,3,7.0,2,0.0,7,0.0,0,0,0,0,0.0,14.0,151.0,0,EW_GREEN,hold,,,
1608.0,0,54,152.0,2.815,3,8.0,3,8.0,2,0.0,7,0.0,0,0,0,0,0.0,16.0,136.0,0,EW_GREEN,hold,,,
1609.0,0,58,161.0,2.776,4,9.0,4,9.0,2,0.0,8,0.0,0,0,0,0,0.0,18.0,143.0,0,EW_GREEN,hold,,,
1610.0,0,58,146.0,2.517,4,10.0,4,10.0,2,0.0,8,0.0,0,0,0,0,0.0,20.0,126.0,0,EW_GREEN,hold,,,
1611.0,0,56,129.0,2.304,4,11.0,4,11.0,2,0.0,7,0.0,0,0,0,0,0.0,22.0,107.0,0,EW_YELLOW,max_green,,,
1612.0,3,58,115.0,1.983,4,12.0,4,12.0,2,0.0,8,0.0,0,0,0,0,0.0,24.0,91.0,0,EW_YELLOW,hold,,,
1613.0,3,58,124.0,2.138,4,13.0,4,13.0,2,0.0,8,0.0,0,0,0,0,0.0,26.0,98.0,0,EW_YELLOW,hold,,,
1614.0,3,58,108.0,1.862,4,14.0,4,14.0,2,0.0,8,0.0,0,0,0,0,0.0,28.0,80.0,0,NS_GREEN,yellow_end,,,
1615.0,0,58,60.0,1.034,4,15.0,4,15.0,2,0.0,9,0.0,0,0,0,0,0.0,30.0,30.0,0,NS_GREEN,hold,,,
1616.0,0,59,44.0,0.746,4,16.0,4,16.0,2,0.0,9,0.0,0,0,0,0,0.0,32.0,12.0,0,NS_GREEN,hold,,,
1617.0,0,59,49.0,0.831,4,17.0,4,17.0,2,0.0,9,0.0,0,0,0,0,0.0,34.0,15.0,0,NS_GREEN,hold,,,
1618.0,0,59,55.0,0.932,4,18.0,4,18.0,2,0.0,9,0.0,0,0,0,0,0.0,36.0,19.0,0,NS_GREEN,hold,,,
1619.0,0,59,61.0,1.034,4,19.0,4,19.0,2,0.0,9,0.0,0,0,0,0,0.0,38.0,23.0,0,NS_GREEN,hold,,,
1620.0,0,59,68.0,1.153,4,20.0,4,20.0,2,0.0,9,0.0,0,0,0,0,0.0,40.0,28.0,0,NS_GREEN,hold,,,
1621.0,0,62,76.0,1.226,4,21.0,4,21.0,2,0.0,9,0.0,0,0,0,0,0.0,42.0,34.0,0,NS_GREEN,hold,,,
1622.0,0,62,84.0,1.355,4,22.0,4,22.0,2,0.0,9,0.0,0,0,0,0,0.0,44.0,40.0,0,NS_YELLOW,pressure_ew,,,
1623.0,1,64,93.0,1.453,4,23.0,4,23.0,2,0.0,10,0.0,0,0,0,0,0.0,46.0,47.0,0,NS_YELLOW,hold,,,
1624.0,1,63,103.0,1.635,4,24.0,4,24.0,2,0.0,9,0.0,0,0,0,0,0.0,48.0,55.0,0,NS_YELLOW,hold,,,
1625.0,1,64,115.0,1.797,4,26.0,4,25.0,2,0.0,9,0.0,1,0,0,0,0.0,51.0,64.0,0,EW_GREEN,yellow_end,,,
1626.0,2,59,58.0,0.983,2,0.0,2,0.0,2,0.0,9,0.0,0,0,0,0,0.0,0.0,58.0,0,EW_GREEN,hold,,,
1627.0,2,60,53.0,0.883,2,0.0,2,0.0,2,0.0,9,1.0,0,0,0,0,0.0,1.0,52.0,0,EW_GREEN,hold,,,
1628.0,2,60,48.0,0.8,2,0.0,2,0.0,2,0.0,9,2.0,0,0,0,0,0.0,2.0,46.0,0,EW_GREEN,hold,,,
1629.0,2,60,44.0,0.733,2,0.0,2,0.0,2,0.0,9,3.0,0,0,0,0,0.0,3.0,41.0,0,EW_GREEN,hold,,,
1630.0,2,59,42.0,0.712,2,0.0,2,0.0,2,0.0,9,4.0,0,0,0,0,0.0,4.0,38.0,0,EW_GREEN,hold,,,
1631.0,2,58,42.0,0.724,2,0.0,2,0.0,2,0.0,9,6.0,0,0,0,0,0.0,6.0,36.0,0,EW_GREEN,hold,,,
1632.0,2,58,43.0,0.741,2,0.0,2,0.0,2,0.0,10,8.0,0,0,0,0,0.0,8.0,35.0,0,EW_GREEN,hold,,,
1633.0,2,60,44.0,0.733,4,0.0,4,0.0,2,0.0,10,11.0,0,0,0,0,0.0,11.0,33.0,0,EW_GREEN,hold,,,
1634.0,2,61,45.0,0.738,4,0.0,4,0.0,2,0.0,10,14.0,0,0,0,0,0.0,14.0,31.0,0,EW_GREEN,hold,,,
1635.0,2,62,48.0,0.774,4,0.0,4,0.0,2,0.0,11,17.0,0,0,0,0,0.0,17.0,31.0,0,EW_GREEN,hold,,,
1636.0,2,60,52.0,0.867,4,0.0,4,0.0,2,0.0,11,20.0,0,0,0,0,0.0,20.0,32.0,0,EW_GREEN,hold,,,
1637.0,2,62,66.0,1.065,4,0.0,4,0.0,3,0.0,11,24.0,0,0,0,1,0.0,24.0,42.0,0,EW_GREEN,hold,,,
1638.0,2,62,74.0,1.194,4,0.0,4,0.0,3,0.0,11,28.0,0,0,0,1,2.0,28.0,44.0,0,EW_GREEN,hold,,,
1639.0,2,62,83.0,1.339,4,0.0,4,0.0,4,0.0,11,32.0,0,0,0,1,4.0,32.0,47.0,0,EW_GREEN,hold,,,
1640.0,2,63,93.0,1.476,4,0.0,4,0.0,4,1.0,12,36.0,0,0,0,1,7.0,37.0,49.0,0,EW_GREEN,hold,,,
1641.0,2,62,107.0,1.726,4,0.0,4,0.0,4,3.0,12,40.0,0,0,1,0,11.0,43.0,53.0,0,EW_GREEN,hold,,,
1642.0,2,62,124.0,2.0,4,0.0,4,0.0,4,5.0,12,45.0,0,0,1,0,16.0,50.0,58.0,0,EW_GREEN,hold,,,
1643.0,2,63,148.0,2.349,4,0.0,4,0.0,4,7.0,13,50.0,0,0,1,0,21.0,57.0,70.0,0,EW_GREEN,hold,,,
1644.0,2,63,170.0,2.698,4,0.0,4,0.0,4,9.0,13,56.0,0,0,1,0,28.0,65.0,77.0,0,EW_GREEN,hold,,,
1645.0,2,62,189.0,3.048,4,0.0,4,0.0,4,11.0,13,62.0,0,0,1,0,35.0,73.0,81.0,0,EW_GREEN,hold,,,
1646.0,2,58,151.0,2.603,4,0.0,4,0.0,4,13.0,14,69.0,0,0,1,0,22.0,82.0,47.0,0,EW_GREEN,hold,,,
1647.0,2,58,142.0,2.448,4,0.0,3,0.0,4,15.0,14,77.0,0,0,1,2,10.0,92.0,40.0,0,EW_GREEN,hold,,,
1648.0,2,58,151.0,2.603,4,0.0,3,0.0,4,17.0,14,85.0,0,0,1,5,5.0,102.0,44.0,0,EW_GREEN,hold,,,
1649.0,2,56,161.0,2.875,4,0.0,3,0.0,4,19.0,15,93.0,0,0,1,2,0.0,112.0,49.0,0,EW_GREEN,hold,,,
1650.0,2,55,181.0,3.291,3,0.0,3,0.0,4,21.0,15,101.0,0,0,1,2,0.0,122.0,59.0,0,EW_GREEN,hold,,,
1651.0,2,54,196.0,3.63,3,0.0,3,0.0,4,23.0,15,109.0,0,0,1,2,0.0,132.0,64.0,0,EW_GREEN,hold,,,
1652.0,2,51,211.0,4.137,3,0.0,3,0.0,4,25.0,15,117.0,0,0,1,2,0.0,142.0,69.0,0,EW_GREEN,hold,,,
1653.0,2,52,224.0,4.308,3,0.0,3,0.0,4,27.0,16,125.0,0,0,1,2,0.0,152.0,72.0,0,EW_GREEN,hold,,,
1654.0,2,50,245.0,4.9,3,0.0,3,0.0,4,29.0,16,133.0,0,0,1,2,0.0,162.0,83.0,0,EW_GREEN,hold,,,
1655.0,2,50,264.0,5.28,3,0.0,3,0.0,4,31.0,16,141.0,0,0,1,2,0.0,172.0,92.0,0,EW_GREEN,hold,,,
1656.0,2,50,285.0,5.7,3,0.0,3,0.0,4,33.0,16,149.0,0,0,1,2,0.0,182.0,103.0,0,EW_GREEN,hold,,,
1657.0,2,54,290.0,5.37,4,0.0,4,0.0,4,35.0,16,158.0,0,0,1,2,0.0,193.0,97.0,0,EW_GREEN,hold,,,
1658.0,2,55,297.0,5.4,4,0.0,4,0.0,4,37.0,16,167.0,0,0,1,2,0.0,204.0,93.0,0,EW_GREEN,hold,,,
1659.0,2,55,303.0,5.509,4,0.0,4,0.0,4,39.0,16,176.0,0,0,1,2,0.0,215.0,88.0,0,EW_GREEN,hold,,,
1660.0,2,55,309.0,5.618,4,0.0,4,0.0,4,41.0,16,185.0,0,0,1,0,0.0,226.0,83.0,0,EW_GREEN,hold,,,
1661.0,2,56,315.0,5.625,4,0.0,4,0.0,4,43.0,16,194.0,0,0,1,0,0.0,237.0,78.0,0,EW_GREEN,hold,,,
1662.0,2,55,322.0,5.855,4,0.0,4,0.0,4,45.0,16,203.0,0,0,1,0,0.0,248.0,74.0,0,EW_GREEN,hold,,,
1663.0,2,56,331.0,5.911,4,0.0,4,0.0,4,47.0,17,212.0,0,0,1,0,0.0,259.0,72.0,0,EW_GREEN,hold,,,
1664.0,2,55,338.0,6.145,4,0.0,4,0.0,4,49.0,17,222.0,0,0,1,3,0.0,271.0,67.0,0,EW_GREEN,hold,,,
1665.0,2,55,344.0,6.255,4,0.0,4,0.0,4,51.0,17,232.0,0,0,1,3,0.0,283.0,61.0,0,EW_GREEN,hold,,,
1666.0,2,56,365.0,6.518,4,0.0,4,0.0,4,53.0,18,242.0,0,0,1,3,0.0,295.0,70.0,0,EW_GREEN,hold,,,
1667.0,2,55,374.0,6.8,4,0.0,4,0.0,4,55.0,18,253.0,0,0,1,3,0.0,308.0,66.0,0,EW_GREEN,hold,,,
1668.0,3,57,383.0,6.719,4,0.0,4,0.0,4,57.0,19,264.0,0,0,1,3,0.0,321.0,62.0,0,EW_GREEN,hold,,,
1669.0,3,57,393.0,6.895,4,0.0,4,0.0,4,60.0,19,275.0,0,0,3,3,0.0,335.0,58.0,0,EW_GREEN,hold,,,
1670.0,3,56,403.0,7.196,4,0.0,4,0.0,4,63.0,19,286.0,0,0,3,3,0.0,349.0,54.0,0,EW_GREEN,hold,,,
1671.0,0,51,228.0,4.471,4,0.0,4,0.0,1,3.0,17,176.0,0,0,1,0,0.0,179.0,49.0,0,EW_GREEN,hold,,,
1672.0,0,49,132.0,2.694,4,0.0,4,0.0,1,0.0,17,87.0,0,0,0,0,0.0,87.0,45.0,0,EW_GREEN,hold,,,
1673.0,0,49,66.0,1.347,4,0.0,4,0.0,2,0.0,17,24.0,0,0,0,0,0.0,24.0,42.0,0,EW_GREEN,hold,,,
1674.0,0,48,39.0,0.812,4,0.0,4,0.0,1,0.0,14,0.0,0,0,0,0,0.0,0.0,39.0,0,EW_GREEN,hold,,,
1675.0,0,54,38.0,0.704,4,0.0,4,1.0,2,0.0,15,0.0,0,1,0,0,0.0,1.0,37.0,0,EW_GREEN,hold,,,
1676.0,0,51,37.0,0.725,4,1.0,4,3.0,2,0.0,13,0.0,1,1,0,0,0.0,4.0,33.0,0,EW_GREEN,hold,,,
1677.0,0,53,49.0,0.925,4,2.0,4,6.0,2,0.0,12,0.0,1,1,0,0,0.0,8.0,41.0,0,EW_GREEN,hold,,,
1678.0,0,53,48.0,0.906,4,4.0,4,9.0,2,0.0,11,0.0,1,1,0,0,0.0,13.0,35.0,0,EW_GREEN,hold,,,
1679.0,0,54,49.0,0.907,4,6.0,4,13.0,2,0.0,10,0.0,1,4,0,0,0.0,19.0,30.0,0,EW_GREEN,hold,,,
1680.0,0,56,48.0,0.857,4,8.0,4,17.0,2,0.0,10,0.0,1,4,0,0,0.0,25.0,23.0,0,EW_GREEN,hold,,,
1681.0,0,60,48.0,0.8,6,11.0,6,21.0,2,0.0,9,0.0,0,0,0,0,0.0,32.0,16.0,0,EW_GREEN,hold,,,
1682.0,0,63,46.0,0.73,7,14.0,7,25.0,2,0.0,9,0.0,0,0,0,0,0.0,39.0,7.0,0,EW_GREEN,hold,,,
1683.0,0,62,47.0,0.758,7,17.0,7,29.0,2,0.0,7,0.0,0,0,0,0,0.0,46.0,1.0,0,EW_YELLOW,pressure_ns,,,
1684.0,3,61,56.0,0.918,7,21.0,7,33.0,2,0.0,7,0.0,0,0,0,0,0.0,54.0,2.0,0,EW_YELLOW,hold,,,
1685.0,3,64,66.0,1.031,7,25.0,7,37.0,2,0.0,8,0.0,0,0,0,0,0.0,62.0,4.0,0,EW_YELLOW,hold,,,
1686.0,3,63,72.0,1.143,7,29.0,7,41.0,2,0.0,8,0.0,0,0,0,0,0.0,70.0,2.0,0,NS_GREEN,yellow_end,,,
1687.0,0,63,79.0,1.254,7,33.0,7,45.0,2,0.0,8,0.0,0,0,0,0,0.0,78.0,1.0,0,NS_GREEN,hold,,,
1688.0,0,65,86.0,1.323,7,37.0,7,49.0,2,0.0,9,0.0,0,0,0,0,0.0,86.0,0.0,0,NS_GREEN,hold,,,
1689.0,0,65,94.0,1.446,7,41.0,7,53.0,2,0.0,9,0.0,0,0,0,0,0.0,94.0,0.0,0,NS_GREEN,hold,,,
1690.0,0,65,102.0,1.569,7,45.0,7,57.0,2,0.0,9,0.0,0,0,0,0,0.0,102.0,0.0,0,NS_GREEN,hold,,,
1691.0,0,65,111.0,1.708,7,49.0,7,61.0,2,0.0,9,0.0,0,0,0,0,0.0,110.0,1.0,0,NS_GREEN,hold,,,
1692.0,0,66,120.0,1.818,7,53.0,7,65.0,2,0.0,9,0.0,0,1,0,0,0.0,118.0,2.0,0,NS_GREEN,hold,,,
1693.0,0,66,130.0,1.97,7,57.0,7,69.0,2,0.0,8,0.0,0,1,0,0,0.0,126.0,4.0,0,NS_GREEN,hold,,,
1694.0,0,68,140.0,2.059,7,61.0,7,73.0,2,0.0,9,0.0,0,1,0,0,0.0,134.0,6.0,0,NS_YELLOW,pressure_ew,,,
1695.0,1,66,146.0,2.212,7,65.0,7,77.0,2,0.0,8,0.0,0,0,0,0,0.0,142.0,4.0,0,NS_YELLOW,hold,,,
1696.0,1,68,152.0,2.235,7,69.0,7,81.0,2,0.0,8,0.0,0,0,0,0,0.0,150.0,2.0,0,NS_YELLOW,hold,,,
1697.0,1,69,161.0,2.333,7,74.0,7,86.0,2,0.0,9,0.0,2,0,0,0,0.0,160.0,1.0,0,EW_GREEN,yellow_end,,,
1698.0,2,66,81.0,1.227,6,36.0,6,44.0,2,0.0,9,0.0,1,0,0,0,0.0,80.0,1.0,0,EW_GREEN,hold,,,
1699.0,2,68,43.0,0.632,6,19.0,5,24.0,2,0.0,10,0.0,0,0,0,0,0.0,43.0,0.0,0,EW_GREEN,hold,,,
1700.0,2,67,9.0,0.134,5,4.0,5,4.0,2,0.0,10,1.0,0,0,0,0,0.0,9.0,0.0,0,EW_GREEN,hold,,,
1701.0,2,65,7.0,0.108,4,5.0,4,0.0,2,0.0,10,2.0,0,0,0,0,0.0,7.0,0.0,0,EW_GREEN,hold,,,
1702.0,2,65,4.0,0.062,4,0.0,4,0.0,2,0.0,10,4.0,0,0,0,1,0.0,4.0,0.0,0,EW_GREEN,hold,,,
1703.0,2,64,7.0,0.109,4,0.0,4,0.0,2,0.0,10,6.0,0,0,0,1,0.0,6.0,1.0,0,EW_GREEN,hold,,,
1704.0,2,62,10.0,0.161,3,0.0,3,0.0,2,0.0,11,8.0,0,0,0,1,0.0,8.0,2.0,0,EW_GREEN,hold,,,
1705.0,2,63,14.0,0.222,4,0.0,4,0.0,2,0.0,11,10.0,0,0,0,1,0.0,10.0,4.0,0,EW_GREEN,hold,,,
1706.0,2,64,20.0,0.312,4,0.0,4,0.0,2,1.0,11,12.0,0,0,1,1,0.0,13.0,7.0,0,EW_GREEN,hold,,,
1707.0,2,61,26.0,0.426,3,0.0,3,0.0,2,2.0,12,14.0,0,0,1,1,0.0,16.0,10.0,0,EW_GREEN,hold,,,
1708.0,2,59,34.0,0.576,3,0.0,3,0.0,2,3.0,12,16.0,0,0,1,1,0.0,19.0,15.0,0,EW_GREEN,hold,,,
1709.0,2,61,42.0,0.689,3,0.0,3,0.0,3,5.0,12,18.0,0,0,1,1,0.0,23.0,19.0,0,EW_GREEN,hold,,,
1710.0,2,58,52.0,0.897,2,0.0,2,0.0,3,7.0,12,21.0,0,0,1,1,1.0,28.0,23.0,0,EW_GREEN,hold,,,
1711.0,2,59,64.0,1.085,2,0.0,2,0.0,3,9.0,12,24.0,0,0,1,1,2.0,33.0,29.0,0,EW_GREEN,hold,,,
1712.0,2,60,77.0,1.283,2,0.0,2,0.0,3,11.0,12,27.0,0,0,1,1,3.0,38.0,36.0,0,EW_GREEN,hold,,,
1713.0,2,57,90.0,1.579,2,0.0,2,0.0,3,13.0,12,30.0,0,0,1,1,4.0,43.0,43.0,0,EW_GREEN,hold,,,
1714.0,2,57,104.0,1.825,2,0.0,2,0.0,3,15.0,12,33.0,0,0,1,0,5.0,48.0,51.0,0,EW_GREEN,hold,,,
1715.0,2,58,119.0,2.052,2,0.0,2,0.0,3,17.0,13,36.0,0,0,1,0,6.0,53.0,60.0,0,EW_GREEN,hold,,,
1716.0,2,58,135.0,2.328,2,0.0,2,0.0,3,19.0,13,40.0,0,0,1,0,7.0,59.0,69.0,0,EW_GREEN,hold,,,
1717.0,2,57,144.0,2.526,2,0.0,2,0.0,3,21.0,13,44.0,0,0,1,0,0.0,65.0,79.0,0,EW_GREEN,hold,,,
1718.0,2,57,163.0,2.86,2,0.0,2,0.0,3,23.0,13,50.0,0,0,1,0,1.0,73.0,89.0,0,EW_GREEN,hold,,,
1719.0,2,57,183.0,3.211,1,0.0,1,0.0,3,25.0,13,56.0,0,0,1,0,2.0,81.0,100.0,0,EW_GREEN,hold,,,
1720.0,2,57,208.0,3.649,1,0.0,1,0.0,3,27.0,13,63.0,0,0,1,2,5.0,90.0,113.0,0,EW_GREEN,hold,,,
1721.0,2,58,231.0,3.983,1,0.0,1,0.0,4,29.0,13,70.0,0,0,1,2,8.0,99.0,124.0,0,EW_GREEN,hold,,,
1722.0,2,58,258.0,4.448,1,0.0,1,0.0,4,31.0,13,77.0,0,0,1,2,12.0,108.0,138.0,0,EW_GREEN,hold,,,
1723.0,2,58,287.0,4.948,1,0.0,1,0.0,4,33.0,13,84.0,0,0,1,2,17.0,117.0,153.0,0,EW_GREEN,hold,,,
1724.0,2,57,317.0,5.561,1,0.0,1,0.0,4,35.0,13,91.0,0,0,1,2,22.0,126.0,169.0,0,EW_GREEN,hold,,,
1725.0,2,57,349.0,6.123,1,0.0,1,0.0,4,37.0,13,99.0,0,0,1,2,27.0,136.0,186.0,0,EW_GREEN,hold,,,
1726.0,2,58,379.0,6.534,1,0.0,1,0.0,4,39.0,14,107.0,0,0,1,3,32.0,146.0,201.0,0,EW_GREEN,hold,,,
1727.0,2,58,413.0,7.121,1,0.0,1,0.0,4,41.0,14,116.0,0,0,1,4,38.0,157.0,218.0,0,EW_GREEN,hold,,,
1728.0,2,54,419.0,7.759,1,0.0,1,0.0,4,43.0,14,125.0,0,0,1,4,16.0,168.0,235.0,0,EW_GREEN,hold,,,
1729.0,2,61,434.0,7.115,3,0.0,3,0.0,4,45.0,14,134.0,0,0,1,4,2.0,179.0,253.0,0,EW_GREEN,hold,,,
1730.0,2,63,461.0,7.317,3,0.0,3,0.0,4,47.0,15,143.0,0,0,1,7,0.0,190.0,271.0,0,EW_GREEN,hold,,,
1731.0,2,60,464.0,7.733,3,0.0,3,0.0,4,49.0,15,153.0,0,0,1,7,0.0,202.0,262.0,0,EW_GREEN,hold,,,
1732.0,2,59,467.0,7.915,3,0.0,3,0.0,4,51.0,15,163.0,0,0,1,7,0.0,214.0,253.0,0,EW_GREEN,hold,,,
1733.0,2,59,469.0,7.949,3,0.0,3,0.0,4,53.0,15,173.0,0,0,1,7,0.0,226.0,243.0,0,EW_GREEN,hold,,,
1734.0,2,57,472.0,8.281,3,0.0,3,0.0,4,55.0,15,183.0,0,0,1,7,0.0,238.0,234.0,0,EW_GREEN,hold,,,
1735.0,2,58,476.0,8.207,3,0.0,3,0.0,4,57.0,16,193.0,0,0,1,7,0.0,250.0,226.0,0,EW_GREEN,hold,,,
1736.0,2,58,480.0,8.276,3,0.0,3,0.0,4,59.0,16,204.0,0,0,1,3,0.0,263.0,217.0,0,EW_GREEN,hold,,,
1737.0,2,57,484.0,8.491,3,0.0,3,0.0,4,61.0,16,215.0,0,0,1,4,0.0,276.0,208.0,0,EW_GREEN,hold,,,
1738.0,2,57,488.0,8.561,3,0.0,3,0.0,4,63.0,17,226.0,0,0,1,0,0.0,289.0,199.0,0,EW_GREEN,hold,,,
1739.0,2,57,491.0,8.614,3,0.0,3,0.0,4,65.0,17,237.0,0,0,1,0,0.0,302.0,189.0,0,EW_GREEN,hold,,,
1740.0,3,57,495.0,8.684,3,0.0,3,0.0,4,67.0,17,248.0,0,0,1,4,0.0,315.0,180.0,0,EW_GREEN,hold,,,
1741.0,3,58,525.0,9.052,3,0.0,3,0.0,4,70.0,18,260.0,0,0,3,4,1.0,330.0,194.0,0,EW_GREEN,hold,,,
1742.0,3,58,531.0,9.155,3,0.0,3,0.0,4,73.0,18,272.0,0,0,3,4,2.0,345.0,184.0,0,EW_GREEN,hold,,,
1743.0,0,52,349.0,6.712,3,0.0,3,0.0,2,3.0,15,170.0,0,0,1,3,3.0,173.0,173.0,0,EW_GREEN,hold,,,
1744.0,0,51,260.0,5.098,3,0.0,3,0.0,2,0.0,15,92.0,0,0,0,0,5.0,92.0,163.0,0,EW_GREEN,hold,,,
1745.0,0,51,194.0,3.804,3,1.0,3,0.0,2,0.0,16,35.0,1,0,0,0,7.0,36.0,151.0,0,EW_GREEN,hold,,,
1746.0,0,50,176.0,3.52,3,2.0,3,0.0,3,0.0,14,2.0,1,0,0,0,9.0,4.0,163.0,0,EW_GREEN,hold,,,
1747.0,0,53,167.0,3.151,3,3.0,3,1.0,2,0.0,15,0.0,1,1,0,0,11.0,4.0,152.0,0,EW_GREEN,hold,,,
1748.0,0,51,157.0,3.078,3,4.0,3,2.0,2,0.0,14,0.0,1,1,0,0,13.0,6.0,138.0,0,EW_GREEN,hold,,,
1749.0,0,53,148.0,2.792,3,5.0,3,3.0,3,0.0,13,1.0,1,1,0,0,15.0,9.0,124.0,0,EW_GREEN,hold,,,
1750.0,0,52,122.0,2.346,3,6.0,3,4.0,2,0.0,14,3.0,1,1,0,0,0.0,13.0,109.0,0,EW_GREEN,hold,,,
1751.0,0,53,113.0,2.132,3,7.0,3,5.0,2,0.0,12,5.0,0,0,0,0,0.0,17.0,96.0,0,EW_GREEN,hold,,,
1752.0,0,53,97.0,1.83,3,8.0,3,6.0,2,0.0,12,1.0,0,0,0,0,0.0,15.0,82.0,0,EW_GREEN,hold,,,
1753.0,0,55,86.0,1.564,4,9.0,4,7.0,2,0.0,10,0.0,0,0,0,0,0.0,16.0,70.0,0,EW_GREEN,hold,,,
1754.0,0,55,75.0,1.364,4,10.0,4,8.0,2,0.0,9,0.0,0,0,0,0,0.0,18.0,57.0,0,EW_YELLOW,pressure_ns,,,
1755.0,3,52,37.0,0.712,4,11.0,4,9.0,2,0.0,9,0.0,0,0,0,0,0.0,20.0,17.0,0,EW_YELLOW,hold,,,
1756.0,3,54,34.0,0.63,4,12.0,4,10.0,2,0.0,10,0.0,0,0,0,0,0.0,22.0,12.0,0,EW_YELLOW,hold,,,
1757.0,3,56,39.0,0.696,4,13.0,4,11.0,2,0.0,10,0.0,0,0,0,0,0.0,24.0,15.0,0,NS_GREEN,yellow_end,,,
1758.0,0,53,45.0,0.849,4,14.0,4,12.0,2,0.0,8,0.0,0,0,0,0,0.0,26.0,19.0,0,NS_GREEN,hold,,,
1759.0,0,53,52.0,0.981,4,15.0,4,13.0,2,0.0,8,0.0,0,0,0,0,0.0,28.0,24.0,0,NS_GREEN,hold,,,
1760.0,0,56,60.0,1.071,4,16.0,4,14.0,2,0.0,9,0.0,0,0,0,0,0.0,30.0,30.0,0,NS_GREEN,hold,,,
1761.0,0,57,68.0,1.193,4,17.0,4,15.0,2,0.0,9,0.0,0,0,0,0,0.0,32.0,36.0,0,NS_GREEN,hold,,,
1762.0,0,57,76.0,1.333,4,18.0,4,16.0,2,0.0,9,0.0,0,0,0,0,0.0,34.0,42.0,0,NS_GREEN,hold,,,
1763.0,0,57,85.0,1.491,4,19.0,4,17.0,2,0.0,9,0.0,0,0,0,0,0.0,36.0,49.0,0,NS_GREEN,hold,,,
1764.0,0,57,95.0,1.667,4,20.0,4,18.0,2,0.0,8,0.0,0,0,0,0,0.0,38.0,57.0,0,NS_GREEN,hold,,,
1765.0,0,58,105.0,1.81,4,21.0,4,19.0,2,0.0,7,0.0,0,0,0,0,0.0,40.0,65.0,0,NS_YELLOW,pressure_ew,,,
1766.0,1,59,101.0,1.712,4,22.0,4,20.0,2,0.0,7,0.0,0,0,0,0,0.0,42.0,59.0,0,NS_YELLOW,hold,,,
1767.0,1,58,96.0,1.655,4,23.0,4,21.0,2,0.0,7,0.0,0,0,0,0,0.0,44.0,52.0,0,NS_YELLOW,hold,,,
1768.0,1,59,92.0,1.559,4,24.0,4,22.0,2,0.0,8,0.0,0,0,0,0,0.0,46.0,46.0,0,EW_GREEN,yellow_end,,,
1769.0,2,56,40.0,0.714,3,0.0,2,0.0,2,0.0,8,0.0,0,0,0,0,0.0,0.0,40.0,0,EW_GREEN,hold,,,
1770.0,2,57,36.0,0.632,3,0.0,2,0.0,2,0.0,9,0.0,0,0,0,0,0.0,0.0,36.0,0,EW_GREEN,hold,,,
1771.0,2,57,31.0,0.544,2,0.0,2,0.0,2,0.0,9,0.0,0,0,0,0,0.0,0.0,31.0,0,EW_GREEN,hold,,,
1772.0,2,56,28.0,0.5,2,0.0,2,0.0,2,0.0,9,0.0,0,0,0,0,0.0,0.0,28.0,0,EW_GREEN,hold,,,
1773.0,2,57,24.0,0.421,2,0.0,2,0.0,2,0.0,10,0.0,0,0,0,0,0.0,0.0,24.0,0,EW_GREEN,hold,,,
1774.0,2,57,21.0,0.368,2,0.0,2,0.0,2,0.0,10,0.0,0,0,0,0,0.0,0.0,21.0,0,EW_GREEN,hold,,,
1775.0,2,57,20.0,0.351,2,0.0,2,0.0,2,0.0,10,1.0,0,0,0,0,0.0,1.0,19.0,0,EW_GREEN,hold,,,
1776.0,2,57,20.0,0.351,2,0.0,2,0.0,2,0.0,10,2.0,0,0,0,0,0.0,2.0,18.0,0,EW_GREEN,hold,,,
1777.0,2,62,19.0,0.306,4,0.0,4,0.0,2,0.0,11,4.0,0,0,0,0,0.0,4.0,15.0,0,EW_GREEN,hold,,,
1778.0,2,61,25.0,0.41,4,0.0,4,0.0,2,0.0,11,6.0,0,0,0,0,0.0,6.0,19.0,0,EW_GREEN,hold,,,
1779.0,2,60,27.0,0.45,4,0.0,4,0.0,2,0.0,11,9.0,0,0,0,0,1.0,9.0,17.0,0,EW_GREEN,hold,,,
1780.0,2,60,33.0,0.55,4,0.0,4,0.0,2,0.0,12,13.0,0,0,0,0,2.0,13.0,18.0,0,EW_GREEN,hold,,,
1781.0,2,61,40.0,0.656,4,0.0,4,0.0,3,2.0,12,17.0,0,0,1,0,3.0,19.0,18.0,0,EW_GREEN,hold,,,
1782.0,2,61,51.0,0.836,4,0.0,4,0.0,3,4.0,12,21.0,0,0,1,0,4.0,25.0,22.0,0,EW_GREEN,hold,,,
1783.0,2,63,63.0,1.0,4,0.0,4,0.0,4,6.0,13,25.0,0,0,1,0,6.0,31.0,26.0,0,EW_GREEN,hold,,,
1784.0,2,60,73.0,1.217,4,0.0,4,0.0,4,8.0,13,30.0,0,0,1,0,0.0,38.0,35.0,0,EW_GREEN,hold,,,
1785.0,2,60,81.0,1.35,4,0.0,4,0.0,4,10.0,13,35.0,0,0,1,0,0.0,45.0,36.0,0,EW_GREEN,hold,,,
1786.0,2,60,92.0,1.533,4,0.0,4,0.0,4,12.0,13,40.0,0,0,1,0,0.0,52.0,40.0,0,EW_GREEN,hold,,,
1787.0,2,56,103.0,1.839,4,0.0,4,0.0,4,14.0,13,45.0,0,0,1,0,0.0,59.0,44.0,0,EW_GREEN,hold,,,
1788.0,2,57,113.0,1.982,4,0.0,4,0.0,4,16.0,14,50.0,0,0,1,0,0.0,66.0,47.0,0,EW_GREEN,hold,,,
1789.0,2,53,92.0,1.736,4,0.0,4,0.0,4,18.0,14,55.0,0,0,1,0,0.0,73.0,19.0,0,EW_GREEN,hold,,,
1790.0,2,51,91.0,1.784,4,0.0,4,0.0,4,20.0,14,61.0,0,0,1,0,0.0,81.0,10.0,0,EW_GREEN,hold,,,
1791.0,2,51,104.0,2.039,3,0.0,3,0.0,4,22.0,15,68.0,0,0,1,0,0.0,90.0,14.0,0,EW_GREEN,hold,,,
1792.0,2,50,117.0,2.34,3,0.0,3,0.0,4,24.0,15,75.0,0,0,1,0,0.0,99.0,18.0,0,EW_GREEN,hold,,,
1793.0,2,50,131.0,2.62,3,0.0,3,0.0,4,26.0,15,82.0,0,0,1,0,0.0,108.0,23.0,0,EW_GREEN,hold,,,
1794.0,2,48,146.0,3.042,3,0.0,3,0.0,4,28.0,15,89.0,0,0,1,0,0.0,117.0,29.0,0,EW_GREEN,hold,,,
1795.0,2,47,162.0,3.447,3,0.0,3,0.0,4,30.0,15,96.0,0,0,1,0,0.0,126.0,36.0,0,EW_GREEN,hold,,,
1796.0,2,46,178.0,3.87,3,0.0,3,0.0,4,32.0,15,103.0,0,0,1,0,0.0,135.0,43.0,0,EW_GREEN,hold,,,
1797.0,2,48,195.0,4.062,3,0.0,3,0.0,4,34.0,16,110.0,0,0,1,0,0.0,144.0,51.0,0,EW_GREEN,hold,,,
1798.0,2,47,212.0,4.511,3,0.0,2,0.0,4,36.0,16,117.0,0,0,1,0,0.0,153.0,59.0,0,EW_GREEN,hold,,,
1799.0,2,46,229.0,4.978,2,0.0,2,0.0,4,38.0,16,124.0,0,0,1,0,0.0,162.0,67.0,0,EW_GREEN,hold,,,
1800.0,2,46,232.0,5.043,2,0.0,2,0.0,4,40.0,16,131.0,0,0,1,3,0.0,171.0,61.0,0,EW_GREEN,hold,,,
1801.0,2,52,237.0,4.558,4,0.0,4,0.0,4,42.0,16,139.0,0,0,1,3,0.0,181.0,56.0,0,EW_GREEN,hold,,,
1802.0,2,54,242.0,4.481,4,0.0,4,0.0,4,44.0,16,147.0,0,0,1,3,0.0,191.0,51.0,0,EW_GREEN,hold,,,
1803.0,2,55,250.0,4.545,4,0.0,4,0.0,4,46.0,16,157.0,0,0,1,3,0.0,203.0,47.0,0,EW_GREEN,hold,,,
1804.0,2,56,259.0,4.625,4,0.0,4,0.0,4,48.0,17,167.0,0,0,1,3,0.0,215.0,44.0,0,EW_GREEN,hold,,,
1805.0,2,59,267.0,4.525,4,0.0,4,0.0,4,50.0,17,177.0,0,0,1,3,0.0,227.0,40.0,0,EW_GREEN,hold,,,
1806.0,2,57,275.0,4.825,3,0.0,3,0.0,4,52.0,17,187.0,0,0,1,3,0.0,239.0,36.0,0,EW_GREEN,hold,,,
1807.0,2,59,283.0,4.797,3,0.0,3,0.0,4,54.0,18,197.0,0,0,1,0,0.0,251.0,32.0,0,EW_GREEN,hold,,,
1808.0,2,61,293.0,4.803,3,0.0,3,0.0,4,56.0,18,207.0,0,0,1,0,0.0,263.0,30.0,0,EW_GREEN,hold,,,
1809.0,2,62,304.0,4.903,3,0.0,3,0.0,4,58.0,18,218.0,0,0,1,0,0.0,276.0,28.0,0,EW_GREEN,hold,,,
1810.0,2,64,314.0,4.906,3,0.0,3,0.0,4,60.0,19,229.0,0,0,1,0,0.0,289.0,25.0,0,EW_GREEN,hold,,,
1811.0,3,63,324.0,5.143,3,0.0,3,0.0,4,62.0,19,240.0,0,0,1,4,0.0,302.0,22.0,0,EW_GREEN,hold,,,
1812.0,3,66,345.0,5.227,3,0.0,3,0.0,4,65.0,20,252.0,0,0,3,4,0.0,317.0,28.0,0,EW_GREEN,hold,,,
1813.0,3,65,357.0,5.492,3,0.0,3,0.0,4,68.0,20,264.0,0,0,3,4,0.0,332.0,25.0,0,EW_GREEN,hold,,,
1814.0,0,61,193.0,3.164,3,0.0,3,0.0,1,3.0,19,167.0,0,0,1,3,0.0,170.0,23.0,0,EW_GREEN,hold,,,
1815.0,0,60,96.0,1.6,3,0.0,3,0.0,1,0.0,18,77.0,0,0,0,0,0.0,77.0,19.0,0,EW_GREEN,hold,,,
1816.0,0,59,51.0,0.864,3,0.0,3,0.0,1,0.0,18,27.0,0,0,0,0,0.0,27.0,24.0,0,EW_GREEN,hold,,,
1817.0,0,56,22.0,0.393,3,0.0,3,0.0,1,0.0,16,0.0,0,0,0,0,0.0,0.0,22.0,0,EW_GREEN,hold,,,
1818.0,0,61,21.0,0.344,3,0.0,3,1.0,1,0.0,17,0.0,0,0,0,0,0.0,1.0,20.0,0,EW_GREEN,hold,,,
1819.0,0,58,17.0,0.293,3,0.0,3,2.0,1,0.0,15,0.0,0,2,0,0,0.0,2.0,15.0,0,EW_GREEN,hold,,,
1820.0,0,61,17.0,0.279,3,1.0,3,4.0,2,0.0,14,0.0,0,2,0,0,0.0,5.0,12.0,0,EW_GREEN,hold,,,
1821.0,0,60,18.0,0.3,3,2.0,3,6.0,2,0.0,14,0.0,0,2,0,0,0.0,8.0,10.0,0,EW_GREEN,hold,,,
1822.0,0,60,18.0,0.3,3,3.0,3,8.0,2,0.0,12,0.0,0,2,0,0,0.0,11.0,7.0,0,EW_GREEN,hold,,,
1823.0,0,62,19.0,0.306,3,5.0,3,10.0,3,0.0,13,0.0,1,2,0,0,0.0,15.0,4.0,0,EW_GREEN,hold,,,
1824.0,0,61,24.0,0.393,3,7.0,3,12.0,3,0.0,11,0.0,1,2,0,0,0.0,19.0,5.0,0,EW_GREEN,hold,,,
1825.0,0,64,24.0,0.375,4,9.0,4,14.0,4,0.0,10,0.0,0,0,0,0,1.0,23.0,0.0,0,EW_GREEN,hold,,,
1826.0,0,65,29.0,0.446,4,11.0,4,16.0,4,0.0,10,0.0,0,0,0,0,2.0,27.0,0.0,0,EW_GREEN,hold,,,
1827.0,0,65,35.0,0.538,4,13.0,4,18.0,4,0.0,9,0.0,0,0,0,0,4.0,31.0,0.0,0,EW_GREEN,hold,,,
1828.0,0,68,42.0,0.618,4,15.0,4,20.0,4,0.0,10,0.0,0,0,0,0,7.0,35.0,0.0,0,EW_YELLOW,max_green,,,
1829.0,3,69,50.0,0.725,4,17.0,4,22.0,5,0.0,10,0.0,0,0,0,0,11.0,39.0,0.0,0,EW_YELLOW,hold,,,
1830.0,3,69,59.0,0.855,4,19.0,4,24.0,5,0.0,10,0.0,0,0,0,0,15.0,43.0,1.0,0,EW_YELLOW,hold,,,
1831.0,3,69,70.0,1.014,4,21.0,4,26.0,5,0.0,10,0.0,0,0,0,0,20.0,47.0,3.0,0,NS_GREEN,yellow_end,,,
1832.0,0,71,81.0,1.141,4,23.0,4,28.0,5,0.0,10,0.0,0,0,0,0,25.0,51.0,5.0,0,NS_GREEN,hold,,,
1833.0,0,71,92.0,1.296,4,25.0,4,30.0,6,0.0,9,0.0,0,0,0,0,30.0,55.0,7.0,0,NS_GREEN,hold,,,
1834.0,0,72,105.0,1.458,4,27.0,4,32.0,6,0.0,9,0.0,0,0,0,0,36.0,59.0,10.0,0,NS_GREEN,hold,,,
1835.0,0,73,102.0,1.397,4,29.0,4,18.0,6,0.0,9,0.0,0,0,0,0,42.0,47.0,13.0,0,NS_GREEN,hold,,,
1836.0,0,73,116.0,1.589,4,31.0,4,19.0,6,0.0,9,0.0,0,0,0,0,49.0,50.0,17.0,0,NS_GREEN,hold,,,
1837.0,0,73,132.0,1.808,4,33.0,4,20.0,6,0.0,8,0.0,0,0,0,0,56.0,53.0,23.0,0,NS_GREEN,hold,,,
1838.0,0,73,149.0,2.041,4,35.0,4,21.0,6,0.0,8,0.0,0,0,0,0,63.0,56.0,30.0,0,NS_GREEN,hold,,,
1839.0,0,74,164.0,2.216,4,37.0,4,22.0,7,0.0,7,0.0,0,0,0,0,70.0,59.0,35.0,0,NS_YELLOW,pressure_ew,,,
1840.0,1,72,166.0,2.306,4,39.0,4,24.0,7,0.0,7,0.0,0,0,0,0,61.0,63.0,42.0,0,NS_YELLOW,hold,,,
1841.0,1,73,169.0,2.315,4,41.0,4,26.0,7,0.0,7,0.0,0,0,0,0,52.0,67.0,50.0,0,NS_YELLOW,hold,,,
1842.0,1,75,173.0,2.307,4,43.0,4,29.0,8,0.0,7,0.0,0,2,0,0,42.0,72.0,59.0,0,EW_GREEN,yellow_end,,,
1843.0,2,71,103.0,1.451,2,1.0,2,2.0,8,0.0,7,0.0,1,1,0,0,31.0,3.0,69.0,0,EW_GREEN,hold,,,
1844.0,2,72,99.0,1.375,2,0.0,2,0.0,9,0.0,7,0.0,0,0,0,0,20.0,0.0,79.0,0,EW_GREEN,hold,,,
1845.0,2,72,100.0,1.389,2,0.0,2,0.0,9,0.0,7,1.0,0,0,0,0,10.0,1.0,89.0,0,EW_GREEN,hold,,,
1846.0,2,72,114.0,1.583,2,0.0,2,0.0,9,0.0,7,3.0,0,0,0,0,11.0,3.0,100.0,0,EW_GREEN,hold,,,
1847.0,2,71,113.0,1.592,2,0.0,2,0.0,9,0.0,7,5.0,0,0,0,0,14.0,5.0,94.0,0,EW_GREEN,hold,,,
1848.0,2,72,113.0,1.569,2,0.0,2,1.0,10,0.0,7,7.0,0,1,0,0,17.0,8.0,88.0,0,EW_GREEN,hold,,,
1849.0,2,71,98.0,1.38,2,0.0,3,2.0,10,0.0,7,9.0,0,0,0,0,4.0,11.0,83.0,0,EW_GREEN,hold,,,
1850.0,2,72,101.0,1.403,3,0.0,4,3.0,10,1.0,7,11.0,0,0,0,0,6.0,15.0,80.0,0,EW_GREEN,hold,,,
1851.0,2,75,108.0,1.44,3,0.0,4,4.0,11,2.0,8,13.0,0,0,0,0,9.0,19.0,80.0,0,EW_GREEN,hold,,,
1852.0,2,73,110.0,1.507,3,0.0,3,0.0,11,4.0,8,16.0,0,0,0,0,13.0,20.0,77.0,0,EW_GREEN,hold,,,
1853.0,2,74,120.0,1.622,3,0.0,3,0.0,11,6.0,8,20.0,0,0,0,1,17.0,26.0,77.0,0,EW_GREEN,hold,,,
1854.0,2,74,130.0,1.757,3,0.0,3,0.0,11,8.0,8,25.0,0,0,0,1,21.0,33.0,76.0,0,EW_GREEN,hold,,,
1855.0,2,73,141.0,1.932,3,0.0,3,0.0,11,10.0,9,30.0,0,0,0,1,26.0,40.0,75.0,0,EW_GREEN,hold,,,
1856.0,2,72,166.0,2.306,3,0.0,3,0.0,11,12.0,9,35.0,0,0,0,3,31.0,47.0,88.0,0,EW_GREEN,hold,,,
1857.0,2,71,177.0,2.493,3,0.0,3,0.0,11,14.0,9,40.0,0,0,0,3,37.0,54.0,86.0,0,EW_GREEN,hold,,,
1858.0,2,72,191.0,2.653,3,0.0,3,0.0,11,17.0,10,45.0,0,0,0,1,43.0,62.0,86.0,0,EW_GREEN,hold,,,
1859.0,2,71,205.0,2.887,3,0.0,3,0.0,11,20.0,10,50.0,0,0,0,1,49.0,70.0,86.0,0,EW_GREEN,hold,,,
1860.0,2,72,206.0,2.861,3,0.0,3,0.0,12,23.0,11,55.0,0,0,0,1,42.0,78.0,86.0,0,EW_GREEN,hold,,,
1861.0,2,69,175.0,2.536,3,0.0,3,0.0,12,26.0,11,60.0,0,0,0,1,35.0,86.0,54.0,0,EW_GREEN,hold,,,
1862.0,2,69,167.0,2.42,3,0.0,3,0.0,12,30.0,11,66.0,0,0,0,0,30.0,96.0,41.0,0,EW_GREEN,hold,,,
1863.0,2,69,181.0,2.623,2,0.0,2,0.0,12,34.0,11,72.0,0,0,0,0,25.0,106.0,50.0,0,EW_GREEN,hold,,,
1864.0,2,68,186.0,2.735,2,0.0,2,0.0,12,38.0,11,78.0,0,0,0,0,23.0,116.0,47.0,0,EW_GREEN,hold,,,
1865.0,2,67,192.0,2.866,1,0.0,2,0.0,12,42.0,11,84.0,0,0,0,0,21.0,126.0,45.0,0,EW_GREEN,hold,,,
1866.0,2,66,208.0,3.152,1,0.0,1,0.0,12,46.0,11,90.0,0,0,0,0,29.0,136.0,43.0,0,EW_GREEN,hold,,,
1867.0,2,66,236.0,3.576,1,0.0,1,0.0,12,50.0,11,97.0,0,0,0,2,38.0,147.0,51.0,0,EW_GREEN,hold,,,
1868.0,2,66,256.0,3.879,1,0.0,1,0.0,12,55.0,11,104.0,0,0,0,2,48.0,159.0,49.0,0,EW_GREEN,hold,,,
1869.0,2,68,278.0,4.088,1,0.0,1,0.0,13,61.0,11,111.0,0,0,0,2,59.0,172.0,47.0,0,EW_GREEN,hold,,,
1870.0,2,68,296.0,4.353,1,0.0,1,0.0,13,67.0,11,118.0,0,0,0,2,66.0,185.0,45.0,0,EW_GREEN,hold,,,
1871.0,2,66,284.0,4.303,1,0.0,1,0.0,13,73.0,11,125.0,0,0,0,2,43.0,198.0,43.0,0,EW_GREEN,hold,,,
1872.0,2,65,274.0,4.215,1,0.0,1,0.0,13,80.0,11,132.0,0,0,0,2,22.0,212.0,40.0,0,EW_GREEN,hold,,,
1873.0,2,71,276.0,3.887,2,0.0,2,0.0,14,87.0,11,139.0,0,0,0,0,3.0,226.0,47.0,0,EW_GREEN,hold,,,
1874.0,2,72,293.0,4.069,2,0.0,2,0.0,14,91.0,11,146.0,0,0,0,0,1.0,237.0,55.0,0,EW_GREEN,hold,,,
1875.0,2,72,315.0,4.375,2,0.0,2,0.0,14,97.0,11,153.0,0,0,0,0,2.0,250.0,63.0,0,EW_GREEN,hold,,,
1876.0,2,71,341.0,4.803,2,0.0,2,0.0,14,104.0,11,160.0,0,0,0,0,4.0,264.0,73.0,0,EW_GREEN,hold,,,
1877.0,2,70,368.0,5.257,2,0.0,2,0.0,14,111.0,11,167.0,0,0,0,0,7.0,278.0,83.0,0,EW_GREEN,hold,,,
1878.0,2,69,398.0,5.768,2,0.0,2,0.0,14,119.0,11,174.0,0,0,0,0,11.0,293.0,94.0,0,EW_GREEN,hold,,,
1879.0,2,69,430.0,6.232,2,0.0,2,0.0,14,128.0,11,181.0,0,0,0,0,15.0,309.0,106.0,0,EW_GREEN,hold,,,
1880.0,2,68,462.0,6.794,2,0.0,2,0.0,14,137.0,11,188.0,0,0,0,0,19.0,325.0,118.0,0,EW_GREEN,hold,,,
1881.0,2,68,496.0,7.294,2,0.0,2,0.0,14,147.0,11,195.0,0,0,5,0,24.0,342.0,130.0,0,EW_GREEN,hold,,,
1882.0,2,68,501.0,7.368,2,0.0,2,0.0,15,157.0,11,202.0,0,0,5,0,21.0,359.0,121.0,0,EW_GREEN,hold,,,
1883.0,2,67,510.0,7.612,2,0.0,2,0.0,15,168.0,11,209.0,0,0,5,0,19.0,377.0,114.0,0,EW_GREEN,hold,,,
1884.0,2,70,521.0,7.443,2,0.0,2,0.0,15,179.0,11,216.0,0,0,8,0,17.0,395.0,109.0,0,EW_GREEN,hold,,,
1885.0,3,69,532.0,7.71,2,0.0,2,0.0,15,190.0,11,223.0,0,0,8,0,14.0,413.0,105.0,0,EW_GREEN,hold,,,
1886.0,3,70,542.0,7.743,2,0.0,2,0.0,15,201.0,12,230.0,0,0,8,0,12.0,431.0,99.0,0,EW_GREEN,hold,,,
1887.0,3,70,555.0,7.929,2,0.0,2,0.0,15,212.0,12,238.0,0,0,8,0,10.0,450.0,95.0,0,EW_GREEN,hold,,,
1888.0,0,62,359.0,5.79,2,0.0,2,0.0,12,132.0,9,123.0,0,0,6,0,13.0,255.0,91.0,0,EW_GREEN,hold,,,
1889.0,0,64,196.0,3.062,2,0.0,2,0.0,13,67.0,10,31.0,0,0,0,0,12.0,98.0,86.0,0,EW_GREEN,hold,,,
1890.0,0,63,116.0,1.841,2,0.0,2,1.0,13,18.0,10,1.0,0,1,0,0,12.0,20.0,84.0,0,EW_GREEN,hold,,,
1891.0,0,61,105.0,1.721,2,0.0,2,2.0,10,9.0,8,0.0,0,1,0,0,13.0,11.0,81.0,0,EW_GREEN,hold,,,
1892.0,0,65,99.0,1.523,2,1.0,2,3.0,10,0.0,9,0.0,0,0,0,0,17.0,4.0,78.0,0,EW_GREEN,hold,,,
1893.0,0,65,103.0,1.585,2,2.0,2,4.0,11,0.0,7,0.0,0,0,0,0,22.0,6.0,75.0,0,EW_GREEN,hold,,,
1894.0,0,67,124.0,1.851,2,3.0,2,5.0,10,0.0,8,1.0,0,0,0,0,28.0,9.0,87.0,0,EW_GREEN,hold,,,
1895.0,0,70,133.0,1.9,2,4.0,2,6.0,10,0.0,8,3.0,0,0,0,0,35.0,13.0,85.0,0,EW_GREEN,hold,,,
1896.0,0,67,142.0,2.119,2,5.0,2,7.0,9,1.0,6,5.0,0,0,0,0,42.0,18.0,82.0,0,EW_GREEN,hold,,,
1897.0,0,70,145.0,2.071,3,6.0,3,8.0,9,3.0,6,0.0,0,0,0,0,50.0,17.0,78.0,0,EW_GREEN,hold,,,
1898.0,0,72,166.0,2.306,4,7.0,4,9.0,7,5.0,6,0.0,0,0,1,0,58.0,21.0,87.0,0,EW_GREEN,hold,,,
1899.0,0,71,166.0,2.338,4,8.0,4,10.0,7,0.0,6,0.0,0,0,0,0,67.0,18.0,81.0,0,EW_GREEN,hold,,,
1900.0,0,73,172.0,2.356,4,9.0,4,11.0,7,0.0,6,0.0,0,0,0,0,77.0,20.0,75.0,0,EW_GREEN,hold,,,
1901.0,0,75,178.0,2.373,4,10.0,4,12.0,7,0.0,7,1.0,0,0,0,0,87.0,23.0,68.0,0,EW_GREEN,hold,,,
1902.0,0,74,170.0,2.297,4,11.0,4,13.0,7,0.0,7,0.0,0,0,0,0,98.0,24.0,48.0,0,EW_YELLOW,max_green,,,
1903.0,3,75,171.0,2.28,4,12.0,4,14.0,7,0.0,7,1.0,0,0,0,0,110.0,27.0,34.0,0,EW_YELLOW,hold,,,
1904.0,3,77,177.0,2.299,4,13.0,4,15.0,7,0.0,7,2.0,0,0,0,0,123.0,30.0,24.0,0,EW_YELLOW,hold,,,
1905.0,3,76,198.0,2.605,4,14.0,4,16.0,7,1.0,7,3.0,0,0,1,0,136.0,34.0,28.0,0,NS_GREEN,yellow_end,,,
1906.0,0,75,200.0,2.667,4,15.0,4,17.0,7,0.0,6,0.0,0,0,0,0,150.0,32.0,18.0,0,NS_GREEN,hold,,,
1907.0,0,73,206.0,2.822,4,16.0,4,18.0,5,0.0,6,0.0,0,0,0,0,164.0,34.0,8.0,0,NS_GREEN,hold,,,
1908.0,0,72,226.0,3.139,4,17.0,4,19.0,5,0.0,6,0.0,0,0,0,0,178.0,36.0,12.0,0,NS_GREEN,hold,,,
1909.0,0,75,246.0,3.28,4,18.0,4,20.0,6,0.0,6,0.0,0,0,0,0,192.0,38.0,16.0,0,NS_GREEN,hold,,,
1910.0,0,77,267.0,3.468,4,19.0,4,21.0,6,0.0,6,0.0,0,0,0,0,206.0,40.0,21.0,0,NS_GREEN,hold,,,
1911.0,0,77,289.0,3.753,4,20.0,4,22.0,6,0.0,6,0.0,0,0,0,0,220.0,42.0,27.0,0,NS_GREEN,hold,,,
1912.0,0,77,311.0,4.039,4,21.0,4,23.0,6,0.0,6,0.0,0,0,0,0,234.0,44.0,33.0,0,NS_GREEN,hold,,,
1913.0,0,77,335.0,4.351,4,22.0,4,25.0,6,0.0,6,0.0,0,2,0,0,248.0,47.0,40.0,0,NS_YELLOW,pressure_ew,,,
1914.0,1,78,360.0,4.615,4,24.0,4,27.0,6,0.0,6,0.0,0,2,0,0,262.0,51.0,47.0,0,NS_YELLOW,hold,,,
1915.0,1,81,386.0,4.765,4,26.0,4,29.0,6,0.0,6,0.0,3,2,0,0,276.0,55.0,55.0,0,NS_YELLOW,hold,,,
1916.0,1,81,415.0,5.123,4,29.0,4,32.0,6,0.0,6,0.0,3,4,0,0,290.0,61.0,64.0,0,EW_GREEN,yellow_end,,,
1917.0,2,78,390.0,5.0,3,6.0,2,6.0,6,0.0,6,0.0,2,2,0,0,305.0,12.0,73.0,0,EW_GREEN,hold,,,
1918.0,2,77,406.0,5.273,2,3.0,2,0.0,6,0.0,6,1.0,0,0,0,0,320.0,4.0,82.0,0,EW_GREEN,hold,,,
1919.0,2,77,430.0,5.584,2,0.0,2,0.0,6,1.0,6,2.0,0,0,0,0,335.0,3.0,92.0,0,EW_GREEN,hold,,,
1920.0,2,77,458.0,5.948,2,0.0,1,0.0,7,2.0,6,3.0,0,0,0,0,350.0,5.0,103.0,0,EW_GREEN,hold,,,
1921.0,2,79,455.0,5.759,3,0.0,3,0.0,7,3.0,6,5.0,0,0,0,0,333.0,8.0,114.0,0,EW_GREEN,hold,,,
1922.0,2,79,454.0,5.747,3,0.0,3,0.0,7,5.0,6,7.0,0,0,0,0,316.0,12.0,126.0,0,EW_GREEN,hold,,,
1923.0,2,78,454.0,5.821,2,0.0,3,0.0,7,7.0,6,9.0,0,0,0,0,299.0,16.0,139.0,0,EW_GREEN,hold,,,
1924.0,2,76,455.0,5.987,2,0.0,3,0.0,7,9.0,6,12.0,0,0,0,1,282.0,21.0,152.0,0,EW_GREEN,hold,,,
1925.0,2,80,455.0,5.688,2,0.0,2,0.0,8,11.0,7,15.0,0,0,0,1,264.0,26.0,165.0,0,EW_GREEN,hold,,,
1926.0,2,80,488.0,6.1,2,0.0,2,0.0,8,13.0,7,18.0,0,0,0,1,278.0,31.0,179.0,0,EW_GREEN,hold,,,
1927.0,2,77,409.0,5.312,2,0.0,2,0.0,8,15.0,7,21.0,0,0,0,1,179.0,36.0,194.0,0,EW_GREEN,hold,,,
1928.0,2,77,382.0,4.961,2,0.0,2,0.0,8,18.0,7,24.0,0,0,0,1,130.0,42.0,210.0,0,EW_GREEN,hold,,,
1929.0,2,77,349.0,4.532,2,0.0,2,0.0,8,21.0,7,28.0,0,0,0,1,99.0,49.0,201.0,0,EW_GREEN,hold,,,
1930.0,2,74,324.0,4.378,2,0.0,2,0.0,8,24.0,7,32.0,0,0,0,1,77.0,56.0,191.0,0,EW_GREEN,hold,,,
1931.0,2,76,301.0,3.961,2,0.0,2,0.0,9,27.0,7,36.0,0,0,0,1,56.0,63.0,182.0,0,EW_GREEN,hold,,,
1932.0,2,74,281.0,3.797,2,0.0,2,0.0,9,31.0,7,40.0,0,0,1,0,36.0,71.0,174.0,0,EW_GREEN,hold,,,
1933.0,2,73,270.0,3.699,2,0.0,2,0.0,9,33.0,8,44.0,0,0,0,0,27.0,77.0,166.0,0,EW_GREEN,hold,,,
1934.0,2,73,275.0,3.767,2,0.0,2,0.0,9,36.0,8,48.0,0,0,0,0,34.0,84.0,157.0,0,EW_GREEN,hold,,,
1935.0,2,71,274.0,3.859,2,0.0,1,0.0,9,39.0,8,52.0,0,0,0,0,32.0,91.0,151.0,0,EW_GREEN,hold,,,
1936.0,2,72,278.0,3.861,2,0.0,1,0.0,9,42.0,9,57.0,0,0,1,0,34.0,99.0,145.0,0,EW_GREEN,hold,,,
1937.0,2,69,290.0,4.203,1,0.0,1,0.0,9,46.0,9,62.0,0,0,2,0,41.0,108.0,141.0,0,EW_GREEN,hold,,,
1938.0,2,69,306.0,4.435,1,0.0,1,0.0,9,50.0,10,68.0,0,0,2,2,49.0,118.0,139.0,0,EW_GREEN,hold,,,
1939.0,2,68,321.0,4.721,1,0.0,1,0.0,9,54.0,10,74.0,0,0,2,2,57.0,128.0,136.0,0,EW_GREEN,hold,,,
1940.0,2,68,338.0,4.971,1,0.0,1,0.0,9,58.0,11,80.0,0,0,1,2,66.0,138.0,134.0,0,EW_GREEN,hold,,,
1941.0,2,67,341.0,5.09,1,0.0,1,0.0,10,62.0,11,86.0,0,0,1,0,76.0,148.0,117.0,0,EW_GREEN,hold,,,
1942.0,2,67,347.0,5.179,1,0.0,1,0.0,10,66.0,11,92.0,0,0,1,0,86.0,158.0,103.0,0,EW_GREEN,hold,,,
1943.0,2,67,355.0,5.299,1,0.0,1,0.0,10,70.0,11,98.0,0,0,1,0,97.0,168.0,90.0,0,EW_GREEN,hold,,,
1944.0,2,67,388.0,5.791,1,0.0,1,0.0,10,74.0,11,104.0,0,0,1,0,109.0,178.0,101.0,0,EW_GREEN,hold,,,
1945.0,2,72,406.0,5.639,2,0.0,2,0.0,10,79.0,11,110.0,0,0,0,0,122.0,189.0,95.0,0,EW_GREEN,hold,,,
1946.0,2,75,424.0,5.653,3,0.0,3,0.0,10,84.0,11,116.0,0,0,0,0,135.0,200.0,89.0,0,EW_GREEN,hold,,,
1947.0,2,74,443.0,5.986,3,0.0,3,0.0,10,89.0,11,122.0,0,0,0,0,149.0,211.0,83.0,0,EW_GREEN,hold,,,
1948.0,2,74,462.0,6.243,3,0.0,3,0.0,10,94.0,11,128.0,0,0,2,0,163.0,222.0,77.0,0,EW_GREEN,hold,,,
1949.0,2,72,485.0,6.736,3,0.0,3,0.0,10,100.0,11,134.0,0,0,2,0,178.0,234.0,73.0,0,EW_GREEN,hold,,,
1950.0,2,70,522.0,7.457,3,0.0,3,0.0,10,106.0,11,140.0,0,0,2,0,193.0,246.0,83.0,0,EW_GREEN,hold,,,
1951.0,2,71,545.0,7.676,3,0.0,3,0.0,11,112.0,11,146.0,0,0,2,0,208.0,258.0,79.0,0,EW_GREEN,hold,,,
1952.0,2,71,584.0,8.225,3,0.0,3,0.0,11,119.0,11,152.0,0,0,2,0,223.0,271.0,90.0,0,EW_GREEN,hold,,,
1953.0,2,71,593.0,8.352,3,0.0,3,0.0,11,126.0,11,158.0,0,0,2,0,238.0,284.0,71.0,0,EW_GREEN,hold,,,
1954.0,2,70,603.0,8.614,3,0.0,3,0.0,11,133.0,11,164.0,0,0,2,0,254.0,297.0,52.0,0,EW_GREEN,hold,,,
1955.0,2,70,628.0,8.971,3,0.0,3,0.0,11,140.0,11,170.0,0,0,2,0,271.0,310.0,47.0,0,EW_GREEN,hold,,,
1956.0,2,72,625.0,8.681,3,0.0,3,0.0,11,147.0,11,176.0,0,0,3,0,259.0,323.0,43.0,0,EW_GREEN,hold,,,
1957.0,2,72,622.0,8.639,3,0.0,3,0.0,11,154.0,11,183.0,0,0,3,0,246.0,337.0,39.0,0,EW_GREEN,hold,,,
1958.0,2,72,619.0,8.597,3,0.0,3,0.0,11,161.0,11,190.0,0,0,3,0,232.0,351.0,36.0,0,EW_GREEN,hold,,,
1959.0,3,72,616.0,8.556,3,0.0,3,0.0,11,168.0,11,197.0,0,0,3,0,218.0,365.0,33.0,0,EW_GREEN,hold,,,
1960.0,3,71,613.0,8.634,3,0.0,3,0.0,11,175.0,11,204.0,0,0,3,0,203.0,379.0,31.0,0,EW_GREEN,hold,,,
1961.0,3,73,612.0,8.384,3,0.0,3,0.0,12,182.0,12,211.0,0,0,6,0,190.0,393.0,29.0,0,EW_GREEN,hold,,,
1962.0,0,65,380.0,5.846,3,0.0,3,0.0,9,85.0,9,92.0,0,0,4,0,176.0,177.0,27.0,0,EW_GREEN,hold,,,
1963.0,0,65,212.0,3.262,3,1.0,3,0.0,9,14.0,9,7.0,0,0,0,0,163.0,22.0,27.0,0,EW_GREEN,hold,,,
1964.0,0,66,177.0,2.682,3,2.0,3,1.0,10,0.0,9,0.0,0,0,0,0,148.0,3.0,26.0,0,EW_GREEN,hold,,,
1965.0,0,66,169.0,2.561,3,3.0,3,2.0,7,0.0,10,0.0,0,0,0,0,132.0,5.0,32.0,0,EW_GREEN,hold,,,
1966.0,0,69,161.0,2.333,3,4.0,3,3.0,8,0.0,8,0.0,0,0,0,0,116.0,7.0,38.0,0,EW_GREEN,hold,,,
1967.0,0,71,146.0,2.056,3,5.0,3,4.0,7,0.0,9,1.0,0,0,0,0,100.0,10.0,36.0,0,EW_GREEN,hold,,,
1968.0,0,70,128.0,1.829,3,6.0,3,5.0,6,0.0,8,2.0,0,0,0,0,82.0,13.0,33.0,0,EW_GREEN,hold,,,
1969.0,0,73,138.0,1.89,4,8.0,4,7.0,5,0.0,9,3.0,0,0,0,1,89.0,18.0,31.0,0,EW_GREEN,hold,,,
1970.0,0,74,125.0,1.689,4,10.0,4,9.0,5,0.0,7,4.0,0,0,0,1,73.0,23.0,29.0,0,EW_YELLOW,pressure_ns,,,
1971.0,3,73,114.0,1.562,4,12.0,4,11.0,5,0.0,7,5.0,0,0,0,1,57.0,28.0,29.0,0,EW_YELLOW,hold,,,
1972.0,3,77,108.0,1.403,4,14.0,4,13.0,6,1.0,8,6.0,0,0,0,0,44.0,34.0,30.0,0,EW_YELLOW,hold,,,
1973.0,3,76,99.0,1.303,4,16.0,4,15.0,6,2.0,8,7.0,0,0,0,0,27.0,40.0,32.0,0,NS_GREEN,yellow_end,,,
1974.0,0,74,82.0,1.108,4,18.0,4,17.0,5,0.0,7,0.0,0,0,0,0,16.0,35.0,31.0,0,NS_GREEN,hold,,,
1975.0,0,73,66.0,0.904,4,20.0,4,19.0,6,0.0,6,0.0,0,0,0,0,17.0,39.0,10.0,0,NS_GREEN,hold,,,
1976.0,0,74,61.0,0.824,4,22.0,4,21.0,6,0.0,6,0.0,0,0,0,0,14.0,43.0,4.0,0,NS_GREEN,hold,,,
1977.0,0,77,67.0,0.87,4,24.0,4,23.0,7,0.0,6,0.0,0,0,0,0,15.0,47.0,5.0,0,NS_GREEN,hold,,,
1978.0,0,77,72.0,0.935,4,26.0,4,25.0,7,0.0,6,0.0,0,0,0,0,16.0,51.0,5.0,0,NS_GREEN,hold,,,
1979.0,0,77,79.0,1.026,4,28.0,4,27.0,7,0.0,6,0.0,0,0,0,0,17.0,55.0,7.0,0,NS_GREEN,hold,,,
1980.0,0,79,84.0,1.063,4,30.0,4,29.0,7,0.0,6,0.0,0,0,0,0,18.0,59.0,7.0,0,NS_GREEN,hold,,,
1981.0,0,79,92.0,1.165,4,32.0,4,31.0,6,0.0,6,0.0,0,0,0,0,19.0,63.0,10.0,0,NS_YELLOW,pressure_ew,,,
1982.0,1,83,102.0,1.229,4,34.0,4,33.0,7,0.0,6,0.0,0,0,0,0,21.0,67.0,14.0,0,NS_YELLOW,hold,,,
1983.0,1,84,112.0,1.333,4,36.0,4,35.0,7,0.0,6,0.0,0,0,0,0,22.0,71.0,19.0,0,NS_YELLOW,hold,,,
1984.0,1,83,121.0,1.458,4,38.0,4,37.0,7,0.0,6,0.0,0,0,0,0,22.0,75.0,24.0,0,EW_GREEN,yellow_end,,,
1985.0,2,80,53.0,0.662,2,0.0,2,0.0,8,0.0,6,0.0,0,0,0,0,23.0,0.0,30.0,0,EW_GREEN,hold,,,
1986.0,2,80,60.0,0.75,2,0.0,2,0.0,8,0.0,6,0.0,0,0,0,0,24.0,0.0,36.0,0,EW_GREEN,hold,,,
1987.0,2,82,68.0,0.829,2,0.0,2,0.0,9,0.0,6,0.0,0,0,0,0,25.0,0.0,43.0,0,EW_GREEN,hold,,,
1988.0,2,82,77.0,0.939,2,0.0,2,0.0,9,0.0,6,0.0,0,0,0,0,26.0,0.0,51.0,0,EW_GREEN,hold,,,
1989.0,2,82,86.0,1.049,2,0.0,2,0.0,9,0.0,6,0.0,0,0,0,0,27.0,0.0,59.0,0,EW_GREEN,hold,,,
1990.0,2,82,96.0,1.171,2,0.0,2,0.0,9,0.0,6,0.0,0,0,0,0,28.0,0.0,68.0,0,EW_GREEN,hold,,,
1991.0,2,83,109.0,1.313,2,0.0,2,1.0,9,0.0,6,0.0,0,1,0,0,30.0,1.0,78.0,0,EW_GREEN,hold,,,
1992.0,2,81,123.0,1.519,1,0.0,2,2.0,9,0.0,6,0.0,0,1,0,0,33.0,2.0,88.0,0,EW_GREEN,hold,,,
1993.0,2,84,139.0,1.655,2,0.0,3,3.0,10,1.0,6,0.0,0,0,0,0,36.0,4.0,99.0,0,EW_GREEN,hold,,,
1994.0,2,86,152.0,1.767,3,0.0,4,4.0,10,2.0,6,1.0,0,0,0,0,35.0,7.0,110.0,0,EW_GREEN,hold,,,
1995.0,2,86,166.0,1.93,3,0.0,4,5.0,10,3.0,6,2.0,0,0,0,0,34.0,10.0,122.0,0,EW_GREEN,hold,,,
1996.0,2,85,175.0,2.059,3,0.0,3,0.0,11,4.0,6,3.0,0,0,0,0,34.0,7.0,134.0,0,EW_GREEN,hold,,,
1997.0,2,88,192.0,2.182,3,0.0,3,0.0,11,6.0,7,4.0,0,0,0,0,36.0,10.0,146.0,0,EW_GREEN,hold,,,
1998.0,2,88,210.0,2.386,3,0.0,3,0.0,11,8.0,7,5.0,0,0,0,0,38.0,13.0,159.0,0,EW_GREEN,hold,,,
1999.0,2,87,231.0,2.655,3,0.0,3,0.0,11,11.0,7,7.0,0,0,0,0,40.0,18.0,173.0,0,EW_GREEN,hold,,,
2000.0,2,86,254.0,2.953,3,0.0,3,0.0,11,14.0,7,9.0,0,0,0,0,43.0,23.0,188.0,0,EW_GREEN,hold,,,
2001.0,2,85,236.0,2.776,3,0.0,3,0.0,11,17.0,7,13.0,0,0,0,0,3.0,30.0,203.0,0,EW_GREEN,hold,,,
2002.0,2,84,234.0,2.786,3,0.0,3,0.0,12,20.0,7,17.0,0,0,0,0,5.0,37.0,192.0,0,EW_GREEN,hold,,,
2003.0,2,83,238.0,2.867,3,0.0,3,0.0,12,23.0,7,22.0,0,0,0,2,8.0,45.0,185.0,0,EW_GREEN,hold,,,
2004.0,2,82,244.0,2.976,3,0.0,3,0.0,13,27.0,7,27.0,0,0,0,2,11.0,54.0,179.0,0,EW_GREEN,hold,,,
2005.0,2,81,251.0,3.099,3,0.0,3,0.0,13,31.0,7,33.0,0,0,0,4,15.0,64.0,172.0,0,EW_GREEN,hold,,,
2006.0,2,80,260.0,3.25,3,0.0,3,0.0,13,36.0,8,39.0,0,0,0,2,19.0,75.0,166.0,0,EW_GREEN,hold,,,
2007.0,2,80,272.0,3.4,2,0.0,2,0.0,13,41.0,8,45.0,0,0,0,2,24.0,86.0,162.0,0,EW_GREEN,hold,,,
2008.0,2,79,286.0,3.62,2,0.0,2,0.0,14,46.0,8,51.0,0,0,0,2,29.0,97.0,160.0,0,EW_GREEN,hold,,,
2009.0,2,78,298.0,3.821,1,0.0,1,0.0,14,52.0,9,57.0,0,0,2,2,35.0,109.0,154.0,0,EW_GREEN,hold,,,
2010.0,2,77,313.0,4.065,1,0.0,1,0.0,14,58.0,9,63.0,0,0,2,2,42.0,121.0,150.0,0,EW_GREEN,hold,,,
2011.0,2,78,350.0,4.487,1,0.0,1,0.0,14,64.0,10,69.0,0,0,2,2,49.0,133.0,168.0,0,EW_GREEN,hold,,,
2012.0,2,78,368.0,4.718,1,0.0,1,0.0,14,70.0,10,75.0,0,0,2,2,57.0,145.0,166.0,0,EW_GREEN,hold,,,
2013.0,2,81,388.0,4.79,1,0.0,1,0.0,14,76.0,11,81.0,0,0,2,2,66.0,157.0,165.0,0,EW_GREEN,hold,,,
2014.0,2,77,382.0,4.961,1,0.0,1,0.0,14,83.0,11,87.0,0,0,2,0,75.0,170.0,137.0,0,EW_GREEN,hold,,,
2015.0,2,77,384.0,4.987,1,0.0,1,0.0,15,90.0,11,93.0,0,0,2,0,85.0,183.0,116.0,0,EW_GREEN,hold,,,
2016.0,2,76,396.0,5.211,1,0.0,1,0.0,15,97.0,11,99.0,0,0,2,0,96.0,196.0,104.0,0,EW_GREEN,hold,,,
2017.0,2,80,416.0,5.2,2,0.0,2,0.0,15,104.0,11,105.0,0,0,0,0,108.0,209.0,99.0,0,EW_GREEN,hold,,,
2018.0,2,83,438.0,5.277,2,0.0,2,0.0,16,111.0,11,111.0,0,0,0,0,122.0,222.0,94.0,0,EW_GREEN,hold,,,
2019.0,2,81,460.0,5.679,2,0.0,2,0.0,16,119.0,11,117.0,0,0,0,0,135.0,236.0,89.0,0,EW_GREEN,hold,,,
2020.0,2,80,499.0,6.237,2,0.0,2,0.0,16,127.0,11,123.0,0,0,0,0,149.0,250.0,100.0,0,EW_GREEN,hold,,,
2021.0,2,80,522.0,6.525,2,0.0,2,0.0,16,135.0,11,129.0,0,0,0,0,164.0,264.0,94.0,0,EW_GREEN,hold,,,
2022.0,2,80,546.0,6.825,2,0.0,2,0.0,16,143.0,11,135.0,0,0,0,2,180.0,278.0,88.0,0,EW_GREEN,hold,,,
2023.0,2,80,587.0,7.338,2,0.0,2,0.0,16,151.0,11,141.0,0,0,0,2,196.0,292.0,99.0,0,EW_GREEN,hold,,,
2024.0,2,79,611.0,7.734,2,0.0,2,0.0,16,159.0,11,147.0,0,0,0,2,212.0,306.0,93.0,0,EW_GREEN,hold,,,
2025.0,2,78,627.0,8.038,2,0.0,2,0.0,16,168.0,11,153.0,0,0,0,2,229.0,321.0,77.0,0,EW_GREEN,hold,,,
2026.0,2,79,646.0,8.177,2,0.0,2,0.0,17,177.0,11,159.0,0,0,0,2,247.0,336.0,63.0,0,EW_GREEN,hold,,,
2027.0,3,79,666.0,8.43,2,0.0,2,0.0,17,187.0,11,165.0,0,0,0,2,265.0,352.0,49.0,0,EW_GREEN,hold,,,
2028.0,3,80,688.0,8.6,2,0.0,2,0.0,17,198.0,11,172.0,0,0,0,2,284.0,370.0,34.0,0,EW_GREEN,hold,,,
2029.0,3,81,710.0,8.765,2,0.0,2,0.0,17,209.0,12,179.0,0,0,0,0,304.0,388.0,18.0,0,EW_GREEN,hold,,,
2030.0,0,74,513.0,6.932,2,0.0,2,0.0,14,116.0,9,87.0,0,0,0,0,293.0,203.0,17.0,0,EW_GREEN,hold,,,
2031.0,0,74,348.0,4.703,2,0.0,2,0.0,14,47.0,9,4.0,0,0,0,0,281.0,51.0,16.0,0,EW_GREEN,hold,,,
2032.0,0,72,298.0,4.139,2,0.0,2,0.0,14,14.0,9,0.0,0,0,0,0,269.0,14.0,15.0,0,EW_GREEN,hold,,,
2033.0,0,70,275.0,3.929,2,0.0,2,1.0,12,0.0,7,0.0,0,1,0,0,259.0,1.0,15.0,0,EW_GREEN,hold,,,
2034.0,0,72,271.0,3.764,2,1.0,2,2.0,12,0.0,7,0.0,1,1,0,0,249.0,3.0,19.0,0,EW_GREEN,hold,,,
2035.0,0,74,262.0,3.541,2,2.0,2,3.0,12,0.0,7,0.0,1,1,0,0,239.0,5.0,18.0,0,EW_GREEN,hold,,,
2036.0,0,75,280.0,3.733,2,3.0,2,4.0,10,0.0,6,0.0,1,1,0,0,255.0,7.0,18.0,0,EW_GREEN,hold,,,
2037.0,0,73,270.0,3.699,2,4.0,2,5.0,9,0.0,6,0.0,1,1,0,0,243.0,9.0,18.0,0,EW_GREEN,hold,,,
2038.0,0,80,260.0,3.25,2,6.0,2,7.0,9,0.0,7,0.0,2,2,0,0,231.0,13.0,16.0,0,EW_GREEN,hold,,,
2039.0,0,80,250.0,3.125,2,8.0,2,9.0,8,0.0,7,0.0,2,2,0,0,218.0,17.0,15.0,0,EW_GREEN,hold,,,
2040.0,0,81,242.0,2.988,2,10.0,2,11.0,7,0.0,6,0.0,2,2,0,0,205.0,21.0,16.0,0,EW_GREEN,hold,,,
2041.0,0,85,234.0,2.753,4,12.0,4,13.0,6,0.0,6,0.0,0,0,0,0,191.0,25.0,18.0,0,EW_YELLOW,pressure_ns,,,
2042.0,3,88,209.0,2.375,5,14.0,5,15.0,6,0.0,6,0.0,0,0,0,0,177.0,29.0,3.0,0,EW_YELLOW,hold,,,
2043.0,3,88,201.0,2.284,5,16.0,5,17.0,6,0.0,6,0.0,0,0,0,0,164.0,33.0,4.0,0,EW_YELLOW,hold,,,
2044.0,3,88,194.0,2.205,5,18.0,5,19.0,6,0.0,6,0.0,0,0,0,0,151.0,37.0,6.0,0,NS_GREEN,yellow_end,,,
2045.0,0,87,183.0,2.103,5,20.0,5,21.0,7,0.0,5,0.0,0,0,0,0,134.0,41.0,8.0,0,NS_GREEN,hold,,,
2046.0,0,86,174.0,2.023,5,22.0,5,23.0,7,0.0,5,0.0,0,0,0,0,117.0,45.0,12.0,0,NS_GREEN,hold,,,
2047.0,0,87,188.0,2.161,5,24.0,5,25.0,7,0.0,5,0.0,0,0,0,0,124.0,49.0,15.0,0,NS_GREEN,hold,,,
2048.0,0,89,181.0,2.034,5,26.0,5,27.0,7,0.0,5,0.0,0,0,0,0,108.0,53.0,20.0,0,NS_GREEN,hold,,,
2049.0,0,88,173.0,1.966,5,28.0,5,29.0,7,0.0,5,0.0,0,0,0,0,91.0,57.0,25.0,0,NS_GREEN,hold,,,
2050.0,0,89,166.0,1.865,5,30.0,5,31.0,7,0.0,5,0.0,0,0,0,0,74.0,61.0,31.0,0,NS_GREEN,hold,,,
2051.0,0,89,181.0,2.034,5,32.0,5,33.0,7,0.0,5,0.0,0,0,0,0,79.0,65.0,37.0,0,NS_GREEN,hold,,,
2052.0,0,89,173.0,1.944,5,34.0,5,35.0,7,0.0,5,0.0,0,0,0,0,60.0,69.0,44.0,0,NS_YELLOW,pressure_ew,,,
2053.0,1,90,169.0,1.878,5,36.0,5,37.0,7,0.0,5,0.0,0,0,0,0,45.0,73.0,51.0,0,NS_YELLOW,hold,,,
2054.0,1,91,175.0,1.923,5,38.0,5,39.0,8,0.0,5,0.0,0,0,0,0,38.0,77.0,60.0,0,NS_YELLOW,hold,,,
2055.0,1,90,189.0,2.1,5,40.0,5,41.0,8,0.0,5,0.0,0,0,0,0,39.0,81.0,69.0,0,EW_GREEN,yellow_end,,,
2056.0,2,88,117.0,1.33,4,0.0,4,0.0,8,0.0,5,0.0,0,0,0,0,38.0,0.0,79.0,0,EW_GREEN,hold,,,
2057.0,2,88,129.0,1.466,3,0.0,4,0.0,9,0.0,5,0.0,0,0,0,0,40.0,0.0,89.0,0,EW_GREEN,hold,,,
2058.0,2,88,141.0,1.602,3,0.0,3,0.0,9,0.0,5,0.0,0,0,0,0,42.0,0.0,99.0,0,EW_GREEN,hold,,,
2059.0,2,87,155.0,1.782,2,0.0,2,0.0,9,0.0,5,0.0,0,0,0,0,44.0,0.0,111.0,0,EW_GREEN,hold,,,
2060.0,2,88,170.0,1.932,2,0.0,2,0.0,10,0.0,5,0.0,0,0,0,0,46.0,0.0,124.0,0,EW_GREEN,hold,,,
2061.0,2,87,186.0,2.138,1,0.0,2,0.0,10,0.0,5,1.0,0,0,0,0,48.0,1.0,137.0,0,EW_GREEN,hold,,,
2062.0,2,86,203.0,2.36,1,0.0,1,0.0,10,0.0,5,2.0,0,0,0,0,50.0,2.0,151.0,0,EW_GREEN,hold,,,
2063.0,2,85,221.0,2.6,1,0.0,1,0.0,10,0.0,5,3.0,0,0,0,0,52.0,3.0,166.0,0,EW_GREEN,hold,,,
2064.0,2,84,241.0,2.869,1,0.0,1,0.0,10,1.0,5,4.0,0,0,0,0,55.0,5.0,181.0,0,EW_GREEN,hold,,,
2065.0,2,84,263.0,3.131,2,0.0,2,0.0,10,2.0,5,5.0,0,0,0,0,60.0,7.0,196.0,0,EW_GREEN,hold,,,
2066.0,2,85,286.0,3.365,2,0.0,2,0.0,11,4.0,5,7.0,0,0,0,1,63.0,11.0,212.0,0,EW_GREEN,hold,,,
2067.0,2,85,310.0,3.647,2,0.0,2,0.0,11,6.0,5,9.0,0,0,0,1,66.0,15.0,229.0,0,EW_GREEN,hold,,,
2068.0,2,85,338.0,3.976,2,0.0,2,0.0,12,9.0,5,11.0,0,0,0,1,71.0,20.0,247.0,0,EW_GREEN,hold,,,
2069.0,2,87,342.0,3.931,2,0.0,2,0.0,12,12.0,6,14.0,0,0,0,1,79.0,26.0,237.0,0,EW_GREEN,hold,,,
2070.0,2,88,350.0,3.977,2,0.0,2,0.0,13,15.0,6,17.0,0,0,0,1,88.0,32.0,230.0,0,EW_GREEN,hold,,,
2071.0,2,88,287.0,3.261,2,0.0,2,0.0,13,18.0,6,21.0,0,0,0,3,25.0,39.0,223.0,0,EW_GREEN,hold,,,
2072.0,2,87,282.0,3.241,2,0.0,2,0.0,13,21.0,6,26.0,0,0,0,3,17.0,47.0,218.0,0,EW_GREEN,hold,,,
2073.0,2,88,281.0,3.193,2,0.0,2,0.0,13,24.0,7,31.0,0,0,0,2,13.0,55.0,213.0,0,EW_GREEN,hold,,,
2074.0,2,85,282.0,3.318,2,0.0,2,0.0,13,28.0,7,36.0,0,0,0,2,7.0,64.0,211.0,0,EW_GREEN,hold,,,
2075.0,2,85,316.0,3.718,2,0.0,2,0.0,14,32.0,7,41.0,0,0,0,2,9.0,73.0,234.0,0,EW_GREEN,hold,,,
2076.0,2,86,327.0,3.802,2,0.0,2,0.0,14,36.0,8,46.0,0,0,0,2,12.0,82.0,233.0,0,EW_GREEN,hold,,,
2077.0,2,84,339.0,4.036,2,0.0,2,0.0,14,40.0,8,51.0,0,0,0,2,16.0,91.0,232.0,0,EW_GREEN,hold,,,
2078.0,2,84,352.0,4.19,2,0.0,2,0.0,14,46.0,8,56.0,0,0,0,2,20.0,102.0,230.0,0,EW_GREEN,hold,,,
2079.0,2,84,368.0,4.381,2,0.0,1,0.0,14,52.0,9,61.0,0,0,0,2,25.0,113.0,230.0,0,EW_GREEN,hold,,,
2080.0,2,81,355.0,4.383,2,0.0,1,0.0,14,58.0,9,66.0,0,0,2,2,31.0,124.0,200.0,0,EW_GREEN,hold,,,
2081.0,2,81,350.0,4.321,2,0.0,1,0.0,14,65.0,9,71.0,0,0,2,2,38.0,136.0,176.0,0,EW_GREEN,hold,,,
2082.0,2,81,349.0,4.309,2,0.0,1,0.0,14,72.0,9,76.0,0,0,2,2,45.0,148.0,156.0,0,EW_GREEN,hold,,,
2083.0,2,77,343.0,4.455,1,0.0,1,0.0,14,79.0,9,81.0,0,0,0,2,41.0,160.0,142.0,0,EW_GREEN,hold,,,
2084.0,2,76,343.0,4.513,1,0.0,1,0.0,14,86.0,9,86.0,0,0,0,2,38.0,172.0,133.0,0,EW_GREEN,hold,,,
2085.0,2,75,366.0,4.88,1,0.0,1,0.0,14,93.0,9,91.0,0,0,0,2,36.0,184.0,146.0,0,EW_GREEN,hold,,,
2086.0,2,74,369.0,4.986,1,0.0,1,0.0,15,100.0,9,96.0,0,0,0,2,34.0,196.0,139.0,0,EW_GREEN,hold,,,
2087.0,2,73,373.0,5.11,1,0.0,1,0.0,15,108.0,9,101.0,0,0,0,2,33.0,209.0,131.0,0,EW_GREEN,hold,,,
2088.0,2,72,379.0,5.264,1,0.0,1,0.0,15,116.0,9,106.0,0,0,0,2,33.0,222.0,124.0,0,EW_GREEN,hold,,,
2089.0,2,77,403.0,5.234,2,0.0,2,0.0,16,124.0,9,111.0,0,0,0,2,30.0,235.0,138.0,0,EW_GREEN,hold,,,
2090.0,2,81,409.0,5.049,3,0.0,3,0.0,16,133.0,9,116.0,0,0,0,2,29.0,249.0,131.0,0,EW_GREEN,hold,,,
2091.0,2,81,403.0,4.975,3,0.0,3,0.0,17,142.0,9,121.0,0,0,0,3,29.0,263.0,111.0,0,EW_GREEN,hold,,,
2092.0,2,81,401.0,4.951,3,0.0,3,0.0,17,151.0,9,126.0,0,0,0,3,30.0,277.0,94.0,0,EW_GREEN,hold,,,
2093.0,2,81,396.0,4.889,3,0.0,3,0.0,17,160.0,9,131.0,0,0,0,3,30.0,291.0,75.0,0,EW_GREEN,hold,,,
2094.0,2,79,411.0,5.203,3,0.0,3,0.0,17,169.0,9,136.0,0,0,0,3,31.0,305.0,75.0,0,EW_GREEN,hold,,,
2095.0,2,81,405.0,5.0,3,0.0,3,0.0,18,178.0,10,141.0,0,0,0,2,33.0,319.0,53.0,0,EW_GREEN,hold,,,
2096.0,2,82,398.0,4.854,3,0.0,3,0.0,18,187.0,10,146.0,0,0,0,2,34.0,333.0,31.0,0,EW_GREEN,hold,,,
2097.0,2,80,415.0,5.188,3,0.0,3,0.0,18,196.0,10,151.0,0,0,0,2,38.0,347.0,30.0,0,EW_GREEN,hold,,,
2098.0,3,82,430.0,5.244,3,0.0,3,0.0,19,206.0,11,156.0,0,0,0,2,39.0,362.0,29.0,0,EW_GREEN,hold,,,
2099.0,3,82,444.0,5.415,3,0.0,3,0.0,19,217.0,11,161.0,0,0,0,2,39.0,378.0,27.0,0,EW_GREEN,hold,,,
2100.0,3,84,459.0,5.464,3,0.0,3,0.0,20,230.0,12,166.0,0,0,0,2,39.0,396.0,24.0,0,EW_GREEN,hold,,,
2101.0,0,79,272.0,3.443,3,0.0,3,0.0,17,143.0,9,61.0,0,0,0,1,39.0,204.0,29.0,0,EW_GREEN,hold,,,
2102.0,0,79,139.0,1.759,3,0.0,3,0.0,17,69.0,9,1.0,0,0,0,0,40.0,70.0,29.0,0,EW_GREEN,hold,,,
2103.0,0,79,90.0,1.139,3,0.0,3,0.0,17,19.0,9,0.0,0,0,0,0,44.0,19.0,27.0,0,EW_GREEN,hold,,,
2104.0,0,74,80.0,1.081,3,0.0,3,0.0,16,6.0,6,0.0,0,0,0,0,48.0,6.0,26.0,0,EW_GREEN,hold,,,
2105.0,0,80,79.0,0.988,3,0.0,3,0.0,15,0.0,7,0.0,0,0,0,0,53.0,0.0,26.0,0,EW_GREEN,hold,,,
2106.0,0,77,82.0,1.065,3,0.0,3,0.0,14,0.0,6,0.0,0,0,0,0,56.0,0.0,26.0,0,EW_GREEN,hold,,,
2107.0,0,77,88.0,1.143,3,1.0,3,1.0,12,0.0,5,0.0,0,0,0,0,60.0,2.0,26.0,0,EW_GREEN,hold,,,
2108.0,0,78,96.0,1.231,3,2.0,3,2.0,12,0.0,6,0.0,0,0,0,0,60.0,4.0,32.0,0,EW_GREEN,hold,,,
2109.0,0,79,100.0,1.266,3,4.0,3,3.0,11,0.0,5,0.0,1,0,0,0,61.0,7.0,32.0,0,EW_GREEN,hold,,,
2110.0,0,84,106.0,1.262,3,4.0,3,4.0,10,0.0,6,0.0,0,0,0,0,64.0,8.0,34.0,0,EW_GREEN,hold,,,
2111.0,0,84,113.0,1.345,3,5.0,3,5.0,9,0.0,6,0.0,0,0,0,0,67.0,10.0,36.0,0,EW_GREEN,hold,,,
2112.0,0,86,120.0,1.395,3,6.0,3,6.0,9,0.0,6,0.0,0,0,0,0,69.0,12.0,39.0,0,EW_GREEN,hold,,,
2113.0,0,87,98.0,1.126,4,8.0,4,7.0,9,0.0,6,0.0,0,0,0,0,72.0,15.0,11.0,0,EW_GREEN,hold,,,
2114.0,0,87,112.0,1.287,4,10.0,4,9.0,9,0.0,6,0.0,0,0,0,0,76.0,19.0,17.0,0,EW_GREEN,hold,,,
2115.0,0,86,118.0,1.372,4,12.0,4,11.0,9,0.0,6,0.0,0,0,0,0,80.0,23.0,15.0,0,EW_YELLOW,max_green,,,
2116.0,3,87,125.0,1.437,4,14.0,4,13.0,10,0.0,6,0.0,0,0,0,0,81.0,27.0,17.0,0,EW_YELLOW,hold,,,
2117.0,3,87,138.0,1.586,4,16.0,4,15.0,10,1.0,6,0.0,0,0,0,0,84.0,32.0,22.0,0,EW_YELLOW,hold,,,
2118.0,3,88,153.0,1.739,4,18.0,4,17.0,10,2.0,6,0.0,0,0,0,0,89.0,37.0,27.0,0,NS_GREEN,yellow_end,,,
2119.0,0,86,93.0,1.081,4,20.0,4,19.0,10,0.0,6,0.0,0,0,0,0,21.0,39.0,33.0,0,NS_GREEN,hold,,,
2120.0,0,87,86.0,0.989,4,22.0,4,21.0,9,0.0,6,0.0,0,0,0,0,6.0,43.0,37.0,0,NS_GREEN,hold,,,
2121.0,0,86,100.0,1.163,4,24.0,4,23.0,8,0.0,6,0.0,0,0,0,0,10.0,47.0,43.0,0,NS_GREEN,hold,,,
2122.0,0,86,116.0,1.349,4,26.0,4,25.0,8,0.0,6,0.0,0,0,0,0,15.0,51.0,50.0,0,NS_GREEN,hold,,,
2123.0,0,87,133.0,1.529,4,28.0,4,27.0,8,0.0,6,0.0,0,0,0,0,20.0,55.0,58.0,0,NS_GREEN,hold,,,
2124.0,0,87,152.0,1.747,4,30.0,4,29.0,7,0.0,5,0.0,0,0,0,0,26.0,59.0,67.0,0,NS_GREEN,hold,,,
2125.0,0,87,173.0,1.989,4,32.0,4,31.0,7,0.0,5,0.0,0,0,0,0,33.0,63.0,77.0,0,NS_GREEN,hold,,,
2126.0,0,91,193.0,2.121,4,34.0,4,33.0,8,0.0,5,0.0,0,0,0,0,39.0,67.0,87.0,0,NS_GREEN,hold,,,
2127.0,0,91,215.0,2.363,4,36.0,4,35.0,8,0.0,5,0.0,0,0,0,0,46.0,71.0,98.0,0,NS_GREEN,hold,,,
2128.0,0,90,239.0,2.656,4,38.0,4,37.0,7,0.0,5,0.0,0,0,0,0,54.0,75.0,110.0,0,NS_YELLOW,pressure_ew,,,
2129.0,1,90,265.0,2.944,4,40.0,4,39.0,6,0.0,5,0.0,0,2,0,0,63.0,79.0,123.0,0,NS_YELLOW,hold,,,
2130.0,1,89,279.0,3.135,4,42.0,4,42.0,6,0.0,5,0.0,2,2,0,0,59.0,84.0,136.0,0,NS_YELLOW,hold,,,
2131.0,1,92,294.0,3.196,4,45.0,4,45.0,6,0.0,5,0.0,2,2,0,0,55.0,90.0,149.0,0,EW_GREEN,yellow_end,,,
2132.0,2,88,218.0,2.477,2,2.0,2,3.0,6,0.0,5,0.0,1,1,0,0,51.0,5.0,162.0,0,EW_GREEN,hold,,,
2133.0,2,89,224.0,2.517,2,0.0,2,0.0,6,0.0,5,0.0,0,0,0,0,47.0,0.0,177.0,0,EW_GREEN,hold,,,
2134.0,2,88,236.0,2.682,2,0.0,2,0.0,7,0.0,5,0.0,0,0,0,0,43.0,0.0,193.0,0,EW_GREEN,hold,,,
2135.0,2,88,246.0,2.795,2,0.0,2,0.0,7,0.0,5,0.0,0,0,0,0,39.0,0.0,207.0,0,EW_GREEN,hold,,,
2136.0,2,87,261.0,3.0,2,0.0,2,0.0,7,0.0,5,1.0,0,0,0,0,37.0,1.0,223.0,0,EW_GREEN,hold,,,
2137.0,2,88,281.0,3.193,3,1.0,3,0.0,7,0.0,5,3.0,0,0,0,1,37.0,4.0,240.0,0,EW_GREEN,hold,,,
2138.0,2,88,304.0,3.455,4,2.0,3,0.0,7,1.0,5,5.0,0,0,0,1,38.0,8.0,258.0,0,EW_GREEN,hold,,,
2139.0,2,89,330.0,3.708,4,3.0,3,0.0,8,2.0,5,7.0,0,0,0,1,41.0,12.0,277.0,0,EW_GREEN,hold,,,
2140.0,2,89,366.0,4.112,4,4.0,3,0.0,8,3.0,5,10.0,0,0,0,1,53.0,17.0,296.0,0,EW_GREEN,hold,,,
2141.0,2,91,363.0,3.989,4,5.0,3,0.0,8,5.0,6,13.0,0,0,0,1,55.0,23.0,285.0,0,EW_GREEN,hold,,,
2142.0,2,91,361.0,3.967,3,0.0,3,0.0,9,7.0,6,17.0,0,0,0,2,60.0,24.0,277.0,0,EW_GREEN,hold,,,
2143.0,2,91,367.0,4.033,3,0.0,3,0.0,9,10.0,6,22.0,0,0,0,2,66.0,32.0,269.0,0,EW_GREEN,hold,,,
2144.0,2,91,375.0,4.121,3,0.0,3,0.0,9,13.0,6,27.0,0,0,0,2,72.0,40.0,263.0,0,EW_GREEN,hold,,,
2145.0,2,90,384.0,4.267,3,0.0,3,0.0,9,16.0,6,32.0,0,0,0,2,78.0,48.0,258.0,0,EW_GREEN,hold,,,
2146.0,2,91,396.0,4.352,3,0.0,3,0.0,9,19.0,7,37.0,0,0,0,1,84.0,56.0,256.0,0,EW_GREEN,hold,,,
2147.0,2,91,419.0,4.604,3,0.0,3,0.0,10,22.0,7,42.0,0,0,0,1,99.0,64.0,256.0,0,EW_GREEN,hold,,,
2148.0,2,92,430.0,4.674,3,0.0,3,0.0,10,26.0,8,47.0,0,0,0,0,101.0,73.0,256.0,0,EW_GREEN,hold,,,
2149.0,2,92,440.0,4.783,3,0.0,3,0.0,10,30.0,8,52.0,0,0,0,0,103.0,82.0,255.0,0,EW_GREEN,hold,,,
2150.0,2,92,451.0,4.902,3,0.0,3,0.0,10,35.0,8,57.0,0,0,0,0,106.0,92.0,253.0,0,EW_GREEN,hold,,,
2151.0,2,93,463.0,4.978,2,0.0,2,0.0,10,40.0,9,62.0,0,0,1,0,108.0,102.0,253.0,0,EW_GREEN,hold,,,
2152.0,2,88,420.0,4.773,2,0.0,2,0.0,11,45.0,9,67.0,0,0,0,0,64.0,112.0,244.0,0,EW_GREEN,hold,,,
2153.0,2,86,367.0,4.267,1,0.0,1,0.0,11,50.0,9,72.0,0,0,0,0,32.0,122.0,213.0,0,EW_GREEN,hold,,,
2154.0,2,86,329.0,3.826,1,0.0,1,0.0,11,55.0,9,77.0,0,0,0,0,4.0,132.0,193.0,0,EW_GREEN,hold,,,
2155.0,2,81,329.0,4.062,1,0.0,1,0.0,11,60.0,9,82.0,0,0,0,0,6.0,142.0,181.0,0,EW_GREEN,hold,,,
2156.0,2,79,330.0,4.177,1,0.0,1,0.0,11,65.0,9,87.0,0,0,0,0,9.0,152.0,169.0,0,EW_GREEN,hold,,,
2157.0,2,77,334.0,4.338,0,0.0,0,0.0,12,70.0,9,92.0,0,0,0,0,12.0,162.0,160.0,0,EW_GREEN,hold,,,
2158.0,2,73,338.0,4.63,0,0.0,0,0.0,12,76.0,9,97.0,0,0,0,1,16.0,173.0,149.0,0,EW_GREEN,hold,,,
2159.0,2,73,345.0,4.726,0,0.0,0,0.0,12,82.0,9,102.0,0,0,0,1,20.0,184.0,141.0,0,EW_GREEN,hold,,,
2160.0,2,70,354.0,5.057,0,0.0,0,0.0,12,88.0,9,107.0,0,0,0,1,25.0,195.0,134.0,0,EW_GREEN,hold,,,
2161.0,2,77,384.0,4.987,2,0.0,2,0.0,12,94.0,9,112.0,0,0,0,1,31.0,206.0,147.0,0,EW_GREEN,hold,,,
2162.0,2,79,392.0,4.962,2,0.0,2,0.0,12,100.0,9,117.0,0,0,0,1,37.0,217.0,138.0,0,EW_GREEN,hold,,,
2163.0,2,78,388.0,4.974,2,0.0,2,0.0,12,106.0,9,122.0,0,0,0,1,32.0,228.0,128.0,0,EW_GREEN,hold,,,
2164.0,2,78,374.0,4.795,2,0.0,2,0.0,12,113.0,9,127.0,0,0,3,1,27.0,240.0,107.0,0,EW_GREEN,hold,,,
2165.0,2,78,362.0,4.641,2,0.0,2,0.0,12,120.0,9,132.0,0,0,3,1,23.0,252.0,87.0,0,EW_GREEN,hold,,,
2166.0,2,78,370.0,4.744,2,0.0,2,0.0,12,127.0,9,137.0,0,0,3,1,20.0,264.0,86.0,0,EW_GREEN,hold,,,
2167.0,2,80,357.0,4.463,2,0.0,2,0.0,13,134.0,9,142.0,0,0,3,1,17.0,276.0,64.0,0,EW_GREEN,hold,,,
2168.0,2,80,346.0,4.325,2,0.0,2,0.0,13,141.0,10,147.0,0,0,3,0,14.0,288.0,44.0,0,EW_GREEN,hold,,,
2169.0,2,80,356.0,4.45,2,0.0,2,0.0,13,148.0,10,152.0,0,0,3,0,12.0,300.0,44.0,0,EW_GREEN,hold,,,
2170.0,2,81,385.0,4.753,2,0.0,2,0.0,14,156.0,10,157.0,0,0,0,0,17.0,313.0,55.0,0,EW_GREEN,hold,,,
2171.0,2,81,395.0,4.877,2,0.0,2,0.0,14,164.0,11,162.0,0,0,0,0,15.0,326.0,54.0,0,EW_GREEN,hold,,,
2172.0,2,84,409.0,4.869,2,0.0,2,0.0,15,172.0,11,167.0,0,0,0,0,14.0,339.0,56.0,0,EW_GREEN,hold,,,
2173.0,2,84,423.0,5.036,2,0.0,2,0.0,15,180.0,11,172.0,0,0,0,0,13.0,352.0,58.0,0,EW_GREEN,hold,,,
2174.0,3,85,437.0,5.141,2,0.0,2,0.0,15,188.0,12,177.0,0,0,0,0,12.0,365.0,60.0,0,EW_GREEN,hold,,,
2175.0,3,86,454.0,5.279,2,0.0,2,0.0,15,197.0,12,183.0,0,0,0,0,11.0,380.0,63.0,0,EW_GREEN,hold,,,
2176.0,3,85,473.0,5.565,2,0.0,2,0.0,15,206.0,12,189.0,0,0,0,0,11.0,395.0,67.0,0,EW_GREEN,hold,,,
2177.0,0,80,269.0,3.362,2,0.0,2,0.0,13,103.0,10,77.0,0,0,0,0,10.0,180.0,79.0,0,EW_GREEN,hold,,,
2178.0,0,79,158.0,2.0,2,1.0,2,0.0,13,29.0,9,36.0,0,0,0,0,9.0,66.0,83.0,0,EW_GREEN,hold,,,
2179.0,0,78,97.0,1.244,2,2.0,2,0.0,13,2.0,10,0.0,0,0,0,0,9.0,4.0,84.0,0,EW_GREEN,hold,,,
2180.0,0,77,100.0,1.299,2,3.0,2,1.0,11,0.0,8,0.0,0,0,0,0,9.0,4.0,87.0,0,EW_GREEN,hold,,,
2181.0,0,80,108.0,1.35,2,4.0,2,2.0,11,0.0,9,0.0,0,0,0,0,12.0,6.0,90.0,0,EW_GREEN,hold,,,
2182.0,0,80,117.0,1.462,2,5.0,2,3.0,10,0.0,8,0.0,0,0,0,0,17.0,8.0,92.0,0,EW_GREEN,hold,,,
2183.0,0,81,114.0,1.407,2,6.0,2,4.0,9,0.0,7,0.0,0,0,0,0,22.0,10.0,82.0,0,EW_GREEN,hold,,,
2184.0,0,81,105.0,1.296,2,7.0,2,5.0,9,0.0,7,0.0,0,0,0,0,29.0,12.0,64.0,0,EW_GREEN,hold,,,
2185.0,0,84,98.0,1.167,3,8.0,3,6.0,8,0.0,6,0.0,0,0,0,0,36.0,14.0,48.0,0,EW_GREEN,hold,,,
2186.0,0,86,92.0,1.07,4,9.0,4,7.0,8,0.0,6,0.0,0,0,0,0,44.0,16.0,32.0,0,EW_GREEN,hold,,,
2187.0,0,88,92.0,1.045,4,10.0,4,8.0,8,0.0,6,0.0,0,0,0,0,53.0,18.0,21.0,0,EW_GREEN,hold,,,
2188.0,0,87,106.0,1.218,4,11.0,4,9.0,7,0.0,6,0.0,0,0,0,0,63.0,20.0,23.0,0,EW_GREEN,hold,,,
2189.0,0,86,119.0,1.384,4,12.0,4,10.0,7,0.0,6,0.0,0,0,0,0,73.0,22.0,24.0,0,EW_GREEN,hold,,,
2190.0,0,86,134.0,1.558,4,13.0,4,11.0,7,0.0,6,0.0,0,0,0,0,84.0,24.0,26.0,0,EW_GREEN,hold,,,
2191.0,0,86,148.0,1.721,4,14.0,4,12.0,8,0.0,6,0.0,0,0,0,0,95.0,26.0,27.0,0,EW_YELLOW,max_green,,,
2192.0,3,88,168.0,1.909,4,15.0,4,13.0,8,0.0,6,0.0,0,0,0,0,107.0,28.0,33.0,0,EW_YELLOW,hold,,,
2193.0,3,87,173.0,1.989,4,16.0,4,14.0,9,0.0,6,0.0,0,0,0,0,103.0,30.0,40.0,0,EW_YELLOW,hold,,,
2194.0,3,87,180.0,2.069,4,17.0,4,15.0,9,0.0,6,0.0,0,0,0,0,101.0,32.0,47.0,0,NS_GREEN,yellow_end,,,
2195.0,0,89,187.0,2.101,4,18.0,4,16.0,10,0.0,6,0.0,0,0,0,0,98.0,34.0,55.0,0,NS_GREEN,hold,,,
2196.0,0,88,195.0,2.216,4,19.0,4,17.0,9,0.0,6,0.0,0,0,0,0,95.0,36.0,64.0,0,NS_GREEN,hold,,,
2197.0,0,89,204.0,2.292,4,20.0,4,18.0,9,0.0,6,0.0,0,0,0,0,92.0,38.0,74.0,0,NS_GREEN,hold,,,
2198.0,0,92,211.0,2.293,4,21.0,4,19.0,10,0.0,6,0.0,0,0,0,0,87.0,40.0,84.0,0,NS_GREEN,hold,,,
2199.0,0,90,221.0,2.456,4,22.0,4,20.0,9,0.0,5,0.0,0,0,0,0,84.0,42.0,95.0,0,NS_GREEN,hold,,,
2200.0,0,89,230.0,2.584,4,23.0,4,21.0,9,0.0,4,0.0,0,0,0,0,80.0,44.0,106.0,0,NS_GREEN,hold,,,
2201.0,0,92,241.0,2.62,4,24.0,4,23.0,9,0.0,4,0.0,0,0,0,0,76.0,47.0,118.0,0,NS_GREEN,hold,,,
2202.0,0,92,255.0,2.772,4,25.0,4,26.0,9,0.0,4,0.0,0,2,0,0,73.0,51.0,131.0,0,NS_YELLOW,pressure_ew,,,
2203.0,1,93,271.0,2.914,4,27.0,4,29.0,10,0.0,4,0.0,0,2,0,0,71.0,56.0,144.0,0,NS_YELLOW,hold,,,
2204.0,1,93,300.0,3.226,4,29.0,4,32.0,10,0.0,4,0.0,2,2,0,0,81.0,61.0,158.0,0,NS_YELLOW,hold,,,
2205.0,1,93,319.0,3.43,4,32.0,4,35.0,10,0.0,4,0.0,2,2,0,0,79.0,67.0,173.0,0,EW_GREEN,yellow_end,,,
2206.0,2,89,272.0,3.056,2,2.0,2,5.0,10,0.0,4,0.0,1,1,0,0,76.0,7.0,189.0,0,EW_GREEN,hold,,,
2207.0,2,88,280.0,3.182,2,0.0,2,0.0,10,0.0,4,0.0,0,0,0,0,75.0,0.0,205.0,0,EW_GREEN,hold,,,
2208.0,2,87,262.0,3.011,2,0.0,2,0.0,11,0.0,4,0.0,0,0,0,0,40.0,0.0,222.0,0,EW_GREEN,hold,,,
2209.0,2,87,276.0,3.172,2,0.0,2,0.0,11,0.0,4,0.0,0,0,0,0,36.0,0.0,240.0,0,EW_GREEN,hold,,,
2210.0,2,86,276.0,3.209,2,0.0,2,0.0,11,1.0,4,0.0,0,0,0,0,44.0,1.0,231.0,0,EW_GREEN,hold,,,
2211.0,2,87,266.0,3.057,2,0.0,2,0.0,12,2.0,4,0.0,0,0,0,0,43.0,2.0,221.0,0,EW_GREEN,hold,,,
2212.0,2,85,257.0,3.024,2,0.0,2,0.0,12,3.0,4,0.0,0,0,0,0,42.0,3.0,212.0,0,EW_GREEN,hold,,,
2213.0,2,87,252.0,2.897,2,0.0,2,0.0,12,4.0,5,1.0,0,0,0,0,41.0,5.0,206.0,0,EW_GREEN,hold,,,
2214.0,2,86,248.0,2.884,2,0.0,2,0.0,12,5.0,5,2.0,0,0,0,0,40.0,7.0,201.0,0,EW_GREEN,hold,,,
2215.0,2,86,244.0,2.837,2,0.0,2,0.0,12,6.0,6,3.0,0,0,0,0,39.0,9.0,196.0,0,EW_GREEN,hold,,,
2216.0,2,84,244.0,2.905,2,0.0,2,0.0,12,7.0,6,5.0,0,0,0,0,39.0,12.0,193.0,0,EW_GREEN,hold,,,
2217.0,2,84,247.0,2.94,2,0.0,2,0.0,12,8.0,7,8.0,0,0,0,0,39.0,16.0,192.0,0,EW_GREEN,hold,,,
2218.0,2,84,257.0,3.06,2,0.0,2,0.0,12,10.0,7,11.0,0,0,0,0,46.0,21.0,190.0,0,EW_GREEN,hold,,,
2219.0,2,82,267.0,3.256,2,0.0,2,0.0,12,12.0,7,14.0,0,0,0,0,54.0,26.0,187.0,0,EW_GREEN,hold,,,
2220.0,2,81,279.0,3.444,2,0.0,2,0.0,12,14.0,8,17.0,0,0,0,0,62.0,31.0,186.0,0,EW_GREEN,hold,,,
2221.0,2,82,295.0,3.598,2,0.0,2,0.0,12,17.0,8,21.0,0,0,0,0,71.0,38.0,186.0,1,EW_GREEN,hold,,,
2222.0,2,84,332.0,3.952,2,0.0,2,0.0,13,21.0,8,25.0,0,0,0,0,80.0,46.0,206.0,1,EW_GREEN,hold,,,
2223.0,2,85,348.0,4.094,1,0.0,2,0.0,13,25.0,9,29.0,0,0,0,0,90.0,54.0,204.0,1,EW_GREEN,hold,,,
2224.0,2,82,329.0,4.012,1,0.0,2,0.0,13,30.0,9,33.0,0,0,0,0,100.0,63.0,166.0,1,EW_GREEN,hold,,,
2225.0,2,81,320.0,3.951,1,0.0,1,0.0,13,35.0,9,37.0,0,0,0,0,111.0,72.0,137.0,1,EW_GREEN,hold,,,
2226.0,2,81,309.0,3.815,1,0.0,1,0.0,13,41.0,9,41.0,0,0,0,0,122.0,82.0,105.0,1,EW_GREEN,hold,,,
2227.0,2,80,314.0,3.925,1,0.0,1,0.0,13,47.0,9,45.0,0,0,0,0,134.0,92.0,88.0,1,EW_GREEN,hold,,,
2228.0,2,79,322.0,4.076,1,0.0,1,0.0,13,53.0,9,49.0,0,0,0,0,146.0,102.0,74.0,1,EW_GREEN,hold,,,
2229.0,2,78,347.0,4.449,1,0.0,1,0.0,13,53.0,9,53.0,0,0,0,0,159.0,106.0,82.0,1,EW_GREEN,hold,,,
2230.0,2,74,362.0,4.892,1,0.0,1,0.0,13,59.0,9,57.0,0,0,0,0,174.0,116.0,72.0,1,EW_GREEN,hold,,,
2231.0,2,75,376.0,5.013,1,0.0,1,0.0,14,65.0,9,61.0,0,0,0,0,188.0,126.0,62.0,1,EW_GREEN,hold,,,
2232.0,2,72,412.0,5.722,1,0.0,1,0.0,14,73.0,9,65.0,0,0,0,0,204.0,138.0,70.0,1,EW_GREEN,hold,,,
2233.0,2,78,430.0,5.513,2,0.0,2,0.0,14,82.0,9,69.0,0,0,0,0,221.0,151.0,58.0,1,EW_GREEN,hold,,,
2234.0,2,81,450.0,5.556,3,0.0,3,0.0,14,91.0,9,73.0,0,0,0,0,239.0,164.0,47.0,1,EW_GREEN,hold,,,
2235.0,2,80,478.0,5.975,3,0.0,3,0.0,14,100.0,9,77.0,0,0,4,0,257.0,177.0,44.0,1,EW_GREEN,hold,,,
2236.0,2,80,519.0,6.487,3,0.0,3,0.0,14,110.0,9,81.0,0,0,4,0,276.0,191.0,52.0,1,EW_GREEN,hold,,,
2237.0,2,79,531.0,6.722,3,0.0,3,0.0,14,120.0,9,85.0,0,0,4,0,265.0,205.0,61.0,1,EW_GREEN,hold,,,
2238.0,2,77,544.0,7.065,3,0.0,3,0.0,14,130.0,9,89.0,0,0,4,0,255.0,219.0,70.0,1,EW_GREEN,hold,,,
2239.0,2,78,557.0,7.141,3,0.0,3,0.0,15,140.0,9,93.0,0,0,4,0,245.0,233.0,79.0,1,EW_GREEN,hold,,,
2240.0,2,77,572.0,7.429,3,0.0,3,0.0,16,151.0,9,97.0,0,0,4,0,234.0,248.0,90.0,1,EW_GREEN,hold,,,
2241.0,2,77,588.0,7.636,3,0.0,3,0.0,16,162.0,9,101.0,0,0,4,0,224.0,263.0,101.0,1,EW_GREEN,hold,,,
2242.0,2,76,608.0,8.0,3,0.0,3,0.0,16,174.0,9,105.0,0,0,4,0,215.0,279.0,114.0,1,EW_GREEN,hold,,,
2243.0,2,76,628.0,8.263,3,0.0,3,0.0,17,186.0,9,109.0,0,0,4,0,206.0,295.0,127.0,1,EW_GREEN,hold,,,
2244.0,2,77,674.0,8.753,3,0.0,3,0.0,17,198.0,9,113.0,0,0,4,0,222.0,311.0,141.0,1,EW_GREEN,hold,,,
2245.0,2,76,694.0,9.132,3,0.0,3,0.0,17,210.0,9,117.0,0,0,4,0,212.0,327.0,155.0,1,EW_GREEN,hold,,,
2246.0,2,77,715.0,9.286,3,0.0,3,0.0,18,222.0,9,122.0,0,0,4,0,202.0,344.0,169.0,1,EW_GREEN,hold,,,
2247.0,2,76,737.0,9.697,3,0.0,2,0.0,18,234.0,9,127.0,0,0,4,2,192.0,361.0,184.0,1,EW_GREEN,hold,,,
2248.0,3,74,760.0,10.27,3,0.0,2,0.0,18,246.0,9,133.0,0,0,4,2,182.0,379.0,199.0,1,EW_GREEN,hold,,,
2249.0,3,76,784.0,10.316,3,0.0,2,0.0,19,258.0,10,139.0,0,0,4,0,172.0,397.0,215.0,1,EW_GREEN,hold,,,
2250.0,3,75,831.0,11.08,3,0.0,2,0.0,19,270.0,10,145.0,0,0,4,0,184.0,415.0,232.0,1,EW_GREEN,hold,,,
2251.0,0,70,650.0,9.286,3,0.0,2,0.0,16,180.0,7,46.0,0,0,3,2,174.0,226.0,250.0,1,EW_GREEN,hold,,,
2252.0,0,70,536.0,7.657,3,0.0,2,0.0,17,103.0,7,3.0,0,0,0,0,161.0,106.0,269.0,1,EW_GREEN,hold,,,
2253.0,0,70,489.0,6.986,3,1.0,2,1.0,17,51.0,7,0.0,0,1,0,0,148.0,53.0,288.0,1,EW_GREEN,hold,,,
2254.0,0,70,458.0,6.543,3,2.0,2,2.0,17,13.0,4,0.0,0,1,0,0,134.0,17.0,307.0,1,EW_GREEN,hold,,,
2255.0,0,70,452.0,6.457,3,3.0,2,3.0,15,0.0,4,0.0,0,1,0,0,119.0,6.0,327.0,1,EW_GREEN,hold,,,
2256.0,0,71,458.0,6.451,3,4.0,2,4.0,15,0.0,3,0.0,0,1,0,0,103.0,8.0,347.0,1,EW_GREEN,hold,,,
2257.0,0,74,464.0,6.27,4,5.0,3,5.0,14,0.0,2,0.0,0,0,0,0,87.0,10.0,367.0,1,EW_GREEN,hold,,,
2258.0,0,75,470.0,6.267,4,7.0,3,6.0,14,0.0,2,0.0,0,0,0,0,70.0,13.0,387.0,1,EW_GREEN,hold,,,
2259.0,0,76,475.0,6.25,4,9.0,3,7.0,13,0.0,2,0.0,0,0,0,0,52.0,16.0,407.0,1,EW_GREEN,hold,,,
2260.0,0,74,502.0,6.784,4,11.0,3,8.0,12,0.0,2,1.0,0,0,0,1,55.0,20.0,427.0,1,EW_GREEN,hold,,,
2261.0,0,74,508.0,6.865,4,13.0,3,9.0,12,0.0,2,0.0,0,0,0,0,39.0,22.0,447.0,1,EW_GREEN,hold,,,
2262.0,0,75,512.0,6.827,4,15.0,3,10.0,11,0.0,2,0.0,0,0,0,0,20.0,25.0,467.0,1,EW_GREEN,hold,,,
2263.0,0,74,538.0,7.27,4,17.0,3,11.0,11,0.0,1,0.0,0,0,0,0,23.0,28.0,487.0,1,EW_GREEN,hold,,,
2264.0,0,74,565.0,7.635,4,19.0,3,12.0,9,0.0,1,0.0,0,0,0,0,27.0,31.0,507.0,1,EW_GREEN,hold,,,
2265.0,0,76,593.0,7.803,4,21.0,3,13.0,9,0.0,1,0.0,0,0,0,0,32.0,34.0,527.0,1,EW_YELLOW,max_green,,,
2266.0,3,78,616.0,7.897,4,23.0,3,14.0,10,0.0,1,0.0,0,0,0,0,32.0,37.0,547.0,1,EW_YELLOW,hold,,,
2267.0,3,78,639.0,8.192,4,25.0,3,15.0,10,0.0,1,0.0,0,0,0,0,32.0,40.0,567.0,1,EW_YELLOW,hold,,,
2268.0,3,80,661.0,8.262,4,27.0,3,16.0,11,0.0,1,0.0,0,0,0,0,31.0,43.0,587.0,1,NS_GREEN,yellow_end,,,
2269.0,0,80,637.0,7.963,4,29.0,3,17.0,10,0.0,1,0.0,0,0,0,0,30.0,46.0,561.0,1,NS_GREEN,hold,,,
2270.0,0,79,613.0,7.759,4,31.0,3,18.0,9,0.0,1,0.0,0,0,0,0,29.0,49.0,535.0,1,NS_GREEN,hold,,,
2271.0,0,79,591.0,7.481,4,33.0,3,19.0,9,0.0,1,0.0,0,0,0,0,30.0,52.0,509.0,1,NS_GREEN,hold,,,
2272.0,0,79,569.0,7.203,4,35.0,3,20.0,10,0.0,1,0.0,0,0,0,0,31.0,55.0,483.0,1,NS_GREEN,hold,,,
2273.0,0,79,544.0,6.886,4,37.0,3,21.0,10,0.0,2,0.0,2,0,0,0,30.0,58.0,456.0,1,NS_GREEN,hold,,,
2274.0,0,79,522.0,6.608,4,40.0,3,22.0,10,0.0,2,0.0,4,0,0,0,30.0,62.0,430.0,1,NS_GREEN,hold,,,
2275.0,0,82,502.0,6.122,4,44.0,3,24.0,11,0.0,2,0.0,4,2,0,0,31.0,68.0,403.0,1,NS_GREEN,hold,,,
2276.0,0,84,482.0,5.738,4,48.0,3,26.0,11,0.0,3,0.0,4,2,0,0,32.0,74.0,376.0,1,NS_YELLOW,pressure_ew,,,
2277.0,1,83,461.0,5.554,4,52.0,3,28.0,10,0.0,3,0.0,4,2,0,0,33.0,80.0,348.0,1,NS_YELLOW,hold,,,
2278.0,1,82,481.0,5.866,4,56.0,3,31.0,10,0.0,3,0.0,4,3,0,0,34.0,87.0,360.0,1,NS_YELLOW,hold,,,
2279.0,1,84,461.0,5.488,4,60.0,3,34.0,10,0.0,4,0.0,4,3,0,0,35.0,94.0,332.0,1,EW_GREEN,yellow_end,,,
2280.0,2,80,358.0,4.475,2,13.0,2,6.0,10,0.0,4,0.0,2,1,0,0,37.0,19.0,302.0,1,EW_GREEN,hold,,,
2281.0,2,85,312.0,3.671,4,0.0,3,0.0,11,1.0,5,0.0,0,0,0,0,39.0,1.0,272.0,1,EW_GREEN,hold,,,
2282.0,2,87,248.0,2.851,5,0.0,4,0.0,11,3.0,5,1.0,0,0,0,0,4.0,4.0,240.0,1,EW_GREEN,hold,,,
2283.0,2,87,222.0,2.552,5,0.0,4,0.0,11,5.0,5,2.0,0,0,0,0,7.0,7.0,208.0,1,EW_GREEN,hold,,,
2284.0,2,86,198.0,2.302,5,0.0,4,0.0,12,8.0,5,3.0,0,0,0,0,10.0,11.0,177.0,1,EW_GREEN,hold,,,
2285.0,2,88,212.0,2.409,5,0.0,4,0.0,12,11.0,6,4.0,0,0,0,0,14.0,15.0,183.0,1,EW_GREEN,hold,,,
2286.0,2,85,190.0,2.235,5,0.0,4,0.0,12,14.0,6,5.0,0,0,0,0,19.0,19.0,152.0,1,EW_GREEN,hold,,,
2287.0,2,85,171.0,2.012,5,1.0,4,1.0,12,17.0,6,6.0,0,0,0,0,25.0,25.0,121.0,1,EW_GREEN,hold,,,
2288.0,2,84,151.0,1.798,4,2.0,4,2.0,12,20.0,7,7.0,0,0,0,0,31.0,31.0,89.0,1,EW_GREEN,hold,,,
2289.0,2,82,134.0,1.634,4,3.0,4,3.0,12,24.0,7,8.0,0,0,0,0,38.0,38.0,58.0,1,EW_GREEN,hold,,,
2290.0,2,80,115.0,1.438,4,4.0,3,0.0,12,28.0,7,9.0,0,0,0,0,45.0,41.0,29.0,1,EW_GREEN,hold,,,
2291.0,2,81,114.0,1.407,3,0.0,3,0.0,13,32.0,8,10.0,0,0,0,0,53.0,42.0,19.0,1,EW_GREEN,hold,,,
2292.0,2,79,134.0,1.696,3,0.0,3,0.0,13,37.0,8,11.0,0,0,0,0,62.0,48.0,24.0,1,EW_GREEN,hold,,,
2293.0,2,80,155.0,1.938,3,0.0,3,0.0,13,42.0,9,12.0,0,0,0,0,72.0,54.0,29.0,1,EW_GREEN,hold,,,
2294.0,2,80,179.0,2.237,3,0.0,3,0.0,13,48.0,9,13.0,0,0,0,0,84.0,61.0,34.0,1,EW_GREEN,hold,,,
2295.0,2,80,201.0,2.513,3,0.0,2,0.0,13,54.0,9,14.0,0,0,0,0,94.0,68.0,39.0,1,EW_GREEN,hold,,,
2296.0,2,80,228.0,2.85,3,0.0,2,0.0,13,61.0,10,15.0,0,0,0,0,107.0,76.0,45.0,1,EW_GREEN,hold,,,
2297.0,2,80,253.0,3.163,3,0.0,2,0.0,13,68.0,10,16.0,0,0,0,0,118.0,84.0,51.0,1,EW_GREEN,hold,,,
2298.0,2,79,281.0,3.557,3,0.0,2,0.0,13,75.0,10,17.0,0,0,0,0,131.0,92.0,58.0,1,EW_GREEN,hold,,,
2299.0,2,80,313.0,3.913,3,0.0,2,0.0,13,83.0,11,18.0,0,0,0,0,145.0,101.0,67.0,1,EW_GREEN,hold,,,
2300.0,2,77,347.0,4.506,3,1.0,2,1.0,13,91.0,11,19.0,0,1,0,0,160.0,112.0,75.0,1,EW_GREEN,hold,,,
2301.0,2,78,381.0,4.885,2,0.0,2,2.0,14,99.0,12,20.0,0,1,0,0,175.0,121.0,85.0,1,EW_GREEN,hold,,,
2302.0,2,79,418.0,5.291,2,0.0,2,3.0,14,107.0,12,21.0,0,1,0,0,190.0,131.0,97.0,1,EW_GREEN,hold,,,
2303.0,2,79,457.0,5.785,2,0.0,2,4.0,14,115.0,12,22.0,0,1,0,0,207.0,141.0,109.0,1,EW_GREEN,hold,,,
2304.0,2,79,496.0,6.278,1,0.0,2,5.0,14,123.0,13,23.0,0,1,0,0,223.0,151.0,122.0,1,EW_GREEN,hold,,,
2305.0,2,83,537.0,6.47,2,0.0,3,6.0,14,131.0,13,24.0,0,0,0,0,240.0,161.0,136.0,1,EW_GREEN,hold,,,
2306.0,2,85,580.0,6.824,2,0.0,3,7.0,14,140.0,14,25.0,0,0,0,0,258.0,172.0,150.0,1,EW_GREEN,hold,,,
2307.0,2,84,616.0,7.333,2,0.0,2,0.0,14,149.0,14,26.0,0,0,0,0,277.0,175.0,164.0,1,EW_GREEN,hold,,,
2308.0,2,84,659.0,7.845,2,0.0,2,0.0,14,158.0,14,28.0,0,0,4,0,295.0,186.0,178.0,1,EW_GREEN,hold,,,
2309.0,2,86,705.0,8.198,2,0.0,2,0.0,14,168.0,15,30.0,0,0,4,0,315.0,198.0,192.0,1,EW_GREEN,hold,,,
2310.0,2,85,754.0,8.871,2,0.0,2,0.0,14,178.0,15,33.0,0,0,0,0,336.0,211.0,207.0,1,EW_GREEN,hold,,,
2311.0,2,85,771.0,9.071,2,0.0,2,0.0,15,188.0,15,36.0,0,0,0,0,325.0,224.0,222.0,1,EW_GREEN,hold,,,
2312.0,2,87,793.0,9.115,2,0.0,2,0.0,15,198.0,16,41.0,0,0,0,1,316.0,239.0,238.0,1,EW_GREEN,hold,,,
2313.0,2,87,815.0,9.368,2,0.0,2,0.0,15,208.0,16,46.0,0,0,4,1,306.0,254.0,255.0,1,EW_GREEN,hold,,,
2314.0,2,83,755.0,9.096,2,0.0,2,0.0,15,219.0,16,51.0,0,0,4,1,296.0,270.0,189.0,1,EW_GREEN,hold,,,
2315.0,2,84,707.0,8.417,2,0.0,2,0.0,16,231.0,16,57.0,0,0,4,0,285.0,288.0,134.0,1,EW_GREEN,hold,,,
2316.0,2,84,671.0,7.988,2,0.0,2,0.0,16,243.0,16,63.0,0,0,4,0,273.0,306.0,92.0,1,EW_GREEN,hold,,,
2317.0,2,82,636.0,7.756,2,0.0,2,0.0,16,255.0,16,69.0,0,0,4,0,261.0,324.0,51.0,1,EW_GREEN,hold,,,
2318.0,2,82,610.0,7.439,2,0.0,2,0.0,16,267.0,16,75.0,0,0,4,0,249.0,342.0,19.0,1,EW_GREEN,hold,,,
2319.0,2,80,621.0,7.763,2,0.0,1,0.0,16,279.0,16,82.0,0,0,4,2,236.0,361.0,24.0,1,EW_GREEN,hold,,,
2320.0,2,77,632.0,8.208,2,0.0,1,0.0,16,291.0,16,89.0,0,0,4,2,223.0,380.0,29.0,1,EW_GREEN,hold,,,
2321.0,2,77,672.0,8.727,1,0.0,1,0.0,17,304.0,17,96.0,0,0,4,2,237.0,400.0,35.0,1,EW_GREEN,hold,,,
2322.0,3,75,685.0,9.133,1,0.0,1,0.0,17,317.0,17,104.0,0,0,4,2,223.0,421.0,41.0,1,EW_GREEN,hold,,,
2323.0,3,74,700.0,9.459,1,0.0,1,0.0,17,330.0,17,112.0,0,0,4,0,210.0,442.0,48.0,1,EW_GREEN,hold,,,
2324.0,3,73,710.0,9.726,1,0.0,1,0.0,18,343.0,17,120.0,0,0,4,0,192.0,463.0,55.0,1,EW_GREEN,hold,,,
2325.0,0,66,519.0,7.864,1,0.0,1,0.0,15,230.0,14,52.0,0,0,3,0,174.0,282.0,63.0,1,EW_GREEN,hold,,,
2326.0,0,67,372.0,5.552,1,0.0,1,0.0,16,129.0,14,17.0,0,0,0,0,155.0,146.0,71.0,1,EW_GREEN,hold,,,
2327.0,0,65,295.0,4.538,1,0.0,1,0.0,15,53.0,14,1.0,0,0,0,0,162.0,54.0,79.0,1,EW_GREEN,hold,,,
2328.0,0,63,244.0,3.873,1,0.0,1,0.0,13,14.0,11,0.0,0,0,0,0,143.0,14.0,87.0,1,EW_GREEN,hold,,,
2329.0,0,67,219.0,3.269,2,0.0,2,0.0,13,0.0,11,0.0,0,0,0,0,124.0,0.0,95.0,1,EW_GREEN,hold,,,
2330.0,0,70,208.0,2.971,3,0.0,3,0.0,12,0.0,11,0.0,0,0,0,0,105.0,0.0,103.0,1,EW_GREEN,hold,,,
2331.0,0,68,199.0,2.926,3,0.0,3,0.0,10,0.0,8,0.0,0,0,0,0,88.0,0.0,111.0,1,EW_GREEN,hold,,,
2332.0,0,69,189.0,2.739,3,0.0,3,0.0,10,0.0,8,0.0,0,0,0,0,70.0,0.0,119.0,1,EW_GREEN,hold,,,
2333.0,0,67,175.0,2.612,3,0.0,3,0.0,8,0.0,5,0.0,0,0,0,0,48.0,0.0,127.0,1,EW_GREEN,hold,,,
2334.0,0,67,161.0,2.403,3,0.0,3,0.0,8,0.0,5,0.0,0,0,0,0,26.0,0.0,135.0,1,EW_GREEN,hold,,,
2335.0,0,71,145.0,2.042,3,0.0,3,0.0,8,0.0,4,0.0,0,0,0,0,2.0,0.0,143.0,1,EW_GREEN,hold,,,
2336.0,0,71,152.0,2.141,3,0.0,3,0.0,8,0.0,3,0.0,0,0,0,0,1.0,0.0,151.0,1,EW_GREEN,hold,,,
2337.0,0,72,160.0,2.222,3,0.0,3,0.0,9,0.0,3,0.0,0,0,0,0,1.0,0.0,159.0,1,EW_GREEN,hold,,,
2338.0,0,74,168.0,2.27,3,0.0,3,0.0,9,0.0,3,0.0,0,0,0,0,1.0,0.0,167.0,1,EW_GREEN,hold,,,
2339.0,0,73,175.0,2.397,3,0.0,3,0.0,8,0.0,3,0.0,0,0,0,0,0.0,0.0,175.0,1,EW_YELLOW,max_green,,,
2340.0,3,73,183.0,2.507,3,0.0,3,0.0,8,0.0,3,0.0,0,0,0,0,0.0,0.0,183.0,1,EW_YELLOW,hold,,,
2341.0,3,76,191.0,2.513,3,0.0,3,0.0,8,0.0,3,0.0,0,0,0,0,0.0,0.0,191.0,1,EW_YELLOW,hold,,,
2342.0,3,78,202.0,2.59,3,0.0,3,0.0,9,1.0,3,0.0,0,0,0,0,2.0,1.0,199.0,1,NS_GREEN,yellow_end,,,
2343.0,0,78,209.0,2.679,3,0.0,3,0.0,8,0.0,3,0.0,0,0,0,0,2.0,0.0,207.0,1,NS_GREEN,hold,,,
2344.0,0,76,218.0,2.868,3,0.0,3,0.0,8,0.0,2,0.0,0,0,0,0,3.0,0.0,215.0,1,NS_GREEN,hold,,,
2345.0,0,77,228.0,2.961,3,0.0,3,0.0,9,0.0,1,0.0,0,0,0,0,5.0,0.0,223.0,1,NS_GREEN,hold,,,
2346.0,0,76,239.0,3.145,3,0.0,3,1.0,8,0.0,1,0.0,0,0,0,0,7.0,1.0,231.0,1,NS_GREEN,hold,,,
2347.0,0,80,251.0,3.138,3,1.0,3,2.0,9,0.0,1,0.0,0,0,0,0,9.0,3.0,239.0,1,NS_GREEN,hold,,,
2348.0,0,80,263.0,3.288,3,2.0,3,3.0,9,0.0,1,0.0,0,0,0,0,11.0,5.0,247.0,1,NS_GREEN,hold,,,
2349.0,0,80,275.0,3.438,3,3.0,3,4.0,9,0.0,1,0.0,0,0,0,0,13.0,7.0,255.0,1,NS_GREEN,hold,,,
2350.0,0,79,287.0,3.633,3,4.0,3,5.0,9,0.0,0,0.0,0,0,0,0,15.0,9.0,263.0,1,NS_YELLOW,pressure_ew,,,
2351.0,1,77,299.0,3.883,3,5.0,3,6.0,8,0.0,0,0.0,0,0,0,0,17.0,11.0,271.0,1,NS_YELLOW,hold,,,
2352.0,1,78,311.0,3.987,3,6.0,3,7.0,8,0.0,0,0.0,0,0,0,0,19.0,13.0,279.0,1,NS_YELLOW,hold,,,
2353.0,1,82,325.0,3.963,4,8.0,4,8.0,9,0.0,0,0.0,0,0,0,0,21.0,16.0,288.0,1,EW_GREEN,yellow_end,,,
2354.0,2,78,320.0,4.103,2,0.0,2,0.0,9,0.0,0,0.0,0,0,0,0,23.0,0.0,297.0,1,EW_GREEN,hold,,,
2355.0,2,77,333.0,4.325,2,0.0,2,0.0,9,0.0,0,0.0,0,0,0,0,27.0,0.0,306.0,1,EW_GREEN,hold,,,
2356.0,2,77,347.0,4.506,2,0.0,2,0.0,10,0.0,0,0.0,0,0,0,0,32.0,0.0,315.0,1,EW_GREEN,hold,,,
2357.0,2,78,362.0,4.641,2,0.0,2,0.0,10,1.0,0,0.0,0,0,0,0,37.0,1.0,324.0,1,EW_GREEN,hold,,,
2358.0,2,79,378.0,4.785,2,0.0,2,0.0,10,2.0,1,0.0,0,0,0,0,43.0,2.0,333.0,1,EW_GREEN,hold,,,
2359.0,2,75,315.0,4.2,2,0.0,2,0.0,10,3.0,1,0.0,0,0,0,0,18.0,3.0,294.0,1,EW_GREEN,hold,,,
2360.0,2,74,280.0,3.784,2,0.0,2,0.0,10,4.0,1,0.0,0,0,0,0,22.0,4.0,254.0,1,EW_GREEN,hold,,,
2361.0,2,76,248.0,3.263,2,0.0,2,0.0,11,5.0,1,0.0,0,0,0,0,27.0,5.0,216.0,1,EW_GREEN,hold,,,
2362.0,2,75,217.0,2.893,2,0.0,2,0.0,11,7.0,1,0.0,0,0,0,0,33.0,7.0,177.0,1,EW_GREEN,hold,,,
2363.0,2,75,186.0,2.48,2,0.0,2,0.0,11,9.0,2,0.0,0,0,0,0,40.0,9.0,137.0,1,EW_GREEN,hold,,,
2364.0,2,74,160.0,2.162,2,0.0,2,0.0,11,12.0,2,0.0,0,0,0,0,48.0,12.0,100.0,1,EW_GREEN,hold,,,
2365.0,2,72,134.0,1.861,2,0.0,2,0.0,12,15.0,2,0.0,0,0,0,0,56.0,15.0,63.0,1,EW_GREEN,hold,,,
2366.0,2,74,110.0,1.486,2,0.0,2,0.0,12,18.0,3,0.0,0,0,0,0,65.0,18.0,27.0,1,EW_GREEN,hold,,,
2367.0,2,74,115.0,1.554,2,0.0,1,0.0,12,22.0,3,0.0,0,0,0,0,75.0,22.0,18.0,1,EW_GREEN,hold,,,
2368.0,2,74,136.0,1.838,2,0.0,1,0.0,13,26.0,3,0.0,0,0,0,0,85.0,26.0,25.0,1,EW_GREEN,hold,,,
2369.0,2,74,161.0,2.176,1,0.0,1,0.0,13,30.0,4,0.0,0,0,0,0,97.0,30.0,34.0,1,EW_GREEN,hold,,,
2370.0,2,72,174.0,2.417,1,0.0,1,0.0,13,34.0,4,0.0,0,0,0,0,95.0,34.0,45.0,0,EW_GREEN,hold,,,
2371.0,2,74,186.0,2.514,1,0.0,1,0.0,13,38.0,5,0.0,0,0,0,0,92.0,38.0,56.0,0,EW_GREEN,hold,,,
2372.0,2,75,199.0,2.653,1,0.0,1,0.0,13,42.0,6,0.0,0,0,0,0,90.0,42.0,67.0,1,EW_GREEN,hold,,,
2373.0,2,74,214.0,2.892,1,0.0,1,0.0,13,47.0,6,0.0,0,0,0,0,88.0,47.0,79.0,1,EW_GREEN,hold,,,
2374.0,2,72,233.0,3.236,1,0.0,1,0.0,13,53.0,6,0.0,0,0,0,0,89.0,53.0,91.0,1,EW_GREEN,hold,,,
2375.0,2,72,254.0,3.528,1,0.0,1,0.0,13,59.0,6,0.0,0,0,0,0,92.0,59.0,103.0,1,EW_GREEN,hold,,,
2376.0,2,74,275.0,3.716,1,0.0,1,0.0,14,65.0,6,0.0,0,0,0,0,95.0,65.0,115.0,1,EW_GREEN,hold,,,
2377.0,2,78,298.0,3.821,2,0.0,2,0.0,14,72.0,6,0.0,0,0,0,0,98.0,72.0,128.0,1,EW_GREEN,hold,,,
2378.0,2,83,334.0,4.024,3,0.0,3,0.0,15,79.0,7,0.0,0,0,0,0,114.0,79.0,141.0,1,EW_GREEN,hold,,,
2379.0,2,83,360.0,4.337,3,0.0,3,0.0,15,86.0,7,0.0,0,0,0,0,119.0,86.0,155.0,1,EW_GREEN,hold,,,
2380.0,2,82,387.0,4.72,3,0.0,3,0.0,15,94.0,7,0.0,0,0,0,0,124.0,94.0,169.0,1,EW_GREEN,hold,,,
2381.0,2,83,415.0,5.0,3,0.0,3,0.0,15,102.0,8,0.0,0,0,0,0,130.0,102.0,183.0,1,EW_GREEN,hold,,,
2382.0,2,82,444.0,5.415,3,0.0,3,0.0,15,110.0,8,0.0,0,0,0,0,137.0,110.0,197.0,1,EW_GREEN,hold,,,
2383.0,2,84,473.0,5.631,3,0.0,3,0.0,16,118.0,9,0.0,0,0,0,0,144.0,118.0,211.0,1,EW_GREEN,hold,,,
2384.0,2,84,515.0,6.131,3,0.0,3,0.0,16,127.0,9,0.0,0,0,0,0,162.0,127.0,226.0,1,EW_GREEN,hold,,,
2385.0,2,80,438.0,5.475,3,0.0,3,0.0,16,135.0,9,0.0,0,0,0,0,131.0,135.0,172.0,1,EW_GREEN,hold,,,
2386.0,2,79,374.0,4.734,3,0.0,3,0.0,16,144.0,9,0.0,0,0,0,0,106.0,144.0,124.0,1,EW_GREEN,hold,,,
2387.0,2,77,309.0,4.013,3,0.0,3,0.0,16,153.0,9,0.0,0,0,0,0,80.0,153.0,76.0,1,EW_GREEN,hold,,,
2388.0,2,78,242.0,3.103,3,0.0,3,0.0,17,158.0,9,0.0,0,0,0,0,53.0,158.0,31.0,1,EW_GREEN,hold,,,
2389.0,2,77,215.0,2.792,3,0.0,3,0.0,17,167.0,9,0.0,0,0,0,0,31.0,167.0,17.0,1,EW_GREEN,hold,,,
2390.0,2,75,210.0,2.8,3,0.0,3,0.0,17,177.0,9,0.0,0,0,0,0,26.0,177.0,7.0,1,EW_GREEN,hold,,,
2391.0,2,71,228.0,3.211,2,0.0,2,0.0,17,187.0,9,1.0,0,0,0,0,32.0,188.0,8.0,1,EW_GREEN,hold,,,
2392.0,2,69,236.0,3.42,2,0.0,2,0.0,17,197.0,9,2.0,0,0,0,0,28.0,199.0,9.0,1,EW_GREEN,hold,,,
2393.0,2,67,244.0,3.642,2,0.0,1,0.0,17,207.0,9,3.0,0,0,0,0,24.0,210.0,10.0,1,EW_GREEN,hold,,,
2394.0,2,65,256.0,3.938,1,0.0,1,0.0,17,217.0,10,5.0,0,0,0,1,22.0,222.0,12.0,1,EW_GREEN,hold,,,
2395.0,2,65,271.0,4.169,1,0.0,1,0.0,18,228.0,10,8.0,0,0,0,1,21.0,236.0,14.0,1,EW_GREEN,hold,,,
2396.0,3,64,288.0,4.5,1,0.0,1,0.0,18,239.0,10,11.0,0,0,0,1,22.0,250.0,16.0,1,EW_GREEN,hold,,,
2397.0,3,63,306.0,4.857,1,0.0,1,0.0,18,250.0,10,14.0,0,0,0,1,24.0,264.0,18.0,1,EW_GREEN,hold,,,
2398.0,3,67,331.0,4.94,1,0.0,1,0.0,19,263.0,10,18.0,0,0,4,0,30.0,281.0,20.0,1,EW_GREEN,hold,,,
2399.0,0,61,224.0,3.672,1,1.0,1,1.0,16,162.0,7,3.0,1,1,3,1,35.0,167.0,22.0,0,EW_GREEN,hold,,,
2400.0,0,61,155.0,2.541,1,2.0,1,2.0,16,87.0,7,0.0,1,1,0,0,40.0,91.0,24.0,0,EW_GREEN,hold,,,
2401.0,0,64,86.0,1.344,3,3.0,3,3.0,16,27.0,7,0.0,0,0,0,0,45.0,33.0,8.0,0,EW_GREEN,hold,,,
2402.0,0,61,66.0,1.082,3,4.0,3,4.0,14,8.0,6,0.0,0,0,0,0,50.0,16.0,0.0,0,EW_GREEN,hold,,,
2403.0,0,63,68.0,1.079,3,5.0,3,5.0,13,0.0,5,0.0,0,0,0,0,57.0,10.0,1.0,0,EW_GREEN,hold,,,
2404.0,0,63,81.0,1.286,3,6.0,3,6.0,12,0.0,5,1.0,0,0,0,1,66.0,13.0,2.0,0,EW_GREEN,hold,,,
2405.0,0,68,92.0,1.353,3,7.0,3,7.0,12,0.0,6,2.0,0,0,0,0,73.0,16.0,3.0,0,EW_GREEN,hold,,,
2406.0,0,68,99.0,1.456,3,8.0,3,8.0,10,0.0,6,0.0,0,0,0,0,79.0,16.0,4.0,0,EW_GREEN,hold,,,
2407.0,0,65,110.0,1.692,3,9.0,3,9.0,9,0.0,4,0.0,0,0,0,0,87.0,18.0,5.0,0,EW_GREEN,hold,,,
2408.0,0,66,121.0,1.833,3,10.0,3,10.0,7,0.0,5,0.0,0,0,0,0,95.0,20.0,6.0,0,EW_YELLOW,pressure_ns,,,
2409.0,3,69,133.0,1.928,3,11.0,3,11.0,8,0.0,5,0.0,0,0,0,0,104.0,22.0,7.0,0,EW_YELLOW,hold,,,
2410.0,3,70,110.0,1.571,3,12.0,3,12.0,8,0.0,5,0.0,0,0,0,0,78.0,24.0,8.0,0,EW_YELLOW,hold,,,
2411.0,3,70,88.0,1.257,3,13.0,3,13.0,8,0.0,5,0.0,0,0,0,0,53.0,26.0,9.0,0,NS_GREEN,yellow_end,,,
2412.0,0,66,56.0,0.848,3,14.0,3,14.0,6,0.0,4,0.0,0,0,0,0,28.0,28.0,0.0,0,NS_GREEN,hold,,,
2413.0,0,66,34.0,0.515,3,15.0,3,15.0,6,0.0,4,0.0,0,0,0,0,4.0,30.0,0.0,0,NS_GREEN,hold,,,
2414.0,0,64,39.0,0.609,3,16.0,3,16.0,5,0.0,4,0.0,0,0,0,0,7.0,32.0,0.0,0,NS_GREEN,hold,,,
2415.0,0,65,44.0,0.677,3,17.0,3,17.0,6,0.0,4,0.0,0,0,0,0,10.0,34.0,0.0,0,NS_GREEN,hold,,,
2416.0,0,63,50.0,0.794,3,18.0,3,18.0,6,0.0,3,0.0,0,0,0,0,14.0,36.0,0.0,0,NS_GREEN,hold,,,
2417.0,0,65,57.0,0.877,3,19.0,3,19.0,6,0.0,3,0.0,0,0,0,0,19.0,38.0,0.0,0,NS_GREEN,hold,,,
2418.0,0,65,66.0,1.015,3,20.0,3,21.0,6,0.0,3,0.0,0,1,0,0,25.0,41.0,0.0,0,NS_GREEN,hold,,,
2419.0,0,67,77.0,1.149,3,22.0,3,23.0,6,0.0,3,0.0,1,1,0,0,32.0,45.0,0.0,0,NS_YELLOW,pressure_ew,,,
2420.0,1,67,89.0,1.328,3,24.0,3,25.0,6,0.0,3,0.0,1,1,0,0,40.0,49.0,0.0,0,NS_YELLOW,hold,,,
2421.0,1,66,90.0,1.364,3,26.0,3,27.0,6,0.0,3,0.0,1,1,0,0,37.0,53.0,0.0,0,NS_YELLOW,hold,,,
2422.0,1,66,92.0,1.394,3,28.0,3,29.0,6,0.0,3,0.0,1,1,0,0,35.0,57.0,0.0,0,EW_GREEN,yellow_end,,,
2423.0,2,63,33.0,0.524,2,0.0,2,0.0,6,0.0,3,0.0,0,0,0,0,33.0,0.0,0.0,0,EW_GREEN,hold,,,
2424.0,2,64,31.0,0.484,2,0.0,2,0.0,7,0.0,3,0.0,0,0,0,0,31.0,0.0,0.0,0,EW_GREEN,hold,,,
2425.0,2,63,28.0,0.444,2,0.0,2,0.0,7,0.0,3,0.0,0,0,0,0,28.0,0.0,0.0,0,EW_GREEN,hold,,,
2426.0,2,66,25.0,0.379,3,0.0,3,0.0,7,0.0,3,0.0,0,0,0,0,25.0,0.0,0.0,0,EW_GREEN,hold,,,
2427.0,2,66,23.0,0.348,3,0.0,3,0.0,8,1.0,3,0.0,0,0,0,0,22.0,1.0,0.0,0,EW_GREEN,hold,,,
2428.0,2,64,23.0,0.359,3,0.0,3,0.0,8,2.0,3,0.0,0,0,0,0,21.0,2.0,0.0,0,EW_GREEN,hold,,,
2429.0,2,67,24.0,0.358,3,0.0,3,0.0,9,3.0,4,1.0,0,0,0,0,20.0,4.0,0.0,0,EW_GREEN,hold,,,
2430.0,2,66,28.0,0.424,3,0.0,3,0.0,9,4.0,4,2.0,0,0,0,0,22.0,6.0,0.0,0,EW_GREEN,hold,,,
2431.0,2,68,31.0,0.456,3,0.0,3,0.0,10,6.0,4,3.0,0,0,0,0,21.0,9.0,1.0,0,EW_GREEN,hold,,,
2432.0,2,68,36.0,0.529,3,0.0,3,0.0,10,8.0,4,4.0,0,0,0,0,22.0,12.0,2.0,0,EW_GREEN,hold,,,
2433.0,2,67,43.0,0.642,3,0.0,3,0.0,10,10.0,4,5.0,0,0,0,0,25.0,15.0,3.0,0,EW_GREEN,hold,,,
2434.0,2,64,53.0,0.828,3,0.0,3,0.0,10,12.0,4,6.0,0,0,0,0,31.0,18.0,4.0,0,EW_GREEN,hold,,,
2435.0,2,65,56.0,0.862,3,0.0,3,0.0,10,15.0,4,7.0,0,0,0,0,29.0,22.0,5.0,0,EW_GREEN,hold,,,
2436.0,2,64,66.0,1.031,3,0.0,3,0.0,11,18.0,4,8.0,0,0,0,0,34.0,26.0,6.0,0,EW_GREEN,hold,,,
2437.0,2,63,77.0,1.222,3,0.0,3,0.0,11,22.0,4,9.0,0,0,0,0,39.0,31.0,7.0,0,EW_GREEN,hold,,,
2438.0,2,63,90.0,1.429,3,0.0,3,0.0,12,26.0,4,11.0,0,0,0,0,45.0,37.0,8.0,0,EW_GREEN,hold,,,
2439.0,2,62,104.0,1.677,2,0.0,3,0.0,12,30.0,4,14.0,0,0,0,1,51.0,44.0,9.0,0,EW_GREEN,hold,,,
2440.0,2,61,120.0,1.967,2,0.0,2,0.0,13,34.0,4,17.0,0,0,0,1,59.0,51.0,10.0,0,EW_GREEN,hold,,,
2441.0,2,59,133.0,2.254,1,0.0,2,0.0,13,38.0,4,20.0,0,0,0,1,64.0,58.0,11.0,0,EW_GREEN,hold,,,
2442.0,2,57,148.0,2.596,1,0.0,1,0.0,14,42.0,4,23.0,0,0,0,1,71.0,65.0,12.0,0,EW_GREEN,hold,,,
2443.0,2,54,117.0,2.167,1,0.0,1,0.0,14,46.0,4,26.0,0,0,0,2,32.0,72.0,13.0,0,EW_GREEN,hold,,,
2444.0,2,53,112.0,2.113,1,0.0,1,0.0,14,50.0,4,29.0,0,0,0,2,19.0,79.0,14.0,0,EW_GREEN,hold,,,
2445.0,2,52,99.0,1.904,1,0.0,1,0.0,14,54.0,4,24.0,0,0,0,1,6.0,78.0,15.0,0,EW_GREEN,hold,,,
2446.0,2,50,106.0,2.12,1,0.0,1,0.0,14,59.0,4,26.0,0,0,0,1,5.0,85.0,16.0,0,EW_GREEN,hold,,,
2447.0,2,50,116.0,2.32,1,0.0,1,0.0,15,64.0,4,28.0,0,0,0,1,7.0,92.0,17.0,0,EW_GREEN,hold,,,
2448.0,2,49,128.0,2.612,1,0.0,1,0.0,15,70.0,4,30.0,0,0,0,1,10.0,100.0,18.0,0,EW_GREEN,hold,,,
2449.0,2,53,139.0,2.623,2,0.0,2,0.0,15,74.0,4,32.0,0,0,0,1,14.0,106.0,19.0,0,EW_GREEN,hold,,,
2450.0,2,55,152.0,2.764,2,0.0,2,0.0,16,79.0,4,35.0,0,0,0,2,18.0,114.0,20.0,0,EW_GREEN,hold,,,
2451.0,2,53,167.0,3.151,2,0.0,2,0.0,16,85.0,4,38.0,0,0,0,2,23.0,123.0,21.0,0,EW_GREEN,hold,,,
2452.0,2,53,182.0,3.434,2,0.0,2,0.0,16,91.0,4,41.0,0,0,0,2,28.0,132.0,22.0,0,EW_GREEN,hold,,,
2453.0,2,53,198.0,3.736,2,0.0,2,0.0,16,97.0,4,44.0,0,0,0,2,34.0,141.0,23.0,0,EW_GREEN,hold,,,
2454.0,2,53,215.0,4.057,2,0.0,2,0.0,16,103.0,4,47.0,0,0,0,2,41.0,150.0,24.0,0,EW_GREEN,hold,,,
2455.0,2,51,219.0,4.294,2,0.0,2,0.0,16,109.0,4,50.0,0,0,0,2,35.0,159.0,25.0,0,EW_GREEN,hold,,,
2456.0,2,52,226.0,4.346,2,0.0,2,0.0,17,116.0,4,53.0,0,0,0,2,31.0,169.0,26.0,0,EW_GREEN,hold,,,
2457.0,2,52,208.0,4.0,2,0.0,2,0.0,17,124.0,4,56.0,0,0,0,2,28.0,180.0,0.0,0,EW_GREEN,hold,,,
2458.0,2,51,216.0,4.235,2,0.0,2,0.0,17,132.0,4,59.0,0,0,0,2,25.0,191.0,0.0,0,EW_GREEN,hold,,,
2459.0,2,52,225.0,4.327,2,0.0,2,0.0,18,141.0,4,62.0,0,0,0,2,22.0,203.0,0.0,0,EW_GREEN,hold,,,
2460.0,2,54,236.0,4.37,2,0.0,2,0.0,18,150.0,4,66.0,0,0,0,4,20.0,216.0,0.0,0,EW_GREEN,hold,,,
2461.0,2,56,246.0,4.393,2,0.0,3,0.0,18,159.0,5,70.0,0,0,0,3,17.0,229.0,0.0,1,EW_GREEN,hold,,,
2462.0,2,56,259.0,4.625,2,0.0,3,0.0,18,168.0,5,74.0,0,0,0,3,17.0,242.0,0.0,1,EW_GREEN,hold,,,
2463.0,2,53,272.0,5.132,1,0.0,2,0.0,18,177.0,5,78.0,0,0,0,3,17.0,255.0,0.0,1,EW_GREEN,hold,,,
2464.0,2,51,286.0,5.608,1,0.0,2,0.0,18,186.0,5,82.0,0,0,0,3,18.0,268.0,0.0,1,EW_GREEN,hold,,,
2465.0,3,53,301.0,5.679,1,0.0,2,0.0,19,195.0,6,86.0,0,0,0,1,20.0,281.0,0.0,1,EW_GREEN,hold,,,
2466.0,3,53,318.0,6.0,1,0.0,2,0.0,19,205.0,6,90.0,0,0,0,1,23.0,295.0,0.0,1,EW_GREEN,hold,,,
2467.0,3,55,335.0,6.091,1,0.0,2,0.0,20,215.0,7,94.0,0,0,0,1,26.0,309.0,0.0,1,EW_GREEN,hold,,,
2468.0,0,48,146.0,3.042,1,0.0,2,0.0,17,112.0,4,9.0,0,0,0,0,25.0,121.0,0.0,1,EW_GREEN,hold,,,
2469.0,0,49,67.0,1.367,1,0.0,2,0.0,17,44.0,4,0.0,0,0,0,0,23.0,44.0,0.0,1,EW_GREEN,hold,,,
2470.0,0,51,33.0,0.647,1,0.0,2,0.0,18,8.0,4,0.0,0,0,0,0,25.0,8.0,0.0,1,EW_GREEN,hold,,,
2471.0,0,51,25.0,0.49,1,0.0,2,0.0,18,0.0,3,0.0,0,0,0,0,25.0,0.0,0.0,1,EW_GREEN,hold,,,
2472.0,0,52,26.0,0.5,1,0.0,2,0.0,17,0.0,3,0.0,0,0,0,0,26.0,0.0,0.0,1,EW_GREEN,hold,,,
2473.0,0,54,21.0,0.389,2,0.0,3,1.0,16,0.0,3,0.0,0,0,0,0,20.0,1.0,0.0,1,EW_GREEN,hold,,,
2474.0,0,57,24.0,0.421,3,0.0,4,2.0,15,0.0,3,0.0,0,0,0,0,22.0,2.0,0.0,1,EW_GREEN,hold,,,
2475.0,0,58,26.0,0.448,3,0.0,4,3.0,15,0.0,3,0.0,0,0,0,0,23.0,3.0,0.0,1,EW_GREEN,hold,,,
2476.0,0,57,25.0,0.439,3,0.0,4,4.0,12,0.0,3,0.0,0,0,0,0,21.0,4.0,0.0,1,EW_GREEN,hold,,,
2477.0,0,57,28.0,0.491,3,0.0,4,5.0,12,0.0,3,0.0,0,0,0,0,22.0,5.0,1.0,1,EW_GREEN,hold,,,
2478.0,0,58,34.0,0.586,3,0.0,4,6.0,11,0.0,3,0.0,0,0,0,0,26.0,6.0,2.0,1,EW_GREEN,hold,,,
2479.0,0,56,37.0,0.661,3,0.0,4,7.0,10,0.0,3,0.0,0,0,0,0,27.0,7.0,3.0,1,EW_GREEN,hold,,,
2480.0,0,57,40.0,0.702,3,0.0,4,8.0,8,0.0,3,0.0,0,0,0,0,28.0,8.0,4.0,1,EW_GREEN,hold,,,
2481.0,0,59,44.0,0.746,3,0.0,4,9.0,9,0.0,3,0.0,0,0,0,0,30.0,9.0,5.0,1,EW_GREEN,hold,,,
2482.0,0,60,48.0,0.8,3,0.0,4,10.0,8,0.0,3,0.0,0,0,0,0,32.0,10.0,6.0,1,EW_GREEN,hold,,,
2483.0,0,60,53.0,0.883,3,0.0,4,11.0,8,0.0,3,0.0,0,0,0,0,35.0,11.0,7.0,1,EW_GREEN,hold,,,
2484.0,0,61,56.0,0.918,3,0.0,4,12.0,8,0.0,3,0.0,0,0,0,0,36.0,12.0,8.0,1,EW_GREEN,hold,,,
2485.0,0,62,60.0,0.968,3,0.0,4,13.0,8,0.0,3,0.0,0,0,0,0,38.0,13.0,9.0,1,EW_GREEN,hold,,,
2486.0,0,62,54.0,0.871,3,0.0,4,14.0,9,0.0,3,0.0,0,0,0,0,40.0,14.0,0.0,1,EW_GREEN,hold,,,
2487.0,0,61,58.0,0.951,3,0.0,4,15.0,8,0.0,3,0.0,0,0,0,0,43.0,15.0,0.0,1,EW_GREEN,hold,,,
2488.0,0,62,60.0,0.968,3,0.0,4,16.0,7,0.0,3,0.0,0,0,0,0,44.0,16.0,0.0,1,EW_GREEN,hold,,,
2489.0,0,63,63.0,1.0,3,0.0,4,17.0,8,0.0,3,0.0,0,0,0,0,46.0,17.0,0.0,1,EW_GREEN,hold,,,
2490.0,0,62,66.0,1.065,3,0.0,4,18.0,8,0.0,2,0.0,0,0,0,0,48.0,18.0,0.0,1,EW_GREEN,hold,,,
2491.0,0,64,70.0,1.094,3,1.0,4,19.0,9,0.0,2,0.0,0,2,0,0,50.0,20.0,0.0,1,EW_GREEN,hold,,,
2492.0,0,65,77.0,1.185,3,3.0,4,22.0,9,0.0,2,0.0,1,2,0,0,52.0,25.0,0.0,1,EW_GREEN,hold,,,
2493.0,0,65,82.0,1.262,3,3.0,4,25.0,9,0.0,2,0.0,0,2,0,0,54.0,28.0,0.0,1,EW_GREEN,hold,,,
2494.0,0,65,88.0,1.354,3,4.0,4,28.0,9,0.0,2,0.0,0,2,0,0,56.0,32.0,0.0,1,EW_GREEN,hold,,,
2495.0,0,62,95.0,1.532,3,5.0,4,31.0,8,0.0,1,0.0,0,2,0,0,59.0,36.0,0.0,1,EW_GREEN,hold,,,
2496.0,0,63,100.0,1.587,3,6.0,4,34.0,9,0.0,0,0.0,0,2,0,0,60.0,40.0,0.0,1,EW_GREEN,hold,,,
2497.0,0,66,107.0,1.621,4,8.0,5,37.0,8,0.0,0,0.0,0,0,0,0,62.0,45.0,0.0,1,EW_GREEN,hold,,,
2498.0,0,67,115.0,1.716,4,10.0,5,40.0,8,0.0,0,0.0,0,0,0,0,65.0,50.0,0.0,1,EW_GREEN,hold,,,
2499.0,0,68,124.0,1.824,4,12.0,5,43.0,9,0.0,0,0.0,0,0,0,0,69.0,55.0,0.0,1,EW_GREEN,hold,,,
2500.0,0,66,65.0,0.985,4,14.0,5,46.0,8,0.0,0,0.0,0,0,0,0,5.0,60.0,0.0,1,EW_GREEN,hold,,,
2501.0,0,66,75.0,1.136,4,16.0,5,49.0,8,0.0,0,0.0,0,0,0,0,9.0,65.0,1.0,1,EW_GREEN,hold,,,
2502.0,0,66,84.0,1.273,4,18.0,5,52.0,8,0.0,1,0.0,0,0,0,0,12.0,70.0,2.0,1,EW_GREEN,hold,,,
2503.0,0,62,94.0,1.516,4,20.0,5,55.0,8,0.0,1,0.0,0,0,0,0,16.0,75.0,3.0,1,EW_GREEN,hold,,,
2504.0,0,62,105.0,1.694,4,22.0,5,58.0,8,0.0,1,0.0,0,0,0,0,21.0,80.0,4.0,1,EW_GREEN,hold,,,
2505.0,0,61,117.0,1.918,4,24.0,5,61.0,8,0.0,1,0.0,0,0,0,0,27.0,85.0,5.0,1,EW_GREEN,hold,,,
2506.0,0,59,130.0,2.203,4,26.0,5,64.0,7,0.0,1,0.0,0,0,0,0,34.0,90.0,6.0,1,EW_GREEN,hold,,,
2507.0,0,61,144.0,2.361,4,28.0,5,67.0,8,0.0,1,0.0,0,0,0,0,42.0,95.0,7.0,1,EW_GREEN,hold,,,
2508.0,0,59,156.0,2.644,4,30.0,5,70.0,8,0.0,1,0.0,0,0,0,0,48.0,100.0,8.0,1,EW_GREEN,hold,,,
2509.0,0,58,170.0,2.931,4,32.0,5,73.0,8,0.0,1,0.0,0,0,0,0,56.0,105.0,9.0,1,EW_GREEN,hold,,,
2510.0,1,58,186.0,3.207,4,34.0,5,76.0,8,0.0,1,0.0,0,0,0,0,66.0,110.0,10.0,1,EW_GREEN,hold,,,
2511.0,1,59,202.0,3.424,4,36.0,5,79.0,8,0.0,1,0.0,0,0,0,0,76.0,115.0,11.0,1,EW_GREEN,hold,,,
2512.0,1,58,219.0,3.776,4,38.0,5,82.0,8,0.0,1,0.0,0,0,0,0,87.0,120.0,12.0,1,EW_GREEN,hold,,,
2513.0,2,54,136.0,2.519,2,2.0,3,22.0,8,0.0,1,0.0,2,0,0,0,99.0,24.0,13.0,0,EW_YELLOW,max_green,,,
2514.0,3,54,127.0,2.352,2,0.0,3,1.0,8,0.0,1,0.0,0,0,0,0,112.0,1.0,14.0,0,EW_YELLOW,hold,,,
2515.0,3,53,143.0,2.698,2,0.0,3,0.0,8,2.0,1,0.0,0,0,0,0,126.0,2.0,15.0,0,EW_YELLOW,hold,,,
2516.0,3,52,160.0,3.077,2,0.0,3,0.0,8,4.0,1,0.0,0,0,0,0,140.0,4.0,16.0,0,NS_GREEN,yellow_end,,,
2517.0,0,50,172.0,3.44,2,0.0,3,0.0,7,0.0,1,0.0,0,0,0,0,155.0,0.0,17.0,0,NS_GREEN,hold,,,
2518.0,0,49,190.0,3.878,2,0.0,3,1.0,7,0.0,1,0.0,0,0,0,0,171.0,1.0,18.0,0,NS_GREEN,hold,,,
2519.0,0,48,210.0,4.375,2,1.0,3,3.0,7,0.0,1,0.0,1,2,0,0,187.0,4.0,19.0,0,NS_GREEN,hold,,,
2520.0,0,46,230.0,5.0,2,2.0,3,5.0,6,0.0,1,0.0,1,1,0,0,203.0,7.0,20.0,0,NS_GREEN,hold,,,
2521.0,0,53,249.0,4.698,4,4.0,5,4.0,4,0.0,1,0.0,0,0,0,0,220.0,8.0,21.0,0,NS_GREEN,hold,,,
2522.0,0,56,272.0,4.857,5,6.0,6,6.0,4,0.0,1,0.0,0,0,0,0,238.0,12.0,22.0,0,NS_GREEN,hold,,,
2523.0,0,58,295.0,5.086,5,8.0,6,8.0,4,0.0,1,0.0,0,0,0,0,256.0,16.0,23.0,0,NS_GREEN,hold,,,
2524.0,0,59,319.0,5.407,5,10.0,6,10.0,4,0.0,1,0.0,0,0,0,0,275.0,20.0,24.0,0,NS_GREEN,hold,,,
2525.0,0,59,345.0,5.847,5,12.0,6,13.0,4,0.0,1,0.0,0,0,0,0,295.0,25.0,25.0,0,NS_GREEN,hold,,,
2526.0,0,55,371.0,6.745,5,14.0,6,16.0,3,0.0,1,0.0,0,0,0,0,315.0,30.0,26.0,0,NS_GREEN,hold,,,
2527.0,0,56,399.0,7.125,5,16.0,6,19.0,3,0.0,1,0.0,0,0,0,0,337.0,35.0,27.0,0,NS_YELLOW,pressure_ew,,,
2528.0,1,54,426.0,7.889,5,18.0,6,22.0,2,0.0,1,0.0,0,0,0,0,358.0,40.0,28.0,0,NS_YELLOW,hold,,,
2529.0,1,54,423.0,7.833,5,20.0,6,25.0,2,0.0,1,0.0,0,0,0,0,349.0,45.0,29.0,0,NS_YELLOW,hold,,,
2530.0,1,56,420.0,7.5,5,22.0,6,28.0,3,0.0,1,0.0,0,0,0,0,340.0,50.0,30.0,0,EW_GREEN,yellow_end,,,
2531.0,2,53,339.0,6.396,4,0.0,5,7.0,3,0.0,1,0.0,0,0,0,0,331.0,7.0,1.0,0,EW_GREEN,hold,,,
2532.0,2,53,323.0,6.094,4,0.0,4,0.0,3,0.0,1,0.0,0,0,0,0,321.0,0.0,2.0,0,EW_GREEN,hold,,,
2533.0,2,52,314.0,6.038,3,0.0,4,0.0,4,0.0,1,0.0,0,0,0,0,311.0,0.0,3.0,0,EW_GREEN,hold,,,
2534.0,2,52,304.0,5.846,3,0.0,4,0.0,4,0.0,1,0.0,0,0,0,0,300.0,0.0,4.0,0,EW_GREEN,hold,,,
2535.0,2,50,293.0,5.86,2,0.0,4,0.0,4,0.0,1,0.0,0,0,0,0,288.0,0.0,5.0,0,EW_GREEN,hold,,,
2536.0,2,50,284.0,5.68,2,0.0,4,0.0,5,0.0,1,1.0,0,0,0,1,277.0,1.0,6.0,0,EW_GREEN,hold,,,
2537.0,2,50,274.0,5.48,2,0.0,3,0.0,5,0.0,2,2.0,0,0,0,0,265.0,2.0,7.0,0,EW_GREEN,hold,,,
2538.0,2,49,262.0,5.347,2,0.0,3,0.0,5,0.0,2,3.0,0,0,0,0,251.0,3.0,8.0,0,EW_YELLOW,pressure_ns,,,
2539.0,3,48,279.0,5.812,2,0.0,3,0.0,5,1.0,2,4.0,0,0,0,0,265.0,5.0,9.0,0,EW_YELLOW,hold,,,
2540.0,3,49,268.0,5.469,2,0.0,3,0.0,5,2.0,3,5.0,0,0,0,0,251.0,7.0,10.0,0,EW_YELLOW,hold,,,
2541.0,3,50,257.0,5.14,2,0.0,3,0.0,6,3.0,3,6.0,0,0,0,0,237.0,9.0,11.0,0,NS_GREEN,yellow_end,,,
2542.0,0,52,235.0,4.519,2,0.0,3,0.0,6,0.0,4,0.0,0,0,0,0,222.0,0.0,13.0,0,NS_GREEN,hold,,,
2543.0,0,50,222.0,4.44,2,0.0,3,0.0,6,0.0,3,0.0,0,0,0,0,207.0,0.0,15.0,0,NS_GREEN,hold,,,
2544.0,0,50,213.0,4.26,2,1.0,3,1.0,6,1.0,3,0.0,1,0,0,0,193.0,3.0,17.0,0,NS_GREEN,hold,,,
2545.0,0,52,203.0,3.904,3,2.0,4,2.0,7,2.0,3,0.0,0,0,0,0,178.0,6.0,19.0,0,NS_GREEN,hold,,,
2546.0,0,51,193.0,3.784,3,3.0,4,4.0,6,0.0,3,0.0,0,0,0,0,165.0,7.0,21.0,0,NS_GREEN,hold,,,
2547.0,0,52,184.0,3.538,3,4.0,4,6.0,6,0.0,3,0.0,0,0,0,0,151.0,10.0,23.0,0,NS_GREEN,hold,,,
2548.0,0,53,201.0,3.792,3,5.0,4,8.0,7,0.0,3,0.0,0,0,0,0,163.0,13.0,25.0,0,NS_GREEN,hold,,,
2549.0,0,53,192.0,3.623,3,6.0,4,10.0,7,0.0,3,0.0,0,0,0,0,149.0,16.0,27.0,0,NS_GREEN,hold,,,
2550.0,0,51,183.0,3.588,3,7.0,4,12.0,6,0.0,3,0.0,0,0,0,0,135.0,19.0,29.0,0,NS_GREEN,hold,,,
2551.0,0,53,200.0,3.774,3,8.0,4,14.0,7,0.0,3,0.0,0,0,0,0,146.0,22.0,32.0,0,NS_GREEN,hold,,,
2552.0,0,55,192.0,3.491,3,9.0,4,16.0,7,0.0,3,0.0,0,0,0,0,132.0,25.0,35.0,0,NS_GREEN,hold,,,
2553.0,0,55,185.0,3.364,3,10.0,4,18.0,7,0.0,3,0.0,0,0,0,0,118.0,28.0,39.0,0,NS_GREEN,hold,,,
2554.0,0,54,178.0,3.296,3,11.0,4,20.0,7,0.0,3,0.0,0,0,0,0,104.0,31.0,43.0,0,NS_GREEN,hold,,,
2555.0,0,54,171.0,3.167,3,12.0,4,22.0,7,0.0,3,0.0,0,0,0,0,90.0,34.0,47.0,0,NS_GREEN,hold,,,
2556.0,0,56,181.0,3.232,3,13.0,4,13.0,8,0.0,3,0.0,0,0,0,0,102.0,26.0,53.0,0,NS_GREEN,hold,,,
2557.0,0,58,203.0,3.5,3,14.0,4,14.0,8,0.0,3,0.0,0,0,0,0,115.0,28.0,60.0,0,NS_GREEN,hold,,,
2558.0,0,59,225.0,3.814,3,15.0,4,15.0,9,0.0,3,0.0,0,0,0,0,127.0,30.0,68.0,0,NS_GREEN,hold,,,
2559.0,0,58,249.0,4.293,3,16.0,4,16.0,9,0.0,3,0.0,0,0,0,0,140.0,32.0,77.0,0,NS_GREEN,hold,,,
2560.0,0,55,237.0,4.309,3,17.0,4,18.0,9,0.0,3,0.0,1,0,0,0,154.0,35.0,48.0,0,NS_GREEN,hold,,,
2561.0,0,56,216.0,3.857,3,18.0,4,20.0,10,0.0,3,0.0,1,0,0,0,146.0,38.0,32.0,0,NS_GREEN,hold,,,
2562.0,0,55,205.0,3.727,3,19.0,4,23.0,9,0.0,3,0.0,1,2,0,0,138.0,42.0,25.0,0,NS_GREEN,hold,,,
2563.0,0,55,195.0,3.545,3,20.0,4,26.0,9,0.0,3,0.0,1,2,0,0,131.0,46.0,18.0,0,NS_GREEN,hold,,,
2564.0,0,56,186.0,3.321,3,22.0,4,29.0,10,0.0,3,0.0,1,2,0,0,123.0,51.0,12.0,0,NS_GREEN,hold,,,
2565.0,0,55,178.0,3.236,3,24.0,4,32.0,9,0.0,3,0.0,1,2,0,0,116.0,56.0,6.0,0,NS_GREEN,hold,,,
2566.0,0,54,171.0,3.167,3,26.0,4,35.0,10,0.0,2,0.0,1,2,0,0,110.0,61.0,0.0,0,NS_GREEN,hold,,,
2567.0,0,55,170.0,3.091,3,28.0,4,38.0,10,0.0,2,0.0,1,2,0,0,104.0,66.0,0.0,0,NS_GREEN,hold,,,
2568.0,0,55,170.0,3.091,3,30.0,4,41.0,10,0.0,2,0.0,1,2,0,0,99.0,71.0,0.0,0,NS_GREEN,hold,,,
2569.0,0,55,187.0,3.4,4,32.0,5,44.0,9,0.0,2,0.0,0,0,0,0,111.0,76.0,0.0,0,NS_GREEN,hold,,,
2570.0,0,55,188.0,3.418,5,34.0,6,47.0,9,0.0,1,0.0,0,0,0,0,107.0,81.0,0.0,0,NS_GREEN,hold,,,
2571.0,0,57,187.0,3.281,5,36.0,6,50.0,10,0.0,0,0.0,0,0,0,0,101.0,86.0,0.0,0,NS_GREEN,hold,,,
2572.0,0,55,187.0,3.4,5,38.0,6,53.0,10,0.0,0,0.0,0,0,0,0,96.0,91.0,0.0,0,NS_GREEN,hold,,,
2573.0,0,59,187.0,3.169,5,40.0,6,56.0,11,0.0,1,0.0,0,0,0,0,91.0,96.0,0.0,0,NS_GREEN,hold,,,
2574.0,0,58,188.0,3.241,5,42.0,6,59.0,11,0.0,1,0.0,0,0,0,0,87.0,101.0,0.0,0,NS_GREEN,hold,,,
2575.0,0,58,191.0,3.293,5,44.0,6,62.0,11,0.0,1,0.0,0,0,0,0,85.0,106.0,0.0,0,NS_GREEN,hold,,,
2576.0,0,58,194.0,3.345,5,46.0,6,65.0,11,0.0,1,0.0,0,0,0,0,83.0,111.0,0.0,0,NS_GREEN,hold,,,
2577.0,0,57,213.0,3.737,5,48.0,6,68.0,11,0.0,1,0.0,0,0,0,0,96.0,116.0,1.0,0,NS_GREEN,hold,,,
2578.0,0,56,217.0,3.875,5,50.0,6,71.0,11,0.0,1,0.0,0,0,0,0,94.0,121.0,2.0,0,NS_GREEN,hold,,,
2579.0,0,56,222.0,3.964,5,52.0,6,74.0,11,0.0,1,0.0,0,0,0,0,93.0,126.0,3.0,0,NS_GREEN,hold,,,
2580.0,0,56,227.0,4.054,5,54.0,6,77.0,11,0.0,1,0.0,0,0,0,0,92.0,131.0,4.0,0,NS_GREEN,hold,,,
2581.0,0,55,231.0,4.2,5,56.0,6,80.0,11,0.0,1,0.0,0,0,0,0,90.0,136.0,5.0,0,NS_GREEN,hold,,,
2582.0,0,55,234.0,4.255,5,58.0,6,83.0,11,0.0,1,0.0,0,0,0,0,87.0,141.0,6.0,0,NS_GREEN,hold,,,
2583.0,0,55,238.0,4.327,5,60.0,6,86.0,11,0.0,1,0.0,0,0,0,0,85.0,146.0,7.0,0,NS_GREEN,hold,,,
2584.0,1,55,256.0,4.655,5,62.0,6,89.0,11,0.0,1,0.0,0,0,0,0,97.0,151.0,8.0,0,NS_GREEN,hold,,,
2585.0,1,55,260.0,4.727,5,65.0,6,92.0,11,0.0,1,0.0,0,0,0,0,94.0,157.0,9.0,0,NS_GREEN,hold,,,
2586.0,1,55,265.0,4.818,5,68.0,6,95.0,11,0.0,1,0.0,0,0,0,0,92.0,163.0,10.0,0,NS_GREEN,hold,,,
2587.0,2,51,144.0,2.824,3,3.0,4,26.0,11,1.0,1,0.0,0,0,0,0,103.0,30.0,11.0,0,NS_GREEN,hold,,,
2588.0,2,49,115.0,2.347,3,0.0,4,0.0,11,2.0,1,0.0,0,0,0,0,101.0,2.0,12.0,0,NS_GREEN,hold,,,
2589.0,2,50,130.0,2.6,3,0.0,4,0.0,12,5.0,1,0.0,0,0,0,0,112.0,5.0,13.0,0,NS_GREEN,hold,,,
2590.0,2,50,145.0,2.9,3,0.0,3,0.0,12,7.0,1,0.0,0,0,0,0,124.0,7.0,14.0,0,NS_GREEN,hold,,,
2591.0,2,50,162.0,3.24,3,0.0,3,0.0,12,10.0,1,0.0,0,0,0,0,137.0,10.0,15.0,0,NS_GREEN,hold,,,
2592.0,2,49,180.0,3.673,3,0.0,3,0.0,12,13.0,1,0.0,0,0,0,0,151.0,13.0,16.0,0,NS_GREEN,hold,,,
2593.0,2,54,200.0,3.704,4,1.0,4,1.0,12,16.0,1,0.0,0,0,0,0,165.0,18.0,17.0,0,NS_GREEN,hold,,,
2594.0,2,56,222.0,3.964,4,2.0,4,2.0,12,20.0,1,0.0,0,0,0,0,180.0,24.0,18.0,0,NS_GREEN,hold,,,
2595.0,2,55,245.0,4.455,4,4.0,3,1.0,12,25.0,1,0.0,0,0,0,0,196.0,30.0,19.0,0,NS_GREEN,hold,,,
2596.0,2,55,270.0,4.909,4,6.0,3,0.0,12,31.0,1,0.0,0,0,0,0,213.0,37.0,20.0,0,NS_GREEN,hold,,,
2597.0,2,55,297.0,5.4,4,8.0,3,0.0,12,37.0,1,0.0,0,0,0,0,231.0,45.0,21.0,0,NS_GREEN,hold,,,
2598.0,2,53,324.0,6.113,4,10.0,2,0.0,12,44.0,1,0.0,0,0,0,0,248.0,54.0,22.0,0,NS_GREEN,hold,,,
2599.0,2,52,341.0,6.558,3,0.0,2,0.0,12,51.0,1,0.0,0,0,3,0,267.0,51.0,23.0,0,NS_GREEN,hold,,,
2600.0,2,52,370.0,7.115,3,0.0,2,0.0,13,59.0,1,0.0,0,0,3,0,287.0,59.0,24.0,0,NS_GREEN,hold,,,
2601.0,2,50,400.0,8.0,2,0.0,2,0.0,13,67.0,1,0.0,0,0,3,0,308.0,67.0,25.0,0,NS_YELLOW,max_green,,,
2602.0,1,50,430.0,8.6,2,0.0,2,0.0,13,75.0,1,0.0,0,0,3,0,329.0,75.0,26.0,0,NS_YELLOW,hold,,,
2603.0,1,50,429.0,8.58,2,0.0,2,0.0,13,83.0,1,0.0,0,0,3,0,319.0,83.0,27.0,0,NS_YELLOW,hold,,,
2604.0,1,51,430.0,8.431,2,0.0,2,0.0,13,91.0,1,0.0,0,0,3,0,311.0,91.0,28.0,0,EW_GREEN,yellow_end,,,
2605.0,2,51,401.0,7.863,2,0.0,2,0.0,13,99.0,1,0.0,0,0,3,0,302.0,99.0,0.0,0,EW_GREEN,hold,,,
2606.0,2,51,404.0,7.922,2,0.0,2,0.0,13,108.0,1,1.0,0,0,0,1,294.0,109.0,1.0,0,EW_GREEN,hold,,,
2607.0,2,51,406.0,7.961,2,0.0,1,0.0,13,117.0,1,2.0,0,0,0,1,285.0,119.0,2.0,0,EW_GREEN,hold,,,
2608.0,2,49,407.0,8.306,1,0.0,1,0.0,13,126.0,1,3.0,0,0,0,1,275.0,129.0,3.0,0,EW_GREEN,hold,,,
2609.0,2,49,409.0,8.347,1,0.0,1,0.0,14,135.0,1,4.0,0,0,3,1,266.0,139.0,4.0,0,EW_GREEN,hold,,,
2610.0,2,49,441.0,9.0,1,0.0,1,0.0,14,146.0,2,5.0,0,0,7,0,285.0,151.0,5.0,0,EW_GREEN,hold,,,
2611.0,2,50,444.0,8.88,1,0.0,1,0.0,15,157.0,2,6.0,0,0,7,0,275.0,163.0,6.0,0,EW_GREEN,hold,,,
2612.0,2,49,444.0,9.061,1,0.0,1,0.0,15,168.0,2,7.0,0,0,7,0,262.0,175.0,7.0,0,EW_GREEN,hold,,,
2613.0,2,50,445.0,8.9,1,0.0,1,0.0,15,179.0,3,8.0,0,0,7,0,250.0,187.0,8.0,0,EW_GREEN,hold,,,
2614.0,2,52,446.0,8.577,1,0.0,1,0.0,16,190.0,3,9.0,0,0,3,0,238.0,199.0,9.0,0,EW_GREEN,hold,,,
2615.0,2,52,446.0,8.577,1,0.0,1,0.0,16,201.0,3,10.0,0,0,0,0,225.0,211.0,10.0,0,EW_GREEN,hold,,,
2616.0,2,52,435.0,8.365,1,0.0,1,0.0,16,212.0,4,11.0,0,0,0,0,212.0,223.0,0.0,0,EW_GREEN,hold,,,
2617.0,2,54,459.0,8.5,2,0.0,2,0.0,16,223.0,4,12.0,0,0,0,0,224.0,235.0,0.0,0,EW_GREEN,hold,,,
2618.0,2,56,457.0,8.161,3,0.0,3,0.0,16,234.0,4,13.0,0,0,0,0,210.0,247.0,0.0,0,EW_GREEN,hold,,,
2619.0,2,55,456.0,8.291,3,0.0,3,0.0,16,245.0,4,14.0,0,0,0,0,197.0,259.0,0.0,0,EW_GREEN,hold,,,
2620.0,2,55,480.0,8.727,3,0.0,3,0.0,16,256.0,4,15.0,0,0,4,0,209.0,271.0,0.0,0,EW_GREEN,hold,,,
2621.0,2,55,475.0,8.636,3,0.0,3,0.0,17,268.0,4,16.0,0,0,4,0,191.0,284.0,0.0,0,EW_GREEN,hold,,,
2622.0,2,55,469.0,8.527,3,0.0,3,0.0,17,280.0,4,17.0,0,0,4,0,172.0,297.0,0.0,0,EW_GREEN,hold,,,
2623.0,2,56,465.0,8.304,3,0.0,3,0.0,18,292.0,4,18.0,0,0,4,0,155.0,310.0,0.0,0,EW_GREEN,hold,,,
2624.0,2,57,457.0,8.018,3,0.0,3,0.0,18,304.0,4,19.0,0,0,4,0,134.0,323.0,0.0,0,EW_GREEN,hold,,,
2625.0,2,57,449.0,7.877,3,0.0,3,0.0,18,316.0,4,20.0,0,0,4,0,113.0,336.0,0.0,0,EW_GREEN,hold,,,
2626.0,2,57,440.0,7.719,3,0.0,3,0.0,18,328.0,4,21.0,0,0,4,0,91.0,349.0,0.0,0,EW_GREEN,hold,,,
2627.0,2,56,458.0,8.179,3,0.0,3,0.0,18,340.0,4,22.0,0,0,4,0,96.0,362.0,0.0,0,EW_GREEN,hold,,,
2628.0,2,57,451.0,7.912,3,0.0,3,0.0,19,352.0,4,23.0,0,0,4,0,76.0,375.0,0.0,0,EW_GREEN,hold,,,
2629.0,2,58,444.0,7.655,3,0.0,3,0.0,19,364.0,4,24.0,0,0,4,0,56.0,388.0,0.0,0,EW_GREEN,hold,,,
2630.0,2,58,437.0,7.534,3,0.0,3,0.0,19,376.0,4,25.0,0,0,4,0,36.0,401.0,0.0,0,EW_GREEN,hold,,,
2631.0,2,56,451.0,8.054,2,0.0,2,0.0,20,389.0,4,26.0,0,0,4,0,36.0,415.0,0.0,0,EW_GREEN,hold,,,
2632.0,2,57,465.0,8.158,2,0.0,2,0.0,20,402.0,4,27.0,0,0,4,0,36.0,429.0,0.0,0,EW_GREEN,hold,,,
2633.0,2,57,481.0,8.439,2,0.0,1,0.0,21,415.0,4,28.0,0,0,4,0,38.0,443.0,0.0,0,EW_GREEN,hold,,,
2634.0,2,55,497.0,9.036,1,0.0,1,0.0,21,428.0,4,29.0,0,0,4,0,40.0,457.0,0.0,0,EW_GREEN,hold,,,
2635.0,2,57,510.0,8.947,1,0.0,1,0.0,22,441.0,4,30.0,0,0,4,0,39.0,471.0,0.0,0,EW_GREEN,hold,,,
2636.0,2,57,526.0,9.228,1,0.0,1,0.0,22,454.0,4,31.0,0,0,0,0,41.0,485.0,0.0,0,EW_GREEN,hold,,,
2637.0,2,55,542.0,9.855,0,0.0,0,0.0,22,467.0,4,32.0,0,0,0,0,43.0,499.0,0.0,0,EW_GREEN,hold,,,
2638.0,2,55,559.0,10.164,0,0.0,0,0.0,22,481.0,4,33.0,0,0,0,0,45.0,514.0,0.0,0,EW_GREEN,hold,,,
2639.0,2,54,577.0,10.685,0,0.0,0,0.0,22,495.0,4,34.0,0,0,0,0,48.0,529.0,0.0,0,EW_GREEN,hold,,,
2640.0,2,54,595.0,11.019,0,0.0,0,0.0,23,509.0,4,35.0,0,0,0,0,51.0,544.0,0.0,0,EW_GREEN,hold,,,
2641.0,2,59,612.0,10.373,2,0.0,2,0.0,23,524.0,4,36.0,0,0,0,0,52.0,560.0,0.0,0,EW_GREEN,hold,,,
2642.0,2,58,630.0,10.862,2,0.0,2,0.0,23,539.0,4,37.0,0,0,0,0,54.0,576.0,0.0,0,EW_GREEN,hold,,,
2643.0,2,58,649.0,11.19,2,0.0,2,0.0,23,554.0,4,38.0,0,0,0,0,57.0,592.0,0.0,0,EW_GREEN,hold,,,
2644.0,2,56,669.0,11.946,2,0.0,2,0.0,23,569.0,4,40.0,0,0,0,0,60.0,609.0,0.0,0,EW_GREEN,hold,,,
2645.0,2,59,690.0,11.695,2,0.0,2,0.0,24,585.0,5,42.0,0,0,0,0,63.0,627.0,0.0,0,EW_GREEN,hold,,,
2646.0,2,58,711.0,12.259,2,0.0,2,0.0,24,601.0,5,44.0,0,0,0,1,66.0,645.0,0.0,0,EW_GREEN,hold,,,
2647.0,3,59,732.0,12.407,2,0.0,2,0.0,24,617.0,5,46.0,0,0,0,0,69.0,663.0,0.0,0,EW_GREEN,hold,,,
2648.0,3,57,688.0,12.07,2,0.0,2,0.0,24,633.0,5,48.0,0,0,0,2,7.0,681.0,0.0,0,EW_GREEN,hold,,,
2649.0,3,57,700.0,12.281,2,0.0,2,0.0,24,649.0,5,51.0,0,0,0,2,0.0,700.0,0.0,0,EW_GREEN,hold,,,
2650.0,0,57,487.0,8.544,2,0.0,2,0.0,23,484.0,6,2.0,0,0,0,0,1.0,486.0,0.0,0,EW_GREEN,hold,,,
2651.0,0,54,325.0,6.019,2,0.0,2,0.0,23,323.0,3,0.0,0,0,0,0,2.0,323.0,0.0,0,EW_GREEN,hold,,,
2652.0,0,53,183.0,3.453,2,0.0,2,0.0,22,179.0,3,0.0,0,0,0,0,4.0,179.0,0.0,0,EW_GREEN,hold,,,
2653.0,0,53,100.0,1.887,2,0.0,2,0.0,22,94.0,3,0.0,0,0,0,0,6.0,94.0,0.0,0,EW_GREEN,hold,,,
2654.0,0,52,41.0,0.788,2,0.0,2,0.0,21,32.0,2,0.0,0,0,0,0,9.0,32.0,0.0,0,EW_GREEN,hold,,,
2655.0,0,53,13.0,0.245,2,0.0,2,0.0,20,1.0,2,0.0,0,0,0,0,12.0,1.0,0.0,0,EW_GREEN,hold,,,
2656.0,0,55,16.0,0.291,2,0.0,2,0.0,18,0.0,2,0.0,0,0,0,0,16.0,0.0,0.0,0,EW_GREEN,hold,,,
2657.0,0,57,22.0,0.386,2,0.0,2,1.0,18,0.0,2,0.0,0,0,0,0,21.0,1.0,0.0,0,EW_GREEN,hold,,,
2658.0,0,56,28.0,0.5,2,0.0,2,2.0,17,0.0,2,0.0,0,0,0,0,26.0,2.0,0.0,0,EW_GREEN,hold,,,
2659.0,0,58,35.0,0.603,2,0.0,2,3.0,17,0.0,2,0.0,0,0,0,0,32.0,3.0,0.0,0,EW_GREEN,hold,,,
2660.0,0,57,44.0,0.772,2,1.0,2,4.0,14,0.0,2,0.0,0,0,0,0,39.0,5.0,0.0,0,EW_GREEN,hold,,,
2661.0,0,57,53.0,0.93,2,2.0,2,5.0,14,0.0,2,0.0,0,0,0,0,46.0,7.0,0.0,0,EW_GREEN,hold,,,
2662.0,0,58,63.0,1.086,2,3.0,2,6.0,12,0.0,2,0.0,0,0,0,0,54.0,9.0,0.0,0,EW_GREEN,hold,,,
2663.0,0,58,73.0,1.259,2,4.0,2,7.0,12,0.0,2,0.0,0,0,0,0,62.0,11.0,0.0,0,EW_GREEN,hold,,,
2664.0,0,59,85.0,1.441,2,5.0,2,8.0,10,0.0,2,0.0,0,0,0,0,72.0,13.0,0.0,0,EW_YELLOW,max_green,,,
2665.0,3,64,97.0,1.516,3,6.0,3,9.0,10,0.0,2,0.0,0,0,1,0,82.0,15.0,0.0,0,EW_YELLOW,hold,,,
2666.0,3,69,111.0,1.609,4,7.0,4,10.0,10,1.0,2,0.0,0,0,1,0,93.0,18.0,0.0,0,EW_YELLOW,hold,,,
2667.0,3,69,125.0,1.812,4,8.0,4,11.0,10,2.0,2,0.0,0,0,0,0,104.0,21.0,0.0,0,NS_GREEN,yellow_end,,,
2668.0,0,66,137.0,2.076,4,9.0,4,12.0,7,0.0,2,0.0,0,0,0,0,116.0,21.0,0.0,0,NS_GREEN,hold,,,
2669.0,0,66,152.0,2.303,4,10.0,4,13.0,7,0.0,2,0.0,0,0,0,0,129.0,23.0,0.0,0,NS_GREEN,hold,,,
2670.0,0,66,167.0,2.53,4,11.0,4,14.0,7,0.0,2,0.0,0,0,0,0,142.0,25.0,0.0,0,NS_GREEN,hold,,,
2671.0,0,64,183.0,2.859,4,12.0,4,15.0,6,0.0,2,0.0,0,0,0,0,156.0,27.0,0.0,0,NS_GREEN,hold,,,
2672.0,0,66,200.0,3.03,4,13.0,4,16.0,6,0.0,2,0.0,0,0,0,0,171.0,29.0,0.0,0,NS_GREEN,hold,,,
2673.0,0,66,217.0,3.288,4,14.0,4,17.0,5,0.0,2,0.0,0,0,0,0,186.0,31.0,0.0,0,NS_GREEN,hold,,,
2674.0,0,67,234.0,3.493,4,15.0,4,18.0,5,0.0,1,0.0,0,0,0,0,201.0,33.0,0.0,0,NS_GREEN,hold,,,
2675.0,0,68,253.0,3.721,4,16.0,4,19.0,5,0.0,1,0.0,0,0,0,0,218.0,35.0,0.0,0,NS_YELLOW,pressure_ew,,,
2676.0,1,70,273.0,3.9,4,17.0,4,20.0,5,0.0,1,0.0,0,0,0,0,236.0,37.0,0.0,0,NS_YELLOW,hold,,,
2677.0,1,69,266.0,3.855,4,18.0,4,21.0,5,0.0,1,0.0,0,0,0,0,227.0,39.0,0.0,0,NS_YELLOW,hold,,,
2678.0,1,69,257.0,3.725,4,19.0,4,22.0,5,0.0,1,0.0,0,0,0,0,216.0,41.0,0.0,0,EW_GREEN,yellow_end,,,
2679.0,2,66,207.0,3.136,2,0.0,3,0.0,5,0.0,1,0.0,0,0,0,0,207.0,0.0,0.0,0,EW_GREEN,hold,,,
2680.0,2,64,199.0,3.109,2,0.0,3,0.0,5,0.0,1,0.0,0,0,0,0,199.0,0.0,0.0,0,EW_GREEN,hold,,,
2681.0,2,64,192.0,3.0,1,0.0,3,0.0,5,0.0,2,0.0,0,0,0,0,192.0,0.0,0.0,0,EW_GREEN,hold,,,
2682.0,2,65,189.0,2.908,1,0.0,3,0.0,6,1.0,2,0.0,0,0,0,0,188.0,1.0,0.0,0,EW_GREEN,hold,,,
2683.0,2,62,183.0,2.952,1,0.0,2,0.0,6,2.0,2,0.0,0,0,0,0,181.0,2.0,0.0,0,EW_GREEN,hold,,,
2684.0,2,62,181.0,2.919,1,0.0,2,0.0,7,4.0,2,0.0,0,0,0,0,176.0,4.0,1.0,0,EW_GREEN,hold,,,
2685.0,2,61,177.0,2.902,1,0.0,1,0.0,7,6.0,2,1.0,0,0,0,0,168.0,7.0,2.0,0,EW_GREEN,hold,,,
2686.0,2,60,196.0,3.267,1,0.0,1,0.0,7,8.0,2,2.0,0,0,0,0,183.0,10.0,3.0,0,EW_GREEN,hold,,,
2687.0,2,61,191.0,3.131,1,0.0,1,0.0,8,10.0,2,3.0,0,0,1,0,174.0,13.0,4.0,0,EW_GREEN,hold,,,
2688.0,2,61,187.0,3.066,1,0.0,1,0.0,8,12.0,2,4.0,0,0,1,0,166.0,16.0,5.0,0,EW_GREEN,hold,,,
2689.0,2,65,205.0,3.154,2,0.0,2,0.0,8,14.0,2,5.0,0,0,1,0,180.0,19.0,6.0,0,EW_GREEN,hold,,,
2690.0,2,65,180.0,2.769,2,0.0,2,0.0,8,16.0,2,6.0,0,0,1,0,151.0,22.0,7.0,0,EW_GREEN,hold,,,
2691.0,2,64,177.0,2.766,2,0.0,2,0.0,8,18.0,2,7.0,0,0,1,0,144.0,25.0,8.0,0,EW_GREEN,hold,,,
2692.0,2,62,195.0,3.145,2,0.0,2,0.0,9,20.0,2,8.0,0,0,1,0,158.0,28.0,9.0,0,EW_GREEN,hold,,,
2693.0,2,62,191.0,3.081,2,0.0,2,0.0,9,22.0,2,9.0,0,0,1,0,150.0,31.0,10.0,0,EW_GREEN,hold,,,
2694.0,2,60,188.0,3.133,2,0.0,2,0.0,9,25.0,2,10.0,0,0,1,0,142.0,35.0,11.0,0,EW_GREEN,hold,,,
2695.0,2,60,184.0,3.067,2,0.0,2,0.0,10,28.0,2,11.0,0,0,1,0,133.0,39.0,12.0,0,EW_GREEN,hold,,,
2696.0,2,60,179.0,2.983,2,0.0,2,0.0,10,31.0,2,12.0,0,0,0,0,123.0,43.0,13.0,0,EW_GREEN,hold,,,
2697.0,2,58,194.0,3.345,2,0.0,2,0.0,10,34.0,2,13.0,0,0,0,0,133.0,47.0,14.0,0,EW_GREEN,hold,,,
2698.0,2,59,189.0,3.203,2,0.0,2,0.0,11,37.0,2,14.0,0,0,0,0,123.0,51.0,15.0,0,EW_GREEN,hold,,,
2699.0,2,56,184.0,3.286,2,0.0,2,0.0,11,41.0,2,15.0,0,0,0,0,112.0,56.0,16.0,0,EW_GREEN,hold,,,
2700.0,2,56,178.0,3.179,2,0.0,2,0.0,12,45.0,2,16.0,0,0,0,0,100.0,61.0,17.0,0,EW_GREEN,hold,,,
2701.0,2,59,170.0,2.881,2,0.0,2,0.0,12,49.0,2,17.0,0,0,0,0,86.0,66.0,18.0,0,EW_GREEN,hold,,,
2702.0,2,59,144.0,2.441,2,0.0,2,0.0,12,53.0,2,18.0,0,0,0,0,73.0,71.0,0.0,0,EW_GREEN,hold,,,
2703.0,2,56,155.0,2.768,1,0.0,1,0.0,12,57.0,2,19.0,0,0,0,0,78.0,76.0,1.0,0,EW_GREEN,hold,,,
2704.0,2,54,114.0,2.111,1,0.0,1,0.0,13,61.0,2,20.0,0,0,0,0,29.0,81.0,4.0,0,EW_GREEN,hold,,,
2705.0,2,55,94.0,1.709,1,0.0,1,0.0,13,65.0,2,21.0,0,0,0,0,1.0,86.0,7.0,0,EW_GREEN,hold,,,
2706.0,2,56,106.0,1.893,1,0.0,1,0.0,13,69.0,3,22.0,0,0,0,0,2.0,91.0,13.0,0,EW_GREEN,hold,,,
2707.0,2,58,118.0,2.034,1,0.0,1,0.0,14,73.0,3,23.0,0,0,0,0,4.0,96.0,18.0,0,EW_GREEN,hold,,,
2708.0,2,57,134.0,2.351,1,0.0,1,0.0,14,77.0,3,24.0,0,0,0,1,7.0,101.0,26.0,0,EW_GREEN,hold,,,
2709.0,2,57,149.0,2.614,1,0.0,1,0.0,14,81.0,3,25.0,0,0,0,1,9.0,106.0,34.0,0,EW_GREEN,hold,,,
2710.0,2,56,165.0,2.946,1,0.0,1,0.0,14,85.0,3,26.0,0,0,0,1,12.0,111.0,42.0,0,EW_GREEN,hold,,,
2711.0,2,54,184.0,3.407,1,0.0,1,0.0,14,90.0,3,27.0,0,0,0,1,17.0,117.0,50.0,0,EW_GREEN,hold,,,
2712.0,2,55,203.0,3.691,1,0.0,1,0.0,15,95.0,3,28.0,0,0,0,1,22.0,123.0,58.0,0,EW_GREEN,hold,,,
2713.0,2,57,225.0,3.947,2,0.0,2,0.0,15,100.0,3,30.0,0,0,0,1,28.0,130.0,67.0,0,EW_GREEN,hold,,,
2714.0,2,59,248.0,4.203,3,0.0,3,0.0,15,106.0,3,32.0,0,0,0,1,34.0,138.0,76.0,0,EW_GREEN,hold,,,
2715.0,2,58,260.0,4.483,3,0.0,3,0.0,15,112.0,3,34.0,0,0,0,1,29.0,146.0,85.0,0,EW_GREEN,hold,,,
2716.0,2,57,273.0,4.789,3,0.0,3,0.0,16,118.0,3,36.0,0,0,0,1,25.0,154.0,94.0,0,EW_GREEN,hold,,,
2717.0,2,59,289.0,4.898,3,0.0,3,0.0,16,125.0,4,38.0,0,0,0,1,23.0,163.0,103.0,0,EW_GREEN,hold,,,
2718.0,2,59,305.0,5.169,3,0.0,3,0.0,16,132.0,4,40.0,0,0,0,1,21.0,172.0,112.0,0,EW_GREEN,hold,,,
2719.0,2,60,319.0,5.317,3,0.0,3,0.0,16,139.0,5,42.0,0,0,0,0,17.0,181.0,121.0,0,EW_GREEN,hold,,,
2720.0,2,59,334.0,5.661,3,0.0,3,0.0,16,146.0,5,44.0,0,0,0,0,14.0,190.0,130.0,0,EW_GREEN,hold,,,
2721.0,3,61,354.0,5.803,3,0.0,3,0.0,17,153.0,5,46.0,0,0,0,0,15.0,199.0,140.0,0,EW_GREEN,hold,,,
2722.0,3,61,375.0,6.148,3,0.0,3,0.0,17,161.0,5,48.0,0,0,0,0,16.0,209.0,150.0,0,EW_GREEN,hold,,,
2723.0,3,61,396.0,6.492,3,0.0,3,0.0,17,169.0,5,50.0,0,0,0,0,17.0,219.0,160.0,0,EW_GREEN,hold,,,
2724.0,0,57,253.0,4.439,3,0.0,3,0.0,15,62.0,3,0.0,0,0,0,0,21.0,62.0,170.0,0,EW_GREEN,hold,,,
2725.0,0,57,223.0,3.912,3,0.0,3,0.0,15,17.0,3,0.0,0,0,0,0,26.0,17.0,180.0,0,EW_GREEN,hold,,,
2726.0,0,57,217.0,3.807,3,0.0,3,0.0,15,5.0,3,0.0,0,0,0,0,22.0,5.0,190.0,0,EW_GREEN,hold,,,
2727.0,0,55,221.0,4.018,3,0.0,3,0.0,13,0.0,3,0.0,0,0,0,0,21.0,0.0,200.0,0,EW_GREEN,hold,,,
2728.0,0,61,234.0,3.836,3,0.0,3,0.0,14,0.0,3,0.0,0,0,0,0,24.0,0.0,210.0,0,EW_GREEN,hold,,,
2729.0,0,61,242.0,3.967,3,0.0,3,0.0,14,0.0,3,0.0,0,0,0,0,22.0,0.0,220.0,0,EW_GREEN,hold,,,
2730.0,0,60,252.0,4.2,3,0.0,3,1.0,11,0.0,3,0.0,0,0,0,0,21.0,1.0,230.0,0,EW_GREEN,hold,,,
2731.0,0,58,178.0,3.069,3,0.0,3,2.0,12,0.0,3,0.0,0,0,0,0,19.0,2.0,157.0,0,EW_GREEN,hold,,,
2732.0,0,56,110.0,1.964,3,0.0,3,3.0,9,0.0,3,0.0,0,0,0,0,18.0,3.0,89.0,0,EW_GREEN,hold,,,
2733.0,0,57,47.0,0.825,3,1.0,3,4.0,9,0.0,3,0.0,0,0,0,0,16.0,5.0,26.0,0,EW_GREEN,hold,,,
2734.0,0,53,23.0,0.434,3,2.0,3,5.0,8,0.0,3,0.0,0,0,0,0,16.0,7.0,0.0,0,EW_GREEN,hold,,,
2735.0,0,54,26.0,0.481,3,3.0,3,6.0,8,0.0,3,0.0,0,0,0,0,17.0,9.0,0.0,0,EW_YELLOW,pressure_ns,,,
2736.0,3,52,31.0,0.596,3,4.0,3,7.0,8,0.0,3,0.0,0,0,0,0,20.0,11.0,0.0,0,EW_YELLOW,hold,,,
2737.0,3,58,33.0,0.569,4,5.0,4,9.0,9,0.0,3,0.0,0,0,0,0,19.0,14.0,0.0,0,EW_YELLOW,hold,,,
2738.0,3,58,37.0,0.638,4,6.0,4,11.0,9,0.0,3,0.0,0,0,0,0,20.0,17.0,0.0,0,NS_GREEN,yellow_end,,,
2739.0,0,57,41.0,0.719,4,8.0,4,13.0,9,0.0,3,0.0,0,0,0,0,20.0,21.0,0.0,0,NS_GREEN,hold,,,
2740.0,0,56,45.0,0.804,4,10.0,4,15.0,9,0.0,2,0.0,0,0,0,0,20.0,25.0,0.0,0,NS_GREEN,hold,,,
2741.0,0,57,51.0,0.895,4,12.0,4,17.0,9,0.0,2,0.0,0,0,0,0,22.0,29.0,0.0,0,NS_GREEN,hold,,,
2742.0,0,55,56.0,1.018,4,14.0,4,19.0,7,0.0,2,0.0,0,0,0,0,23.0,33.0,0.0,0,NS_GREEN,hold,,,
2743.0,0,58,63.0,1.086,4,16.0,4,21.0,8,0.0,2,0.0,0,0,0,0,26.0,37.0,0.0,0,NS_GREEN,hold,,,
2744.0,0,57,68.0,1.193,4,18.0,4,23.0,7,0.0,2,0.0,0,0,0,0,27.0,41.0,0.0,0,NS_GREEN,hold,,,
2745.0,0,58,70.0,1.207,4,20.0,4,25.0,7,0.0,2,0.0,0,0,0,0,25.0,45.0,0.0,0,NS_GREEN,hold,,,
2746.0,0,59,75.0,1.271,4,22.0,4,27.0,8,0.0,2,0.0,0,0,0,0,26.0,49.0,0.0,0,NS_YELLOW,pressure_ew,,,
2747.0,1,57,80.0,1.404,4,24.0,4,29.0,8,0.0,1,0.0,0,0,0,0,27.0,53.0,0.0,0,NS_YELLOW,hold,,,
2748.0,1,60,85.0,1.417,4,26.0,4,31.0,9,0.0,1,0.0,0,0,0,0,28.0,57.0,0.0,0,NS_YELLOW,hold,,,
2749.0,1,60,90.0,1.5,4,28.0,4,33.0,9,0.0,1,0.0,0,0,0,0,29.0,61.0,0.0,0,EW_GREEN,yellow_end,,,
2750.0,2,55,30.0,0.545,2,0.0,2,0.0,9,0.0,1,0.0,0,0,0,0,30.0,0.0,0.0,0,EW_GREEN,hold,,,
2751.0,2,56,32.0,0.571,2,0.0,2,0.0,10,0.0,1,1.0,0,0,0,1,31.0,1.0,0.0,0,EW_GREEN,hold,,,
2752.0,2,55,34.0,0.618,2,0.0,2,0.0,10,0.0,1,2.0,0,0,0,1,32.0,2.0,0.0,0,EW_GREEN,hold,,,
2753.0,2,56,36.0,0.643,2,0.0,2,0.0,10,0.0,2,3.0,0,0,0,0,33.0,3.0,0.0,0,EW_GREEN,hold,,,
2754.0,2,56,39.0,0.696,2,0.0,2,0.0,10,0.0,2,4.0,0,0,0,0,34.0,4.0,1.0,0,EW_GREEN,hold,,,
2755.0,2,57,42.0,0.737,2,0.0,2,0.0,11,0.0,2,5.0,0,0,0,0,35.0,5.0,2.0,0,EW_GREEN,hold,,,
2756.0,2,56,48.0,0.857,2,1.0,2,1.0,11,0.0,2,6.0,1,1,0,0,37.0,8.0,3.0,0,EW_GREEN,hold,,,
2757.0,2,54,52.0,0.963,2,2.0,1,2.0,11,0.0,2,7.0,1,1,0,0,37.0,11.0,4.0,0,EW_GREEN,hold,,,
2758.0,2,56,58.0,1.036,1,3.0,1,3.0,12,0.0,2,8.0,1,1,0,0,39.0,14.0,5.0,0,EW_GREEN,hold,,,
2759.0,2,56,67.0,1.196,1,4.0,1,4.0,12,2.0,2,9.0,1,1,0,0,42.0,19.0,6.0,0,EW_GREEN,hold,,,
2760.0,2,53,36.0,0.679,1,5.0,1,5.0,13,4.0,2,10.0,1,1,0,0,5.0,24.0,7.0,0,EW_GREEN,hold,,,
2761.0,2,55,40.0,0.727,2,0.0,3,6.0,13,7.0,2,11.0,0,0,0,0,8.0,24.0,8.0,0,EW_GREEN,hold,,,
2762.0,2,54,43.0,0.796,3,0.0,3,0.0,13,10.0,2,12.0,0,0,0,0,12.0,22.0,9.0,0,EW_GREEN,hold,,,
2763.0,2,53,53.0,1.0,3,0.0,3,0.0,13,13.0,2,13.0,0,0,0,0,17.0,26.0,10.0,0,EW_GREEN,hold,,,
2764.0,2,53,63.0,1.189,3,0.0,3,0.0,14,16.0,2,14.0,0,0,0,0,22.0,30.0,11.0,0,EW_GREEN,hold,,,
2765.0,2,52,75.0,1.442,3,0.0,3,0.0,14,20.0,2,15.0,0,0,0,0,28.0,35.0,12.0,0,EW_GREEN,hold,,,
2766.0,2,53,87.0,1.642,3,0.0,3,0.0,14,24.0,2,16.0,0,0,0,0,34.0,40.0,13.0,0,EW_GREEN,hold,,,
2767.0,2,52,100.0,1.923,3,0.0,3,0.0,14,28.0,2,17.0,0,0,0,0,41.0,45.0,14.0,0,EW_GREEN,hold,,,
2768.0,2,53,114.0,2.151,3,0.0,3,0.0,14,32.0,2,18.0,0,0,0,0,49.0,50.0,15.0,0,EW_GREEN,hold,,,
2769.0,2,53,129.0,2.434,3,0.0,3,0.0,14,36.0,2,19.0,0,0,0,0,58.0,55.0,16.0,0,EW_GREEN,hold,,,
2770.0,2,53,145.0,2.736,3,0.0,3,0.0,14,40.0,2,20.0,0,0,0,0,68.0,60.0,17.0,0,EW_GREEN,hold,,,
2771.0,2,53,162.0,3.057,3,0.0,3,0.0,14,45.0,2,21.0,0,0,0,0,78.0,66.0,18.0,0,EW_GREEN,hold,,,
2772.0,2,53,180.0,3.396,3,0.0,3,0.0,14,50.0,2,22.0,0,0,0,0,89.0,72.0,19.0,0,EW_GREEN,hold,,,
2773.0,2,53,198.0,3.736,3,0.0,3,0.0,14,55.0,2,23.0,0,0,0,0,100.0,78.0,20.0,0,EW_GREEN,hold,,,
2774.0,2,54,218.0,4.037,3,0.0,3,0.0,15,61.0,2,24.0,0,0,0,0,112.0,85.0,21.0,0,EW_GREEN,hold,,,
2775.0,2,55,239.0,4.345,3,0.0,3,0.0,15,67.0,2,25.0,0,0,0,0,125.0,92.0,22.0,0,EW_GREEN,hold,,,
2776.0,2,53,239.0,4.509,2,0.0,3,0.0,15,74.0,2,26.0,0,0,0,0,139.0,100.0,0.0,0,EW_GREEN,hold,,,
2777.0,2,53,265.0,5.0,2,0.0,3,0.0,15,82.0,2,27.0,0,0,0,0,155.0,109.0,1.0,0,EW_GREEN,hold,,,
2778.0,2,51,290.0,5.686,2,1.0,3,0.0,15,90.0,2,28.0,1,0,0,0,167.0,119.0,4.0,0,EW_GREEN,hold,,,
2779.0,2,51,320.0,6.275,2,2.0,2,0.0,15,99.0,2,29.0,1,0,0,0,182.0,130.0,8.0,0,EW_GREEN,hold,,,
2780.0,2,52,351.0,6.75,2,3.0,2,0.0,15,108.0,2,30.0,1,0,0,0,198.0,141.0,12.0,0,EW_GREEN,hold,,,
2781.0,2,54,382.0,7.074,2,4.0,2,0.0,15,117.0,3,31.0,1,0,0,1,214.0,152.0,16.0,0,EW_GREEN,hold,,,
2782.0,2,53,414.0,7.811,2,5.0,1,0.0,15,126.0,3,32.0,1,0,0,1,231.0,163.0,20.0,0,EW_GREEN,hold,,,
2783.0,2,53,448.0,8.453,2,6.0,1,0.0,15,136.0,3,33.0,1,0,0,1,249.0,175.0,24.0,0,EW_GREEN,hold,,,
2784.0,2,52,483.0,9.288,2,7.0,1,0.0,15,146.0,3,34.0,1,0,0,1,268.0,187.0,28.0,0,EW_GREEN,hold,,,
2785.0,2,54,511.0,9.463,3,0.0,2,0.0,15,156.0,3,35.0,0,0,0,1,288.0,191.0,32.0,0,EW_GREEN,hold,,,
2786.0,2,55,547.0,9.945,2,0.0,2,0.0,16,166.0,3,37.0,0,0,0,1,308.0,203.0,36.0,0,EW_GREEN,hold,,,
2787.0,2,56,584.0,10.429,2,0.0,2,0.0,16,176.0,3,39.0,0,0,0,1,329.0,215.0,40.0,0,EW_GREEN,hold,,,
2788.0,2,55,621.0,11.291,2,0.0,2,0.0,16,186.0,3,41.0,0,0,0,1,350.0,227.0,44.0,0,EW_GREEN,hold,,,
2789.0,2,55,629.0,11.436,2,0.0,2,0.0,16,198.0,3,43.0,0,0,5,1,340.0,241.0,48.0,0,EW_GREEN,hold,,,
2790.0,2,56,636.0,11.357,2,0.0,2,0.0,16,210.0,4,45.0,0,0,5,0,329.0,255.0,52.0,0,EW_GREEN,hold,,,
2791.0,2,57,644.0,11.298,2,0.0,2,0.0,16,222.0,4,47.0,0,0,10,0,319.0,269.0,56.0,0,EW_GREEN,hold,,,
2792.0,3,58,652.0,11.241,2,0.0,2,0.0,16,235.0,5,49.0,0,0,10,0,308.0,284.0,60.0,0,EW_GREEN,hold,,,
2793.0,3,58,659.0,11.362,2,0.0,2,0.0,16,248.0,5,51.0,0,0,10,0,296.0,299.0,64.0,0,EW_GREEN,hold,,,
2794.0,3,57,667.0,11.702,2,0.0,2,0.0,16,261.0,5,53.0,0,0,10,0,285.0,314.0,68.0,0,EW_GREEN,hold,,,
2795.0,0,54,510.0,9.444,2,0.0,2,0.0,15,166.0,3,0.0,0,0,8,0,272.0,166.0,72.0,0,EW_GREEN,hold,,,
2796.0,0,52,431.0,8.288,2,0.0,2,0.0,14,96.0,3,0.0,0,0,0,0,259.0,96.0,76.0,0,EW_GREEN,hold,,,
2797.0,0,52,379.0,7.288,2,0.0,2,0.0,14,54.0,3,0.0,0,0,0,0,245.0,54.0,80.0,0,EW_GREEN,hold,,,
2798.0,0,52,331.0,6.365,2,0.0,2,0.0,13,17.0,3,0.0,0,0,0,0,230.0,17.0,84.0,0,EW_GREEN,hold,,,
2799.0,0,55,303.0,5.509,2,0.0,2,0.0,13,0.0,3,0.0,0,0,0,0,215.0,0.0,88.0,0,EW_GREEN,hold,,,
2800.0,0,56,319.0,5.696,2,0.0,2,0.0,13,0.0,3,0.0,0,0,0,0,227.0,0.0,92.0,0,EW_GREEN,hold,,,
2801.0,0,56,308.0,5.5,2,0.0,2,1.0,11,0.0,3,0.0,0,1,0,0,211.0,1.0,96.0,0,EW_GREEN,hold,,,
2802.0,0,55,296.0,5.382,2,0.0,2,2.0,10,0.0,3,0.0,0,1,0,0,194.0,2.0,100.0,0,EW_GREEN,hold,,,
2803.0,0,55,285.0,5.182,2,1.0,2,3.0,8,0.0,3,0.0,1,1,0,0,177.0,4.0,104.0,0,EW_GREEN,hold,,,
2804.0,0,55,274.0,4.982,2,2.0,2,4.0,7,0.0,3,0.0,0,1,0,0,160.0,6.0,108.0,0,EW_GREEN,hold,,,
2805.0,0,53,177.0,3.34,2,3.0,2,5.0,7,0.0,3,0.0,0,0,0,0,142.0,8.0,27.0,0,EW_GREEN,hold,,,
2806.0,0,51,134.0,2.627,2,4.0,2,6.0,5,0.0,3,0.0,0,0,0,0,124.0,10.0,0.0,0,EW_YELLOW,pressure_ns,,,
2807.0,3,51,118.0,2.314,2,5.0,2,7.0,5,0.0,3,0.0,0,0,0,0,106.0,12.0,0.0,0,EW_YELLOW,hold,,,
2808.0,3,52,99.0,1.904,2,6.0,2,8.0,6,0.0,3,0.0,0,0,0,0,85.0,14.0,0.0,0,EW_YELLOW,hold,,,
2809.0,3,57,80.0,1.404,3,7.0,3,9.0,6,0.0,3,0.0,0,0,0,0,64.0,16.0,0.0,0,NS_GREEN,yellow_end,,,
2810.0,0,60,60.0,1.0,4,8.0,4,10.0,7,0.0,2,0.0,0,0,0,0,42.0,18.0,0.0,0,NS_GREEN,hold,,,
2811.0,0,60,64.0,1.067,4,9.0,4,11.0,7,0.0,2,0.0,0,0,0,0,44.0,20.0,0.0,0,NS_GREEN,hold,,,
2812.0,0,61,44.0,0.721,4,10.0,4,12.0,8,0.0,2,0.0,0,0,0,0,22.0,22.0,0.0,0,NS_GREEN,hold,,,
2813.0,0,61,24.0,0.393,4,11.0,4,13.0,8,0.0,2,0.0,0,0,0,0,0.0,24.0,0.0,0,NS_GREEN,hold,,,
2814.0,0,61,26.0,0.426,4,12.0,4,14.0,8,0.0,2,0.0,0,0,0,0,0.0,26.0,0.0,0,NS_GREEN,hold,,,
2815.0,0,60,28.0,0.467,4,13.0,4,15.0,8,0.0,2,0.0,0,0,0,0,0.0,28.0,0.0,0,NS_GREEN,hold,,,
2816.0,0,61,30.0,0.492,4,14.0,4,16.0,8,0.0,2,0.0,0,0,0,0,0.0,30.0,0.0,0,NS_GREEN,hold,,,
2817.0,0,61,33.0,0.541,4,15.0,4,17.0,9,0.0,2,0.0,0,0,0,0,1.0,32.0,0.0,0,NS_YELLOW,pressure_ew,,,
2818.0,1,61,35.0,0.574,4,16.0,4,18.0,9,0.0,2,0.0,0,0,0,0,1.0,34.0,0.0,0,NS_YELLOW,hold,,,
2819.0,1,62,38.0,0.613,4,17.0,4,19.0,10,0.0,2,0.0,0,0,0,0,2.0,36.0,0.0,0,NS_YELLOW,hold,,,
2820.0,1,61,42.0,0.689,4,18.0,4,20.0,10,1.0,2,0.0,0,0,0,0,3.0,39.0,0.0,0,EW_GREEN,yellow_end,,,
2821.0,2,60,6.0,0.1,3,0.0,3,0.0,11,2.0,2,0.0,0,0,0,0,4.0,2.0,0.0,0,EW_GREEN,hold,,,
2822.0,2,60,9.0,0.15,3,0.0,3,0.0,11,3.0,2,0.0,0,0,0,0,6.0,3.0,0.0,0,EW_GREEN,hold,,,
2823.0,2,59,12.0,0.203,3,0.0,3,0.0,11,4.0,2,0.0,0,0,0,0,8.0,4.0,0.0,0,EW_GREEN,hold,,,
2824.0,2,58,15.0,0.259,3,0.0,3,0.0,11,5.0,2,0.0,0,0,0,0,10.0,5.0,0.0,0,EW_GREEN,hold,,,
2825.0,2,59,20.0,0.339,2,0.0,3,0.0,12,6.0,3,2.0,0,0,0,1,12.0,8.0,0.0,0,EW_GREEN,hold,,,
2826.0,2,58,27.0,0.466,2,0.0,2,0.0,12,7.0,3,4.0,0,0,0,1,15.0,11.0,1.0,0,EW_GREEN,hold,,,
2827.0,2,57,34.0,0.596,2,0.0,2,0.0,12,8.0,3,6.0,0,0,0,1,18.0,14.0,2.0,0,EW_GREEN,hold,,,
2828.0,2,57,42.0,0.737,1,0.0,1,0.0,13,9.0,3,8.0,0,0,0,1,22.0,17.0,3.0,0,EW_GREEN,hold,,,
2829.0,2,56,49.0,0.875,1,0.0,1,0.0,13,12.0,3,10.0,0,0,0,1,23.0,22.0,4.0,0,EW_GREEN,hold,,,
2830.0,2,55,56.0,1.018,1,0.0,1,0.0,13,15.0,3,12.0,0,0,0,1,24.0,27.0,5.0,0,EW_GREEN,hold,,,
2831.0,2,57,66.0,1.158,1,0.0,1,0.0,14,19.0,3,14.0,0,0,0,1,27.0,33.0,6.0,0,EW_GREEN,hold,,,
2832.0,2,57,76.0,1.333,1,0.0,1,0.0,14,23.0,3,16.0,0,0,0,1,30.0,39.0,7.0,0,EW_GREEN,hold,,,
2833.0,2,57,87.0,1.526,2,0.0,2,0.0,14,27.0,3,18.0,0,0,0,1,34.0,45.0,8.0,0,EW_GREEN,hold,,,
2834.0,2,54,64.0,1.185,2,0.0,2,0.0,14,31.0,3,20.0,0,0,0,1,4.0,51.0,9.0,0,EW_GREEN,hold,,,
2835.0,2,53,68.0,1.283,2,0.0,2,0.0,14,35.0,3,22.0,0,0,0,1,1.0,57.0,10.0,0,EW_GREEN,hold,,,
2836.0,2,54,77.0,1.426,2,0.0,2,0.0,15,40.0,3,24.0,0,0,0,1,2.0,64.0,11.0,0,EW_GREEN,hold,,,
2837.0,2,51,87.0,1.706,2,0.0,2,0.0,15,45.0,3,26.0,0,0,0,1,4.0,71.0,12.0,0,EW_GREEN,hold,,,
2838.0,2,50,98.0,1.96,2,0.0,2,0.0,15,50.0,3,28.0,0,0,0,1,7.0,78.0,13.0,0,EW_GREEN,hold,,,
2839.0,2,49,110.0,2.245,2,0.0,2,0.0,15,56.0,3,30.0,0,0,0,1,10.0,86.0,14.0,0,EW_GREEN,hold,,,
2840.0,2,48,122.0,2.542,2,0.0,2,0.0,15,62.0,3,32.0,0,0,0,1,13.0,94.0,15.0,0,EW_GREEN,hold,,,
2841.0,2,48,135.0,2.812,2,0.0,2,0.0,15,68.0,3,34.0,0,0,0,1,17.0,102.0,16.0,0,EW_GREEN,hold,,,
2842.0,2,47,149.0,3.17,2,0.0,2,0.0,15,74.0,3,36.0,0,0,0,1,22.0,110.0,17.0,0,EW_GREEN,hold,,,
2843.0,2,47,165.0,3.511,2,0.0,2,0.0,15,81.0,3,38.0,0,0,3,1,28.0,119.0,18.0,0,EW_GREEN,hold,,,
2844.0,2,47,182.0,3.872,2,0.0,2,0.0,15,89.0,3,40.0,0,0,3,1,34.0,129.0,19.0,0,EW_GREEN,hold,,,
2845.0,2,49,201.0,4.102,2,0.0,2,0.0,15,97.0,3,42.0,0,0,3,1,42.0,139.0,20.0,0,EW_GREEN,hold,,,
2846.0,2,50,220.0,4.4,2,0.0,2,0.0,16,105.0,3,44.0,0,0,0,1,50.0,149.0,21.0,0,EW_GREEN,hold,,,
2847.0,2,48,240.0,5.0,1,0.0,1,0.0,16,113.0,3,46.0,0,0,0,1,59.0,159.0,22.0,0,EW_GREEN,hold,,,
2848.0,2,48,260.0,5.417,1,0.0,1,0.0,16,121.0,3,48.0,0,0,0,1,68.0,169.0,23.0,0,EW_GREEN,hold,,,
2849.0,2,50,281.0,5.62,1,0.0,1,0.0,17,129.0,3,50.0,0,0,0,1,78.0,179.0,24.0,0,EW_GREEN,hold,,,
2850.0,2,49,279.0,5.694,1,0.0,1,0.0,17,138.0,3,52.0,0,0,0,1,89.0,190.0,0.0,0,EW_GREEN,hold,,,
2851.0,2,50,303.0,6.06,1,0.0,1,0.0,17,149.0,3,54.0,0,0,0,1,100.0,203.0,0.0,0,EW_GREEN,hold,,,
2852.0,2,50,328.0,6.56,1,0.0,1,0.0,17,160.0,3,56.0,0,0,0,1,112.0,216.0,0.0,0,EW_GREEN,hold,,,
2853.0,2,50,353.0,7.06,1,0.0,1,0.0,17,171.0,3,58.0,0,0,0,1,124.0,229.0,0.0,0,EW_GREEN,hold,,,
2854.0,2,51,379.0,7.431,1,0.0,1,0.0,17,182.0,4,60.0,0,0,0,0,137.0,242.0,0.0,0,EW_GREEN,hold,,,
2855.0,2,50,406.0,8.12,1,0.0,1,0.0,17,193.0,4,62.0,0,0,0,0,151.0,255.0,0.0,0,EW_GREEN,hold,,,
2856.0,2,51,433.0,8.49,1,0.0,1,0.0,18,204.0,4,64.0,0,0,0,0,165.0,268.0,0.0,0,EW_GREEN,hold,,,
2857.0,2,53,462.0,8.717,2,0.0,2,0.0,18,216.0,4,66.0,0,0,0,2,180.0,282.0,0.0,0,EW_GREEN,hold,,,
2858.0,2,56,493.0,8.804,3,0.0,3,0.0,18,228.0,4,69.0,0,0,0,2,196.0,297.0,0.0,0,EW_GREEN,hold,,,
2859.0,2,56,526.0,9.393,3,0.0,3,0.0,18,241.0,4,72.0,0,0,0,2,213.0,313.0,0.0,0,EW_GREEN,hold,,,
2860.0,2,54,560.0,10.37,3,0.0,3,0.0,18,254.0,4,75.0,0,0,0,2,231.0,329.0,0.0,0,EW_GREEN,hold,,,
2861.0,2,55,595.0,10.818,3,0.0,3,0.0,18,267.0,4,78.0,0,0,5,2,250.0,345.0,0.0,0,EW_GREEN,hold,,,
2862.0,2,54,631.0,11.685,3,0.0,3,0.0,18,281.0,4,81.0,0,0,5,2,269.0,362.0,0.0,0,EW_GREEN,hold,,,
2863.0,3,54,639.0,11.833,3,0.0,3,0.0,18,295.0,5,84.0,0,0,0,0,260.0,379.0,0.0,0,EW_GREEN,hold,,,
2864.0,3,54,647.0,11.981,3,0.0,3,0.0,18,309.0,5,87.0,0,0,5,0,251.0,396.0,0.0,0,EW_GREEN,hold,,,
2865.0,3,54,656.0,12.148,3,0.0,3,0.0,18,323.0,5,90.0,0,0,5,0,242.0,413.0,1.0,0,EW_GREEN,hold,,,
2866.0,0,48,460.0,9.583,3,0.0,3,0.0,15,214.0,4,9.0,0,0,4,0,235.0,223.0,2.0,0,EW_GREEN,hold,,,
2867.0,0,49,359.0,7.327,3,0.0,3,0.0,16,128.0,4,0.0,0,0,0,0,228.0,128.0,3.0,0,EW_GREEN,hold,,,
2868.0,0,49,292.0,5.959,3,0.0,3,0.0,16,68.0,4,0.0,0,0,0,0,220.0,68.0,4.0,0,EW_GREEN,hold,,,
2869.0,0,48,239.0,4.979,3,0.0,3,0.0,15,22.0,3,0.0,0,0,0,0,212.0,22.0,5.0,0,EW_GREEN,hold,,,
2870.0,0,51,208.0,4.078,3,0.0,3,0.0,14,0.0,3,0.0,0,0,0,0,202.0,0.0,6.0,0,EW_GREEN,hold,,,
2871.0,0,52,192.0,3.692,3,0.0,3,0.0,14,0.0,3,0.0,0,0,0,0,192.0,0.0,0.0,0,EW_GREEN,hold,,,
2872.0,0,52,182.0,3.5,3,0.0,3,0.0,11,0.0,3,0.0,0,0,0,0,182.0,0.0,0.0,0,EW_GREEN,hold,,,
2873.0,0,52,172.0,3.308,3,0.0,3,0.0,11,0.0,3,0.0,0,0,0,0,172.0,0.0,0.0,0,EW_GREEN,hold,,,
2874.0,0,52,163.0,3.135,3,1.0,3,0.0,8,0.0,3,0.0,0,0,0,0,162.0,1.0,0.0,0,EW_GREEN,hold,,,
2875.0,0,52,179.0,3.442,3,2.0,3,1.0,8,0.0,3,0.0,0,0,0,0,176.0,3.0,0.0,0,EW_GREEN,hold,,,
2876.0,0,50,174.0,3.48,3,4.0,3,3.0,5,0.0,3,0.0,2,2,0,0,167.0,7.0,0.0,0,EW_YELLOW,pressure_ns,,,
2877.0,3,52,169.0,3.25,3,6.0,3,5.0,6,0.0,3,0.0,2,2,0,0,158.0,11.0,0.0,0,EW_YELLOW,hold,,,
2878.0,3,53,160.0,3.019,3,8.0,3,8.0,6,0.0,3,0.0,2,3,0,0,144.0,16.0,0.0,0,EW_YELLOW,hold,,,
2879.0,3,54,151.0,2.796,3,11.0,3,11.0,6,0.0,3,0.0,3,3,0,0,129.0,22.0,0.0,0,NS_GREEN,yellow_end,,,
2880.0,0,53,139.0,2.623,3,14.0,3,14.0,5,0.0,3,0.0,3,3,0,0,111.0,28.0,0.0,0,NS_GREEN,hold,,,
2881.0,0,60,127.0,2.117,5,17.0,5,17.0,6,0.0,3,0.0,0,0,0,0,93.0,34.0,0.0,0,NS_GREEN,hold,,,
2882.0,0,61,135.0,2.213,5,20.0,5,20.0,6,0.0,3,0.0,0,0,0,0,95.0,40.0,0.0,0,NS_GREEN,hold,,,
2883.0,0,61,122.0,2.0,5,23.0,5,23.0,6,0.0,3,0.0,0,0,0,0,76.0,46.0,0.0,0,NS_GREEN,hold,,,
2884.0,0,62,110.0,1.774,5,26.0,5,26.0,5,0.0,3,0.0,0,0,0,0,58.0,52.0,0.0,0,NS_GREEN,hold,,,
2885.0,0,61,97.0,1.59,5,29.0,5,29.0,5,0.0,2,0.0,0,0,0,0,39.0,58.0,0.0,0,NS_GREEN,hold,,,
2886.0,0,59,85.0,1.441,5,32.0,5,32.0,4,0.0,2,0.0,0,0,0,0,21.0,64.0,0.0,0,NS_GREEN,hold,,,
2887.0,0,63,93.0,1.476,5,35.0,5,35.0,5,0.0,2,0.0,2,2,0,0,23.0,70.0,0.0,0,NS_YELLOW,pressure_ew,,,
2888.0,1,64,78.0,1.219,5,38.0,5,38.0,5,0.0,2,0.0,2,2,0,0,2.0,76.0,0.0,0,NS_YELLOW,hold,,,
2889.0,1,64,86.0,1.344,5,41.0,5,41.0,5,0.0,2,0.0,2,2,0,0,4.0,82.0,0.0,0,NS_YELLOW,hold,,,
2890.0,1,64,94.0,1.469,5,44.0,5,44.0,5,0.0,2,0.0,2,2,0,0,6.0,88.0,0.0,0,EW_GREEN,yellow_end,,,
2891.0,2,62,41.0,0.661,4,16.0,4,16.0,5,0.0,2,0.0,1,1,0,0,9.0,32.0,0.0,0,EW_GREEN,hold,,,
2892.0,2,62,11.0,0.177,3,0.0,3,0.0,5,0.0,2,0.0,0,0,0,0,11.0,0.0,0.0,0,EW_GREEN,hold,,,
2893.0,2,62,15.0,0.242,3,0.0,3,0.0,5,0.0,2,0.0,0,0,0,0,15.0,0.0,0.0,0,EW_GREEN,hold,,,
2894.0,2,60,19.0,0.317,2,0.0,2,0.0,5,0.0,2,0.0,0,0,0,0,19.0,0.0,0.0,0,EW_GREEN,hold,,,
2895.0,2,60,24.0,0.4,2,0.0,2,0.0,5,0.0,2,0.0,0,0,0,0,24.0,0.0,0.0,0,EW_GREEN,hold,,,
2896.0,2,57,30.0,0.526,2,0.0,1,0.0,5,0.0,2,0.0,0,0,0,0,30.0,0.0,0.0,0,EW_GREEN,hold,,,
2897.0,2,58,37.0,0.638,1,0.0,1,0.0,6,0.0,3,0.0,0,0,0,0,37.0,0.0,0.0,0,EW_GREEN,hold,,,
2898.0,2,56,45.0,0.804,1,0.0,1,0.0,6,0.0,3,0.0,0,0,0,0,44.0,0.0,1.0,0,EW_GREEN,hold,,,
2899.0,2,56,56.0,1.0,1,0.0,1,0.0,6,0.0,3,2.0,0,0,0,1,52.0,2.0,2.0,0,EW_GREEN,hold,,,
2900.0,2,56,70.0,1.25,1,0.0,1,0.0,7,2.0,3,4.0,0,0,1,1,61.0,6.0,3.0,1,EW_GREEN,hold,,,
2901.0,2,55,86.0,1.564,1,0.0,1,0.0,7,4.0,3,6.0,0,0,1,1,72.0,10.0,4.0,1,EW_GREEN,hold,,,
2902.0,2,55,101.0,1.836,1,0.0,1,0.0,7,6.0,3,8.0,0,0,0,1,82.0,14.0,5.0,1,EW_GREEN,hold,,,
2903.0,2,53,118.0,2.226,1,0.0,1,0.0,8,8.0,3,10.0,0,0,0,1,94.0,18.0,6.0,1,EW_GREEN,hold,,,
2904.0,2,53,135.0,2.547,1,0.0,1,0.0,8,10.0,3,12.0,0,0,0,1,106.0,22.0,7.0,1,EW_GREEN,hold,,,
2905.0,2,54,154.0,2.852,2,0.0,2,0.0,8,12.0,3,14.0,0,0,0,1,120.0,26.0,8.0,1,EW_GREEN,hold,,,
2906.0,2,55,175.0,3.182,3,0.0,3,0.0,8,14.0,3,16.0,0,0,0,1,136.0,30.0,9.0,1,EW_GREEN,hold,,,
2907.0,2,56,196.0,3.5,3,0.0,3,0.0,9,16.0,3,18.0,0,0,0,1,152.0,34.0,10.0,1,EW_GREEN,hold,,,
2908.0,2,53,208.0,3.925,3,0.0,3,0.0,9,18.0,3,20.0,0,0,0,1,159.0,38.0,11.0,1,EW_GREEN,hold,,,
2909.0,2,51,224.0,4.392,3,0.0,3,0.0,9,20.0,3,22.0,0,0,0,1,170.0,42.0,12.0,1,EW_GREEN,hold,,,
2910.0,2,50,244.0,4.88,3,0.0,3,0.0,9,22.0,3,24.0,0,0,0,1,185.0,46.0,13.0,1,EW_GREEN,hold,,,
2911.0,2,51,266.0,5.216,3,0.0,3,0.0,10,24.0,3,26.0,0,0,0,1,202.0,50.0,14.0,1,EW_GREEN,hold,,,
2912.0,2,50,290.0,5.8,3,0.0,3,0.0,10,27.0,3,28.0,0,0,1,1,220.0,55.0,15.0,1,EW_GREEN,hold,,,
2913.0,2,50,313.0,6.26,3,0.0,3,0.0,11,30.0,3,30.0,0,0,1,1,237.0,60.0,16.0,1,EW_GREEN,hold,,,
2914.0,2,50,336.0,6.72,3,0.0,3,0.0,11,33.0,3,32.0,0,0,1,1,254.0,65.0,17.0,1,EW_GREEN,hold,,,
2915.0,2,50,359.0,7.18,3,0.0,3,0.0,11,36.0,3,34.0,0,0,1,1,271.0,70.0,18.0,1,EW_GREEN,hold,,,
2916.0,2,49,365.0,7.449,3,0.0,3,0.0,11,39.0,3,36.0,0,0,1,1,290.0,75.0,0.0,1,EW_GREEN,hold,,,
2917.0,2,51,391.0,7.667,3,0.0,3,0.0,11,42.0,3,38.0,0,0,1,1,311.0,80.0,0.0,1,EW_GREEN,hold,,,
2918.0,2,50,418.0,8.36,3,0.0,3,0.0,11,45.0,3,40.0,0,0,1,1,333.0,85.0,0.0,1,EW_GREEN,hold,,,
2919.0,2,48,448.0,9.333,3,0.0,2,0.0,11,50.0,3,42.0,0,0,1,1,355.0,92.0,1.0,1,EW_GREEN,hold,,,
2920.0,2,47,479.0,10.191,2,0.0,2,0.0,11,55.0,3,44.0,0,0,1,1,378.0,99.0,2.0,1,EW_GREEN,hold,,,
2921.0,2,48,510.0,10.625,2,0.0,1,0.0,12,60.0,4,46.0,0,0,1,0,401.0,106.0,3.0,1,EW_GREEN,hold,,,
2922.0,2,47,505.0,10.745,1,0.0,1,0.0,12,65.0,4,48.0,0,0,1,0,388.0,113.0,4.0,1,EW_GREEN,hold,,,
2923.0,2,48,500.0,10.417,1,0.0,1,0.0,12,70.0,4,50.0,0,0,1,0,375.0,120.0,5.0,1,EW_GREEN,hold,,,
2924.0,2,49,496.0,10.122,1,0.0,1,0.0,12,75.0,4,52.0,0,0,1,0,363.0,127.0,6.0,1,EW_GREEN,hold,,,
2925.0,2,50,491.0,9.82,1,0.0,1,0.0,12,80.0,4,54.0,0,0,1,0,350.0,134.0,7.0,1,EW_GREEN,hold,,,
2926.0,2,51,487.0,9.549,1,0.0,1,0.0,13,85.0,4,56.0,0,0,0,0,338.0,141.0,8.0,1,EW_GREEN,hold,,,
2927.0,2,51,483.0,9.471,1,0.0,1,0.0,13,91.0,4,58.0,0,0,0,0,325.0,149.0,9.0,1,EW_GREEN,hold,,,
2928.0,2,51,480.0,9.412,1,0.0,1,0.0,13,98.0,4,61.0,0,0,0,2,311.0,159.0,10.0,1,EW_GREEN,hold,,,
2929.0,2,52,474.0,9.115,2,0.0,2,0.0,13,102.0,4,64.0,0,0,0,2,297.0,166.0,11.0,1,EW_GREEN,hold,,,
2930.0,2,53,470.0,8.868,2,0.0,2,0.0,14,108.0,4,67.0,0,0,0,2,283.0,175.0,12.0,1,EW_GREEN,hold,,,
2931.0,2,53,465.0,8.774,2,0.0,2,0.0,14,114.0,4,70.0,0,0,0,2,268.0,184.0,13.0,1,EW_GREEN,hold,,,
2932.0,2,53,491.0,9.264,2,0.0,2,0.0,14,120.0,4,73.0,0,0,0,2,284.0,193.0,14.0,1,EW_GREEN,hold,,,
2933.0,3,53,488.0,9.208,2,0.0,2,0.0,14,127.0,4,76.0,0,0,2,2,269.0,203.0,16.0,1,EW_GREEN,hold,,,
2934.0,3,53,484.0,9.132,2,0.0,2,0.0,14,134.0,5,79.0,0,0,2,0,255.0,213.0,16.0,1,EW_GREEN,hold,,,
2935.0,3,53,481.0,9.075,2,0.0,2,0.0,14,141.0,5,82.0,0,0,2,0,241.0,223.0,17.0,1,EW_GREEN,hold,,,
2936.0,0,48,304.0,6.333,2,0.0,2,0.0,11,49.0,3,9.0,0,0,1,0,228.0,58.0,18.0,1,EW_GREEN,hold,,,
2937.0,0,48,245.0,5.104,2,0.0,2,0.0,11,10.0,3,0.0,0,0,0,0,216.0,10.0,19.0,1,EW_GREEN,hold,,,
2938.0,0,48,223.0,4.646,2,0.0,2,0.0,11,0.0,3,0.0,0,0,0,0,203.0,0.0,20.0,1,EW_GREEN,hold,,,
2939.0,0,44,210.0,4.773,2,0.0,2,0.0,8,0.0,3,0.0,0,0,0,0,189.0,0.0,21.0,1,EW_GREEN,hold,,,
2940.0,0,50,226.0,4.52,2,0.0,2,0.0,9,0.0,3,0.0,0,0,0,0,204.0,0.0,22.0,1,EW_GREEN,hold,,,
2941.0,0,49,242.0,4.939,2,0.0,2,0.0,8,0.0,3,0.0,0,0,0,0,219.0,0.0,23.0,2,EW_GREEN,hold,,,
2942.0,0,51,230.0,4.51,2,0.0,2,0.0,7,0.0,3,0.0,0,0,0,0,206.0,0.0,24.0,2,EW_GREEN,hold,,,
2943.0,0,53,219.0,4.132,2,0.0,2,0.0,7,0.0,3,0.0,0,0,0,0,193.0,0.0,26.0,2,EW_GREEN,hold,,,
2944.0,0,53,206.0,3.887,2,0.0,2,0.0,6,0.0,3,0.0,0,0,0,0,178.0,0.0,28.0,2,EW_GREEN,hold,,,
2945.0,0,52,193.0,3.712,2,0.0,2,0.0,5,0.0,3,0.0,0,0,0,0,163.0,0.0,30.0,2,EW_GREEN,hold,,,
2946.0,0,52,181.0,3.481,2,0.0,2,0.0,4,0.0,3,0.0,0,0,0,0,149.0,0.0,32.0,2,EW_GREEN,hold,,,
2947.0,0,53,171.0,3.226,2,1.0,2,1.0,4,0.0,3,0.0,0,1,0,0,135.0,2.0,34.0,2,EW_GREEN,hold,,,
2948.0,0,54,189.0,3.5,2,2.0,2,2.0,4,0.0,3,0.0,0,1,0,0,149.0,4.0,36.0,2,EW_YELLOW,pressure_ns,,,
2949.0,3,53,208.0,3.925,2,3.0,2,3.0,4,0.0,3,0.0,0,0,0,0,164.0,6.0,38.0,2,EW_YELLOW,hold,,,
2950.0,3,54,224.0,4.148,2,4.0,2,4.0,5,0.0,3,0.0,0,0,0,0,176.0,8.0,40.0,2,EW_YELLOW,hold,,,
2951.0,3,55,243.0,4.418,2,5.0,2,5.0,5,0.0,3,0.0,0,0,0,0,191.0,10.0,42.0,2,NS_GREEN,yellow_end,,,
2952.0,0,53,264.0,4.981,2,6.0,2,6.0,5,0.0,2,0.0,0,0,0,0,208.0,12.0,44.0,1,NS_GREEN,hold,,,
2953.0,0,57,258.0,4.526,3,7.0,3,7.0,5,0.0,2,0.0,0,0,0,0,198.0,14.0,46.0,1,NS_GREEN,hold,,,
2954.0,0,61,254.0,4.164,4,8.0,4,8.0,5,0.0,3,0.0,0,0,0,0,190.0,16.0,48.0,2,NS_GREEN,hold,,,
2955.0,0,62,251.0,4.048,4,9.0,4,9.0,5,0.0,3,0.0,0,0,0,0,183.0,18.0,50.0,2,NS_GREEN,hold,,,
2956.0,0,59,197.0,3.339,4,10.0,4,10.0,4,0.0,3,0.0,0,0,0,0,177.0,20.0,0.0,2,NS_GREEN,hold,,,
2957.0,0,59,194.0,3.288,4,11.0,4,11.0,4,0.0,3,0.0,0,0,0,0,172.0,22.0,0.0,2,NS_GREEN,hold,,,
2958.0,0,59,192.0,3.254,4,12.0,4,12.0,4,0.0,3,0.0,0,0,0,0,168.0,24.0,0.0,2,NS_GREEN,hold,,,
2959.0,0,59,189.0,3.203,4,13.0,4,13.0,5,0.0,3,0.0,0,0,0,0,163.0,26.0,0.0,2,NS_GREEN,hold,,,
2960.0,0,59,184.0,3.119,4,14.0,4,14.0,5,0.0,3,0.0,0,0,0,0,156.0,28.0,0.0,2,NS_GREEN,hold,,,
2961.0,0,58,179.0,3.086,4,15.0,4,15.0,5,0.0,3,0.0,0,0,0,0,149.0,30.0,0.0,2,NS_GREEN,hold,,,
2962.0,0,58,176.0,3.034,4,16.0,4,16.0,5,0.0,3,0.0,0,0,0,0,144.0,32.0,0.0,2,NS_GREEN,hold,,,
2963.0,0,58,174.0,3.0,4,17.0,4,17.0,5,0.0,3,0.0,0,0,0,0,140.0,34.0,0.0,2,NS_GREEN,hold,,,
2964.0,0,59,190.0,3.22,4,18.0,4,18.0,5,0.0,3,0.0,0,0,0,0,154.0,36.0,0.0,2,NS_GREEN,hold,,,
2965.0,0,59,186.0,3.153,4,19.0,4,19.0,5,0.0,3,0.0,0,0,0,0,148.0,38.0,0.0,2,NS_GREEN,hold,,,
2966.0,0,58,180.0,3.103,4,20.0,4,20.0,5,0.0,2,0.0,0,0,0,0,140.0,40.0,0.0,2,NS_GREEN,hold,,,
2967.0,0,57,175.0,3.07,4,21.0,4,21.0,5,0.0,1,0.0,0,0,0,0,133.0,42.0,0.0,2,NS_GREEN,hold,,,
2968.0,0,55,171.0,3.109,4,22.0,4,22.0,5,0.0,1,0.0,0,0,0,0,127.0,44.0,0.0,2,NS_GREEN,hold,,,
2969.0,0,57,166.0,2.912,4,23.0,4,23.0,6,0.0,2,0.0,0,0,0,0,120.0,46.0,0.0,2,NS_GREEN,hold,,,
2970.0,0,56,161.0,2.875,4,24.0,4,24.0,6,0.0,2,0.0,0,0,0,0,112.0,48.0,1.0,2,NS_GREEN,hold,,,
2971.0,0,56,159.0,2.839,4,26.0,4,26.0,6,0.0,2,0.0,0,0,0,0,105.0,52.0,2.0,2,NS_GREEN,hold,,,
2972.0,0,54,153.0,2.833,4,28.0,4,29.0,6,0.0,2,0.0,0,2,0,0,93.0,57.0,3.0,2,NS_GREEN,hold,,,
2973.0,0,54,165.0,3.056,4,30.0,4,32.0,6,0.0,2,0.0,2,2,0,0,99.0,62.0,4.0,2,NS_GREEN,hold,,,
2974.0,0,57,160.0,2.807,4,33.0,4,35.0,7,0.0,2,0.0,2,2,0,0,87.0,68.0,5.0,2,NS_GREEN,hold,,,
2975.0,0,57,155.0,2.719,4,36.0,4,38.0,7,0.0,2,0.0,2,2,0,0,75.0,74.0,6.0,2,NS_GREEN,hold,,,
2976.0,0,56,150.0,2.679,4,39.0,4,41.0,8,0.0,1,0.0,2,2,0,0,63.0,80.0,7.0,1,NS_GREEN,hold,,,
2977.0,0,59,146.0,2.475,5,42.0,5,44.0,8,0.0,1,0.0,0,0,0,0,52.0,86.0,8.0,2,NS_GREEN,hold,,,
2978.0,0,58,142.0,2.448,5,45.0,5,47.0,8,0.0,1,0.0,0,0,0,0,41.0,92.0,9.0,2,NS_GREEN,hold,,,
2979.0,0,57,153.0,2.684,5,48.0,5,50.0,9,0.0,1,0.0,0,0,0,0,45.0,98.0,10.0,2,NS_GREEN,hold,,,
2980.0,0,57,164.0,2.877,5,51.0,5,53.0,9,0.0,1,0.0,0,0,0,0,49.0,104.0,11.0,2,NS_GREEN,hold,,,
2981.0,0,54,175.0,3.241,5,54.0,5,56.0,8,0.0,1,0.0,0,0,0,0,53.0,110.0,12.0,2,NS_GREEN,hold,,,
2982.0,0,56,186.0,3.321,5,57.0,5,59.0,9,0.0,1,0.0,0,0,0,0,57.0,116.0,13.0,2,NS_GREEN,hold,,,
2983.0,0,55,198.0,3.6,5,60.0,5,62.0,9,0.0,1,0.0,0,0,0,0,62.0,122.0,14.0,2,NS_GREEN,hold,,,
2984.0,0,55,208.0,3.782,5,63.0,5,65.0,9,0.0,1,0.0,0,0,0,0,65.0,128.0,15.0,2,NS_GREEN,hold,,,
2985.0,0,56,219.0,3.911,5,66.0,5,68.0,10,0.0,1,0.0,0,0,0,0,69.0,134.0,16.0,2,NS_GREEN,hold,,,
2986.0,0,55,231.0,4.2,5,69.0,5,71.0,10,0.0,1,0.0,0,0,0,0,74.0,140.0,17.0,2,NS_GREEN,hold,,,
2987.0,0,56,243.0,4.339,5,72.0,5,74.0,11,0.0,1,0.0,0,0,0,0,79.0,146.0,18.0,2,NS_GREEN,hold,,,
2988.0,0,56,255.0,4.554,5,75.0,5,77.0,10,0.0,1,0.0,0,0,0,0,84.0,152.0,19.0,2,NS_GREEN,hold,,,
2989.0,0,57,267.0,4.684,5,78.0,5,80.0,10,0.0,1,0.0,0,0,0,0,89.0,158.0,20.0,2,NS_GREEN,hold,,,
2990.0,0,59,279.0,4.729,5,81.0,5,83.0,11,0.0,1,0.0,0,0,0,0,94.0,164.0,21.0,2,NS_GREEN,hold,,,
2991.0,0,59,291.0,4.932,5,84.0,5,86.0,11,0.0,1,0.0,0,0,0,0,99.0,170.0,22.0,2,NS_GREEN,hold,,,
2992.0,0,56,305.0,5.446,5,89.0,5,89.0,10,0.0,1,0.0,5,0,0,0,104.0,178.0,23.0,2,NS_GREEN,hold,,,
2993.0,0,56,320.0,5.714,5,94.0,5,93.0,9,0.0,1,0.0,5,5,0,0,109.0,187.0,24.0,2,NS_GREEN,hold,,,
2994.0,1,57,336.0,5.895,5,99.0,5,98.0,10,0.0,1,0.0,5,5,0,0,114.0,197.0,25.0,2,NS_GREEN,hold,,,
2995.0,1,59,352.0,5.966,5,104.0,5,103.0,10,0.0,1,0.0,5,5,0,0,119.0,207.0,26.0,2,NS_GREEN,hold,,,
2996.0,1,60,364.0,6.067,5,104.0,5,108.0,11,0.0,1,0.0,2,5,0,0,125.0,212.0,27.0,2,NS_GREEN,hold,,,
2997.0,2,56,219.0,3.911,3,30.0,3,31.0,11,0.0,1,0.0,1,1,0,0,130.0,61.0,28.0,2,NS_GREEN,hold,,,
2998.0,2,53,72.0,1.358,3,1.0,3,0.0,11,0.0,1,0.0,0,0,0,0,42.0,1.0,29.0,2,NS_GREEN,hold,,,
2999.0,2,52,36.0,0.692,3,0.0,3,0.0,11,0.0,1,0.0,0,0,0,0,6.0,0.0,30.0,2,NS_GREEN,hold,,,
3000.0,2,51,42.0,0.824,2,0.0,2,0.0,12,0.0,1,1.0,0,0,0,1,9.0,1.0,32.0,2,NS_GREEN,hold,,,
3001.0,2,52,19.0,0.365,4,0.0,4,0.0,12,0.0,1,2.0,0,0,0,1,14.0,2.0,3.0,2,NS_GREEN,hold,,,
3002.0,2,54,28.0,0.519,5,0.0,5,0.0,12,1.0,1,3.0,0,0,0,1,19.0,4.0,5.0,2,NS_GREEN,hold,,,
3003.0,2,54,37.0,0.685,5,0.0,5,0.0,12,2.0,1,4.0,0,0,0,1,24.0,6.0,7.0,2,NS_GREEN,hold,,,
3004.0,2,51,48.0,0.941,5,0.0,5,0.0,12,4.0,1,5.0,0,0,0,1,30.0,9.0,9.0,1,NS_GREEN,hold,,,
3005.0,2,52,61.0,1.173,4,0.0,4,0.0,13,7.0,1,6.0,0,0,0,1,37.0,13.0,11.0,1,NS_GREEN,hold,,,
3006.0,2,52,75.0,1.442,4,0.0,4,0.0,13,10.0,2,7.0,0,0,0,0,45.0,17.0,13.0,1,NS_GREEN,hold,,,
3007.0,2,52,90.0,1.731,4,0.0,4,1.0,13,13.0,2,8.0,0,0,0,0,53.0,22.0,15.0,1,NS_GREEN,hold,,,
3008.0,2,54,109.0,2.019,4,1.0,4,2.0,13,17.0,3,9.0,0,0,0,0,62.0,29.0,18.0,1,NS_GREEN,hold,,,
3009.0,2,54,129.0,2.389,4,2.0,4,3.0,13,21.0,3,10.0,0,0,0,0,72.0,36.0,21.0,1,NS_GREEN,hold,,,
3010.0,2,55,149.0,2.709,4,3.0,4,4.0,13,25.0,4,11.0,0,0,0,0,82.0,43.0,24.0,1,NS_GREEN,hold,,,
3011.0,2,56,171.0,3.054,4,4.0,4,5.0,13,30.0,4,12.0,0,0,0,0,93.0,51.0,27.0,1,NS_YELLOW,max_green,,,
3012.0,1,55,193.0,3.509,4,5.0,4,6.0,13,35.0,4,13.0,0,0,0,0,104.0,59.0,30.0,1,NS_YELLOW,hold,,,
3013.0,1,56,216.0,3.857,4,6.0,4,7.0,14,40.0,4,14.0,0,0,0,0,116.0,67.0,33.0,1,NS_YELLOW,hold,,,
3014.0,1,57,241.0,4.228,4,7.0,4,8.0,14,45.0,4,15.0,0,0,0,0,130.0,75.0,36.0,1,EW_GREEN,yellow_end,,,
3015.0,2,58,267.0,4.603,4,8.0,4,9.0,14,50.0,4,16.0,0,0,0,0,144.0,83.0,40.0,1,EW_GREEN,hold,,,
3016.0,2,56,294.0,5.25,3,9.0,3,10.0,14,55.0,4,17.0,0,0,0,0,159.0,91.0,44.0,1,EW_GREEN,hold,,,
3017.0,2,55,312.0,5.673,2,0.0,3,11.0,14,61.0,4,18.0,0,0,0,0,174.0,90.0,48.0,1,EW_GREEN,hold,,,
3018.0,2,55,341.0,6.2,2,0.0,3,12.0,14,68.0,4,19.0,0,0,0,0,190.0,99.0,52.0,1,EW_GREEN,hold,,,
3019.0,2,56,373.0,6.661,2,1.0,3,13.0,14,76.0,4,20.0,1,0,0,0,207.0,110.0,56.0,1,EW_GREEN,hold,,,
3020.0,2,55,408.0,7.418,2,2.0,3,14.0,14,85.0,4,21.0,1,0,4,0,226.0,122.0,60.0,1,EW_GREEN,hold,,,
3021.0,2,56,442.0,7.893,2,3.0,3,15.0,15,94.0,4,22.0,1,0,4,0,243.0,134.0,65.0,1,EW_GREEN,hold,,,
3022.0,2,55,474.0,8.618,1,0.0,3,16.0,15,103.0,4,23.0,0,0,4,0,262.0,142.0,70.0,1,EW_GREEN,hold,,,
3023.0,2,54,494.0,9.148,1,0.0,2,1.0,15,112.0,4,24.0,0,1,4,0,282.0,137.0,75.0,1,EW_GREEN,hold,,,
3024.0,2,55,530.0,9.636,1,0.0,2,0.0,15,121.0,4,25.0,0,0,4,0,303.0,146.0,81.0,1,EW_GREEN,hold,,,
3025.0,2,60,567.0,9.45,2,0.0,3,0.0,15,130.0,4,26.0,0,0,4,0,324.0,156.0,87.0,1,EW_GREEN,hold,,,
3026.0,2,61,606.0,9.934,2,0.0,2,0.0,15,139.0,4,27.0,0,0,4,0,347.0,166.0,93.0,1,EW_GREEN,hold,,,
3027.0,2,61,645.0,10.574,2,0.0,2,0.0,15,149.0,4,28.0,0,0,4,0,368.0,177.0,100.0,1,EW_GREEN,hold,,,
3028.0,2,61,686.0,11.246,2,0.0,2,0.0,15,159.0,4,29.0,0,0,4,0,391.0,188.0,107.0,1,EW_GREEN,hold,,,
3029.0,2,61,728.0,11.934,2,0.0,2,0.0,15,169.0,4,30.0,0,0,4,0,415.0,199.0,114.0,1,EW_GREEN,hold,,,
3030.0,2,58,686.0,11.828,2,0.0,2,0.0,15,179.0,4,31.0,0,0,4,0,439.0,210.0,37.0,1,EW_GREEN,hold,,,
3031.0,2,59,690.0,11.695,2,0.0,2,0.0,15,190.0,4,32.0,0,0,4,0,463.0,222.0,5.0,1,EW_GREEN,hold,,,
3032.0,2,60,721.0,12.017,2,0.0,2,0.0,15,201.0,4,33.0,0,0,4,0,487.0,234.0,0.0,1,EW_GREEN,hold,,,
3033.0,2,58,757.0,13.052,2,0.0,2,0.0,15,212.0,4,34.0,0,0,4,0,511.0,246.0,0.0,1,EW_GREEN,hold,,,
3034.0,2,57,793.0,13.912,2,0.0,2,0.0,15,223.0,4,35.0,0,0,4,0,535.0,258.0,0.0,1,EW_GREEN,hold,,,
3035.0,2,58,830.0,14.31,2,0.0,2,0.0,16,235.0,4,36.0,0,0,4,0,559.0,271.0,0.0,1,EW_GREEN,hold,,,
3036.0,2,58,868.0,14.966,2,0.0,2,0.0,16,248.0,4,37.0,0,0,9,0,583.0,285.0,0.0,1,EW_GREEN,hold,,,
3037.0,2,58,906.0,15.621,2,0.0,2,0.0,16,261.0,4,38.0,0,0,9,0,607.0,299.0,0.0,1,EW_GREEN,hold,,,
3038.0,2,57,945.0,16.579,2,0.0,2,0.0,16,274.0,4,40.0,0,0,9,2,631.0,314.0,0.0,1,EW_GREEN,hold,,,
3039.0,2,55,984.0,17.891,1,0.0,1,0.0,16,287.0,4,42.0,0,0,9,2,655.0,329.0,0.0,1,EW_GREEN,hold,,,
3040.0,2,54,1024.0,18.963,1,0.0,1,0.0,16,300.0,4,45.0,0,0,9,3,679.0,345.0,0.0,1,EW_GREEN,hold,,,
3041.0,2,54,1064.0,19.704,1,0.0,1,0.0,16,313.0,5,48.0,0,0,9,1,703.0,361.0,0.0,1,EW_GREEN,hold,,,
3042.0,2,55,1105.0,20.091,1,0.0,1,0.0,17,326.0,5,52.0,0,0,9,2,727.0,378.0,0.0,1,EW_GREEN,hold,,,
3043.0,2,54,1100.0,20.37,1,0.0,1,0.0,17,339.0,5,56.0,0,0,9,2,704.0,395.0,1.0,1,EW_GREEN,hold,,,
3044.0,2,53,1094.0,20.642,1,0.0,1,0.0,17,352.0,5,60.0,0,0,9,2,680.0,412.0,2.0,1,EW_GREEN,hold,,,
3045.0,2,54,1087.0,20.13,1,0.0,1,0.0,18,365.0,5,64.0,0,0,9,2,655.0,429.0,3.0,1,EW_GREEN,hold,,,
3046.0,2,54,1080.0,20.0,1,0.0,1,0.0,18,378.0,5,68.0,0,0,9,2,630.0,446.0,4.0,1,EW_GREEN,hold,,,
3047.0,2,55,1071.0,19.473,1,0.0,1,0.0,19,391.0,5,72.0,0,0,0,2,603.0,463.0,5.0,1,EW_GREEN,hold,,,
3048.0,2,54,1064.0,19.704,1,0.0,1,0.0,19,405.0,5,76.0,0,0,0,2,577.0,481.0,6.0,1,EW_GREEN,hold,,,
3049.0,2,56,1056.0,18.857,2,0.0,2,0.0,19,419.0,5,80.0,0,0,0,2,550.0,499.0,7.0,1,EW_GREEN,hold,,,
3050.0,2,58,1047.0,18.052,3,0.0,3,0.0,19,433.0,5,84.0,0,0,0,2,522.0,517.0,8.0,1,EW_GREEN,hold,,,
3051.0,2,57,1038.0,18.211,3,0.0,3,0.0,19,447.0,5,88.0,0,0,5,2,494.0,535.0,9.0,1,EW_GREEN,hold,,,
3052.0,2,58,1029.0,17.741,3,0.0,3,0.0,20,462.0,5,92.0,0,0,5,2,465.0,554.0,10.0,1,EW_GREEN,hold,,,
3053.0,2,57,1020.0,17.895,3,0.0,3,0.0,20,477.0,5,96.0,0,0,5,2,436.0,573.0,11.0,1,EW_GREEN,hold,,,
3054.0,2,58,1053.0,18.155,3,0.0,3,0.0,21,492.0,5,100.0,0,0,5,2,449.0,592.0,12.0,1,EW_GREEN,hold,,,
3055.0,2,58,1043.0,17.983,3,0.0,3,0.0,21,507.0,5,104.0,0,0,5,2,419.0,611.0,13.0,1,EW_GREEN,hold,,,
3056.0,2,58,1032.0,17.793,3,0.0,3,0.0,21,522.0,5,108.0,0,0,0,2,388.0,630.0,14.0,1,EW_GREEN,hold,,,
3057.0,3,59,1019.0,17.271,3,0.0,3,0.0,22,537.0,5,112.0,0,0,0,2,355.0,649.0,15.0,1,EW_GREEN,hold,,,
3058.0,3,59,1007.0,17.068,3,0.0,3,0.0,22,552.0,5,116.0,0,0,0,2,323.0,668.0,16.0,1,EW_GREEN,hold,,,
3059.0,3,59,995.0,16.864,3,0.0,3,0.0,22,567.0,5,120.0,0,0,0,2,291.0,687.0,17.0,1,EW_GREEN,hold,,,
3060.0,0,53,751.0,14.17,3,0.0,3,0.0,19,410.0,2,23.0,0,0,0,0,300.0,433.0,18.0,1,EW_GREEN,hold,,,
3061.0,0,55,559.0,10.164,3,0.0,3,0.0,19,273.0,2,0.0,0,0,0,0,267.0,273.0,19.0,1,EW_GREEN,hold,,,
3062.0,0,55,452.0,8.218,3,0.0,3,0.0,20,156.0,2,0.0,0,0,0,0,276.0,156.0,20.0,1,EW_GREEN,hold,,,
3063.0,0,56,316.0,5.643,3,0.0,3,0.0,20,56.0,1,0.0,0,0,0,0,239.0,56.0,21.0,1,EW_GREEN,hold,,,
3064.0,0,56,225.0,4.018,3,0.0,3,0.0,17,0.0,1,0.0,0,0,0,0,203.0,0.0,22.0,1,EW_GREEN,hold,,,
3065.0,0,56,166.0,2.964,3,0.0,3,1.0,18,0.0,1,0.0,0,0,0,0,165.0,1.0,0.0,1,EW_GREEN,hold,,,
3066.0,0,57,130.0,2.281,3,1.0,3,2.0,15,0.0,1,0.0,0,0,0,0,127.0,3.0,0.0,1,EW_GREEN,hold,,,
3067.0,0,57,94.0,1.649,3,2.0,3,3.0,15,0.0,1,0.0,0,0,0,0,89.0,5.0,0.0,1,EW_GREEN,hold,,,
3068.0,0,58,100.0,1.724,3,3.0,3,5.0,13,0.0,1,0.0,0,1,0,0,92.0,8.0,0.0,1,EW_GREEN,hold,,,
3069.0,0,59,62.0,1.051,3,4.0,3,5.0,13,0.0,2,0.0,0,0,0,0,53.0,9.0,0.0,1,EW_GREEN,hold,,,
3070.0,0,58,24.0,0.414,3,5.0,3,6.0,11,0.0,1,0.0,0,0,0,0,13.0,11.0,0.0,1,EW_GREEN,hold,,,
3071.0,0,57,27.0,0.474,3,6.0,3,7.0,11,0.0,1,0.0,0,0,0,0,14.0,13.0,0.0,1,EW_GREEN,hold,,,
3072.0,0,61,31.0,0.508,3,8.0,3,8.0,11,0.0,1,0.0,1,0,0,0,15.0,16.0,0.0,1,EW_GREEN,hold,,,
3073.0,0,63,36.0,0.571,4,10.0,4,9.0,11,0.0,1,0.0,0,0,0,0,17.0,19.0,0.0,1,EW_YELLOW,pressure_ns,,,
3074.0,3,64,44.0,0.688,4,12.0,4,11.0,11,1.0,1,0.0,0,0,0,0,20.0,24.0,0.0,1,EW_YELLOW,hold,,,
3075.0,3,64,53.0,0.828,4,14.0,4,13.0,11,2.0,1,0.0,0,0,0,0,24.0,29.0,0.0,1,EW_YELLOW,hold,,,
3076.0,3,65,62.0,0.954,4,16.0,4,15.0,12,3.0,1,0.0,0,0,0,0,28.0,34.0,0.0,1,NS_GREEN,yellow_end,,,
3077.0,0,63,70.0,1.111,4,18.0,4,17.0,9,0.0,1,0.0,0,0,0,0,34.0,35.0,1.0,1,NS_GREEN,hold,,,
3078.0,0,63,81.0,1.286,4,20.0,4,19.0,9,0.0,1,0.0,0,0,0,0,40.0,39.0,2.0,1,NS_GREEN,hold,,,
3079.0,0,63,93.0,1.476,4,22.0,4,21.0,9,0.0,1,0.0,0,0,0,0,47.0,43.0,3.0,1,NS_GREEN,hold,,,
3080.0,0,62,106.0,1.71,4,24.0,4,23.0,9,0.0,1,0.0,0,0,0,0,55.0,47.0,4.0,1,NS_GREEN,hold,,,
3081.0,0,64,120.0,1.875,4,26.0,4,25.0,8,0.0,2,0.0,0,0,0,0,64.0,51.0,5.0,1,NS_GREEN,hold,,,
3082.0,0,64,134.0,2.094,4,28.0,4,27.0,8,0.0,2,0.0,0,0,0,0,73.0,55.0,6.0,1,NS_GREEN,hold,,,
3083.0,0,65,149.0,2.292,4,30.0,4,29.0,7,0.0,2,0.0,0,0,0,0,83.0,59.0,7.0,1,NS_GREEN,hold,,,
3084.0,0,65,164.0,2.523,4,32.0,4,31.0,7,0.0,2,0.0,0,0,0,0,93.0,63.0,8.0,1,NS_GREEN,hold,,,
3085.0,0,66,167.0,2.53,4,34.0,4,33.0,8,0.0,2,0.0,0,0,0,0,91.0,67.0,9.0,1,NS_GREEN,hold,,,
3086.0,0,66,170.0,2.576,4,36.0,4,35.0,7,0.0,2,0.0,0,0,0,0,89.0,71.0,10.0,1,NS_GREEN,hold,,,
3087.0,0,68,187.0,2.75,4,38.0,4,37.0,7,0.0,2,0.0,0,0,0,0,101.0,75.0,11.0,1,NS_GREEN,hold,,,
3088.0,0,67,162.0,2.418,4,40.0,4,39.0,8,0.0,2,0.0,0,0,0,0,71.0,79.0,12.0,1,NS_GREEN,hold,,,
3089.0,0,67,179.0,2.672,4,42.0,4,41.0,8,0.0,2,0.0,0,0,0,0,83.0,83.0,13.0,1,NS_GREEN,hold,,,
3090.0,0,67,198.0,2.955,4,44.0,4,44.0,8,0.0,2,0.0,2,2,0,0,96.0,88.0,14.0,1,NS_GREEN,hold,,,
3091.0,0,66,218.0,3.303,4,47.0,4,47.0,7,0.0,2,0.0,2,2,0,0,109.0,94.0,15.0,1,NS_GREEN,hold,,,
3092.0,0,67,239.0,3.567,4,50.0,4,50.0,7,0.0,2,0.0,2,2,0,0,123.0,100.0,16.0,1,NS_GREEN,hold,,,
3093.0,0,64,261.0,4.078,4,53.0,4,53.0,7,0.0,2,0.0,2,2,0,0,138.0,106.0,17.0,1,NS_GREEN,hold,,,
3094.0,0,62,284.0,4.581,4,56.0,4,56.0,6,0.0,2,0.0,2,2,0,0,154.0,112.0,18.0,1,NS_GREEN,hold,,,
3095.0,0,61,307.0,5.033,4,59.0,4,59.0,6,0.0,2,0.0,2,2,0,0,170.0,118.0,19.0,1,NS_GREEN,hold,,,
3096.0,0,62,331.0,5.339,4,62.0,4,62.0,7,0.0,2,0.0,2,2,0,0,187.0,124.0,20.0,1,NS_GREEN,hold,,,
3097.0,0,67,356.0,5.313,5,65.0,5,65.0,7,0.0,2,0.0,0,0,0,0,205.0,130.0,21.0,1,NS_GREEN,hold,,,
3098.0,0,68,381.0,5.603,6,68.0,6,68.0,7,0.0,1,0.0,0,0,0,0,223.0,136.0,22.0,1,NS_GREEN,hold,,,
3099.0,0,67,407.0,6.075,6,71.0,6,71.0,7,0.0,1,0.0,0,0,0,0,242.0,142.0,23.0,1,NS_GREEN,hold,,,
3100.0,0,66,434.0,6.576,6,74.0,6,74.0,7,0.0,1,0.0,0,0,0,0,262.0,148.0,24.0,1,NS_GREEN,hold,,,
3101.0,0,63,461.0,7.317,6,77.0,6,77.0,6,0.0,1,0.0,0,0,0,0,282.0,154.0,25.0,1,NS_GREEN,hold,,,
3102.0,0,60,489.0,8.15,6,80.0,6,80.0,5,0.0,1,0.0,0,0,0,0,303.0,160.0,26.0,1,NS_GREEN,hold,,,
3103.0,0,60,517.0,8.617,6,83.0,6,83.0,4,0.0,1,0.0,0,0,0,0,324.0,166.0,27.0,1,NS_GREEN,hold,,,
3104.0,0,61,546.0,8.951,6,86.0,6,86.0,5,0.0,1,0.0,0,0,0,0,346.0,172.0,28.0,1,NS_GREEN,hold,,,
3105.0,0,62,574.0,9.258,6,89.0,6,89.0,5,0.0,1,0.0,0,0,0,0,367.0,178.0,29.0,1,NS_GREEN,hold,,,
3106.0,0,62,604.0,9.742,6,92.0,6,92.0,5,0.0,1,0.0,0,0,0,0,390.0,184.0,30.0,1,NS_GREEN,hold,,,
3107.0,0,62,633.0,10.21,6,95.0,6,95.0,5,0.0,1,0.0,0,0,0,0,412.0,190.0,31.0,1,NS_GREEN,hold,,,
3108.0,0,63,664.0,10.54,6,98.0,6,98.0,5,0.0,1,0.0,0,0,0,0,436.0,196.0,32.0,1,NS_GREEN,hold,,,
3109.0,0,62,695.0,11.21,6,101.0,6,101.0,5,0.0,1,0.0,0,0,0,0,460.0,202.0,33.0,1,NS_GREEN,hold,,,
3110.0,0,61,726.0,11.902,6,104.0,6,104.0,5,0.0,1,0.0,0,0,0,0,484.0,208.0,34.0,1,NS_GREEN,hold,,,
3111.0,0,61,757.0,12.41,6,107.0,6,107.0,5,0.0,1,0.0,0,0,0,0,508.0,214.0,35.0,1,NS_GREEN,hold,,,
3112.0,0,57,788.0,13.825,6,110.0,6,110.0,5,0.0,1,0.0,0,0,0,0,532.0,220.0,36.0,1,NS_GREEN,hold,,,
3113.0,0,58,822.0,14.172,6,114.0,6,114.0,6,0.0,1,0.0,2,2,0,0,556.0,228.0,38.0,1,NS_GREEN,hold,,,
3114.0,0,55,858.0,15.6,6,119.0,6,119.0,6,0.0,1,0.0,6,2,0,0,580.0,238.0,40.0,1,NS_GREEN,hold,,,
3115.0,0,56,894.0,15.964,6,124.0,6,124.0,7,0.0,2,0.0,6,6,0,0,604.0,248.0,42.0,1,NS_GREEN,hold,,,
3116.0,0,54,932.0,17.259,6,130.0,6,130.0,6,0.0,2,0.0,6,6,0,0,628.0,260.0,44.0,1,NS_GREEN,hold,,,
3117.0,0,53,964.0,18.189,6,136.0,6,130.0,5,0.0,2,0.0,6,0,0,0,652.0,266.0,46.0,1,NS_GREEN,hold,,,
3118.0,0,53,992.0,18.717,6,134.0,6,134.0,5,0.0,1,0.0,0,0,0,0,676.0,268.0,48.0,1,NS_GREEN,hold,,,
3119.0,1,53,1026.0,19.358,6,138.0,6,138.0,4,0.0,1,0.0,0,3,0,0,700.0,276.0,50.0,1,NS_GREEN,hold,,,
3120.0,1,54,1062.0,19.667,6,142.0,6,144.0,4,0.0,1,0.0,0,6,0,0,724.0,286.0,52.0,1,NS_GREEN,hold,,,
3121.0,1,58,1054.0,18.172,8,147.0,8,150.0,4,0.0,1,0.0,0,0,0,0,748.0,297.0,9.0,1,NS_GREEN,hold,,,
3122.0,2,54,866.0,16.037,6,45.0,6,49.0,4,0.0,1,0.0,0,0,0,0,772.0,94.0,0.0,1,NS_GREEN,hold,,,
3123.0,2,53,809.0,15.264,6,5.0,6,8.0,4,0.0,1,0.0,0,0,0,0,796.0,13.0,0.0,1,NS_GREEN,hold,,,
3124.0,2,53,820.0,15.472,6,0.0,6,0.0,5,0.0,1,0.0,0,0,0,0,820.0,0.0,0.0,1,NS_GREEN,hold,,,
3125.0,2,54,845.0,15.648,6,0.0,6,0.0,5,0.0,2,0.0,0,0,0,0,844.0,0.0,1.0,1,NS_GREEN,hold,,,
3126.0,2,54,870.0,16.111,6,0.0,6,0.0,5,0.0,2,0.0,0,0,0,0,868.0,0.0,2.0,1,NS_GREEN,hold,,,
3127.0,2,55,895.0,16.273,6,0.0,6,0.0,5,0.0,3,0.0,0,0,0,0,892.0,0.0,3.0,1,NS_GREEN,hold,,,
3128.0,2,56,922.0,16.464,6,1.0,6,0.0,5,0.0,3,0.0,0,0,0,0,916.0,1.0,5.0,1,NS_GREEN,hold,,,
3129.0,2,54,950.0,17.593,6,2.0,5,1.0,5,0.0,3,0.0,0,0,0,0,940.0,3.0,7.0,1,NS_GREEN,hold,,,
3130.0,2,53,979.0,18.472,5,3.0,5,3.0,5,0.0,3,0.0,0,2,0,0,964.0,6.0,9.0,1,NS_GREEN,hold,,,
3131.0,2,53,1009.0,19.038,5,5.0,5,5.0,5,0.0,3,0.0,2,2,0,0,988.0,10.0,11.0,1,NS_GREEN,hold,,,
3132.0,2,53,1039.0,19.604,5,7.0,5,7.0,5,0.0,3,0.0,2,2,0,0,1012.0,14.0,13.0,1,NS_GREEN,hold,,,
3133.0,2,51,1021.0,20.02,4,9.0,4,9.0,5,0.0,3,0.0,2,2,0,0,988.0,18.0,15.0,1,NS_GREEN,hold,,,
3134.0,2,52,1002.0,19.269,4,11.0,4,11.0,6,0.0,3,0.0,2,2,0,0,963.0,22.0,17.0,1,NS_GREEN,hold,,,
3135.0,2,52,971.0,18.673,4,13.0,4,13.0,6,1.0,3,0.0,2,2,0,0,924.0,27.0,20.0,1,NS_GREEN,hold,,,
3136.0,2,52,941.0,18.096,4,15.0,4,15.0,6,2.0,3,0.0,2,2,0,0,885.0,32.0,24.0,1,NS_YELLOW,max_green,,,
3137.0,1,52,911.0,17.519,4,17.0,4,17.0,7,3.0,3,0.0,2,2,0,0,846.0,37.0,28.0,1,NS_YELLOW,hold,,,
3138.0,1,52,883.0,16.981,4,19.0,4,20.0,7,5.0,3,0.0,2,2,1,0,806.0,44.0,33.0,1,NS_YELLOW,hold,,,
3139.0,1,52,854.0,16.423,4,21.0,4,23.0,7,7.0,3,0.0,2,2,1,0,765.0,51.0,38.0,1,EW_GREEN,yellow_end,,,
3140.0,2,51,822.0,16.118,3,23.0,3,23.0,8,9.0,3,0.0,2,2,1,0,724.0,55.0,43.0,1,EW_GREEN,hold,,,
3141.0,2,50,792.0,15.84,3,25.0,3,25.0,8,11.0,3,0.0,2,2,1,0,683.0,61.0,48.0,1,EW_GREEN,hold,,,
3142.0,2,51,762.0,14.941,3,27.0,3,27.0,9,13.0,3,0.0,1,2,1,0,642.0,67.0,53.0,1,EW_GREEN,hold,,,
3143.0,2,50,702.0,14.04,2,0.0,3,29.0,9,15.0,3,0.0,0,2,0,0,600.0,44.0,58.0,1,EW_GREEN,hold,,,
3144.0,2,50,668.0,13.36,2,0.0,3,31.0,9,17.0,3,0.0,0,2,0,0,557.0,48.0,63.0,1,EW_GREEN,hold,,,
3145.0,2,51,690.0,13.529,3,0.0,4,33.0,9,20.0,3,0.0,0,0,1,0,569.0,53.0,68.0,1,EW_GREEN,hold,,,
3146.0,2,54,656.0,12.148,4,1.0,5,35.0,10,23.0,3,0.0,0,0,1,0,524.0,59.0,73.0,1,EW_GREEN,hold,,,
3147.0,2,52,622.0,11.962,4,2.0,5,37.0,10,26.0,3,0.0,0,0,1,0,479.0,65.0,78.0,1,EW_YELLOW,pressure_ns,,,
3148.0,3,51,584.0,11.451,4,0.0,5,39.0,10,29.0,3,0.0,0,0,1,0,433.0,68.0,83.0,1,EW_YELLOW,hold,,,
3149.0,3,54,604.0,11.185,4,1.0,5,41.0,11,32.0,4,0.0,0,0,1,0,442.0,74.0,88.0,1,EW_YELLOW,hold,,,
3150.0,3,52,504.0,9.692,4,2.0,5,43.0,11,36.0,4,0.0,0,0,1,0,394.0,81.0,29.0,1,NS_GREEN,yellow_end,,,
3151.0,0,49,403.0,8.224,4,3.0,5,45.0,8,7.0,4,0.0,0,0,0,0,346.0,55.0,2.0,1,NS_GREEN,hold,,,
3152.0,0,51,349.0,6.843,4,4.0,5,47.0,9,0.0,4,0.0,0,0,0,0,298.0,51.0,0.0,1,NS_GREEN,hold,,,
3153.0,0,48,302.0,6.292,4,5.0,5,49.0,9,0.0,4,0.0,0,0,0,0,248.0,54.0,0.0,0,NS_GREEN,hold,,,
3154.0,0,47,255.0,5.426,4,6.0,5,51.0,9,0.0,3,0.0,0,0,0,0,198.0,57.0,0.0,0,NS_GREEN,hold,,,
3155.0,0,49,208.0,4.245,4,7.0,5,53.0,8,0.0,3,0.0,0,0,0,0,148.0,60.0,0.0,0,NS_GREEN,hold,,,
3156.0,0,47,162.0,3.447,4,8.0,5,55.0,8,0.0,3,0.0,0,0,0,0,99.0,63.0,0.0,0,NS_GREEN,hold,,,
3157.0,0,47,116.0,2.468,4,9.0,5,57.0,8,0.0,2,0.0,0,0,0,0,50.0,66.0,0.0,0,NS_GREEN,hold,,,
3158.0,0,47,121.0,2.574,4,10.0,5,59.0,9,0.0,2,0.0,0,0,0,0,52.0,69.0,0.0,0,NS_GREEN,hold,,,
3159.0,0,50,74.0,1.48,4,11.0,5,61.0,10,0.0,2,0.0,0,0,0,0,2.0,72.0,0.0,1,NS_GREEN,hold,,,
3160.0,0,50,79.0,1.58,4,12.0,5,63.0,10,0.0,2,0.0,0,0,0,0,4.0,75.0,0.0,1,NS_GREEN,hold,,,
3161.0,0,51,84.0,1.647,4,13.0,5,65.0,10,0.0,2,0.0,0,0,0,0,6.0,78.0,0.0,1,NS_GREEN,hold,,,
3162.0,0,51,91.0,1.784,4,14.0,5,67.0,10,0.0,2,0.0,0,0,0,0,10.0,81.0,0.0,1,NS_GREEN,hold,,,
3163.0,0,51,97.0,1.902,4,15.0,5,69.0,10,0.0,2,0.0,0,3,0,0,13.0,84.0,0.0,1,NS_GREEN,hold,,,
3164.0,0,49,106.0,2.163,4,16.0,5,73.0,9,0.0,2,0.0,0,3,0,0,17.0,89.0,0.0,1,NS_GREEN,hold,,,
3165.0,0,51,118.0,2.314,4,19.0,5,77.0,10,0.0,2,0.0,2,3,0,0,22.0,96.0,0.0,1,NS_GREEN,hold,,,
3166.0,0,51,130.0,2.549,4,22.0,5,81.0,9,0.0,2,0.0,2,3,0,0,27.0,103.0,0.0,1,NS_GREEN,hold,,,
3167.0,0,50,143.0,2.86,4,25.0,5,85.0,9,0.0,2,0.0,2,3,0,0,33.0,110.0,0.0,1,NS_GREEN,hold,,,
3168.0,0,53,156.0,2.943,4,28.0,5,89.0,10,0.0,2,0.0,2,3,0,0,39.0,117.0,0.0,1,NS_GREEN,hold,,,
3169.0,0,57,170.0,2.982,5,31.0,6,93.0,9,0.0,2,0.0,0,0,0,0,46.0,124.0,0.0,1,NS_GREEN,hold,,,
3170.0,0,58,185.0,3.19,5,34.0,6,97.0,9,0.0,2,0.0,0,0,0,0,54.0,131.0,0.0,1,NS_GREEN,hold,,,
3171.0,0,59,200.0,3.39,5,37.0,6,101.0,9,0.0,2,0.0,0,0,0,0,62.0,138.0,0.0,1,NS_GREEN,hold,,,
3172.0,0,59,216.0,3.661,5,40.0,6,105.0,9,0.0,2,0.0,0,0,0,0,71.0,145.0,0.0,1,NS_GREEN,hold,,,
3173.0,0,59,233.0,3.949,5,43.0,6,109.0,9,0.0,2,0.0,0,0,0,0,81.0,152.0,0.0,1,NS_GREEN,hold,,,
3174.0,0,58,250.0,4.31,5,46.0,6,113.0,9,0.0,2,0.0,0,0,0,0,91.0,159.0,0.0,1,NS_GREEN,hold,,,
3175.0,0,60,268.0,4.467,5,49.0,6,117.0,10,0.0,2,0.0,0,0,0,0,102.0,166.0,0.0,1,NS_GREEN,hold,,,
3176.0,0,59,287.0,4.864,5,52.0,6,121.0,9,0.0,2,0.0,0,0,0,0,114.0,173.0,0.0,1,NS_GREEN,hold,,,
3177.0,0,59,306.0,5.186,5,55.0,6,125.0,9,0.0,2,0.0,0,0,0,0,126.0,180.0,0.0,1,NS_GREEN,hold,,,
3178.0,0,57,326.0,5.719,5,58.0,6,129.0,7,0.0,1,0.0,0,0,0,0,139.0,187.0,0.0,0,NS_YELLOW,pressure_ew,,,
3179.0,1,57,325.0,5.702,5,61.0,6,133.0,7,0.0,1,0.0,0,0,0,0,131.0,194.0,0.0,0,NS_YELLOW,hold,,,
3180.0,1,60,324.0,5.4,5,64.0,6,137.0,7,0.0,1,0.0,0,0,0,0,123.0,201.0,0.0,0,NS_YELLOW,hold,,,
3181.0,1,61,324.0,5.311,5,67.0,6,141.0,7,0.0,1,0.0,0,0,0,0,116.0,208.0,0.0,0,EW_GREEN,yellow_end,,,
3182.0,2,55,199.0,3.618,3,18.0,4,72.0,7,0.0,1,0.0,0,0,0,0,109.0,90.0,0.0,0,EW_GREEN,hold,,,
3183.0,2,56,125.0,2.232,3,0.0,4,20.0,8,1.0,1,1.0,0,0,0,1,103.0,22.0,0.0,0,EW_GREEN,hold,,,
3184.0,2,54,103.0,1.907,3,0.0,4,1.0,8,2.0,1,2.0,0,0,0,1,98.0,5.0,0.0,0,EW_GREEN,hold,,,
3185.0,2,54,101.0,1.87,3,0.0,3,0.0,8,3.0,2,3.0,0,0,0,1,95.0,6.0,0.0,0,EW_GREEN,hold,,,
3186.0,2,51,100.0,1.961,3,0.0,3,0.0,8,4.0,2,4.0,0,0,0,0,91.0,8.0,1.0,0,EW_GREEN,hold,,,
3187.0,2,52,117.0,2.25,3,0.0,3,0.0,9,6.0,2,5.0,0,0,1,0,104.0,11.0,2.0,0,EW_GREEN,hold,,,
3188.0,2,50,120.0,2.4,2,1.0,3,0.0,9,8.0,2,6.0,1,0,1,0,102.0,15.0,3.0,0,EW_GREEN,hold,,,
3189.0,2,49,125.0,2.551,2,2.0,2,0.0,9,11.0,2,7.0,1,0,1,0,101.0,20.0,4.0,0,EW_GREEN,hold,,,
3190.0,2,51,132.0,2.588,2,3.0,2,0.0,10,14.0,2,8.0,1,0,1,0,102.0,25.0,5.0,0,EW_GREEN,hold,,,
3191.0,2,50,140.0,2.8,2,4.0,2,1.0,10,17.0,2,9.0,1,1,1,0,103.0,31.0,6.0,0,EW_GREEN,hold,,,
3192.0,2,49,147.0,3.0,2,5.0,1,0.0,10,20.0,2,10.0,1,0,1,0,105.0,35.0,7.0,0,EW_GREEN,hold,,,
3193.0,2,51,167.0,3.275,3,0.0,2,0.0,10,24.0,2,11.0,0,0,1,0,124.0,35.0,8.0,0,EW_GREEN,hold,,,
3194.0,2,53,177.0,3.34,3,0.0,3,0.0,10,28.0,2,12.0,0,0,1,0,128.0,40.0,9.0,0,EW_GREEN,hold,,,
3195.0,2,52,177.0,3.404,3,0.0,3,0.0,10,32.0,2,13.0,0,0,1,0,132.0,45.0,0.0,0,EW_GREEN,hold,,,
3196.0,2,54,186.0,3.444,3,0.0,3,0.0,11,36.0,2,14.0,0,0,1,0,135.0,50.0,1.0,0,EW_GREEN,hold,,,
3197.0,2,55,186.0,3.382,3,0.0,3,0.0,11,41.0,2,15.0,0,0,1,0,128.0,56.0,2.0,0,EW_GREEN,hold,,,
3198.0,2,55,187.0,3.4,3,0.0,3,0.0,11,47.0,2,16.0,0,0,3,0,121.0,63.0,3.0,0,EW_GREEN,hold,,,
3199.0,2,56,190.0,3.393,3,0.0,3,0.0,11,53.0,3,17.0,0,0,3,0,115.0,70.0,5.0,0,EW_GREEN,hold,,,
3200.0,2,56,193.0,3.446,3,0.0,3,0.0,11,59.0,3,18.0,0,0,3,0,109.0,77.0,7.0,0,EW_GREEN,hold,,,
3201.0,2,57,191.0,3.351,3,0.0,3,0.0,12,65.0,3,19.0,0,0,2,0,98.0,84.0,9.0,0,EW_GREEN,hold,,,
3202.0,2,57,207.0,3.632,3,0.0,3,0.0,12,71.0,3,20.0,0,0,0,0,105.0,91.0,11.0,0,EW_GREEN,hold,,,
3203.0,2,57,208.0,3.649,3,0.0,3,0.0,12,77.0,3,21.0,0,0,0,0,97.0,98.0,13.0,0,EW_GREEN,hold,,,
3204.0,2,57,208.0,3.649,3,0.0,3,0.0,12,83.0,3,22.0,0,0,0,0,88.0,105.0,15.0,0,EW_GREEN,hold,,,
3205.0,2,58,222.0,3.828,3,0.0,3,0.0,12,89.0,3,23.0,0,0,0,0,93.0,112.0,17.0,0,EW_GREEN,hold,,,
3206.0,2,59,221.0,3.746,3,0.0,3,0.0,13,95.0,3,24.0,0,0,0,0,83.0,119.0,19.0,0,EW_GREEN,hold,,,
3207.0,2,57,173.0,3.035,3,0.0,2,0.0,13,101.0,3,25.0,0,0,0,0,26.0,126.0,21.0,0,EW_GREEN,hold,,,
3208.0,2,54,166.0,3.074,2,0.0,2,0.0,13,107.0,3,26.0,0,0,2,0,10.0,133.0,23.0,0,EW_GREEN,hold,,,
3209.0,2,54,180.0,3.333,2,0.0,1,0.0,14,114.0,3,27.0,0,0,0,0,14.0,141.0,25.0,0,EW_GREEN,hold,,,
3210.0,2,53,192.0,3.623,1,0.0,1,0.0,14,121.0,3,28.0,0,0,0,0,16.0,149.0,27.0,0,EW_GREEN,hold,,,
3211.0,2,54,205.0,3.796,1,0.0,1,0.0,14,128.0,3,29.0,0,0,0,0,19.0,157.0,29.0,0,EW_GREEN,hold,,,
3212.0,2,53,219.0,4.132,1,0.0,1,0.0,14,135.0,3,30.0,0,0,0,0,23.0,165.0,31.0,0,EW_GREEN,hold,,,
3213.0,2,55,235.0,4.273,1,0.0,1,0.0,14,142.0,3,31.0,0,0,0,0,28.0,173.0,34.0,0,EW_GREEN,hold,,,
3214.0,2,55,250.0,4.545,1,0.0,1,0.0,14,149.0,3,32.0,0,0,0,0,32.0,181.0,37.0,0,EW_GREEN,hold,,,
3215.0,2,54,267.0,4.944,1,0.0,1,0.0,14,156.0,3,33.0,0,0,0,0,37.0,189.0,41.0,0,EW_GREEN,hold,,,
3216.0,2,55,286.0,5.2,1,0.0,1,0.0,15,163.0,3,34.0,0,0,2,0,44.0,197.0,45.0,0,EW_GREEN,hold,,,
3217.0,2,57,306.0,5.368,2,0.0,2,0.0,15,170.0,3,36.0,0,0,2,1,51.0,206.0,49.0,0,EW_GREEN,hold,,,
3218.0,2,56,314.0,5.607,2,0.0,2,0.0,15,177.0,3,38.0,0,0,2,1,46.0,215.0,53.0,0,EW_GREEN,hold,,,
3219.0,2,56,321.0,5.732,2,0.0,2,0.0,15,184.0,3,40.0,0,0,2,1,40.0,224.0,57.0,0,EW_GREEN,hold,,,
3220.0,2,55,328.0,5.964,2,0.0,2,0.0,15,191.0,3,42.0,0,0,0,1,34.0,233.0,61.0,0,EW_GREEN,hold,,,
3221.0,2,55,336.0,6.109,2,0.0,2,0.0,15,198.0,3,44.0,0,0,3,1,29.0,242.0,65.0,0,EW_GREEN,hold,,,
3222.0,2,57,347.0,6.088,2,0.0,2,0.0,16,207.0,4,46.0,0,0,0,1,25.0,253.0,69.0,0,EW_GREEN,hold,,,
3223.0,2,57,359.0,6.298,2,0.0,2,0.0,16,216.0,4,48.0,0,0,0,1,22.0,264.0,73.0,0,EW_GREEN,hold,,,
3224.0,3,55,316.0,5.745,2,0.0,2,0.0,16,226.0,4,50.0,0,0,0,1,18.0,276.0,22.0,0,EW_GREEN,hold,,,
3225.0,3,55,315.0,5.727,2,0.0,2,0.0,16,236.0,4,52.0,0,0,0,1,16.0,288.0,11.0,0,EW_GREEN,hold,,,
3226.0,3,54,318.0,5.889,2,0.0,2,0.0,16,246.0,4,54.0,0,0,0,1,16.0,300.0,2.0,0,EW_GREEN,hold,,,
3227.0,0,49,150.0,3.061,2,0.0,2,0.0,14,131.0,2,0.0,0,0,0,0,17.0,131.0,2.0,0,EW_GREEN,hold,,,
3228.0,0,48,70.0,1.458,2,0.0,2,0.0,14,51.0,2,0.0,0,0,0,0,16.0,51.0,3.0,0,EW_GREEN,hold,,,
3229.0,0,48,30.0,0.625,2,0.0,2,0.0,14,9.0,2,0.0,0,0,0,0,17.0,9.0,4.0,0,EW_GREEN,hold,,,
3230.0,0,46,28.0,0.609,2,0.0,2,0.0,12,0.0,1,0.0,0,0,0,0,23.0,0.0,5.0,0,EW_GREEN,hold,,,
3231.0,0,50,29.0,0.58,2,0.0,2,0.0,12,0.0,1,0.0,0,0,0,0,23.0,0.0,6.0,0,EW_GREEN,hold,,,
3232.0,0,50,30.0,0.6,2,0.0,2,0.0,11,0.0,1,0.0,0,0,0,0,23.0,0.0,7.0,0,EW_GREEN,hold,,,
3233.0,0,51,32.0,0.627,2,1.0,2,0.0,10,0.0,1,0.0,1,0,0,0,23.0,1.0,8.0,0,EW_GREEN,hold,,,
3234.0,0,51,35.0,0.686,2,2.0,2,1.0,10,0.0,1,0.0,1,1,0,0,23.0,3.0,9.0,0,EW_GREEN,hold,,,
3235.0,0,51,38.0,0.745,2,3.0,2,2.0,8,0.0,1,0.0,1,1,0,0,23.0,5.0,10.0,0,EW_GREEN,hold,,,
3236.0,0,49,43.0,0.878,2,4.0,2,3.0,7,0.0,1,0.0,1,1,0,0,25.0,7.0,11.0,0,EW_GREEN,hold,,,
3237.0,0,51,50.0,0.98,2,6.0,2,4.0,8,0.0,1,0.0,2,1,0,0,28.0,10.0,12.0,0,EW_GREEN,hold,,,
3238.0,0,50,55.0,1.1,2,8.0,2,6.0,7,0.0,1,0.0,2,2,0,0,28.0,14.0,13.0,0,EW_GREEN,hold,,,
3239.0,0,50,60.0,1.2,2,10.0,2,8.0,7,0.0,1,0.0,2,2,0,0,28.0,18.0,14.0,0,EW_GREEN,hold,,,
3240.0,0,52,67.0,1.288,2,12.0,2,10.0,8,0.0,1,0.0,2,2,0,0,30.0,22.0,15.0,0,EW_GREEN,hold,,,
3241.0,0,58,74.0,1.276,4,14.0,4,12.0,7,0.0,1,0.0,0,0,0,0,32.0,26.0,16.0,0,EW_YELLOW,max_green,,,
3242.0,3,60,81.0,1.35,5,16.0,5,14.0,7,0.0,1,0.0,0,0,0,0,34.0,30.0,17.0,0,EW_YELLOW,hold,,,
3243.0,3,61,89.0,1.459,5,18.0,5,16.0,8,0.0,1,0.0,0,0,0,0,37.0,34.0,18.0,0,EW_YELLOW,hold,,,
3244.0,3,62,97.0,1.565,5,20.0,5,18.0,8,0.0,1,0.0,0,0,0,0,40.0,38.0,19.0,0,NS_GREEN,yellow_end,,,
3245.0,0,63,105.0,1.667,5,22.0,5,20.0,8,0.0,1,0.0,0,0,0,0,43.0,42.0,20.0,0,NS_GREEN,hold,,,
3246.0,0,61,113.0,1.852,5,24.0,5,22.0,7,0.0,1,0.0,0,0,0,0,46.0,46.0,21.0,0,NS_GREEN,hold,,,
3247.0,0,63,122.0,1.937,5,26.0,5,24.0,8,0.0,1,0.0,0,0,0,0,50.0,50.0,22.0,0,NS_GREEN,hold,,,
3248.0,0,63,129.0,2.048,5,28.0,5,26.0,8,0.0,1,0.0,0,0,0,0,52.0,54.0,23.0,0,NS_GREEN,hold,,,
3249.0,0,64,137.0,2.141,5,30.0,5,28.0,8,0.0,1,0.0,0,0,0,0,55.0,58.0,24.0,0,NS_GREEN,hold,,,
3250.0,0,66,145.0,2.197,5,32.0,5,30.0,9,0.0,1,0.0,0,0,0,0,58.0,62.0,25.0,0,NS_GREEN,hold,,,
3251.0,0,65,153.0,2.354,5,34.0,5,32.0,9,0.0,1,0.0,0,0,0,0,61.0,66.0,26.0,0,NS_GREEN,hold,,,
3252.0,0,66,161.0,2.439,5,36.0,5,34.0,10,0.0,0,0.0,0,0,0,0,64.0,70.0,27.0,0,NS_YELLOW,pressure_ew,,,
3253.0,1,66,169.0,2.561,5,38.0,5,36.0,10,0.0,0,0.0,0,0,0,0,67.0,74.0,28.0,0,NS_YELLOW,hold,,,
3254.0,1,66,177.0,2.682,5,40.0,5,38.0,10,0.0,0,0.0,0,0,0,0,70.0,78.0,29.0,0,NS_YELLOW,hold,,,
3255.0,1,67,185.0,2.761,5,42.0,5,40.0,11,0.0,0,0.0,0,0,0,0,73.0,82.0,30.0,0,EW_GREEN,yellow_end,,,
3256.0,2,64,107.0,1.672,4,0.0,4,0.0,11,0.0,0,0.0,0,0,0,0,76.0,0.0,31.0,0,EW_GREEN,hold,,,
3257.0,2,64,111.0,1.734,4,0.0,3,0.0,11,0.0,0,0.0,0,0,0,0,79.0,0.0,32.0,0,EW_GREEN,hold,,,
3258.0,2,63,117.0,1.857,3,0.0,3,0.0,11,1.0,1,0.0,0,0,0,0,83.0,1.0,33.0,0,EW_GREEN,hold,,,
3259.0,2,61,123.0,2.016,2,0.0,2,0.0,11,2.0,1,0.0,0,0,0,0,87.0,2.0,34.0,0,EW_GREEN,hold,,,
3260.0,2,61,128.0,2.098,2,0.0,2,0.0,12,4.0,1,0.0,0,0,0,0,89.0,4.0,35.0,0,EW_GREEN,hold,,,
3261.0,2,61,135.0,2.213,2,0.0,1,0.0,12,6.0,1,0.0,0,0,0,0,92.0,6.0,37.0,0,EW_GREEN,hold,,,
3262.0,2,60,146.0,2.433,1,0.0,1,0.0,13,8.0,1,0.0,0,0,0,0,99.0,8.0,39.0,0,EW_GREEN,hold,,,
3263.0,2,57,80.0,1.404,1,0.0,1,0.0,13,11.0,1,0.0,0,0,0,0,28.0,11.0,41.0,0,EW_GREEN,hold,,,
3264.0,2,55,69.0,1.255,1,0.0,1,0.0,13,14.0,1,0.0,0,0,0,0,12.0,14.0,43.0,0,EW_GREEN,hold,,,
3265.0,2,56,75.0,1.339,2,0.0,2,0.0,14,17.0,1,0.0,0,0,0,0,13.0,17.0,45.0,0,EW_GREEN,hold,,,
3266.0,2,54,86.0,1.593,2,0.0,2,0.0,14,21.0,1,0.0,0,0,1,0,18.0,21.0,47.0,0,EW_GREEN,hold,,,
3267.0,2,53,97.0,1.83,2,0.0,2,0.0,14,25.0,1,0.0,0,0,1,0,23.0,25.0,49.0,0,EW_GREEN,hold,,,
3268.0,2,53,108.0,2.038,2,0.0,2,0.0,14,29.0,1,0.0,0,0,0,0,28.0,29.0,51.0,0,EW_GREEN,hold,,,
3269.0,2,52,76.0,1.462,2,0.0,2,0.0,15,33.0,1,0.0,0,0,0,0,34.0,33.0,9.0,0,EW_GREEN,hold,,,
3270.0,2,53,81.0,1.528,2,0.0,2,0.0,15,38.0,1,0.0,0,0,0,0,41.0,38.0,2.0,0,EW_GREEN,hold,,,
3271.0,2,54,97.0,1.796,2,0.0,2,0.0,15,43.0,1,0.0,0,0,0,0,49.0,43.0,5.0,0,EW_GREEN,hold,,,
3272.0,2,53,115.0,2.17,2,0.0,2,0.0,15,48.0,1,0.0,0,0,0,0,58.0,48.0,9.0,0,EW_GREEN,hold,,,
3273.0,2,56,135.0,2.411,2,0.0,2,0.0,16,54.0,2,0.0,0,0,2,0,68.0,54.0,13.0,0,EW_GREEN,hold,,,
3274.0,2,56,153.0,2.732,2,0.0,2,0.0,16,60.0,2,0.0,0,0,2,0,76.0,60.0,17.0,0,EW_GREEN,hold,,,
3275.0,2,56,176.0,3.143,2,0.0,2,0.0,16,66.0,2,0.0,0,0,0,0,88.0,66.0,22.0,0,EW_GREEN,hold,,,
3276.0,2,58,198.0,3.414,2,0.0,2,0.0,17,72.0,3,0.0,0,0,0,0,99.0,72.0,27.0,0,EW_GREEN,hold,,,
3277.0,2,60,220.0,3.667,2,0.0,2,0.0,17,78.0,3,0.0,0,0,0,0,110.0,78.0,32.0,0,EW_GREEN,hold,,,
3278.0,2,60,248.0,4.133,2,0.0,2,0.0,17,86.0,3,0.0,0,0,0,0,123.0,86.0,39.0,0,EW_GREEN,hold,,,
3279.0,2,59,277.0,4.695,1,0.0,2,0.0,17,94.0,3,0.0,0,0,0,0,137.0,94.0,46.0,0,EW_GREEN,hold,,,
3280.0,2,60,307.0,5.117,1,0.0,2,0.0,18,102.0,3,0.0,0,0,0,0,151.0,102.0,54.0,0,EW_GREEN,hold,,,
3281.0,2,60,339.0,5.65,1,0.0,2,0.0,18,111.0,3,0.0,0,0,0,0,166.0,111.0,62.0,0,EW_GREEN,hold,,,
3282.0,2,61,371.0,6.082,1,0.0,2,0.0,19,120.0,3,0.0,0,0,0,0,181.0,120.0,70.0,0,EW_GREEN,hold,,,
3283.0,2,63,405.0,6.429,1,0.0,2,0.0,19,130.0,3,0.0,0,0,0,0,197.0,130.0,78.0,0,EW_GREEN,hold,,,
3284.0,2,62,440.0,7.097,1,0.0,2,0.0,19,140.0,3,0.0,0,0,0,0,214.0,140.0,86.0,0,EW_GREEN,hold,,,
3285.0,2,62,477.0,7.694,1,0.0,2,0.0,19,151.0,3,0.0,0,0,0,0,232.0,151.0,94.0,0,EW_GREEN,hold,,,
3286.0,2,61,516.0,8.459,1,0.0,1,0.0,19,162.0,3,0.0,0,0,0,0,252.0,162.0,102.0,0,EW_GREEN,hold,,,
3287.0,2,60,553.0,9.217,1,0.0,1,0.0,19,173.0,3,0.0,0,0,0,0,270.0,173.0,110.0,0,EW_GREEN,hold,,,
3288.0,2,61,592.0,9.705,1,0.0,1,0.0,20,184.0,3,0.0,0,0,0,0,290.0,184.0,118.0,0,EW_GREEN,hold,,,
3289.0,2,63,632.0,10.032,2,0.0,2,0.0,20,195.0,3,0.0,0,0,4,0,311.0,195.0,126.0,0,EW_GREEN,hold,,,
3290.0,2,65,673.0,10.354,3,0.0,3,0.0,20,206.0,3,0.0,0,0,4,0,333.0,206.0,134.0,0,EW_GREEN,hold,,,
3291.0,2,64,716.0,11.188,3,0.0,3,0.0,20,217.0,3,1.0,0,0,4,0,356.0,218.0,142.0,0,EW_GREEN,hold,,,
3292.0,2,62,727.0,11.726,3,0.0,3,0.0,20,228.0,3,2.0,0,0,4,0,347.0,230.0,150.0,0,EW_GREEN,hold,,,
3293.0,2,64,737.0,11.516,3,0.0,3,0.0,20,239.0,4,3.0,0,0,4,0,337.0,242.0,158.0,0,EW_GREEN,hold,,,
3294.0,2,64,748.0,11.688,3,0.0,3,0.0,20,251.0,4,4.0,0,0,4,0,327.0,255.0,166.0,0,EW_GREEN,hold,,,
3295.0,2,64,758.0,11.844,3,0.0,3,0.0,20,264.0,5,5.0,0,0,4,0,315.0,269.0,174.0,0,EW_GREEN,hold,,,
3296.0,2,65,768.0,11.815,3,0.0,3,0.0,21,277.0,5,6.0,0,0,0,0,303.0,283.0,182.0,0,EW_GREEN,hold,,,
3297.0,2,65,779.0,11.985,3,0.0,3,0.0,21,290.0,5,7.0,0,0,0,0,292.0,297.0,190.0,0,EW_GREEN,hold,,,
3298.0,3,61,707.0,11.59,3,0.0,3,0.0,21,303.0,5,8.0,0,0,0,0,280.0,311.0,116.0,0,EW_GREEN,hold,,,
3299.0,3,62,635.0,10.242,3,0.0,3,0.0,22,316.0,5,9.0,0,0,0,0,268.0,325.0,42.0,0,EW_GREEN,hold,,,
3300.0,3,61,593.0,9.721,3,0.0,3,0.0,22,330.0,5,10.0,0,0,0,0,253.0,340.0,0.0,0,EW_GREEN,hold,,,
3301.0,0,54,462.0,8.556,3,0.0,3,0.0,19,222.0,4,0.0,0,0,0,0,240.0,222.0,0.0,0,EW_GREEN,hold,,,
3302.0,0,55,383.0,6.964,3,0.0,3,0.0,20,130.0,4,0.0,0,0,0,0,253.0,130.0,0.0,0,EW_GREEN,hold,,,
3303.0,0,54,302.0,5.593,3,0.0,3,0.0,20,64.0,4,0.0,0,0,0,0,238.0,64.0,0.0,0,EW_GREEN,hold,,,
3304.0,0,53,240.0,4.528,3,0.0,3,0.0,19,17.0,4,0.0,0,0,0,0,223.0,17.0,0.0,0,EW_GREEN,hold,,,
3305.0,0,55,213.0,3.873,3,0.0,3,0.0,19,6.0,4,0.0,0,0,0,0,207.0,6.0,0.0,0,EW_GREEN,hold,,,
3306.0,0,55,219.0,3.982,3,0.0,3,0.0,19,1.0,4,0.0,0,0,0,0,218.0,1.0,0.0,0,EW_GREEN,hold,,,
3307.0,0,54,204.0,3.778,3,1.0,3,1.0,17,2.0,3,0.0,0,0,0,0,200.0,4.0,0.0,0,EW_GREEN,hold,,,
3308.0,0,52,192.0,3.692,3,3.0,3,2.0,17,4.0,3,0.0,2,2,0,0,183.0,9.0,0.0,0,EW_GREEN,hold,,,
3309.0,0,54,182.0,3.37,3,5.0,3,4.0,16,6.0,3,0.0,2,2,0,0,167.0,15.0,0.0,0,EW_GREEN,hold,,,
3310.0,0,53,169.0,3.189,3,7.0,3,6.0,16,9.0,3,0.0,1,1,0,0,147.0,22.0,0.0,0,EW_GREEN,hold,,,
3311.0,0,53,149.0,2.811,3,5.0,3,5.0,14,13.0,3,0.0,0,0,0,0,126.0,23.0,0.0,0,EW_GREEN,hold,,,
3312.0,0,53,133.0,2.509,3,6.0,3,6.0,15,17.0,2,0.0,0,0,0,0,104.0,29.0,0.0,0,EW_GREEN,hold,,,
3313.0,0,57,118.0,2.07,4,7.0,4,7.0,14,21.0,2,0.0,0,0,0,0,83.0,35.0,0.0,0,EW_GREEN,hold,,,
3314.0,0,59,98.0,1.661,4,8.0,4,8.0,14,21.0,2,0.0,0,0,0,0,61.0,37.0,0.0,0,EW_GREEN,hold,,,
3315.0,0,59,97.0,1.644,4,9.0,4,10.0,13,14.0,2,0.0,0,0,0,0,64.0,33.0,0.0,0,EW_YELLOW,max_green,,,
3316.0,3,59,62.0,1.051,4,10.0,4,12.0,13,0.0,2,0.0,0,0,0,0,40.0,22.0,0.0,0,EW_YELLOW,hold,,,
3317.0,3,61,42.0,0.689,4,12.0,4,14.0,13,1.0,2,0.0,0,0,0,0,15.0,27.0,0.0,0,EW_YELLOW,hold,,,
3318.0,3,60,48.0,0.8,4,14.0,4,16.0,13,2.0,2,0.0,0,0,0,0,16.0,32.0,0.0,0,NS_GREEN,yellow_end,,,
3319.0,0,59,52.0,0.881,4,16.0,4,18.0,11,0.0,2,0.0,0,0,0,0,18.0,34.0,0.0,0,NS_GREEN,hold,,,
3320.0,0,59,58.0,0.983,4,18.0,4,20.0,11,0.0,2,0.0,0,0,0,0,20.0,38.0,0.0,0,NS_GREEN,hold,,,
3321.0,0,58,62.0,1.069,4,20.0,4,22.0,10,0.0,2,0.0,0,0,0,0,20.0,42.0,0.0,0,NS_GREEN,hold,,,
3322.0,0,58,66.0,1.138,4,22.0,4,24.0,9,0.0,2,0.0,0,0,0,0,20.0,46.0,0.0,0,NS_GREEN,hold,,,
3323.0,0,59,71.0,1.203,4,24.0,4,26.0,9,0.0,1,0.0,0,0,0,0,21.0,50.0,0.0,0,NS_GREEN,hold,,,
3324.0,0,61,76.0,1.246,4,26.0,4,28.0,9,0.0,0,0.0,0,0,0,0,22.0,54.0,0.0,0,NS_GREEN,hold,,,
3325.0,0,64,81.0,1.266,4,28.0,4,30.0,10,0.0,0,0.0,0,0,0,0,23.0,58.0,0.0,0,NS_GREEN,hold,,,
3326.0,0,62,86.0,1.387,4,30.0,4,32.0,9,0.0,0,0.0,0,0,0,0,24.0,62.0,0.0,0,NS_YELLOW,pressure_ew,,,
3327.0,1,64,91.0,1.422,4,32.0,4,34.0,10,0.0,0,0.0,0,0,0,0,25.0,66.0,0.0,0,NS_YELLOW,hold,,,
3328.0,1,65,96.0,1.477,4,34.0,4,36.0,10,0.0,0,0.0,0,0,0,0,26.0,70.0,0.0,0,NS_YELLOW,hold,,,
3329.0,1,63,102.0,1.619,4,37.0,4,38.0,10,0.0,0,0.0,2,2,0,0,27.0,75.0,0.0,0,EW_GREEN,yellow_end,,,
3330.0,2,61,31.0,0.508,2,2.0,2,1.0,11,0.0,1,0.0,1,1,0,0,28.0,3.0,0.0,0,EW_GREEN,hold,,,
3331.0,2,61,31.0,0.508,2,0.0,2,0.0,11,0.0,1,0.0,0,0,0,0,30.0,0.0,1.0,0,EW_GREEN,hold,,,
3332.0,2,61,35.0,0.574,2,0.0,2,0.0,11,0.0,1,0.0,0,0,0,0,33.0,0.0,2.0,0,EW_GREEN,hold,,,
3333.0,2,62,37.0,0.597,2,0.0,2,0.0,12,1.0,1,0.0,0,0,0,0,33.0,1.0,3.0,0,EW_GREEN,hold,,,
3334.0,2,63,39.0,0.619,2,0.0,2,0.0,12,2.0,1,0.0,0,0,0,0,33.0,2.0,4.0,0,EW_GREEN,hold,,,
3335.0,2,63,43.0,0.683,2,0.0,2,1.0,13,4.0,1,0.0,0,1,0,0,33.0,5.0,5.0,0,EW_GREEN,hold,,,
3336.0,2,63,50.0,0.794,2,0.0,2,2.0,13,7.0,1,0.0,0,1,0,0,35.0,9.0,6.0,0,EW_GREEN,hold,,,
3337.0,2,62,20.0,0.323,2,0.0,3,3.0,13,10.0,1,0.0,0,0,0,0,0.0,13.0,7.0,0,EW_GREEN,hold,,,
3338.0,2,61,25.0,0.41,3,0.0,4,4.0,13,13.0,1,0.0,0,0,0,0,0.0,17.0,8.0,0,EW_GREEN,hold,,,
3339.0,2,61,31.0,0.508,3,0.0,4,5.0,13,16.0,1,0.0,0,0,0,0,1.0,21.0,9.0,0,EW_GREEN,hold,,,
3340.0,2,61,37.0,0.607,3,0.0,4,6.0,14,19.0,1,0.0,0,0,0,0,2.0,25.0,10.0,0,EW_GREEN,hold,,,
3341.0,2,60,38.0,0.633,3,0.0,3,0.0,14,23.0,1,0.0,0,0,0,0,4.0,23.0,11.0,0,EW_GREEN,hold,,,
3342.0,2,61,46.0,0.754,3,0.0,3,0.0,14,27.0,1,0.0,0,0,0,0,7.0,27.0,12.0,0,EW_GREEN,hold,,,
3343.0,2,60,42.0,0.7,3,0.0,3,0.0,14,31.0,1,0.0,0,0,0,0,11.0,31.0,0.0,0,EW_GREEN,hold,,,
3344.0,2,60,52.0,0.867,3,0.0,3,0.0,14,35.0,1,0.0,0,0,0,0,15.0,35.0,2.0,0,EW_GREEN,hold,,,
3345.0,2,62,63.0,1.016,3,0.0,3,0.0,15,40.0,1,0.0,0,0,0,0,19.0,40.0,4.0,0,EW_GREEN,hold,,,
3346.0,2,62,76.0,1.226,3,0.0,3,0.0,15,46.0,1,0.0,0,0,0,0,24.0,46.0,6.0,0,EW_GREEN,hold,,,
3347.0,2,63,91.0,1.444,3,0.0,3,0.0,15,52.0,2,0.0,0,0,0,0,30.0,52.0,9.0,0,EW_GREEN,hold,,,
3348.0,2,63,109.0,1.73,3,0.0,3,0.0,15,58.0,2,0.0,0,0,0,0,37.0,58.0,14.0,0,EW_GREEN,hold,,,
3349.0,2,66,127.0,1.924,3,0.0,3,0.0,16,64.0,2,0.0,0,0,0,0,44.0,64.0,19.0,0,EW_GREEN,hold,,,
3350.0,2,64,147.0,2.297,3,0.0,3,0.0,16,71.0,2,0.0,0,0,0,0,52.0,71.0,24.0,0,EW_GREEN,hold,,,
3351.0,2,64,167.0,2.609,3,0.0,2,0.0,16,78.0,2,0.0,0,0,0,0,60.0,78.0,29.0,0,EW_GREEN,hold,,,
3352.0,2,64,189.0,2.953,2,0.0,2,0.0,17,85.0,2,0.0,0,0,0,0,69.0,85.0,35.0,0,EW_GREEN,hold,,,
3353.0,2,64,213.0,3.328,2,0.0,2,0.0,17,92.0,2,0.0,0,0,0,0,79.0,92.0,42.0,0,EW_GREEN,hold,,,
3354.0,2,63,239.0,3.794,1,0.0,2,0.0,17,99.0,2,0.0,0,0,0,0,90.0,99.0,50.0,0,EW_GREEN,hold,,,
3355.0,2,61,267.0,4.377,1,0.0,1,0.0,17,107.0,2,0.0,0,0,0,0,101.0,107.0,59.0,0,EW_GREEN,hold,,,
3356.0,2,62,297.0,4.79,1,0.0,1,0.0,17,115.0,2,0.0,0,0,0,0,113.0,115.0,69.0,0,EW_GREEN,hold,,,
3357.0,2,61,328.0,5.377,0,0.0,1,0.0,17,123.0,2,0.0,0,0,0,0,125.0,123.0,80.0,0,EW_GREEN,hold,,,
3358.0,2,60,360.0,6.0,0,0.0,0,0.0,17,132.0,2,0.0,0,0,0,0,137.0,132.0,91.0,0,EW_GREEN,hold,,,
3359.0,2,60,394.0,6.567,0,0.0,0,0.0,17,141.0,2,0.0,0,0,0,0,150.0,141.0,103.0,0,EW_GREEN,hold,,,
3360.0,2,59,429.0,7.271,0,0.0,0,0.0,17,150.0,2,0.0,0,0,0,0,164.0,150.0,115.0,0,EW_GREEN,hold,,,
3361.0,2,64,465.0,7.266,2,0.0,2,0.0,18,159.0,2,0.0,0,0,0,0,178.0,159.0,128.0,0,EW_GREEN,hold,,,
3362.0,2,64,504.0,7.875,2,0.0,2,0.0,18,169.0,2,0.0,0,0,0,0,194.0,169.0,141.0,0,EW_GREEN,hold,,,
3363.0,2,64,545.0,8.516,2,0.0,2,0.0,18,181.0,2,0.0,0,0,0,0,210.0,181.0,154.0,0,EW_GREEN,hold,,,
3364.0,2,63,587.0,9.317,2,0.0,2,0.0,18,193.0,2,1.0,0,0,0,0,226.0,194.0,167.0,0,EW_GREEN,hold,,,
3365.0,2,64,630.0,9.844,2,0.0,2,0.0,18,205.0,2,2.0,0,0,0,0,243.0,207.0,180.0,0,EW_GREEN,hold,,,
3366.0,2,64,645.0,10.078,2,0.0,2,0.0,18,217.0,3,3.0,0,0,0,0,232.0,220.0,193.0,0,EW_GREEN,hold,,,
3367.0,2,65,662.0,10.185,2,0.0,2,0.0,18,229.0,4,4.0,0,0,4,0,222.0,233.0,207.0,0,EW_GREEN,hold,,,
3368.0,2,65,681.0,10.477,2,0.0,2,0.0,18,242.0,4,5.0,0,0,4,0,213.0,247.0,221.0,0,EW_GREEN,hold,,,
3369.0,2,65,700.0,10.769,2,0.0,2,0.0,18,255.0,4,6.0,0,0,4,0,204.0,261.0,235.0,0,EW_GREEN,hold,,,
3370.0,2,65,721.0,11.092,2,0.0,2,0.0,18,269.0,4,7.0,0,0,0,0,196.0,276.0,249.0,0,EW_GREEN,hold,,,
3371.0,2,66,741.0,11.227,2,0.0,2,0.0,19,283.0,4,8.0,0,0,0,0,187.0,291.0,263.0,0,EW_GREEN,hold,,,
3372.0,3,63,678.0,10.762,2,0.0,2,0.0,19,297.0,4,9.0,0,0,0,0,178.0,306.0,194.0,0,EW_GREEN,hold,,,
3373.0,3,63,630.0,10.0,2,0.0,2,0.0,19,311.0,4,10.0,0,0,0,0,169.0,321.0,140.0,0,EW_GREEN,hold,,,
3374.0,3,64,588.0,9.188,2,0.0,2,0.0,20,325.0,4,11.0,0,0,0,0,161.0,336.0,91.0,0,EW_GREEN,hold,,,
3375.0,0,58,439.0,7.569,2,0.0,2,0.0,17,215.0,3,0.0,0,0,0,0,152.0,215.0,72.0,0,EW_GREEN,hold,,,
3376.0,0,58,323.0,5.569,2,0.0,2,0.0,18,128.0,3,0.0,0,0,0,0,142.0,128.0,53.0,0,EW_GREEN,hold,,,
3377.0,0,57,258.0,4.526,2,0.0,2,0.0,18,70.0,3,0.0,0,0,0,0,155.0,70.0,33.0,0,EW_GREEN,hold,,,
3378.0,0,55,186.0,3.382,2,1.0,2,0.0,18,28.0,2,0.0,0,0,0,0,145.0,29.0,12.0,0,EW_GREEN,hold,,,
3379.0,0,56,139.0,2.482,2,2.0,2,1.0,16,0.0,2,0.0,0,0,0,0,136.0,3.0,0.0,0,EW_GREEN,hold,,,
3380.0,0,55,133.0,2.418,2,3.0,2,2.0,16,1.0,2,0.0,0,0,0,0,127.0,6.0,0.0,0,EW_GREEN,hold,,,
3381.0,0,55,126.0,2.291,2,4.0,2,3.0,14,0.0,2,0.0,0,0,0,0,119.0,7.0,0.0,0,EW_GREEN,hold,,,
3382.0,0,52,118.0,2.269,2,5.0,2,4.0,13,0.0,2,0.0,0,0,0,0,109.0,9.0,0.0,0,EW_GREEN,hold,,,
3383.0,0,53,113.0,2.132,2,6.0,2,5.0,13,0.0,2,0.0,0,0,0,0,102.0,11.0,0.0,0,EW_GREEN,hold,,,
3384.0,0,52,107.0,2.058,2,7.0,2,6.0,12,0.0,2,0.0,0,0,0,0,94.0,13.0,0.0,0,EW_GREEN,hold,,,
3385.0,0,57,101.0,1.772,3,8.0,3,7.0,10,0.0,2,0.0,0,0,0,0,86.0,15.0,0.0,0,EW_GREEN,hold,,,
3386.0,0,58,93.0,1.603,4,9.0,4,8.0,9,0.0,2,0.0,0,0,0,0,76.0,17.0,0.0,0,EW_GREEN,hold,,,
3387.0,0,58,85.0,1.466,4,10.0,4,9.0,7,0.0,2,0.0,0,0,0,0,66.0,19.0,0.0,0,EW_GREEN,hold,,,
3388.0,0,57,96.0,1.684,4,11.0,4,10.0,6,0.0,2,0.0,0,0,0,0,75.0,21.0,0.0,0,EW_GREEN,hold,,,
3389.0,0,59,107.0,1.814,4,12.0,4,11.0,6,0.0,2,0.0,0,0,0,0,84.0,23.0,0.0,0,EW_YELLOW,max_green,,,
3390.0,3,59,119.0,2.017,4,13.0,4,12.0,6,0.0,2,0.0,0,0,0,0,94.0,25.0,0.0,0,EW_YELLOW,hold,,,
3391.0,3,60,112.0,1.867,4,14.0,4,13.0,7,1.0,2,0.0,0,0,0,0,84.0,28.0,0.0,0,EW_YELLOW,hold,,,
3392.0,3,60,92.0,1.533,4,15.0,4,14.0,7,2.0,2,0.0,0,0,0,0,61.0,31.0,0.0,0,NS_GREEN,yellow_end,,,
3393.0,0,58,87.0,1.5,4,16.0,4,15.0,5,0.0,2,0.0,0,0,0,0,56.0,31.0,0.0,0,NS_GREEN,hold,,,
3394.0,0,58,85.0,1.466,4,17.0,4,16.0,5,0.0,2,0.0,0,0,0,0,52.0,33.0,0.0,0,NS_GREEN,hold,,,
3395.0,0,60,84.0,1.4,4,18.0,4,17.0,5,0.0,2,0.0,0,0,0,0,49.0,35.0,0.0,0,NS_GREEN,hold,,,
3396.0,0,60,83.0,1.383,4,19.0,4,18.0,6,0.0,1,0.0,0,0,0,0,46.0,37.0,0.0,0,NS_GREEN,hold,,,
3397.0,0,61,82.0,1.344,4,20.0,4,19.0,6,0.0,0,0.0,0,0,0,0,43.0,39.0,0.0,0,NS_GREEN,hold,,,
3398.0,0,62,81.0,1.306,4,21.0,4,20.0,6,0.0,0,0.0,0,0,0,0,40.0,41.0,0.0,0,NS_GREEN,hold,,,
3399.0,0,62,89.0,1.435,4,22.0,4,21.0,6,0.0,0,0.0,0,0,0,0,46.0,43.0,0.0,0,NS_GREEN,hold,,,
3400.0,0,61,91.0,1.492,4,23.0,4,22.0,6,0.0,0,0.0,0,0,0,0,46.0,45.0,0.0,0,NS_YELLOW,pressure_ew,,,
3401.0,1,61,93.0,1.525,4,24.0,4,23.0,5,0.0,1,0.0,0,0,0,0,46.0,47.0,0.0,0,NS_YELLOW,hold,,,
3402.0,1,60,95.0,1.583,4,25.0,4,24.0,5,0.0,1,0.0,0,0,0,0,46.0,49.0,0.0,0,NS_YELLOW,hold,,,
3403.0,1,62,99.0,1.597,4,27.0,4,25.0,6,0.0,1,0.0,0,0,0,0,46.0,52.0,1.0,0,EW_GREEN,yellow_end,,,
3404.0,2,58,50.0,0.862,2,0.0,2,0.0,6,0.0,1,0.0,0,0,0,0,48.0,0.0,2.0,0,EW_GREEN,hold,,,
3405.0,2,58,60.0,1.034,2,0.0,2,0.0,6,0.0,1,0.0,0,0,0,0,57.0,0.0,3.0,0,EW_GREEN,hold,,,
3406.0,2,60,63.0,1.05,2,0.0,2,0.0,7,1.0,1,0.0,0,0,1,0,58.0,1.0,4.0,0,EW_GREEN,hold,,,
3407.0,2,58,69.0,1.19,1,0.0,1,0.0,7,3.0,1,0.0,0,0,2,0,61.0,3.0,5.0,0,EW_GREEN,hold,,,
3408.0,2,57,79.0,1.386,1,0.0,1,0.0,7,5.0,1,0.0,0,0,1,0,68.0,5.0,6.0,0,EW_GREEN,hold,,,
3409.0,2,58,90.0,1.552,2,0.0,2,0.0,7,7.0,1,0.0,0,0,1,0,76.0,7.0,7.0,0,EW_GREEN,hold,,,
3410.0,2,58,99.0,1.707,2,0.0,2,0.0,7,9.0,1,0.0,0,0,1,0,82.0,9.0,8.0,0,EW_GREEN,hold,,,
3411.0,2,56,71.0,1.268,2,0.0,2,0.0,7,11.0,1,0.0,0,0,1,0,51.0,11.0,9.0,0,EW_GREEN,hold,,,
3412.0,2,55,80.0,1.455,2,0.0,2,0.0,7,13.0,1,0.0,0,0,1,0,57.0,13.0,10.0,0,EW_GREEN,hold,,,
3413.0,2,53,95.0,1.792,2,0.0,2,0.0,7,15.0,1,0.0,0,0,1,0,69.0,15.0,11.0,0,EW_GREEN,hold,,,
3414.0,2,52,106.0,2.038,2,0.0,2,0.0,8,17.0,1,0.0,0,0,1,0,77.0,17.0,12.0,0,EW_GREEN,hold,,,
3415.0,2,52,118.0,2.269,2,0.0,2,0.0,8,19.0,1,0.0,0,0,1,0,86.0,19.0,13.0,0,EW_GREEN,hold,,,
3416.0,2,53,129.0,2.434,2,0.0,2,0.0,8,21.0,1,0.0,0,0,1,0,94.0,21.0,14.0,0,EW_GREEN,hold,,,
3417.0,2,52,129.0,2.481,2,0.0,2,0.0,8,23.0,1,0.0,0,0,1,0,106.0,23.0,0.0,0,EW_GREEN,hold,,,
3418.0,2,52,141.0,2.712,2,0.0,2,0.0,8,25.0,1,0.0,0,0,1,0,115.0,25.0,1.0,0,EW_GREEN,hold,,,
3419.0,2,52,157.0,3.019,2,0.0,2,0.0,8,27.0,1,0.0,0,0,1,0,127.0,27.0,3.0,0,EW_GREEN,hold,,,
3420.0,2,52,176.0,3.385,2,0.0,2,0.0,8,30.0,1,0.0,0,0,1,0,140.0,30.0,6.0,0,EW_GREEN,hold,,,
3421.0,2,55,195.0,3.545,2,0.0,2,0.0,8,33.0,2,0.0,0,0,1,0,153.0,33.0,9.0,1,EW_GREEN,hold,,,
3422.0,2,57,217.0,3.807,2,0.0,2,0.0,9,36.0,2,0.0,0,0,1,0,167.0,36.0,14.0,1,EW_GREEN,hold,,,
3423.0,2,57,241.0,4.228,2,0.0,1,0.0,9,40.0,2,0.0,0,0,1,0,182.0,40.0,19.0,1,EW_GREEN,hold,,,
3424.0,2,57,266.0,4.667,2,0.0,1,0.0,9,44.0,2,0.0,0,0,1,0,197.0,44.0,25.0,1,EW_GREEN,hold,,,
3425.0,2,58,294.0,5.069,2,0.0,1,0.0,9,48.0,2,0.0,0,0,1,0,213.0,48.0,33.0,1,EW_GREEN,hold,,,
3426.0,2,57,323.0,5.667,1,0.0,1,0.0,9,52.0,2,0.0,0,0,1,0,230.0,52.0,41.0,1,EW_GREEN,hold,,,
3427.0,2,58,356.0,6.138,1,0.0,1,0.0,9,56.0,2,0.0,0,0,1,0,249.0,56.0,51.0,1,EW_GREEN,hold,,,
3428.0,2,58,389.0,6.707,1,0.0,1,0.0,9,60.0,2,0.0,0,0,1,0,268.0,60.0,61.0,1,EW_GREEN,hold,,,
3429.0,2,56,420.0,7.5,1,0.0,1,0.0,9,64.0,2,0.0,0,0,1,0,285.0,64.0,71.0,1,EW_GREEN,hold,,,
3430.0,2,56,454.0,8.107,1,0.0,1,0.0,9,68.0,2,0.0,0,0,1,0,305.0,68.0,81.0,1,EW_GREEN,hold,,,
3431.0,2,55,489.0,8.891,1,0.0,1,0.0,9,72.0,3,0.0,0,0,1,0,326.0,72.0,91.0,1,EW_GREEN,hold,,,
3432.0,2,56,524.0,9.357,1,0.0,1,0.0,10,76.0,3,0.0,0,0,1,0,347.0,76.0,101.0,1,EW_GREEN,hold,,,
3433.0,2,58,561.0,9.672,2,0.0,2,0.0,10,81.0,3,0.0,0,0,1,0,369.0,81.0,111.0,1,EW_GREEN,hold,,,
3434.0,2,60,601.0,10.017,3,0.0,3,0.0,10,86.0,3,1.0,0,0,1,0,392.0,87.0,122.0,1,EW_GREEN,hold,,,
3435.0,2,60,641.0,10.683,3,0.0,3,0.0,10,91.0,3,2.0,0,0,1,0,415.0,93.0,133.0,1,EW_GREEN,hold,,,
3436.0,2,59,681.0,11.542,3,0.0,3,0.0,10,96.0,3,3.0,0,0,2,0,438.0,99.0,144.0,1,EW_GREEN,hold,,,
3437.0,2,59,721.0,12.22,3,0.0,3,0.0,10,101.0,3,4.0,0,0,2,0,461.0,105.0,155.0,1,EW_GREEN,hold,,,
3438.0,2,59,761.0,12.898,3,0.0,3,0.0,10,106.0,4,5.0,0,0,2,0,484.0,111.0,166.0,1,EW_GREEN,hold,,,
3439.0,2,60,802.0,13.367,3,0.0,3,0.0,11,112.0,4,6.0,0,0,2,0,507.0,118.0,177.0,1,EW_GREEN,hold,,,
3440.0,2,61,844.0,13.836,3,0.0,3,0.0,11,118.0,5,7.0,0,0,2,0,530.0,125.0,189.0,1,EW_GREEN,hold,,,
3441.0,2,60,886.0,14.767,3,0.0,3,0.0,11,124.0,5,8.0,0,0,2,0,553.0,132.0,201.0,1,EW_GREEN,hold,,,
3442.0,2,61,928.0,15.213,3,0.0,3,0.0,12,130.0,5,9.0,0,0,4,0,576.0,139.0,213.0,1,EW_GREEN,hold,,,
3443.0,2,61,971.0,15.918,3,0.0,3,0.0,12,137.0,5,10.0,0,0,4,0,599.0,147.0,225.0,1,EW_GREEN,hold,,,
3444.0,2,60,1014.0,16.9,3,0.0,3,0.0,12,144.0,5,11.0,0,0,4,0,622.0,155.0,237.0,1,EW_GREEN,hold,,,
3445.0,2,60,1057.0,17.617,3,0.0,3,0.0,12,151.0,5,12.0,0,0,4,0,645.0,163.0,249.0,1,EW_GREEN,hold,,,
3446.0,3,58,970.0,16.724,3,0.0,3,0.0,13,158.0,5,13.0,0,0,4,0,622.0,171.0,177.0,1,EW_GREEN,hold,,,
3447.0,3,59,889.0,15.068,3,0.0,3,0.0,13,165.0,5,14.0,0,0,4,0,599.0,179.0,111.0,1,EW_GREEN,hold,,,
3448.0,3,59,818.0,13.864,3,0.0,3,0.0,13,172.0,5,15.0,0,0,4,0,576.0,187.0,55.0,1,EW_GREEN,hold,,,
3449.0,0,52,648.0,12.462,3,0.0,3,0.0,10,63.0,4,0.0,0,0,1,0,552.0,63.0,33.0,1,EW_GREEN,hold,,,
3450.0,0,51,554.0,10.863,3,1.0,3,0.0,11,14.0,3,0.0,0,0,0,0,528.0,15.0,11.0,1,EW_GREEN,hold,,,
3451.0,0,48,511.0,10.646,3,3.0,3,1.0,10,3.0,3,0.0,2,2,0,0,504.0,7.0,0.0,1,EW_GREEN,hold,,,
3452.0,0,48,488.0,10.167,3,5.0,3,3.0,10,0.0,2,0.0,1,1,0,0,480.0,8.0,0.0,0,EW_GREEN,hold,,,
3453.0,0,48,462.0,9.625,3,4.0,3,3.0,10,0.0,2,0.0,0,0,0,0,455.0,7.0,0.0,0,EW_GREEN,hold,,,
3454.0,0,48,480.0,10.0,3,5.0,3,4.0,9,0.0,2,0.0,0,0,0,0,471.0,9.0,0.0,0,EW_GREEN,hold,,,
3455.0,0,45,455.0,10.111,3,6.0,3,5.0,8,0.0,2,0.0,0,0,0,0,444.0,11.0,0.0,0,EW_GREEN,hold,,,
3456.0,0,45,430.0,9.556,3,7.0,3,6.0,8,0.0,2,0.0,0,0,0,0,417.0,13.0,0.0,0,EW_GREEN,hold,,,
3457.0,0,51,406.0,7.961,4,8.0,4,8.0,8,0.0,2,0.0,0,0,0,0,390.0,16.0,0.0,0,EW_GREEN,hold,,,
3458.0,0,50,382.0,7.64,4,10.0,4,10.0,7,0.0,2,0.0,0,0,0,0,362.0,20.0,0.0,0,EW_GREEN,hold,,,
3459.0,0,52,358.0,6.885,4,12.0,4,12.0,8,0.0,2,0.0,0,0,0,0,334.0,24.0,0.0,0,EW_GREEN,hold,,,
3460.0,0,53,334.0,6.302,4,14.0,4,14.0,8,0.0,2,0.0,0,0,0,0,306.0,28.0,0.0,0,EW_GREEN,hold,,,
3461.0,0,52,309.0,5.942,4,16.0,4,16.0,7,0.0,2,0.0,0,0,0,0,277.0,32.0,0.0,0,EW_GREEN,hold,,,
3462.0,0,51,284.0,5.569,4,18.0,4,18.0,7,0.0,2,0.0,0,0,0,0,248.0,36.0,0.0,0,EW_GREEN,hold,,,
3463.0,0,53,296.0,5.585,4,20.0,4,20.0,8,0.0,2,0.0,0,0,0,0,256.0,40.0,0.0,0,EW_YELLOW,max_green,,,
3464.0,3,53,269.0,5.075,4,22.0,4,22.0,8,0.0,2,0.0,0,0,0,0,225.0,44.0,0.0,0,EW_YELLOW,hold,,,
3465.0,3,52,241.0,4.635,4,24.0,4,24.0,8,0.0,2,0.0,0,0,0,0,193.0,48.0,0.0,0,EW_YELLOW,hold,,,
3466.0,3,53,213.0,4.019,4,26.0,4,26.0,9,0.0,2,0.0,0,0,0,0,161.0,52.0,0.0,0,NS_GREEN,yellow_end,,,
3467.0,0,53,184.0,3.472,4,28.0,4,28.0,9,0.0,2,0.0,0,0,0,0,128.0,56.0,0.0,0,NS_GREEN,hold,,,
3468.0,0,53,154.0,2.906,4,30.0,4,30.0,10,0.0,1,0.0,0,0,0,0,94.0,60.0,0.0,0,NS_GREEN,hold,,,
3469.0,0,54,161.0,2.981,4,32.0,4,32.0,10,0.0,1,0.0,0,0,0,0,97.0,64.0,0.0,0,NS_GREEN,hold,,,
3470.0,0,53,130.0,2.453,4,34.0,4,34.0,10,0.0,0,0.0,0,0,0,0,62.0,68.0,0.0,0,NS_GREEN,hold,,,
3471.0,0,52,98.0,1.885,4,36.0,4,36.0,9,0.0,0,0.0,2,0,0,0,26.0,72.0,0.0,0,NS_GREEN,hold,,,
3472.0,0,51,104.0,2.039,4,39.0,4,38.0,9,0.0,0,0.0,2,2,0,0,27.0,77.0,0.0,0,NS_GREEN,hold,,,
3473.0,0,53,113.0,2.132,4,43.0,4,41.0,10,0.0,0,0.0,4,2,0,0,29.0,84.0,0.0,0,NS_GREEN,hold,,,
3474.0,0,53,124.0,2.34,4,47.0,4,44.0,10,0.0,1,0.0,4,4,0,0,32.0,91.0,1.0,0,NS_YELLOW,pressure_ew,,,
3475.0,1,55,136.0,2.473,4,51.0,4,48.0,11,0.0,1,0.0,4,4,0,0,35.0,99.0,2.0,0,NS_YELLOW,hold,,,
3476.0,1,54,145.0,2.685,4,55.0,4,52.0,11,0.0,1,0.0,4,4,0,0,35.0,107.0,3.0,0,NS_YELLOW,hold,,,
3477.0,1,54,154.0,2.852,4,59.0,4,56.0,11,0.0,1,0.0,4,4,0,0,35.0,115.0,4.0,0,EW_GREEN,yellow_end,,,
3478.0,2,52,65.0,1.25,2,13.0,2,10.0,12,1.0,1,0.0,2,2,0,0,36.0,24.0,5.0,0,EW_GREEN,hold,,,
3479.0,2,53,44.0,0.83,2,0.0,2,0.0,12,2.0,1,0.0,0,0,0,0,36.0,2.0,6.0,0,EW_GREEN,hold,,,
3480.0,2,53,46.0,0.868,2,0.0,2,0.0,12,3.0,1,0.0,0,0,0,0,36.0,3.0,7.0,0,EW_GREEN,hold,,,
3481.0,2,56,50.0,0.893,4,0.0,4,0.0,12,5.0,1,0.0,0,0,0,0,37.0,5.0,8.0,0,EW_GREEN,hold,,,
3482.0,2,58,53.0,0.914,5,0.0,5,0.0,12,7.0,1,0.0,0,0,0,0,37.0,7.0,9.0,0,EW_GREEN,hold,,,
3483.0,2,57,58.0,1.018,5,0.0,5,0.0,12,9.0,1,0.0,0,0,0,0,39.0,9.0,10.0,0,EW_GREEN,hold,,,
3484.0,2,58,66.0,1.138,5,0.0,5,1.0,13,11.0,1,0.0,0,0,0,0,43.0,12.0,11.0,0,EW_GREEN,hold,,,
3485.0,2,57,31.0,0.544,5,1.0,5,2.0,13,13.0,1,0.0,0,0,0,0,3.0,16.0,12.0,0,EW_YELLOW,pressure_ns,,,
3486.0,3,55,39.0,0.709,5,2.0,5,4.0,13,15.0,1,0.0,0,0,0,0,5.0,21.0,13.0,0,EW_YELLOW,hold,,,
3487.0,3,56,50.0,0.893,5,3.0,5,6.0,14,19.0,1,0.0,0,0,0,0,8.0,28.0,14.0,0,EW_YELLOW,hold,,,
3488.0,3,56,62.0,1.107,5,5.0,5,8.0,14,23.0,1,0.0,0,0,0,0,11.0,36.0,15.0,0,NS_GREEN,yellow_end,,,
3489.0,0,56,53.0,0.946,5,7.0,5,10.0,12,6.0,1,0.0,0,0,0,0,14.0,23.0,16.0,0,NS_GREEN,hold,,,
3490.0,0,55,60.0,1.091,5,9.0,5,12.0,11,4.0,1,0.0,0,0,0,0,18.0,25.0,17.0,0,NS_GREEN,hold,,,
3491.0,0,54,48.0,0.889,5,11.0,5,14.0,11,0.0,1,0.0,0,0,0,0,23.0,25.0,0.0,0,NS_GREEN,hold,,,
3492.0,0,52,58.0,1.115,5,13.0,5,16.0,9,0.0,1,0.0,0,0,0,0,28.0,29.0,1.0,0,NS_GREEN,hold,,,
3493.0,0,56,69.0,1.232,5,15.0,5,18.0,9,0.0,1,0.0,0,0,0,0,34.0,33.0,2.0,0,NS_GREEN,hold,,,
3494.0,0,56,83.0,1.482,5,17.0,5,20.0,9,0.0,1,0.0,0,0,0,0,41.0,37.0,5.0,0,NS_GREEN,hold,,,
3495.0,0,58,98.0,1.69,5,19.0,5,22.0,7,0.0,2,0.0,0,0,0,0,48.0,41.0,9.0,0,NS_GREEN,hold,,,
3496.0,0,58,114.0,1.966,5,21.0,5,24.0,7,0.0,2,0.0,0,0,0,0,56.0,45.0,13.0,0,NS_GREEN,hold,,,
3497.0,0,59,132.0,2.237,5,24.0,5,26.0,6,0.0,2,0.0,0,0,0,0,65.0,50.0,17.0,0,NS_GREEN,hold,,,
3498.0,0,61,152.0,2.492,5,27.0,5,29.0,6,0.0,2,0.0,0,0,0,0,75.0,56.0,21.0,0,NS_GREEN,hold,,,
3499.0,0,62,175.0,2.823,5,31.0,5,33.0,6,0.0,2,0.0,3,3,0,0,86.0,64.0,25.0,0,NS_GREEN,hold,,,
3500.0,0,62,198.0,3.194,5,35.0,5,37.0,6,0.0,2,0.0,2,2,0,0,97.0,72.0,29.0,0,NS_GREEN,hold,,,
3501.0,0,62,207.0,3.339,5,31.0,5,34.0,6,0.0,2,0.0,0,0,0,0,109.0,65.0,33.0,0,NS_GREEN,hold,,,
3502.0,0,62,228.0,3.677,5,33.0,5,36.0,6,0.0,2,0.0,0,0,0,0,122.0,69.0,37.0,0,NS_GREEN,hold,,,
3503.0,0,59,249.0,4.22,5,36.0,5,38.0,5,0.0,2,0.0,0,0,0,0,134.0,74.0,41.0,0,NS_GREEN,hold,,,
3504.0,0,59,272.0,4.61,5,40.0,5,41.0,5,0.0,2,0.0,2,2,0,0,146.0,81.0,45.0,0,NS_GREEN,hold,,,
3505.0,0,61,299.0,4.902,6,44.0,6,45.0,5,0.0,1,0.0,0,0,0,0,160.0,89.0,50.0,0,NS_GREEN,hold,,,
3506.0,0,61,327.0,5.361,6,48.0,6,49.0,5,0.0,1,0.0,0,0,0,0,175.0,97.0,55.0,0,NS_GREEN,hold,,,
3507.0,0,62,356.0,5.742,6,52.0,6,53.0,4,0.0,1,0.0,0,0,0,0,191.0,105.0,60.0,0,NS_GREEN,hold,,,
3508.0,0,61,385.0,6.311,6,56.0,6,57.0,4,0.0,1,0.0,0,0,0,0,207.0,113.0,65.0,0,NS_GREEN,hold,,,
3509.0,0,63,415.0,6.587,6,60.0,6,61.0,4,0.0,2,0.0,0,0,0,0,224.0,121.0,70.0,0,NS_GREEN,hold,,,
3510.0,0,63,445.0,7.063,6,64.0,6,65.0,4,0.0,2,0.0,0,0,0,0,241.0,129.0,75.0,0,NS_GREEN,hold,,,
3511.0,0,64,476.0,7.438,6,68.0,6,69.0,4,0.0,2,0.0,0,0,0,0,259.0,137.0,80.0,0,NS_GREEN,hold,,,
3512.0,0,65,509.0,7.831,6,72.0,6,73.0,4,0.0,3,0.0,0,0,0,0,279.0,145.0,85.0,0,NS_YELLOW,pressure_ew,,,
3513.0,1,65,542.0,8.338,6,76.0,6,77.0,4,0.0,3,0.0,0,0,0,0,299.0,153.0,90.0,0,NS_YELLOW,hold,,,
3514.0,1,63,545.0,8.651,6,80.0,6,81.0,4,0.0,3,0.0,0,0,0,0,289.0,161.0,95.0,0,NS_YELLOW,hold,,,
3515.0,1,64,546.0,8.531,6,84.0,6,85.0,5,0.0,3,0.0,0,0,0,0,277.0,169.0,100.0,0,EW_GREEN,yellow_end,,,
3516.0,2,62,423.0,6.823,5,27.0,5,25.0,5,1.0,3,0.0,0,0,0,0,265.0,53.0,105.0,0,EW_GREEN,hold,,,
3517.0,2,59,368.0,6.237,4,0.0,4,0.0,5,2.0,3,0.0,0,0,0,0,256.0,2.0,110.0,0,EW_GREEN,hold,,,
3518.0,2,60,365.0,6.083,4,0.0,4,0.0,6,3.0,3,0.0,0,0,0,0,247.0,3.0,115.0,0,EW_GREEN,hold,,,
3519.0,2,59,364.0,6.169,3,0.0,3,0.0,6,5.0,3,0.0,0,0,1,0,238.0,5.0,121.0,0,EW_GREEN,hold,,,
3520.0,2,55,281.0,5.109,3,0.0,3,0.0,6,7.0,3,0.0,0,0,1,0,229.0,7.0,45.0,0,EW_GREEN,hold,,,
3521.0,2,54,230.0,4.259,2,0.0,2,0.0,7,9.0,3,0.0,0,0,1,0,221.0,9.0,0.0,0,EW_GREEN,hold,,,
3522.0,2,54,223.0,4.13,2,0.0,2,0.0,7,11.0,3,0.0,0,0,1,0,212.0,11.0,0.0,0,EW_GREEN,hold,,,
3523.0,2,52,215.0,4.135,2,0.0,2,0.0,7,13.0,3,0.0,0,0,1,0,202.0,13.0,0.0,0,EW_GREEN,hold,,,
3524.0,2,51,206.0,4.039,2,0.0,2,0.0,7,15.0,3,0.0,0,0,1,0,191.0,15.0,0.0,0,EW_GREEN,hold,,,
3525.0,2,50,199.0,3.98,2,0.0,2,1.0,8,17.0,3,0.0,0,1,1,0,181.0,18.0,0.0,0,EW_GREEN,hold,,,
3526.0,2,49,193.0,3.939,2,0.0,2,2.0,8,19.0,3,0.0,0,1,1,0,172.0,21.0,0.0,0,EW_GREEN,hold,,,
3527.0,2,48,186.0,3.875,2,0.0,2,3.0,8,21.0,3,0.0,0,1,1,0,162.0,24.0,0.0,0,EW_GREEN,hold,,,
3528.0,2,48,203.0,4.229,2,1.0,2,4.0,9,23.0,3,1.0,1,1,1,0,174.0,29.0,0.0,0,EW_GREEN,hold,,,
3529.0,2,51,217.0,4.255,3,2.0,3,5.0,9,26.0,3,2.0,0,0,1,0,182.0,35.0,0.0,0,EW_GREEN,hold,,,
3530.0,2,53,209.0,3.943,4,3.0,4,6.0,9,29.0,3,3.0,0,0,1,0,168.0,41.0,0.0,0,EW_GREEN,hold,,,
3531.0,2,53,199.0,3.755,4,4.0,4,7.0,10,32.0,3,4.0,0,0,1,0,152.0,47.0,0.0,0,EW_GREEN,hold,,,
3532.0,2,52,190.0,3.654,4,5.0,4,8.0,10,35.0,3,5.0,0,0,1,0,137.0,53.0,0.0,0,EW_GREEN,hold,,,
3533.0,2,51,172.0,3.373,4,6.0,3,0.0,10,38.0,3,6.0,0,0,1,0,122.0,50.0,0.0,0,EW_GREEN,hold,,,
3534.0,2,51,161.0,3.157,4,7.0,3,0.0,10,41.0,3,7.0,0,0,0,0,106.0,55.0,0.0,0,EW_GREEN,hold,,,
3535.0,2,51,148.0,2.902,4,8.0,3,0.0,10,44.0,3,8.0,0,0,0,0,88.0,60.0,0.0,0,EW_GREEN,hold,,,
3536.0,2,49,129.0,2.633,3,0.0,3,0.0,10,47.0,3,9.0,0,0,0,0,73.0,56.0,0.0,0,EW_GREEN,hold,,,
3537.0,2,48,138.0,2.875,3,0.0,3,0.0,11,50.0,3,10.0,0,0,0,0,78.0,60.0,0.0,0,EW_GREEN,hold,,,
3538.0,2,47,101.0,2.149,3,0.0,3,0.0,11,53.0,3,11.0,0,0,0,0,37.0,64.0,0.0,0,EW_GREEN,hold,,,
3539.0,2,47,88.0,1.872,3,0.0,3,0.0,11,57.0,3,12.0,0,0,0,0,19.0,69.0,0.0,0,EW_GREEN,hold,,,
3540.0,2,48,96.0,2.0,3,0.0,3,0.0,12,61.0,3,14.0,0,0,0,2,21.0,75.0,0.0,0,EW_GREEN,hold,,,
3541.0,2,49,104.0,2.122,3,0.0,3,0.0,12,65.0,3,16.0,0,0,0,2,23.0,81.0,0.0,0,EW_GREEN,hold,,,
3542.0,2,50,112.0,2.24,3,0.0,3,0.0,13,69.0,3,18.0,0,0,0,2,25.0,87.0,0.0,0,EW_GREEN,hold,,,
3543.0,2,49,121.0,2.469,2,0.0,3,0.0,13,73.0,3,21.0,0,0,0,3,27.0,94.0,0.0,0,EW_GREEN,hold,,,
3544.0,2,48,130.0,2.708,2,0.0,2,0.0,13,77.0,3,24.0,0,0,0,3,29.0,101.0,0.0,0,EW_GREEN,hold,,,
3545.0,2,46,139.0,3.022,1,0.0,2,0.0,13,81.0,3,27.0,0,0,0,3,31.0,108.0,0.0,0,EW_GREEN,hold,,,
3546.0,2,46,148.0,3.217,1,0.0,1,0.0,13,85.0,4,30.0,0,0,0,1,33.0,115.0,0.0,0,EW_GREEN,hold,,,
3547.0,2,46,159.0,3.457,1,0.0,1,0.0,13,89.0,4,33.0,0,0,0,1,36.0,122.0,1.0,0,EW_GREEN,hold,,,
3548.0,2,47,172.0,3.66,1,0.0,1,0.0,14,94.0,4,36.0,0,0,0,1,40.0,130.0,2.0,0,EW_GREEN,hold,,,
3549.0,2,48,185.0,3.854,1,0.0,1,0.0,14,99.0,4,39.0,0,0,0,1,44.0,138.0,3.0,0,EW_GREEN,hold,,,
3550.0,2,50,195.0,3.9,1,0.0,1,0.0,15,104.0,4,42.0,0,0,0,1,45.0,146.0,4.0,0,EW_GREEN,hold,,,
3551.0,2,49,205.0,4.184,1,0.0,1,0.0,15,109.0,4,45.0,0,0,0,1,46.0,154.0,5.0,0,EW_GREEN,hold,,,
3552.0,2,50,217.0,4.34,1,0.0,1,0.0,15,115.0,4,48.0,0,0,0,1,48.0,163.0,6.0,0,EW_GREEN,hold,,,
3553.0,2,53,229.0,4.321,2,0.0,2,0.0,16,122.0,4,51.0,0,0,0,1,49.0,173.0,7.0,0,EW_GREEN,hold,,,
3554.0,2,53,240.0,4.528,2,0.0,2,0.0,16,129.0,4,54.0,0,0,0,1,49.0,183.0,8.0,0,EW_GREEN,hold,,,
3555.0,2,53,253.0,4.774,2,0.0,2,0.0,16,136.0,4,57.0,0,0,0,1,51.0,193.0,9.0,0,EW_GREEN,hold,,,
3556.0,2,53,266.0,5.019,2,0.0,2,0.0,16,143.0,4,60.0,0,0,0,1,53.0,203.0,10.0,0,EW_GREEN,hold,,,
3557.0,2,54,281.0,5.204,2,0.0,2,0.0,17,151.0,4,63.0,0,0,0,1,56.0,214.0,11.0,0,EW_GREEN,hold,,,
3558.0,3,54,296.0,5.481,2,0.0,2,0.0,17,159.0,4,66.0,0,0,0,1,59.0,225.0,12.0,0,EW_GREEN,hold,,,
3559.0,3,52,253.0,4.865,2,0.0,2,0.0,17,167.0,4,69.0,0,0,0,1,4.0,236.0,13.0,0,EW_GREEN,hold,,,
3560.0,3,54,269.0,4.981,2,0.0,2,0.0,18,176.0,4,72.0,0,0,0,1,7.0,248.0,14.0,0,EW_GREEN,hold,,,
3561.0,0,49,121.0,2.469,2,0.0,2,0.0,15,73.0,2,22.0,0,0,0,0,11.0,95.0,15.0,0,EW_GREEN,hold,,,
3562.0,0,49,51.0,1.041,2,0.0,2,0.0,15,20.0,2,0.0,0,0,0,0,15.0,20.0,16.0,0,EW_GREEN,hold,,,
3563.0,0,50,38.0,0.76,2,0.0,2,0.0,15,1.0,2,0.0,0,0,0,0,20.0,1.0,17.0,0,EW_GREEN,hold,,,
3564.0,0,47,44.0,0.936,2,0.0,2,0.0,12,0.0,2,0.0,0,0,0,0,26.0,0.0,18.0,0,EW_GREEN,hold,,,
3565.0,0,50,32.0,0.64,2,0.0,2,0.0,12,0.0,1,0.0,0,0,0,0,32.0,0.0,0.0,0,EW_GREEN,hold,,,
3566.0,0,51,37.0,0.725,2,0.0,2,0.0,12,0.0,1,0.0,0,0,0,0,37.0,0.0,0.0,0,EW_GREEN,hold,,,
3567.0,0,52,44.0,0.846,2,0.0,2,0.0,11,0.0,1,0.0,0,0,0,0,44.0,0.0,0.0,0,EW_GREEN,hold,,,
3568.0,0,52,52.0,1.0,2,0.0,2,0.0,11,0.0,1,0.0,0,0,0,0,52.0,0.0,0.0,0,EW_GREEN,hold,,,
3569.0,0,53,61.0,1.151,2,0.0,2,0.0,9,0.0,2,0.0,0,0,0,0,61.0,0.0,0.0,0,EW_GREEN,hold,,,
3570.0,0,53,71.0,1.34,2,1.0,2,0.0,9,0.0,2,0.0,1,0,0,0,70.0,1.0,0.0,0,EW_GREEN,hold,,,
3571.0,0,54,83.0,1.537,2,2.0,2,1.0,8,0.0,2,0.0,1,1,0,0,80.0,3.0,0.0,0,EW_GREEN,hold,,,
3572.0,0,56,96.0,1.714,2,3.0,2,2.0,7,0.0,2,0.0,1,1,0,0,91.0,5.0,0.0,0,EW_GREEN,hold,,,
3573.0,0,56,110.0,1.964,2,4.0,2,3.0,7,0.0,2,0.0,1,0,0,0,103.0,7.0,0.0,0,EW_GREEN,hold,,,
3574.0,0,57,125.0,2.193,2,5.0,2,4.0,7,0.0,2,0.0,0,0,0,0,115.0,9.0,1.0,0,EW_GREEN,hold,,,
3575.0,0,56,141.0,2.518,2,6.0,2,5.0,7,0.0,2,0.0,0,0,0,0,128.0,11.0,2.0,0,EW_YELLOW,max_green,,,
3576.0,3,57,158.0,2.772,2,7.0,2,6.0,8,0.0,2,0.0,0,0,0,0,142.0,13.0,3.0,0,EW_YELLOW,hold,,,
3577.0,3,59,175.0,2.966,3,8.0,3,7.0,8,0.0,2,0.0,0,0,0,0,156.0,15.0,4.0,0,EW_YELLOW,hold,,,
3578.0,3,60,193.0,3.217,4,9.0,4,8.0,8,0.0,2,0.0,0,0,0,0,171.0,17.0,5.0,0,NS_GREEN,yellow_end,,,
3579.0,0,58,212.0,3.655,4,10.0,4,9.0,8,0.0,1,0.0,0,0,0,0,187.0,19.0,6.0,0,NS_GREEN,hold,,,
3580.0,0,58,233.0,4.017,4,11.0,4,10.0,8,0.0,1,0.0,0,0,0,0,204.0,21.0,8.0,0,NS_GREEN,hold,,,
3581.0,0,60,254.0,4.233,4,12.0,4,11.0,8,0.0,1,0.0,0,0,0,0,221.0,23.0,10.0,0,NS_GREEN,hold,,,
3582.0,0,59,276.0,4.678,4,13.0,4,12.0,6,0.0,2,0.0,0,0,0,0,239.0,25.0,12.0,0,NS_GREEN,hold,,,
3583.0,0,59,299.0,5.068,4,14.0,4,13.0,5,0.0,3,0.0,0,0,0,0,258.0,27.0,14.0,0,NS_GREEN,hold,,,
3584.0,0,60,323.0,5.383,4,15.0,4,14.0,4,0.0,3,0.0,0,0,0,0,278.0,29.0,16.0,0,NS_GREEN,hold,,,
3585.0,0,60,347.0,5.783,4,16.0,4,15.0,4,0.0,3,0.0,0,0,0,0,298.0,31.0,18.0,0,NS_GREEN,hold,,,
3586.0,0,60,372.0,6.2,4,17.0,4,16.0,4,0.0,3,0.0,0,0,0,0,319.0,33.0,20.0,0,NS_YELLOW,pressure_ew,,,
3587.0,1,61,397.0,6.508,4,18.0,4,17.0,5,0.0,3,0.0,0,0,0,0,340.0,35.0,22.0,0,NS_YELLOW,hold,,,
3588.0,1,60,390.0,6.5,4,19.0,4,18.0,5,0.0,3,0.0,0,0,0,0,329.0,37.0,24.0,0,NS_YELLOW,hold,,,
3589.0,1,60,385.0,6.417,4,20.0,4,19.0,5,0.0,3,0.0,0,0,0,0,320.0,39.0,26.0,0,EW_GREEN,yellow_end,,,
3590.0,2,58,338.0,5.828,3,0.0,3,0.0,5,0.0,3,0.0,0,0,0,0,310.0,0.0,28.0,0,EW_GREEN,hold,,,
3591.0,2,57,331.0,5.807,3,0.0,2,0.0,5,1.0,3,0.0,0,0,0,0,300.0,1.0,30.0,0,EW_GREEN,hold,,,
3592.0,2,58,324.0,5.586,3,0.0,2,0.0,6,2.0,3,0.0,0,0,0,0,290.0,2.0,32.0,0,EW_GREEN,hold,,,
3593.0,2,56,317.0,5.661,3,0.0,1,0.0,6,3.0,3,0.0,0,0,0,0,280.0,3.0,34.0,0,EW_GREEN,hold,,,
3594.0,2,54,289.0,5.352,2,0.0,1,0.0,7,4.0,3,0.0,0,0,0,0,270.0,4.0,15.0,0,EW_GREEN,hold,,,
3595.0,2,53,265.0,5.0,1,0.0,1,0.0,7,5.0,3,0.0,0,0,0,0,259.0,5.0,1.0,0,EW_GREEN,hold,,,
3596.0,2,51,253.0,4.961,1,0.0,1,0.0,7,6.0,3,0.0,0,0,0,0,247.0,6.0,0.0,0,EW_GREEN,hold,,,
3597.0,2,49,242.0,4.939,1,0.0,0,0.0,7,7.0,3,0.0,0,0,0,0,235.0,7.0,0.0,0,EW_GREEN,hold,,,
3598.0,2,47,260.0,5.532,1,0.0,0,0.0,8,9.0,3,0.0,0,0,1,0,251.0,9.0,0.0,0,EW_GREEN,hold,,,
3599.0,2,46,252.0,5.478,0,0.0,0,0.0,8,12.0,3,0.0,0,0,1,0,240.0,12.0,0.0,0,EW_GREEN,hold,,,
3600.0,2,44,243.0,5.523,0,0.0,0,0.0,9,15.0,3,0.0,0,0,1,0,228.0,15.0,0.0,0,EW_GREEN,hold,,,
3601.0,2,43,234.0,5.442,0,0.0,0,0.0,9,18.0,3,0.0,0,0,1,0,216.0,18.0,0.0,0,EW_GREEN,hold,,,
3602.0,2,43,225.0,5.233,0,0.0,0,0.0,10,21.0,3,1.0,0,0,1,0,203.0,22.0,0.0,0,EW_GREEN,hold,,,
3603.0,2,43,216.0,5.023,0,0.0,0,0.0,10,24.0,3,2.0,0,0,0,0,190.0,26.0,0.0,0,EW_GREEN,hold,,,
3604.0,2,41,206.0,5.024,0,0.0,0,0.0,10,27.0,3,3.0,0,0,0,0,176.0,30.0,0.0,0,EW_GREEN,hold,,,
3605.0,2,41,221.0,5.39,0,0.0,0,0.0,11,30.0,3,4.0,0,0,0,0,187.0,34.0,0.0,0,EW_GREEN,hold,,,
3606.0,2,40,209.0,5.225,0,0.0,0,0.0,11,33.0,3,5.0,0,0,0,0,171.0,38.0,0.0,0,EW_GREEN,hold,,,
3607.0,2,40,197.0,4.925,0,0.0,0,0.0,11,36.0,3,6.0,0,0,0,0,155.0,42.0,0.0,0,EW_GREEN,hold,,,
3608.0,2,39,185.0,4.744,0,0.0,0,0.0,11,39.0,3,7.0,0,0,0,0,139.0,46.0,0.0,0,EW_GREEN,hold,,,
3609.0,2,40,199.0,4.975,0,0.0,0,0.0,12,43.0,3,8.0,0,0,0,0,148.0,51.0,0.0,0,EW_GREEN,hold,,,
3610.0,2,39,183.0,4.692,0,0.0,0,0.0,12,47.0,3,9.0,0,0,1,0,127.0,56.0,0.0,0,EW_GREEN,hold,,,
3611.0,2,39,169.0,4.333,0,0.0,0,0.0,12,51.0,3,10.0,0,0,0,0,108.0,61.0,0.0,0,EW_GREEN,hold,,,
3612.0,2,40,156.0,3.9,0,0.0,0,0.0,13,55.0,3,11.0,0,0,0,0,90.0,66.0,0.0,0,EW_GREEN,hold,,,
3613.0,2,41,141.0,3.439,0,0.0,0,0.0,13,59.0,3,12.0,0,0,0,0,70.0,71.0,0.0,0,EW_GREEN,hold,,,
3614.0,2,41,128.0,3.122,0,0.0,0,0.0,13,63.0,3,13.0,0,0,0,0,52.0,76.0,0.0,0,EW_GREEN,hold,,,
3615.0,2,42,139.0,3.31,0,0.0,0,0.0,14,67.0,3,15.0,0,0,0,2,57.0,82.0,0.0,0,EW_GREEN,hold,,,
3616.0,2,39,95.0,2.436,0,0.0,0,0.0,14,71.0,3,18.0,0,0,0,3,6.0,89.0,0.0,0,EW_GREEN,hold,,,
3617.0,2,39,101.0,2.59,0,0.0,0,0.0,14,75.0,3,21.0,0,0,0,3,5.0,96.0,0.0,0,EW_GREEN,hold,,,
3618.0,2,39,110.0,2.821,0,0.0,0,0.0,14,79.0,3,24.0,0,0,0,3,7.0,103.0,0.0,0,EW_GREEN,hold,,,
3619.0,2,39,121.0,3.103,0,0.0,0,0.0,14,84.0,3,27.0,0,0,0,3,10.0,111.0,0.0,0,EW_GREEN,hold,,,
3620.0,2,39,133.0,3.41,0,0.0,0,0.0,14,89.0,3,30.0,0,0,0,3,14.0,119.0,0.0,1,EW_GREEN,hold,,,
3621.0,2,39,145.0,3.718,0,0.0,0,0.0,14,94.0,3,33.0,0,0,0,3,18.0,127.0,0.0,1,EW_GREEN,hold,,,
3622.0,2,39,158.0,4.051,0,0.0,0,0.0,14,99.0,3,36.0,0,0,0,3,23.0,135.0,0.0,1,EW_GREEN,hold,,,
3623.0,2,39,171.0,4.385,0,0.0,0,0.0,14,104.0,3,39.0,0,0,0,3,28.0,143.0,0.0,1,EW_GREEN,hold,,,
3624.0,2,39,185.0,4.744,0,0.0,0,0.0,14,109.0,3,42.0,0,0,0,3,34.0,151.0,0.0,1,EW_GREEN,hold,,,
3625.0,2,39,201.0,5.154,0,0.0,0,0.0,14,115.0,3,45.0,0,0,0,3,41.0,160.0,0.0,1,EW_GREEN,hold,,,
3626.0,2,40,218.0,5.45,0,0.0,0,0.0,14,121.0,3,48.0,0,0,0,3,49.0,169.0,0.0,1,EW_GREEN,hold,,,
3627.0,2,40,235.0,5.875,0,0.0,0,0.0,14,127.0,3,51.0,0,0,0,3,57.0,178.0,0.0,1,EW_GREEN,hold,,,
3628.0,2,40,254.0,6.35,0,0.0,0,0.0,14,134.0,3,54.0,0,0,0,3,66.0,188.0,0.0,1,EW_GREEN,hold,,,
3629.0,2,40,273.0,6.825,0,0.0,0,0.0,14,141.0,3,57.0,0,0,0,3,75.0,198.0,0.0,1,EW_GREEN,hold,,,
3630.0,2,41,292.0,7.122,0,0.0,0,0.0,14,148.0,3,60.0,0,0,0,3,84.0,208.0,0.0,1,EW_GREEN,hold,,,
3631.0,2,41,312.0,7.61,0,0.0,0,0.0,14,156.0,3,63.0,0,0,0,3,93.0,219.0,0.0,1,EW_GREEN,hold,,,
3632.0,3,41,334.0,8.146,0,0.0,0,0.0,14,165.0,3,66.0,0,0,0,3,103.0,231.0,0.0,1,EW_GREEN,hold,,,
3633.0,3,41,357.0,8.707,0,0.0,0,0.0,14,174.0,3,69.0,0,0,0,3,114.0,243.0,0.0,1,EW_GREEN,hold,,,
3634.0,3,42,382.0,9.095,0,0.0,0,0.0,14,183.0,3,72.0,0,0,0,3,127.0,255.0,0.0,1,EW_GREEN,hold,,,
3635.0,0,37,244.0,6.595,0,0.0,0,0.0,11,83.0,1,21.0,0,0,0,1,140.0,104.0,0.0,1,EW_GREEN,hold,,,
3636.0,0,37,178.0,4.811,0,0.0,0,0.0,11,25.0,1,0.0,0,0,0,0,153.0,25.0,0.0,1,EW_GREEN,hold,,,
3637.0,0,37,171.0,4.622,0,0.0,0,0.0,11,4.0,1,0.0,0,0,0,0,167.0,4.0,0.0,1,EW_GREEN,hold,,,
3638.0,0,34,182.0,5.353,0,0.0,0,0.0,9,0.0,0,0.0,0,0,0,0,182.0,0.0,0.0,1,EW_GREEN,hold,,,
3639.0,0,38,197.0,5.184,0,0.0,0,0.0,8,0.0,0,0.0,0,0,0,0,197.0,0.0,0.0,1,EW_GREEN,hold,,,
3640.0,0,39,213.0,5.462,0,0.0,0,0.0,8,0.0,0,0.0,0,0,0,0,213.0,0.0,0.0,1,EW_GREEN,hold,,,
3641.0,0,40,231.0,5.775,0,0.0,0,0.0,5,0.0,0,0.0,0,0,0,0,231.0,0.0,0.0,1,EW_GREEN,hold,,,
3642.0,0,39,248.0,6.359,0,0.0,0,0.0,5,0.0,0,0.0,0,0,0,0,248.0,0.0,0.0,1,EW_GREEN,hold,,,
3643.0,0,39,267.0,6.846,0,0.0,0,0.0,2,0.0,0,0.0,0,0,0,0,267.0,0.0,0.0,1,EW_GREEN,hold,,,
3644.0,0,39,287.0,7.359,0,0.0,0,0.0,2,0.0,0,0.0,0,0,0,0,286.0,0.0,1.0,1,EW_GREEN,hold,,,
3645.0,0,40,308.0,7.7,0,0.0,0,0.0,1,0.0,0,0.0,0,0,0,0,306.0,0.0,2.0,1,EW_GREEN,hold,,,
3646.0,0,39,330.0,8.462,0,0.0,0,0.0,0,0.0,0,0.0,0,0,0,0,327.0,0.0,3.0,1,EW_YELLOW,pressure_ns,,,
3647.0,3,40,353.0,8.825,0,0.0,0,0.0,0,0.0,0,0.0,0,0,0,0,349.0,0.0,4.0,1,EW_YELLOW,hold,,,
3648.0,3,40,376.0,9.4,0,0.0,0,0.0,0,0.0,0,0.0,0,0,0,0,371.0,0.0,5.0,1,EW_YELLOW,hold,,,
3649.0,3,41,400.0,9.756,0,0.0,0,0.0,0,0.0,0,0.0,0,0,0,0,394.0,0.0,6.0,1,NS_GREEN,yellow_end,,,
3650.0,0,41,424.0,10.341,0,0.0,0,0.0,0,0.0,0,0.0,0,0,0,0,417.0,0.0,7.0,1,NS_GREEN,hold,,,
3651.0,0,41,449.0,10.951,0,0.0,0,0.0,0,0.0,0,0.0,0,0,0,0,441.0,0.0,8.0,1,NS_GREEN,hold,,,
3652.0,0,41,474.0,11.561,0,0.0,0,0.0,0,0.0,0,0.0,0,0,0,0,465.0,0.0,9.0,1,NS_GREEN,hold,,,
3653.0,0,41,499.0,12.171,0,0.0,0,0.0,0,0.0,0,0.0,0,0,0,0,489.0,0.0,10.0,1,NS_GREEN,hold,,,
3654.0,0,41,524.0,12.78,0,0.0,0,0.0,0,0.0,0,0.0,0,0,0,0,513.0,0.0,11.0,1,NS_GREEN,hold,,,
3655.0,0,41,549.0,13.39,0,0.0,0,0.0,0,0.0,0,0.0,0,0,0,0,537.0,0.0,12.0,1,NS_GREEN,hold,,,
3656.0,0,41,574.0,14.0,0,0.0,0,0.0,0,0.0,0,0.0,0,0,0,0,561.0,0.0,13.0,1,NS_GREEN,hold,,,
3657.0,0,41,599.0,14.61,0,0.0,0,0.0,0,0.0,0,0.0,0,0,0,0,585.0,0.0,14.0,1,NS_YELLOW,pressure_ew,,,
3658.0,1,41,624.0,15.22,0,0.0,0,0.0,0,0.0,0,0.0,0,0,0,0,609.0,0.0,15.0,1,NS_YELLOW,hold,,,
3659.0,1,41,649.0,15.829,0,0.0,0,0.0,0,0.0,0,0.0,0,0,0,0,633.0,0.0,16.0,1,NS_YELLOW,hold,,,
3660.0,1,41,674.0,16.439,0,0.0,0,0.0,0,0.0,0,0.0,0,0,0,0,657.0,0.0,17.0,1,EW_GREEN,yellow_end,,,
3661.0,2,40,651.0,16.275,0,0.0,0,0.0,0,0.0,0,0.0,0,0,0,0,633.0,0.0,18.0,1,EW_GREEN,hold,,,
3662.0,2,40,629.0,15.725,0,0.0,0,0.0,0,0.0,0,0.0,0,0,0,0,610.0,0.0,19.0,1,EW_GREEN,hold,,,
3663.0,2,40,607.0,15.175,0,0.0,0,0.0,0,0.0,0,0.0,0,0,0,0,587.0,0.0,20.0,1,EW_GREEN,hold,,,
3664.0,2,39,584.0,14.974,0,0.0,0,0.0,0,0.0,0,0.0,0,0,0,0,563.0,0.0,21.0,1,EW_GREEN,hold,,,
3665.0,2,40,561.0,14.025,0,0.0,0,0.0,1,0.0,0,0.0,0,0,0,0,539.0,0.0,22.0,1,EW_GREEN,hold,,,
3666.0,2,40,538.0,13.45,0,0.0,0,0.0,1,0.0,0,0.0,0,0,0,0,515.0,0.0,23.0,1,EW_GREEN,hold,,,
3667.0,2,39,514.0,13.179,0,0.0,0,0.0,1,0.0,0,0.0,0,0,0,0,490.0,0.0,24.0,1,EW_GREEN,hold,,,
3668.0,2,38,464.0,12.211,0,0.0,0,0.0,2,0.0,0,0.0,0,0,0,0,464.0,0.0,0.0,1,EW_GREEN,hold,,,
3669.0,2,38,480.0,12.632,0,0.0,0,0.0,2,0.0,0,0.0,0,0,0,0,480.0,0.0,0.0,1,EW_GREEN,hold,,,
3670.0,2,38,453.0,11.921,0,0.0,0,0.0,3,0.0,0,0.0,0,0,0,0,453.0,0.0,0.0,1,EW_GREEN,hold,,,
3671.0,2,36,428.0,11.889,0,0.0,0,0.0,3,0.0,0,0.0,0,0,0,0,428.0,0.0,0.0,1,EW_GREEN,hold,,,
3672.0,2,35,404.0,11.543,0,0.0,0,0.0,3,0.0,0,0.0,0,0,0,0,404.0,0.0,0.0,1,EW_GREEN,hold,,,
3673.0,2,34,380.0,11.176,0,0.0,0,0.0,3,0.0,0,0.0,0,0,0,0,380.0,0.0,0.0,1,EW_GREEN,hold,,,
3674.0,2,33,395.0,11.97,0,0.0,0,0.0,4,0.0,0,0.0,0,0,0,0,395.0,0.0,0.0,1,EW_GREEN,hold,,,
3675.0,2,32,368.0,11.5,0,0.0,0,0.0,4,0.0,0,0.0,0,0,0,0,368.0,0.0,0.0,1,EW_GREEN,hold,,,
3676.0,2,32,342.0,10.688,0,0.0,0,0.0,5,0.0,0,0.0,0,0,0,0,342.0,0.0,0.0,1,EW_GREEN,hold,,,
3677.0,2,32,315.0,9.844,0,0.0,0,0.0,5,0.0,0,0.0,0,0,0,0,315.0,0.0,0.0,1,EW_GREEN,hold,,,
3678.0,2,30,288.0,9.6,0,0.0,0,0.0,5,0.0,0,0.0,0,0,0,0,288.0,0.0,0.0,1,EW_GREEN,hold,,,
3679.0,2,30,260.0,8.667,0,0.0,0,0.0,6,0.0,0,0.0,0,0,0,0,260.0,0.0,0.0,1,EW_GREEN,hold,,,
3680.0,2,28,270.0,9.643,0,0.0,0,0.0,6,0.0,0,0.0,0,0,0,0,270.0,0.0,0.0,1,EW_GREEN,hold,,,
3681.0,2,29,240.0,8.276,0,0.0,0,0.0,7,0.0,0,0.0,0,0,0,0,240.0,0.0,0.0,1,EW_GREEN,hold,,,
3682.0,2,27,209.0,7.741,0,0.0,0,0.0,7,0.0,0,0.0,0,0,0,0,209.0,0.0,0.0,1,EW_GREEN,hold,,,
3683.0,2,28,178.0,6.357,0,0.0,0,0.0,8,0.0,0,0.0,0,0,0,0,178.0,0.0,0.0,1,EW_GREEN,hold,,,
3684.0,2,27,146.0,5.407,0,0.0,0,0.0,8,0.0,0,0.0,0,0,0,0,146.0,0.0,0.0,1,EW_GREEN,hold,,,
3685.0,2,26,113.0,4.346,0,0.0,0,0.0,8,0.0,0,0.0,0,0,0,0,113.0,0.0,0.0,1,EW_GREEN,hold,,,
3686.0,2,26,80.0,3.077,0,0.0,0,0.0,9,0.0,0,0.0,0,0,0,0,80.0,0.0,0.0,1,EW_GREEN,hold,,,
3687.0,2,26,47.0,1.808,0,0.0,0,0.0,9,0.0,0,0.0,0,0,0,0,47.0,0.0,0.0,1,EW_GREEN,hold,,,
3688.0,2,26,50.0,1.923,0,0.0,0,0.0,10,0.0,0,0.0,0,0,0,0,50.0,0.0,0.0,1,EW_GREEN,hold,,,
3689.0,2,26,53.0,2.038,0,0.0,0,0.0,10,0.0,0,0.0,0,0,0,0,53.0,0.0,0.0,1,EW_GREEN,hold,,,
3690.0,2,26,56.0,2.154,0,0.0,0,0.0,10,0.0,0,0.0,0,0,0,0,56.0,0.0,0.0,1,EW_GREEN,hold,,,
3691.0,2,27,59.0,2.185,0,0.0,0,0.0,11,0.0,0,0.0,0,0,0,0,59.0,0.0,0.0,1,EW_GREEN,hold,,,
3692.0,2,28,62.0,2.214,0,0.0,0,0.0,11,0.0,0,0.0,0,0,0,0,62.0,0.0,0.0,1,EW_GREEN,hold,,,
3693.0,2,27,65.0,2.407,0,0.0,0,0.0,11,0.0,0,0.0,0,0,0,0,65.0,0.0,0.0,1,EW_GREEN,hold,,,
3694.0,2,28,68.0,2.429,0,0.0,0,0.0,12,0.0,0,0.0,0,0,0,0,68.0,0.0,0.0,1,EW_GREEN,hold,,,
3695.0,2,28,71.0,2.536,0,0.0,0,0.0,12,0.0,0,0.0,0,0,0,0,71.0,0.0,0.0,1,EW_GREEN,hold,,,
3696.0,2,27,75.0,2.778,0,0.0,0,0.0,12,1.0,0,0.0,0,0,0,0,74.0,1.0,0.0,1,EW_GREEN,hold,,,
3697.0,2,29,79.0,2.724,0,0.0,0,0.0,13,2.0,0,0.0,0,0,0,0,77.0,2.0,0.0,1,EW_GREEN,hold,,,
3698.0,2,29,83.0,2.862,0,0.0,0,0.0,13,3.0,0,0.0,0,0,0,0,80.0,3.0,0.0,1,EW_GREEN,hold,,,
3699.0,2,28,87.0,3.107,0,0.0,0,0.0,13,4.0,0,0.0,0,0,0,0,83.0,4.0,0.0,1,EW_GREEN,hold,,,
3700.0,2,29,91.0,3.138,0,0.0,0,0.0,14,5.0,0,0.0,0,0,0,0,86.0,5.0,0.0,1,EW_GREEN,hold,,,
3701.0,2,29,95.0,3.276,0,0.0,0,0.0,14,6.0,0,0.0,0,0,0,0,89.0,6.0,0.0,1,EW_GREEN,hold,,,
3702.0,2,30,99.0,3.3,0,0.0,0,0.0,15,7.0,0,0.0,0,0,0,0,92.0,7.0,0.0,1,EW_GREEN,hold,,,
3703.0,3,31,104.0,3.355,0,0.0,0,0.0,15,9.0,0,0.0,0,0,0,0,95.0,9.0,0.0,1,EW_GREEN,hold,,,
3704.0,3,31,109.0,3.516,0,0.0,0,0.0,15,11.0,0,0.0,0,0,0,0,98.0,11.0,0.0,1,EW_GREEN,hold,,,
3705.0,3,33,114.0,3.455,0,0.0,0,0.0,16,13.0,0,0.0,0,0,0,0,101.0,13.0,0.0,1,EW_GREEN,hold,,,
3706.0,0,27,1.0,0.037,0,0.0,0,0.0,13,0.0,0,0.0,0,0,0,0,1.0,0.0,0.0,1,EW_GREEN,hold,,,
3707.0,0,27,3.0,0.111,0,0.0,0,0.0,13,0.0,0,0.0,0,0,0,0,3.0,0.0,0.0,1,EW_GREEN,hold,,,
3708.0,0,28,6.0,0.214,0,0.0,0,0.0,13,0.0,0,0.0,0,0,0,0,6.0,0.0,0.0,1,EW_GREEN,hold,,,
3709.0,0,28,10.0,0.357,0,0.0,0,0.0,11,0.0,0,0.0,0,0,0,0,10.0,0.0,0.0,1,EW_GREEN,hold,,,
3710.0,0,29,14.0,0.483,0,0.0,0,0.0,11,0.0,0,0.0,0,0,0,0,14.0,0.0,0.0,1,EW_GREEN,hold,,,
3711.0,0,30,18.0,0.6,0,0.0,0,0.0,10,0.0,0,0.0,0,0,0,0,18.0,0.0,0.0,1,EW_GREEN,hold,,,
3712.0,0,31,23.0,0.742,0,0.0,0,0.0,10,0.0,0,0.0,0,0,0,0,23.0,0.0,0.0,1,EW_GREEN,hold,,,
3713.0,0,30,28.0,0.933,0,0.0,0,0.0,9,0.0,0,0.0,0,0,0,0,28.0,0.0,0.0,1,EW_GREEN,hold,,,
3714.0,0,31,34.0,1.097,0,0.0,0,0.0,9,0.0,0,0.0,0,0,0,0,34.0,0.0,0.0,1,EW_GREEN,hold,,,
3715.0,0,31,41.0,1.323,0,0.0,0,0.0,8,0.0,0,0.0,0,0,0,0,41.0,0.0,0.0,1,EW_GREEN,hold,,,
3716.0,0,32,48.0,1.5,0,0.0,0,0.0,7,0.0,0,0.0,0,0,0,0,48.0,0.0,0.0,1,EW_GREEN,hold,,,
3717.0,0,32,56.0,1.75,0,0.0,0,0.0,7,0.0,0,0.0,0,0,0,0,56.0,0.0,0.0,1,EW_GREEN,hold,,,
3718.0,0,33,64.0,1.939,0,0.0,0,0.0,7,0.0,0,0.0,0,0,0,0,64.0,0.0,0.0,1,EW_GREEN,hold,,,
3719.0,0,33,73.0,2.212,0,0.0,0,0.0,6,0.0,0,0.0,0,0,0,0,73.0,0.0,0.0,1,EW_GREEN,hold,,,
3720.0,0,33,83.0,2.515,0,0.0,0,0.0,6,0.0,0,0.0,0,0,0,0,83.0,0.0,0.0,1,EW_YELLOW,max_green,,,
3721.0,3,34,93.0,2.735,0,0.0,0,0.0,6,0.0,0,0.0,0,0,0,0,93.0,0.0,0.0,1,EW_YELLOW,hold,,,
3722.0,3,34,104.0,3.059,0,0.0,0,0.0,6,0.0,0,0.0,0,0,0,0,104.0,0.0,0.0,1,EW_YELLOW,hold,,,
3723.0,3,35,116.0,3.314,0,0.0,0,0.0,6,0.0,0,0.0,0,0,0,0,116.0,0.0,0.0,1,NS_GREEN,yellow_end,,,
3724.0,0,35,128.0,3.657,0,0.0,0,0.0,6,0.0,0,0.0,0,0,0,0,128.0,0.0,0.0,1,NS_GREEN,hold,,,
3725.0,0,36,141.0,3.917,0,0.0,0,0.0,6,0.0,0,0.0,0,0,0,0,141.0,0.0,0.0,1,NS_GREEN,hold,,,
3726.0,0,35,154.0,4.4,0,0.0,0,0.0,5,0.0,0,0.0,0,0,0,0,154.0,0.0,0.0,1,NS_GREEN,hold,,,
3727.0,0,36,167.0,4.639,0,0.0,0,0.0,5,0.0,0,0.0,0,0,0,0,167.0,0.0,0.0,1,NS_GREEN,hold,,,
3728.0,0,36,182.0,5.056,0,0.0,0,0.0,4,0.0,0,0.0,0,0,0,0,182.0,0.0,0.0,1,NS_GREEN,hold,,,
3729.0,0,36,198.0,5.5,0,0.0,0,0.0,4,0.0,0,0.0,0,0,0,0,198.0,0.0,0.0,1,NS_GREEN,hold,,,
3730.0,0,35,214.0,6.114,0,0.0,0,0.0,2,0.0,0,0.0,0,0,0,0,214.0,0.0,0.0,1,NS_GREEN,hold,,,
3731.0,0,37,231.0,6.243,0,0.0,0,0.0,2,0.0,0,0.0,0,0,0,0,231.0,0.0,0.0,1,NS_YELLOW,pressure_ew,,,
3732.0,1,37,249.0,6.73,0,0.0,0,0.0,1,0.0,0,0.0,0,0,0,0,249.0,0.0,0.0,1,NS_YELLOW,hold,,,
3733.0,1,38,268.0,7.053,0,0.0,0,0.0,1,0.0,0,0.0,0,0,0,0,268.0,0.0,0.0,1,NS_YELLOW,hold,,,
3734.0,1,38,287.0,7.553,0,0.0,0,0.0,1,0.0,0,0.0,0,0,0,0,287.0,0.0,0.0,1,EW_GREEN,yellow_end,,,
3735.0,2,38,306.0,8.053,0,0.0,0,0.0,1,0.0,0,0.0,0,0,0,0,306.0,0.0,0.0,1,EW_GREEN,hold,,,
3736.0,2,38,326.0,8.579,0,0.0,0,0.0,1,0.0,0,0.0,0,0,0,0,326.0,0.0,0.0,1,EW_GREEN,hold,,,
3737.0,2,38,347.0,9.132,0,0.0,0,0.0,1,1.0,0,0.0,0,0,1,0,346.0,1.0,0.0,1,EW_GREEN,hold,,,
3738.0,2,37,369.0,9.973,0,0.0,0,0.0,1,2.0,0,0.0,0,0,1,0,367.0,2.0,0.0,1,EW_GREEN,hold,,,
3739.0,2,37,392.0,10.595,0,0.0,0,0.0,1,3.0,0,0.0,0,0,1,0,389.0,3.0,0.0,1,EW_GREEN,hold,,,
3740.0,2,36,416.0,11.556,0,0.0,0,0.0,1,4.0,0,0.0,0,0,1,0,412.0,4.0,0.0,1,EW_GREEN,hold,,,
3741.0,2,36,440.0,12.222,0,0.0,0,0.0,1,5.0,0,0.0,0,0,1,0,435.0,5.0,0.0,1,EW_GREEN,hold,,,
3742.0,2,36,464.0,12.889,0,0.0,0,0.0,1,6.0,0,0.0,0,0,1,0,458.0,6.0,0.0,1,EW_GREEN,hold,,,
3743.0,2,35,488.0,13.943,0,0.0,0,0.0,1,7.0,0,0.0,0,0,1,0,481.0,7.0,0.0,1,EW_GREEN,hold,,,
3744.0,2,35,512.0,14.629,0,0.0,0,0.0,1,8.0,0,0.0,0,0,1,0,504.0,8.0,0.0,1,EW_GREEN,hold,,,
3745.0,2,34,536.0,15.765,0,0.0,0,0.0,1,9.0,0,0.0,0,0,1,0,527.0,9.0,0.0,1,EW_GREEN,hold,,,
3746.0,2,34,560.0,16.471,0,0.0,0,0.0,1,10.0,0,0.0,0,0,1,0,550.0,10.0,0.0,1,EW_GREEN,hold,,,
3747.0,2,34,584.0,17.176,0,0.0,0,0.0,1,11.0,0,0.0,0,0,1,0,573.0,11.0,0.0,1,EW_GREEN,hold,,,
3748.0,2,34,608.0,17.882,0,0.0,0,0.0,1,12.0,0,0.0,0,0,1,0,596.0,12.0,0.0,1,EW_GREEN,hold,,,
3749.0,2,33,632.0,19.152,0,0.0,0,0.0,1,13.0,0,0.0,0,0,1,0,619.0,13.0,0.0,1,EW_GREEN,hold,,,
3750.0,2,33,656.0,19.879,0,0.0,0,0.0,1,14.0,0,0.0,0,0,1,0,642.0,14.0,0.0,1,EW_GREEN,hold,,,
3751.0,2,31,634.0,20.452,0,0.0,0,0.0,1,15.0,0,0.0,0,0,1,0,619.0,15.0,0.0,1,EW_GREEN,hold,,,
3752.0,2,31,611.0,19.71,0,0.0,0,0.0,1,16.0,0,0.0,0,0,1,0,595.0,16.0,0.0,1,EW_GREEN,hold,,,
3753.0,2,31,587.0,18.935,0,0.0,0,0.0,1,17.0,0,0.0,0,0,1,0,570.0,17.0,0.0,1,EW_GREEN,hold,,,
3754.0,2,30,562.0,18.733,0,0.0,0,0.0,1,18.0,0,0.0,0,0,1,0,544.0,18.0,0.0,1,EW_GREEN,hold,,,
3755.0,2,31,538.0,17.355,0,0.0,0,0.0,2,19.0,0,0.0,0,0,0,0,519.0,19.0,0.0,1,EW_GREEN,hold,,,
3756.0,2,31,514.0,16.581,0,0.0,0,0.0,2,20.0,0,0.0,0,0,0,0,494.0,20.0,0.0,1,EW_GREEN,hold,,,
3757.0,2,30,490.0,16.333,0,0.0,0,0.0,2,21.0,0,0.0,0,0,0,0,468.0,21.0,1.0,0,EW_GREEN,hold,,,
3758.0,2,31,466.0,15.032,0,0.0,0,0.0,3,22.0,0,0.0,0,0,0,0,442.0,22.0,2.0,0,EW_GREEN,hold,,,
3759.0,2,31,483.0,15.581,0,0.0,0,0.0,3,23.0,0,0.0,0,0,0,0,457.0,23.0,3.0,0,EW_GREEN,hold,,,
3760.0,2,32,459.0,14.344,0,0.0,0,0.0,4,24.0,0,0.0,0,0,0,0,430.0,24.0,5.0,1,EW_GREEN,hold,,,
3761.0,2,31,435.0,14.032,0,0.0,0,0.0,4,25.0,0,0.0,0,0,0,0,402.0,25.0,8.0,1,EW_GREEN,hold,,,
3762.0,2,31,411.0,13.258,0,0.0,0,0.0,4,26.0,0,0.0,0,0,0,0,374.0,26.0,11.0,1,EW_GREEN,hold,,,
3763.0,2,30,387.0,12.9,0,0.0,0,0.0,4,27.0,0,0.0,0,0,0,0,345.0,27.0,15.0,1,EW_GREEN,hold,,,
3764.0,2,31,363.0,11.71,0,0.0,0,0.0,5,28.0,0,0.0,0,0,0,0,316.0,28.0,19.0,1,EW_GREEN,hold,,,
3765.0,2,31,341.0,11.0,0,0.0,0,0.0,5,29.0,0,0.0,0,0,0,0,288.0,29.0,24.0,1,EW_GREEN,hold,,,
3766.0,2,30,317.0,10.567,0,0.0,0,0.0,5,30.0,0,0.0,0,0,0,0,258.0,30.0,29.0,1,EW_GREEN,hold,,,
3767.0,2,31,293.0,9.452,0,0.0,0,0.0,6,31.0,0,0.0,0,0,0,0,227.0,31.0,35.0,1,EW_GREEN,hold,,,
3768.0,2,31,269.0,8.677,0,0.0,0,0.0,6,32.0,0,0.0,0,0,0,0,196.0,32.0,41.0,1,EW_GREEN,hold,,,
3769.0,2,30,245.0,8.167,0,0.0,0,0.0,6,33.0,0,0.0,0,0,0,0,164.0,33.0,48.0,1,EW_GREEN,hold,,,
3770.0,2,31,220.0,7.097,0,0.0,0,0.0,7,34.0,0,0.0,0,0,0,0,131.0,34.0,55.0,1,EW_GREEN,hold,,,
3771.0,2,30,233.0,7.767,0,0.0,0,0.0,7,35.0,0,0.0,0,0,0,0,135.0,35.0,63.0,1,EW_GREEN,hold,,,
3772.0,2,31,209.0,6.742,0,0.0,0,0.0,8,36.0,0,0.0,0,0,0,0,102.0,36.0,71.0,1,EW_GREEN,hold,,,
3773.0,2,30,185.0,6.167,0,0.0,0,0.0,8,37.0,0,0.0,0,0,0,0,69.0,37.0,79.0,1,EW_GREEN,hold,,,
3774.0,2,31,160.0,5.161,0,0.0,0,0.0,9,38.0,0,0.0,0,0,0,0,35.0,38.0,87.0,1,EW_GREEN,hold,,,
3775.0,2,31,134.0,4.323,0,0.0,0,0.0,9,39.0,0,0.0,0,0,0,0,0.0,39.0,95.0,1,EW_GREEN,hold,,,
3776.0,2,30,143.0,4.767,0,0.0,0,0.0,9,40.0,0,0.0,0,0,0,0,0.0,40.0,103.0,1,EW_GREEN,hold,,,
3777.0,3,31,152.0,4.903,0,0.0,0,0.0,10,41.0,0,0.0,0,0,0,0,0.0,41.0,111.0,1,EW_GREEN,hold,,,
3778.0,3,31,161.0,5.194,0,0.0,0,0.0,10,42.0,0,0.0,0,0,0,0,0.0,42.0,119.0,1,EW_GREEN,hold,,,
3779.0,3,31,170.0,5.484,0,0.0,0,0.0,10,43.0,0,0.0,0,0,0,0,0.0,43.0,127.0,1,EW_GREEN,hold,,,
3780.0,0,31,135.0,4.355,0,0.0,0,0.0,10,0.0,0,0.0,0,0,0,0,0.0,0.0,135.0,1,EW_GREEN,hold,,,
3781.0,0,31,143.0,4.613,0,0.0,0,0.0,10,0.0,0,0.0,0,0,0,0,0.0,0.0,143.0,1,EW_GREEN,hold,,,
3782.0,0,32,151.0,4.719,0,0.0,0,0.0,11,0.0,0,0.0,0,0,0,0,0.0,0.0,151.0,1,EW_GREEN,hold,,,
3783.0,0,32,159.0,4.969,0,0.0,0,0.0,11,0.0,0,0.0,0,0,0,0,0.0,0.0,159.0,1,EW_GREEN,hold,,,
3784.0,0,31,167.0,5.387,0,0.0,0,0.0,10,0.0,0,0.0,0,0,0,0,0.0,0.0,167.0,0,EW_GREEN,hold,,,
3785.0,0,31,146.0,4.71,0,0.0,0,0.0,10,0.0,0,0.0,0,0,0,0,0.0,0.0,146.0,0,EW_GREEN,hold,,,
3786.0,0,33,126.0,3.818,0,0.0,0,0.0,11,0.0,0,0.0,0,0,0,0,0.0,0.0,126.0,1,EW_GREEN,hold,,,
3787.0,0,31,105.0,3.387,0,0.0,0,0.0,10,0.0,0,0.0,0,0,0,0,0.0,0.0,105.0,1,EW_GREEN,hold,,,
3788.0,0,32,84.0,2.625,0,0.0,0,0.0,10,0.0,0,0.0,0,0,0,0,0.0,0.0,84.0,1,EW_GREEN,hold,,,
3789.0,0,31,63.0,2.032,0,0.0,0,0.0,10,0.0,0,0.0,0,0,0,0,0.0,0.0,63.0,1,EW_GREEN,hold,,,
3790.0,0,30,42.0,1.4,0,0.0,0,0.0,10,0.0,0,0.0,0,0,0,0,0.0,0.0,42.0,1,EW_GREEN,hold,,,
3791.0,0,31,21.0,0.677,0,0.0,0,0.0,10,0.0,0,0.0,0,0,0,0,0.0,0.0,21.0,1,EW_GREEN,hold,,,
3792.0,0,31,0.0,0.0,0,0.0,0,0.0,10,0.0,0,0.0,0,0,0,0,0.0,0.0,0.0,1,EW_GREEN,hold,,,
3793.0,0,30,0.0,0.0,0,0.0,0,0.0,10,0.0,0,0.0,0,0,0,0,0.0,0.0,0.0,1,EW_GREEN,hold,,,
3794.0,0,30,0.0,0.0,0,0.0,0,0.0,10,0.0,0,0.0,0,0,0,0,0.0,0.0,0.0,1,EW_YELLOW,max_green,,,
3795.0,3,31,0.0,0.0,0,0.0,0,0.0,11,0.0,0,0.0,0,0,0,0,0.0,0.0,0.0,1,EW_YELLOW,hold,,,
3796.0,3,32,0.0,0.0,0,0.0,0,0.0,11,0.0,0,0.0,0,0,0,0,0.0,0.0,0.0,1,EW_YELLOW,hold,,,
3797.0,3,30,0.0,0.0,0,0.0,0,0.0,11,0.0,0,0.0,0,0,0,0,0.0,0.0,0.0,1,NS_GREEN,yellow_end,,,
3798.0,0,30,0.0,0.0,0,0.0,0,0.0,11,0.0,0,0.0,0,0,0,0,0.0,0.0,0.0,1,NS_GREEN,hold,,,
3799.0,0,29,0.0,0.0,0,0.0,0,0.0,11,0.0,0,0.0,0,0,0,0,0.0,0.0,0.0,1,NS_GREEN,hold,,,
3800.0,0,30,0.0,0.0,0,0.0,0,0.0,12,0.0,0,0.0,0,0,0,0,0.0,0.0,0.0,1,NS_GREEN,hold,,,
3801.0,0,30,0.0,0.0,0,0.0,0,0.0,12,0.0,0,0.0,0,0,0,0,0.0,0.0,0.0,1,NS_GREEN,hold,,,
3802.0,0,28,0.0,0.0,0,0.0,0,0.0,11,0.0,0,0.0,0,0,0,0,0.0,0.0,0.0,1,NS_GREEN,hold,,,
3803.0,0,30,0.0,0.0,0,0.0,0,0.0,11,0.0,0,0.0,0,0,0,0,0.0,0.0,0.0,1,NS_GREEN,hold,,,
3804.0,0,29,0.0,0.0,0,0.0,0,0.0,10,0.0,0,0.0,0,0,0,0,0.0,0.0,0.0,1,NS_GREEN,hold,,,
3805.0,0,31,0.0,0.0,0,0.0,0,0.0,11,0.0,0,0.0,0,0,0,0,0.0,0.0,0.0,0,NS_YELLOW,pressure_ew,,,
3806.0,1,33,0.0,0.0,0,0.0,0,0.0,11,0.0,0,0.0,0,0,0,0,0.0,0.0,0.0,0,NS_YELLOW,hold,,,
3807.0,1,33,1.0,0.03,0,0.0,0,0.0,11,0.0,0,0.0,0,0,0,0,1.0,0.0,0.0,0,NS_YELLOW,hold,,,
3808.0,1,33,2.0,0.061,0,0.0,0,0.0,11,0.0,0,0.0,0,0,0,0,2.0,0.0,0.0,0,EW_GREEN,yellow_end,,,
3809.0,2,33,5.0,0.152,0,0.0,0,0.0,11,1.0,0,0.0,0,0,0,0,4.0,1.0,0.0,0,EW_GREEN,hold,,,
3810.0,2,33,9.0,0.273,0,0.0,0,0.0,11,2.0,0,0.0,0,0,0,0,7.0,2.0,0.0,0,EW_GREEN,hold,,,
3811.0,2,34,13.0,0.382,0,0.0,0,0.0,11,3.0,0,0.0,0,0,0,0,10.0,3.0,0.0,0,EW_GREEN,hold,,,
3812.0,2,34,18.0,0.529,0,0.0,0,0.0,11,4.0,0,0.0,0,0,0,0,14.0,4.0,0.0,0,EW_GREEN,hold,,,
3813.0,2,35,24.0,0.686,0,0.0,0,0.0,11,6.0,0,0.0,0,0,1,0,18.0,6.0,0.0,0,EW_GREEN,hold,,,
3814.0,2,35,31.0,0.886,0,0.0,0,0.0,11,8.0,0,0.0,0,0,1,0,23.0,8.0,0.0,0,EW_GREEN,hold,,,
3815.0,2,35,39.0,1.114,0,0.0,0,0.0,11,10.0,0,0.0,0,0,1,0,29.0,10.0,0.0,0,EW_GREEN,hold,,,
3816.0,2,36,48.0,1.333,0,0.0,0,0.0,11,12.0,0,0.0,0,0,1,0,36.0,12.0,0.0,0,EW_GREEN,hold,,,
3817.0,2,35,58.0,1.657,0,0.0,0,0.0,11,14.0,0,0.0,0,0,1,0,44.0,14.0,0.0,0,EW_GREEN,hold,,,
3818.0,2,35,68.0,1.943,0,0.0,0,0.0,11,16.0,0,0.0,0,0,1,0,52.0,16.0,0.0,0,EW_GREEN,hold,,,
3819.0,2,36,79.0,2.194,0,0.0,0,0.0,11,19.0,0,0.0,0,0,1,0,60.0,19.0,0.0,0,EW_GREEN,hold,,,
3820.0,2,36,91.0,2.528,0,0.0,0,0.0,11,22.0,0,0.0,0,0,1,0,69.0,22.0,0.0,0,EW_GREEN,hold,,,
3821.0,2,36,104.0,2.889,0,0.0,0,0.0,11,25.0,0,0.0,0,0,1,0,79.0,25.0,0.0,0,EW_GREEN,hold,,,
3822.0,2,36,118.0,3.278,0,0.0,0,0.0,11,28.0,0,0.0,0,0,1,0,90.0,28.0,0.0,0,EW_GREEN,hold,,,
3823.0,2,37,133.0,3.595,0,0.0,0,0.0,11,32.0,0,0.0,0,0,1,0,101.0,32.0,0.0,0,EW_GREEN,hold,,,
3824.0,2,37,149.0,4.027,0,0.0,0,0.0,11,37.0,0,0.0,0,0,1,0,112.0,37.0,0.0,0,EW_GREEN,hold,,,
3825.0,2,38,167.0,4.395,0,0.0,0,0.0,11,42.0,0,0.0,0,0,2,0,125.0,42.0,0.0,0,EW_GREEN,hold,,,
3826.0,2,37,180.0,4.865,0,0.0,0,0.0,11,43.0,0,0.0,0,0,0,0,137.0,43.0,0.0,0,EW_GREEN,hold,,,
3827.0,2,38,198.0,5.211,0,0.0,0,0.0,11,48.0,0,0.0,0,0,0,0,150.0,48.0,0.0,0,EW_GREEN,hold,,,
3828.0,2,38,218.0,5.737,0,0.0,0,0.0,11,54.0,0,0.0,0,0,0,0,164.0,54.0,0.0,0,EW_GREEN,hold,,,
3829.0,2,39,239.0,6.128,0,0.0,0,0.0,11,60.0,0,0.0,0,0,0,0,179.0,60.0,0.0,0,EW_GREEN,hold,,,
3830.0,2,39,263.0,6.744,0,0.0,0,0.0,11,68.0,0,0.0,0,0,0,0,195.0,68.0,0.0,0,EW_GREEN,hold,,,
3831.0,2,39,288.0,7.385,0,0.0,0,0.0,11,76.0,0,0.0,0,0,2,0,211.0,76.0,1.0,0,EW_GREEN,hold,,,
3832.0,2,40,315.0,7.875,0,0.0,0,0.0,11,85.0,0,0.0,0,0,2,0,228.0,85.0,2.0,0,EW_GREEN,hold,,,
3833.0,2,40,343.0,8.575,0,0.0,0,0.0,11,94.0,0,0.0,0,0,7,0,246.0,94.0,3.0,0,EW_GREEN,hold,,,
3834.0,2,40,373.0,9.325,0,0.0,0,0.0,11,103.0,0,0.0,0,0,2,0,265.0,103.0,5.0,0,EW_GREEN,hold,,,
3835.0,2,39,370.0,9.487,0,0.0,0,0.0,11,107.0,0,0.0,0,0,6,0,256.0,107.0,7.0,0,EW_GREEN,hold,,,
3836.0,2,39,373.0,9.564,0,0.0,0,0.0,11,116.0,0,0.0,0,0,6,0,247.0,116.0,10.0,0,EW_GREEN,hold,,,
3837.0,2,39,377.0,9.667,0,0.0,0,0.0,11,126.0,0,0.0,0,0,11,0,238.0,126.0,13.0,0,EW_GREEN,hold,,,
3838.0,2,38,382.0,10.053,0,0.0,0,0.0,11,135.0,0,0.0,0,0,8,0,230.0,135.0,17.0,0,EW_GREEN,hold,,,
3839.0,2,39,389.0,9.974,0,0.0,0,0.0,12,145.0,0,0.0,0,0,3,0,223.0,145.0,21.0,0,EW_GREEN,hold,,,
3840.0,2,39,397.0,10.179,0,0.0,0,0.0,12,155.0,0,0.0,0,0,3,0,216.0,155.0,26.0,0,EW_GREEN,hold,,,
3841.0,2,38,404.0,10.632,0,0.0,0,0.0,12,165.0,0,0.0,0,0,3,0,208.0,165.0,31.0,0,EW_GREEN,hold,,,
3842.0,2,39,410.0,10.513,0,0.0,0,0.0,13,175.0,0,0.0,0,0,3,0,199.0,175.0,36.0,0,EW_GREEN,hold,,,
3843.0,2,38,418.0,11.0,0,0.0,0,0.0,13,186.0,0,0.0,0,0,6,0,191.0,186.0,41.0,0,EW_GREEN,hold,,,
3844.0,2,39,425.0,10.897,0,0.0,0,0.0,14,197.0,0,0.0,0,0,6,0,182.0,197.0,46.0,0,EW_GREEN,hold,,,
3845.0,2,39,431.0,11.051,0,0.0,0,0.0,14,208.0,0,0.0,0,0,6,0,172.0,208.0,51.0,0,EW_GREEN,hold,,,
3846.0,2,39,438.0,11.231,0,0.0,0,0.0,15,219.0,0,0.0,0,0,6,0,163.0,219.0,56.0,0,EW_GREEN,hold,,,
3847.0,2,39,466.0,11.949,0,0.0,0,0.0,15,230.0,0,0.0,0,0,6,0,175.0,230.0,61.0,0,EW_GREEN,hold,,,
3848.0,2,38,471.0,12.395,0,0.0,0,0.0,15,241.0,0,0.0,0,0,6,0,164.0,241.0,66.0,0,EW_GREEN,hold,,,
3849.0,2,39,476.0,12.205,0,0.0,0,0.0,16,252.0,0,0.0,0,0,6,0,153.0,252.0,71.0,0,EW_GREEN,hold,,,
3850.0,2,38,480.0,12.632,0,0.0,0,0.0,16,263.0,0,0.0,0,0,6,0,141.0,263.0,76.0,0,EW_GREEN,hold,,,
3851.0,3,39,483.0,12.385,0,0.0,0,0.0,17,274.0,0,0.0,0,0,6,0,128.0,274.0,81.0,0,EW_GREEN,hold,,,
3852.0,3,38,486.0,12.789,0,0.0,0,0.0,17,285.0,0,0.0,0,0,6,0,115.0,285.0,86.0,0,EW_GREEN,hold,,,
3853.0,3,39,488.0,12.513,0,0.0,0,0.0,18,296.0,0,0.0,0,0,6,0,101.0,296.0,91.0,0,EW_GREEN,hold,,,
3854.0,0,36,386.0,10.722,0,0.0,0,0.0,15,183.0,0,0.0,0,0,4,0,107.0,183.0,96.0,0,EW_GREEN,hold,,,
3855.0,0,35,301.0,8.6,0,0.0,0,0.0,15,109.0,0,0.0,0,0,0,0,91.0,109.0,101.0,0,EW_GREEN,hold,,,
3856.0,0,36,228.0,6.333,0,0.0,0,0.0,16,48.0,0,0.0,0,0,0,0,74.0,48.0,106.0,0,EW_GREEN,hold,,,
3857.0,0,33,188.0,5.697,0,0.0,0,0.0,14,20.0,0,0.0,0,0,0,0,57.0,20.0,111.0,0,EW_GREEN,hold,,,
3858.0,0,35,176.0,5.029,0,0.0,0,0.0,15,0.0,0,0.0,0,0,0,0,60.0,0.0,116.0,0,EW_GREEN,hold,,,
3859.0,0,34,133.0,3.912,0,0.0,0,0.0,13,0.0,0,0.0,0,0,0,0,41.0,0.0,92.0,0,EW_GREEN,hold,,,
3860.0,0,33,90.0,2.727,0,0.0,0,0.0,13,0.0,0,0.0,0,0,0,0,21.0,0.0,69.0,0,EW_GREEN,hold,,,
3861.0,0,35,46.0,1.314,0,0.0,0,0.0,13,0.0,0,0.0,0,0,0,0,0.0,0.0,46.0,0,EW_GREEN,hold,,,
3862.0,0,32,23.0,0.719,0,0.0,0,0.0,11,0.0,0,0.0,0,0,0,0,0.0,0.0,23.0,0,EW_GREEN,hold,,,
3863.0,0,32,0.0,0.0,0,0.0,0,0.0,10,0.0,0,0.0,0,0,0,0,0.0,0.0,0.0,0,EW_GREEN,hold,,,
3864.0,0,34,0.0,0.0,0,0.0,0,0.0,11,0.0,0,0.0,0,0,0,0,0.0,0.0,0.0,0,EW_GREEN,hold,,,
3865.0,0,34,0.0,0.0,0,0.0,0,0.0,11,0.0,0,0.0,0,0,0,0,0.0,0.0,0.0,0,EW_GREEN,hold,,,
3866.0,0,35,0.0,0.0,0,0.0,0,0.0,12,0.0,0,0.0,0,0,0,0,0.0,0.0,0.0,0,EW_GREEN,hold,,,
3867.0,0,36,0.0,0.0,0,0.0,0,0.0,12,0.0,0,0.0,0,0,0,0,0.0,0.0,0.0,0,EW_GREEN,hold,,,
3868.0,0,35,0.0,0.0,0,0.0,0,0.0,12,0.0,0,0.0,0,0,0,0,0.0,0.0,0.0,0,EW_YELLOW,max_green,,,
3869.0,3,35,0.0,0.0,0,0.0,0,0.0,13,0.0,0,0.0,0,0,0,0,0.0,0.0,0.0,0,EW_YELLOW,hold,,,
3870.0,3,35,0.0,0.0,0,0.0,0,0.0,13,0.0,0,0.0,0,0,0,0,0.0,0.0,0.0,0,EW_YELLOW,hold,,,
3871.0,3,36,0.0,0.0,0,0.0,0,0.0,14,0.0,0,0.0,0,0,0,0,0.0,0.0,0.0,0,NS_GREEN,yellow_end,,,
3872.0,0,35,0.0,0.0,0,0.0,0,0.0,12,0.0,0,0.0,0,0,0,0,0.0,0.0,0.0,0,NS_GREEN,hold,,,
3873.0,0,34,0.0,0.0,0,0.0,0,0.0,12,0.0,0,0.0,0,0,0,0,0.0,0.0,0.0,0,NS_GREEN,hold,,,
3874.0,0,36,0.0,0.0,0,0.0,0,0.0,13,0.0,0,0.0,0,0,0,0,0.0,0.0,0.0,0,NS_GREEN,hold,,,
3875.0,0,36,0.0,0.0,0,0.0,0,0.0,13,0.0,0,0.0,0,0,0,0,0.0,0.0,0.0,0,NS_GREEN,hold,,,
3876.0,0,35,0.0,0.0,0,0.0,0,0.0,12,0.0,0,0.0,0,0,0,0,0.0,0.0,0.0,0,NS_GREEN,hold,,,
3877.0,0,36,0.0,0.0,0,0.0,0,0.0,12,0.0,0,0.0,0,0,0,0,0.0,0.0,0.0,0,NS_GREEN,hold,,,
3878.0,0,37,0.0,0.0,0,0.0,0,0.0,11,0.0,0,0.0,0,0,0,0,0.0,0.0,0.0,0,NS_GREEN,hold,,,
3879.0,0,38,0.0,0.0,0,0.0,0,0.0,12,0.0,0,0.0,0,0,0,0,0.0,0.0,0.0,0,NS_YELLOW,pressure_ew,,,
3880.0,1,39,0.0,0.0,0,0.0,0,0.0,11,0.0,0,0.0,0,0,0,0,0.0,0.0,0.0,0,NS_YELLOW,hold,,,
3881.0,1,39,0.0,0.0,0,0.0,0,0.0,11,0.0,0,0.0,0,0,0,0,0.0,0.0,0.0,0,NS_YELLOW,hold,,,
3882.0,1,41,0.0,0.0,0,0.0,0,0.0,11,0.0,0,0.0,0,0,0,0,0.0,0.0,0.0,0,EW_GREEN,yellow_end,,,
3883.0,2,40,1.0,0.025,0,0.0,0,0.0,11,0.0,0,0.0,0,0,0,0,1.0,0.0,0.0,0,EW_GREEN,hold,,,
3884.0,2,41,2.0,0.049,0,0.0,0,0.0,11,0.0,0,0.0,0,0,0,0,2.0,0.0,0.0,0,EW_GREEN,hold,,,
3885.0,2,41,4.0,0.098,0,0.0,0,0.0,11,0.0,0,0.0,0,0,0,0,4.0,0.0,0.0,0,EW_GREEN,hold,,,
3886.0,2,41,7.0,0.171,0,0.0,0,0.0,11,0.0,0,0.0,0,0,0,0,7.0,0.0,0.0,0,EW_GREEN,hold,,,
3887.0,2,42,11.0,0.262,0,0.0,0,0.0,11,0.0,0,0.0,0,0,0,0,11.0,0.0,0.0,0,EW_GREEN,hold,,,
3888.0,2,42,16.0,0.381,0,0.0,0,0.0,11,1.0,0,0.0,0,0,0,0,15.0,1.0,0.0,0,EW_GREEN,hold,,,
3889.0,2,42,23.0,0.548,0,0.0,0,0.0,11,3.0,0,0.0,0,0,1,0,20.0,3.0,0.0,0,EW_GREEN,hold,,,
3890.0,2,43,31.0,0.721,0,0.0,0,0.0,11,5.0,0,0.0,0,0,1,0,26.0,5.0,0.0,0,EW_GREEN,hold,,,
3891.0,2,43,39.0,0.907,0,0.0,0,0.0,11,7.0,0,0.0,0,0,1,0,32.0,7.0,0.0,0,EW_GREEN,hold,,,
3892.0,2,42,47.0,1.119,0,0.0,0,0.0,11,9.0,0,0.0,0,0,1,0,38.0,9.0,0.0,0,EW_GREEN,hold,,,
3893.0,2,43,57.0,1.326,0,0.0,0,0.0,11,12.0,0,0.0,0,0,1,0,45.0,12.0,0.0,0,EW_GREEN,hold,,,
3894.0,2,43,69.0,1.605,0,0.0,0,0.0,11,16.0,0,0.0,0,0,1,0,53.0,16.0,0.0,0,EW_GREEN,hold,,,
3895.0,2,42,81.0,1.929,0,0.0,0,0.0,11,20.0,0,0.0,0,0,1,0,61.0,20.0,0.0,0,EW_GREEN,hold,,,
3896.0,2,42,95.0,2.262,0,0.0,0,0.0,11,25.0,0,0.0,0,0,1,0,70.0,25.0,0.0,0,EW_GREEN,hold,,,
3897.0,2,42,110.0,2.619,0,0.0,0,0.0,11,30.0,0,0.0,0,0,1,0,80.0,30.0,0.0,0,EW_GREEN,hold,,,
3898.0,2,41,127.0,3.098,0,0.0,0,0.0,11,36.0,0,0.0,0,0,1,0,91.0,36.0,0.0,0,EW_GREEN,hold,,,
3899.0,2,41,145.0,3.537,0,0.0,0,0.0,11,42.0,0,0.0,0,0,1,0,103.0,42.0,0.0,0,EW_GREEN,hold,,,
3900.0,2,41,163.0,3.976,0,0.0,0,0.0,11,48.0,0,0.0,0,0,1,0,115.0,48.0,0.0,0,EW_GREEN,hold,,,
3901.0,2,40,183.0,4.575,0,0.0,0,0.0,11,55.0,0,0.0,0,0,1,0,128.0,55.0,0.0,0,EW_GREEN,hold,,,
3902.0,2,40,204.0,5.1,0,0.0,0,0.0,11,62.0,0,0.0,0,0,1,0,142.0,62.0,0.0,0,EW_GREEN,hold,,,
3903.0,2,40,227.0,5.675,0,0.0,0,0.0,11,70.0,0,0.0,0,0,2,0,157.0,70.0,0.0,0,EW_GREEN,hold,,,
3904.0,2,40,246.0,6.15,0,0.0,0,0.0,11,74.0,0,0.0,0,0,0,0,172.0,74.0,0.0,0,EW_GREEN,hold,,,
3905.0,2,40,269.0,6.725,0,0.0,0,0.0,11,81.0,0,0.0,0,0,0,0,188.0,81.0,0.0,0,EW_GREEN,hold,,,
3906.0,2,40,294.0,7.35,0,0.0,0,0.0,11,88.0,0,0.0,0,0,0,0,205.0,88.0,1.0,0,EW_GREEN,hold,,,
3907.0,2,40,320.0,8.0,0,0.0,0,0.0,11,96.0,0,0.0,0,0,2,0,222.0,96.0,2.0,0,EW_GREEN,hold,,,
3908.0,2,40,349.0,8.725,0,0.0,0,0.0,11,104.0,0,0.0,0,0,2,0,241.0,104.0,4.0,0,EW_GREEN,hold,,,
3909.0,2,39,349.0,8.949,0,0.0,0,0.0,11,112.0,0,0.0,0,0,7,0,231.0,112.0,6.0,0,EW_GREEN,hold,,,
3910.0,2,39,353.0,9.051,0,0.0,0,0.0,11,121.0,0,0.0,0,0,7,0,223.0,121.0,9.0,0,EW_GREEN,hold,,,
3911.0,2,39,358.0,9.179,0,0.0,0,0.0,11,131.0,0,0.0,0,0,7,0,214.0,131.0,13.0,0,EW_GREEN,hold,,,
3912.0,2,38,363.0,9.553,0,0.0,0,0.0,11,141.0,0,0.0,0,0,11,0,204.0,141.0,18.0,0,EW_GREEN,hold,,,
3913.0,2,39,370.0,9.487,0,0.0,0,0.0,12,152.0,0,0.0,0,0,6,0,194.0,152.0,24.0,0,EW_GREEN,hold,,,
3914.0,2,39,377.0,9.667,0,0.0,0,0.0,12,163.0,0,0.0,0,0,7,0,183.0,163.0,31.0,0,EW_GREEN,hold,,,
3915.0,2,38,363.0,9.553,0,0.0,0,0.0,12,152.0,0,0.0,0,0,0,0,173.0,152.0,38.0,0,EW_GREEN,hold,,,
3916.0,2,39,367.0,9.41,0,0.0,0,0.0,13,160.0,0,0.0,0,0,0,0,162.0,160.0,45.0,0,EW_GREEN,hold,,,
3917.0,2,39,372.0,9.538,0,0.0,0,0.0,13,168.0,0,0.0,0,0,4,0,151.0,168.0,53.0,0,EW_GREEN,hold,,,
3918.0,2,38,378.0,9.947,0,0.0,0,0.0,13,177.0,0,0.0,0,0,7,0,139.0,177.0,62.0,0,EW_GREEN,hold,,,
3919.0,2,39,385.0,9.872,0,0.0,0,0.0,14,188.0,0,0.0,0,0,7,0,126.0,188.0,71.0,0,EW_GREEN,hold,,,
3920.0,2,38,392.0,10.316,0,0.0,0,0.0,14,199.0,0,0.0,0,0,7,0,112.0,199.0,81.0,0,EW_GREEN,hold,,,
3921.0,2,39,399.0,10.231,0,0.0,0,0.0,15,210.0,0,0.0,0,0,7,0,98.0,210.0,91.0,0,EW_GREEN,hold,,,
3922.0,2,39,405.0,10.385,0,0.0,0,0.0,15,221.0,0,0.0,0,0,7,0,83.0,221.0,101.0,0,EW_GREEN,hold,,,
3923.0,2,38,431.0,11.342,0,0.0,0,0.0,15,232.0,0,0.0,0,0,7,0,88.0,232.0,111.0,0,EW_GREEN,hold,,,
3924.0,2,39,435.0,11.154,0,0.0,0,0.0,16,243.0,0,0.0,0,0,7,0,71.0,243.0,121.0,0,EW_GREEN,hold,,,
3925.0,3,38,439.0,11.553,0,0.0,0,0.0,16,254.0,0,0.0,0,0,7,0,54.0,254.0,131.0,0,EW_GREEN,hold,,,
3926.0,3,39,442.0,11.333,0,0.0,0,0.0,17,265.0,0,0.0,0,0,7,0,36.0,265.0,141.0,0,EW_GREEN,hold,,,
3927.0,3,39,445.0,11.41,0,0.0,0,0.0,17,276.0,0,0.0,0,0,7,0,18.0,276.0,151.0,0,EW_GREEN,hold,,,
3928.0,0,35,331.0,9.457,0,0.0,0,0.0,14,170.0,0,0.0,0,0,2,0,0.0,170.0,161.0,0,EW_GREEN,hold,,,
3929.0,0,36,256.0,7.111,0,0.0,0,0.0,15,85.0,0,0.0,0,0,0,0,0.0,85.0,171.0,0,EW_GREEN,hold,,,
3930.0,0,35,206.0,5.886,0,0.0,0,0.0,15,25.0,0,0.0,0,0,0,0,0.0,25.0,181.0,0,EW_GREEN,hold,,,
3931.0,0,34,191.0,5.618,0,0.0,0,0.0,13,0.0,0,0.0,0,0,0,0,0.0,0.0,191.0,0,EW_GREEN,hold,,,
3932.0,0,35,201.0,5.743,0,0.0,0,0.0,13,0.0,0,0.0,0,0,0,0,0.0,0.0,201.0,0,EW_GREEN,hold,,,
3933.0,0,34,183.0,5.382,0,0.0,0,0.0,13,0.0,0,0.0,0,0,0,0,0.0,0.0,183.0,0,EW_GREEN,hold,,,
3934.0,0,36,165.0,4.583,0,0.0,0,0.0,13,0.0,0,0.0,0,0,0,0,0.0,0.0,165.0,0,EW_GREEN,hold,,,
3935.0,0,33,147.0,4.455,0,0.0,0,0.0,11,0.0,0,0.0,0,0,0,0,0.0,0.0,147.0,0,EW_GREEN,hold,,,
3936.0,0,32,128.0,4.0,0,0.0,0,0.0,11,0.0,0,0.0,0,0,0,0,0.0,0.0,128.0,0,EW_GREEN,hold,,,
3937.0,0,33,108.0,3.273,0,0.0,0,0.0,11,0.0,0,0.0,0,0,0,0,0.0,0.0,108.0,0,EW_GREEN,hold,,,
3938.0,0,34,87.0,2.559,0,0.0,0,0.0,12,0.0,0,0.0,0,0,0,0,0.0,0.0,87.0,0,EW_GREEN,hold,,,
3939.0,0,33,65.0,1.97,0,0.0,0,0.0,11,0.0,0,0.0,0,0,0,0,0.0,0.0,65.0,0,EW_GREEN,hold,,,
3940.0,0,34,44.0,1.294,0,0.0,0,0.0,12,0.0,0,0.0,0,0,0,0,0.0,0.0,44.0,0,EW_GREEN,hold,,,
3941.0,0,34,22.0,0.647,0,0.0,0,0.0,12,0.0,0,0.0,0,0,0,0,0.0,0.0,22.0,0,EW_GREEN,hold,,,
3942.0,0,33,0.0,0.0,0,0.0,0,0.0,12,0.0,0,0.0,0,0,0,0,0.0,0.0,0.0,0,EW_YELLOW,max_green,,,
3943.0,3,33,0.0,0.0,0,0.0,0,0.0,13,0.0,0,0.0,0,0,0,0,0.0,0.0,0.0,0,EW_YELLOW,hold,,,
3944.0,3,33,0.0,0.0,0,0.0,0,0.0,13,0.0,0,0.0,0,0,0,0,0.0,0.0,0.0,0,EW_YELLOW,hold,,,
3945.0,3,31,0.0,0.0,0,0.0,0,0.0,13,0.0,0,0.0,0,0,0,0,0.0,0.0,0.0,0,NS_GREEN,yellow_end,,,
3946.0,0,32,0.0,0.0,0,0.0,0,0.0,14,0.0,0,0.0,0,0,0,0,0.0,0.0,0.0,0,NS_GREEN,hold,,,
3947.0,0,28,0.0,0.0,0,0.0,0,0.0,12,0.0,0,0.0,0,0,0,0,0.0,0.0,0.0,0,NS_GREEN,hold,,,
3948.0,0,30,0.0,0.0,0,0.0,0,0.0,13,0.0,0,0.0,0,0,0,0,0.0,0.0,0.0,0,NS_GREEN,hold,,,
3949.0,0,29,0.0,0.0,0,0.0,0,0.0,13,0.0,0,0.0,0,0,0,0,0.0,0.0,0.0,0,NS_GREEN,hold,,,
3950.0,0,29,0.0,0.0,0,0.0,0,0.0,13,0.0,0,0.0,0,0,0,0,0.0,0.0,0.0,0,NS_GREEN,hold,,,
3951.0,0,28,0.0,0.0,0,0.0,0,0.0,13,0.0,0,0.0,0,0,0,0,0.0,0.0,0.0,0,NS_GREEN,hold,,,
3952.0,0,28,0.0,0.0,0,0.0,0,0.0,13,0.0,0,0.0,0,0,0,0,0.0,0.0,0.0,0,NS_GREEN,hold,,,
3953.0,0,27,1.0,0.037,0,0.0,0,0.0,13,0.0,0,0.0,0,0,0,0,1.0,0.0,0.0,0,NS_YELLOW,pressure_ew,,,
3954.0,1,27,2.0,0.074,0,0.0,0,0.0,13,0.0,0,0.0,0,0,0,0,2.0,0.0,0.0,0,NS_YELLOW,hold,,,
3955.0,1,28,3.0,0.107,0,0.0,0,0.0,13,0.0,0,0.0,0,0,0,0,3.0,0.0,0.0,0,NS_YELLOW,hold,,,
3956.0,1,28,5.0,0.179,0,0.0,0,0.0,13,0.0,0,0.0,0,0,0,0,5.0,0.0,0.0,0,EW_GREEN,yellow_end,,,
3957.0,2,28,7.0,0.25,0,0.0,0,0.0,13,0.0,0,0.0,0,0,0,0,7.0,0.0,0.0,0,EW_GREEN,hold,,,
3958.0,2,28,10.0,0.357,0,0.0,0,0.0,13,1.0,0,0.0,0,0,0,0,9.0,1.0,0.0,0,EW_GREEN,hold,,,
3959.0,2,28,14.0,0.5,0,0.0,0,0.0,13,3.0,0,0.0,0,0,1,0,11.0,3.0,0.0,0,EW_GREEN,hold,,,
3960.0,2,28,18.0,0.643,0,0.0,0,0.0,13,5.0,0,0.0,0,0,1,0,13.0,5.0,0.0,0,EW_GREEN,hold,,,
3961.0,2,27,23.0,0.852,0,0.0,0,0.0,13,8.0,0,0.0,0,0,1,0,15.0,8.0,0.0,0,EW_GREEN,hold,,,
3962.0,2,26,28.0,1.077,0,0.0,0,0.0,13,11.0,0,0.0,0,0,1,0,17.0,11.0,0.0,0,EW_GREEN,hold,,,
3963.0,2,26,35.0,1.346,0,0.0,0,0.0,13,16.0,0,0.0,0,0,1,0,19.0,16.0,0.0,0,EW_GREEN,hold,,,
3964.0,2,26,42.0,1.615,0,0.0,0,0.0,13,21.0,0,0.0,0,0,1,0,21.0,21.0,0.0,0,EW_GREEN,hold,,,
3965.0,2,26,50.0,1.923,0,0.0,0,0.0,13,27.0,0,0.0,0,0,1,0,23.0,27.0,0.0,0,EW_GREEN,hold,,,
3966.0,2,25,52.0,2.08,0,0.0,0,0.0,13,27.0,0,0.0,0,0,1,0,25.0,27.0,0.0,0,EW_GREEN,hold,,,
3967.0,2,25,58.0,2.32,0,0.0,0,0.0,13,31.0,0,0.0,0,0,1,0,27.0,31.0,0.0,0,EW_GREEN,hold,,,
3968.0,2,24,64.0,2.667,0,0.0,0,0.0,13,35.0,0,0.0,0,0,1,0,29.0,35.0,0.0,0,EW_GREEN,hold,,,
3969.0,2,24,70.0,2.917,0,0.0,0,0.0,13,39.0,0,0.0,0,0,1,0,31.0,39.0,0.0,0,EW_GREEN,hold,,,
3970.0,2,24,77.0,3.208,0,0.0,0,0.0,13,44.0,0,0.0,0,0,1,0,33.0,44.0,0.0,0,EW_GREEN,hold,,,
3971.0,2,23,85.0,3.696,0,0.0,0,0.0,13,50.0,0,0.0,0,0,1,0,35.0,50.0,0.0,0,EW_GREEN,hold,,,
3972.0,2,22,93.0,4.227,0,0.0,0,0.0,13,56.0,0,0.0,0,0,1,0,37.0,56.0,0.0,0,EW_GREEN,hold,,,
3973.0,2,22,101.0,4.591,0,0.0,0,0.0,13,62.0,0,0.0,0,0,1,0,39.0,62.0,0.0,0,EW_GREEN,hold,,,
3974.0,2,22,109.0,4.955,0,0.0,0,0.0,13,68.0,0,0.0,0,0,1,0,41.0,68.0,0.0,0,EW_GREEN,hold,,,
3975.0,2,21,119.0,5.667,0,0.0,0,0.0,13,76.0,0,0.0,0,0,2,0,43.0,76.0,0.0,0,EW_GREEN,hold,,,
3976.0,2,21,127.0,6.048,0,0.0,0,0.0,13,82.0,0,0.0,0,0,0,0,45.0,82.0,0.0,0,EW_GREEN,hold,,,
3977.0,2,21,136.0,6.476,0,0.0,0,0.0,13,89.0,0,0.0,0,0,0,0,47.0,89.0,0.0,0,EW_GREEN,hold,,,
3978.0,2,21,146.0,6.952,0,0.0,0,0.0,13,97.0,0,0.0,0,0,6,0,49.0,97.0,0.0,0,EW_GREEN,hold,,,
3979.0,2,21,159.0,7.571,0,0.0,0,0.0,13,107.0,0,0.0,0,0,8,0,51.0,107.0,1.0,0,EW_GREEN,hold,,,
3980.0,2,21,173.0,8.238,0,0.0,0,0.0,13,118.0,0,0.0,0,0,8,0,53.0,118.0,2.0,0,EW_GREEN,hold,,,
3981.0,2,21,188.0,8.952,0,0.0,0,0.0,13,129.0,0,0.0,0,0,9,0,55.0,129.0,4.0,0,EW_GREEN,hold,,,
3982.0,2,21,204.0,9.714,0,0.0,0,0.0,13,140.0,0,0.0,0,0,5,0,57.0,140.0,7.0,0,EW_GREEN,hold,,,
3983.0,2,21,216.0,10.286,0,0.0,0,0.0,13,147.0,0,0.0,0,0,5,0,59.0,147.0,10.0,0,EW_GREEN,hold,,,
3984.0,2,21,231.0,11.0,0,0.0,0,0.0,13,157.0,0,0.0,0,0,5,0,61.0,157.0,13.0,0,EW_GREEN,hold,,,
3985.0,2,21,246.0,11.714,0,0.0,0,0.0,13,167.0,0,0.0,0,0,8,0,63.0,167.0,16.0,0,EW_GREEN,hold,,,
3986.0,2,21,264.0,12.571,0,0.0,0,0.0,13,179.0,0,0.0,0,0,9,0,65.0,179.0,20.0,0,EW_GREEN,hold,,,
3987.0,2,21,283.0,13.476,0,0.0,0,0.0,13,191.0,0,0.0,0,0,9,0,67.0,191.0,25.0,0,EW_GREEN,hold,,,
3988.0,2,21,302.0,14.381,0,0.0,0,0.0,13,203.0,0,0.0,0,0,9,0,69.0,203.0,30.0,0,EW_GREEN,hold,,,
3989.0,2,21,322.0,15.333,0,0.0,0,0.0,13,215.0,0,0.0,0,0,13,0,71.0,215.0,36.0,0,EW_GREEN,hold,,,
3990.0,2,21,343.0,16.333,0,0.0,0,0.0,13,228.0,0,0.0,0,0,13,0,73.0,228.0,42.0,0,EW_GREEN,hold,,,
3991.0,2,21,364.0,17.333,0,0.0,0,0.0,13,241.0,0,0.0,0,0,13,0,75.0,241.0,48.0,0,EW_GREEN,hold,,,
3992.0,2,21,385.0,18.333,0,0.0,0,0.0,13,254.0,0,0.0,0,0,13,0,77.0,254.0,54.0,0,EW_GREEN,hold,,,
3993.0,2,21,406.0,19.333,0,0.0,0,0.0,13,267.0,0,0.0,0,0,13,0,79.0,267.0,60.0,0,EW_GREEN,hold,,,
3994.0,2,21,427.0,20.333,0,0.0,0,0.0,13,280.0,0,0.0,0,0,13,0,81.0,280.0,66.0,0,EW_GREEN,hold,,,
3995.0,2,21,448.0,21.333,0,0.0,0,0.0,13,293.0,0,0.0,0,0,13,0,83.0,293.0,72.0,0,EW_GREEN,hold,,,
3996.0,2,20,425.0,21.25,0,0.0,0,0.0,13,306.0,0,0.0,0,0,13,0,41.0,306.0,78.0,0,EW_GREEN,hold,,,
3997.0,2,20,403.0,20.15,0,0.0,0,0.0,13,319.0,0,0.0,0,0,13,0,0.0,319.0,84.0,0,EW_GREEN,hold,,,
3998.0,2,20,422.0,21.1,0,0.0,0,0.0,13,332.0,0,0.0,0,0,13,0,0.0,332.0,90.0,0,EW_GREEN,hold,,,
3999.0,3,19,441.0,23.211,0,0.0,0,0.0,13,345.0,0,0.0,0,0,13,0,0.0,345.0,96.0,0,EW_GREEN,hold,,,
4000.0,3,20,460.0,23.0,0,0.0,0,0.0,14,358.0,0,0.0,0,0,8,0,0.0,358.0,102.0,0,EW_GREEN,hold,,,
4001.0,3,20,479.0,23.95,0,0.0,0,0.0,14,371.0,0,0.0,0,0,8,0,0.0,371.0,108.0,0,EW_GREEN,hold,,,
4002.0,0,17,369.0,21.706,0,0.0,0,0.0,11,255.0,0,0.0,0,0,6,0,0.0,255.0,114.0,0,EW_GREEN,hold,,,
4003.0,0,18,283.0,15.722,0,0.0,0,0.0,12,163.0,0,0.0,0,0,0,0,0.0,163.0,120.0,0,EW_GREEN,hold,,,
4004.0,0,18,217.0,12.056,0,0.0,0,0.0,12,91.0,0,0.0,0,0,0,0,0.0,91.0,126.0,0,EW_GREEN,hold,,,
4005.0,0,16,160.0,10.0,0,0.0,0,0.0,9,28.0,0,0.0,0,0,0,0,0.0,28.0,132.0,0,EW_GREEN,hold,,,
4006.0,0,17,138.0,8.118,0,0.0,0,0.0,9,0.0,0,0.0,0,0,0,0,0.0,0.0,138.0,0,EW_GREEN,hold,,,
4007.0,0,16,115.0,7.188,0,0.0,0,0.0,7,0.0,0,0.0,0,0,0,0,0.0,0.0,115.0,0,EW_GREEN,hold,,,
4008.0,0,16,92.0,5.75,0,0.0,0,0.0,6,0.0,0,0.0,0,0,0,0,0.0,0.0,92.0,0,EW_GREEN,hold,,,
4009.0,0,16,68.0,4.25,0,0.0,0,0.0,5,0.0,0,0.0,0,0,0,0,0.0,0.0,68.0,0,EW_GREEN,hold,,,
4010.0,0,16,46.0,2.875,0,0.0,0,0.0,4,0.0,0,0.0,0,0,0,0,0.0,0.0,46.0,0,EW_GREEN,hold,,,
4011.0,0,14,23.0,1.643,0,0.0,0,0.0,2,0.0,0,0.0,0,0,0,0,0.0,0.0,23.0,0,EW_GREEN,hold,,,
4012.0,0,15,0.0,0.0,0,0.0,0,0.0,2,0.0,0,0.0,0,0,0,0,0.0,0.0,0.0,0,EW_GREEN,hold,,,
4013.0,0,17,0.0,0.0,0,0.0,0,0.0,2,0.0,0,0.0,0,0,0,0,0.0,0.0,0.0,0,EW_GREEN,hold,,,
4014.0,0,17,0.0,0.0,0,0.0,0,0.0,2,0.0,0,0.0,0,0,0,0,0.0,0.0,0.0,0,EW_GREEN,hold,,,
4015.0,0,17,0.0,0.0,0,0.0,0,0.0,2,0.0,0,0.0,0,0,0,0,0.0,0.0,0.0,0,EW_GREEN,hold,,,
4016.0,0,17,0.0,0.0,0,0.0,0,0.0,2,0.0,0,0.0,0,0,0,0,0.0,0.0,0.0,0,EW_YELLOW,max_green,,,
4017.0,3,16,0.0,0.0,0,0.0,0,0.0,2,0.0,0,0.0,0,0,0,0,0.0,0.0,0.0,0,EW_YELLOW,hold,,,
4018.0,3,16,0.0,0.0,0,0.0,0,0.0,2,0.0,0,0.0,0,0,0,0,0.0,0.0,0.0,0,EW_YELLOW,hold,,,
4019.0,3,15,0.0,0.0,0,0.0,0,0.0,2,0.0,0,0.0,0,0,0,0,0.0,0.0,0.0,0,NS_GREEN,yellow_end,,,
4020.0,0,15,0.0,0.0,0,0.0,0,0.0,2,0.0,0,0.0,0,0,0,0,0.0,0.0,0.0,0,NS_GREEN,hold,,,
4021.0,0,14,0.0,0.0,0,0.0,0,0.0,2,0.0,0,0.0,0,0,0,0,0.0,0.0,0.0,0,NS_GREEN,hold,,,
4022.0,0,14,0.0,0.0,0,0.0,0,0.0,2,0.0,0,0.0,0,0,0,0,0.0,0.0,0.0,0,NS_GREEN,hold,,,
4023.0,0,14,0.0,0.0,0,0.0,0,0.0,2,0.0,0,0.0,0,0,0,0,0.0,0.0,0.0,0,NS_GREEN,hold,,,
4024.0,0,14,0.0,0.0,0,0.0,0,0.0,2,0.0,0,0.0,0,0,0,0,0.0,0.0,0.0,0,NS_GREEN,hold,,,
4025.0,0,14,0.0,0.0,0,0.0,0,0.0,2,0.0,0,0.0,0,0,0,0,0.0,0.0,0.0,0,NS_GREEN,hold,,,
4026.0,0,14,0.0,0.0,0,0.0,0,0.0,2,0.0,0,0.0,0,0,0,0,0.0,0.0,0.0,0,NS_GREEN,hold,,,
4027.0,0,14,0.0,0.0,0,0.0,0,0.0,2,0.0,0,0.0,0,0,0,0,0.0,0.0,0.0,0,NS_YELLOW,pressure_ew,,,
4028.0,1,14,0.0,0.0,0,0.0,0,0.0,2,0.0,0,0.0,0,0,0,0,0.0,0.0,0.0,0,NS_YELLOW,hold,,,
4029.0,1,14,0.0,0.0,0,0.0,0,0.0,2,0.0,0,0.0,0,0,0,0,0.0,0.0,0.0,0,NS_YELLOW,hold,,,
4030.0,1,14,0.0,0.0,0,0.0,0,0.0,2,0.0,0,0.0,0,0,0,0,0.0,0.0,0.0,0,EW_GREEN,yellow_end,,,
4031.0,2,14,0.0,0.0,0,0.0,0,0.0,2,0.0,0,0.0,0,0,0,0,0.0,0.0,0.0,0,EW_GREEN,hold,,,
4032.0,2,14,1.0,0.071,0,0.0,0,0.0,2,1.0,0,0.0,0,0,1,0,0.0,1.0,0.0,0,EW_GREEN,hold,,,
4033.0,2,14,2.0,0.143,0,0.0,0,0.0,2,2.0,0,0.0,0,0,1,0,0.0,2.0,0.0,0,EW_GREEN,hold,,,
4034.0,2,14,3.0,0.214,0,0.0,0,0.0,2,3.0,0,0.0,0,0,1,0,0.0,3.0,0.0,0,EW_GREEN,hold,,,
4035.0,2,13,5.0,0.385,0,0.0,0,0.0,2,5.0,0,0.0,0,0,2,0,0.0,5.0,0.0,0,EW_GREEN,hold,,,
4036.0,2,13,7.0,0.538,0,0.0,0,0.0,2,7.0,0,0.0,0,0,2,0,0.0,7.0,0.0,0,EW_GREEN,hold,,,
4037.0,2,13,9.0,0.692,0,0.0,0,0.0,2,9.0,0,0.0,0,0,2,0,0.0,9.0,0.0,0,EW_GREEN,hold,,,
4038.0,2,13,11.0,0.846,0,0.0,0,0.0,2,11.0,0,0.0,0,0,2,0,0.0,11.0,0.0,0,EW_GREEN,hold,,,
4039.0,2,13,13.0,1.0,0,0.0,0,0.0,2,13.0,0,0.0,0,0,2,0,0.0,13.0,0.0,0,EW_GREEN,hold,,,
4040.0,2,12,15.0,1.25,0,0.0,0,0.0,2,15.0,0,0.0,0,0,2,0,0.0,15.0,0.0,0,EW_GREEN,hold,,,
4041.0,2,12,17.0,1.417,0,0.0,0,0.0,2,17.0,0,0.0,0,0,2,0,0.0,17.0,0.0,0,EW_GREEN,hold,,,
4042.0,2,11,19.0,1.727,0,0.0,0,0.0,2,19.0,0,0.0,0,0,2,0,0.0,19.0,0.0,0,EW_GREEN,hold,,,
4043.0,2,11,21.0,1.909,0,0.0,0,0.0,2,21.0,0,0.0,0,0,2,0,0.0,21.0,0.0,0,EW_GREEN,hold,,,
4044.0,2,10,23.0,2.3,0,0.0,0,0.0,2,23.0,0,0.0,0,0,2,0,0.0,23.0,0.0,0,EW_GREEN,hold,,,
4045.0,2,10,25.0,2.5,0,0.0,0,0.0,2,25.0,0,0.0,0,0,2,0,0.0,25.0,0.0,0,EW_GREEN,hold,,,
4046.0,2,9,27.0,3.0,0,0.0,0,0.0,2,27.0,0,0.0,0,0,2,0,0.0,27.0,0.0,0,EW_GREEN,hold,,,
4047.0,2,9,29.0,3.222,0,0.0,0,0.0,2,29.0,0,0.0,0,0,2,0,0.0,29.0,0.0,0,EW_GREEN,hold,,,
4048.0,2,8,31.0,3.875,0,0.0,0,0.0,2,31.0,0,0.0,0,0,2,0,0.0,31.0,0.0,0,EW_GREEN,hold,,,
4049.0,2,8,33.0,4.125,0,0.0,0,0.0,2,33.0,0,0.0,0,0,2,0,0.0,33.0,0.0,0,EW_GREEN,hold,,,
4050.0,2,8,35.0,4.375,0,0.0,0,0.0,2,35.0,0,0.0,0,0,2,0,0.0,35.0,0.0,0,EW_GREEN,hold,,,
4051.0,2,8,38.0,4.75,0,0.0,0,0.0,2,37.0,0,0.0,0,0,2,0,0.0,37.0,1.0,0,EW_GREEN,hold,,,
4052.0,2,8,41.0,5.125,0,0.0,0,0.0,2,39.0,0,0.0,0,0,2,0,0.0,39.0,2.0,0,EW_GREEN,hold,,,
4053.0,2,8,44.0,5.5,0,0.0,0,0.0,2,41.0,0,0.0,0,0,2,0,0.0,41.0,3.0,0,EW_GREEN,hold,,,
4054.0,2,8,48.0,6.0,0,0.0,0,0.0,2,43.0,0,0.0,0,0,2,0,0.0,43.0,5.0,0,EW_GREEN,hold,,,
4055.0,2,8,52.0,6.5,0,0.0,0,0.0,2,45.0,0,0.0,0,0,2,0,0.0,45.0,7.0,0,EW_GREEN,hold,,,
4056.0,2,8,57.0,7.125,0,0.0,0,0.0,2,47.0,0,0.0,0,0,2,0,0.0,47.0,10.0,0,EW_GREEN,hold,,,
4057.0,2,8,62.0,7.75,0,0.0,0,0.0,2,49.0,0,0.0,0,0,2,0,0.0,49.0,13.0,0,EW_GREEN,hold,,,
4058.0,2,8,68.0,8.5,0,0.0,0,0.0,2,51.0,0,0.0,0,0,2,0,0.0,51.0,17.0,0,EW_GREEN,hold,,,
4059.0,2,8,74.0,9.25,0,0.0,0,0.0,2,53.0,0,0.0,0,0,2,0,0.0,53.0,21.0,0,EW_GREEN,hold,,,
4060.0,2,8,81.0,10.125,0,0.0,0,0.0,2,55.0,0,0.0,0,0,2,0,0.0,55.0,26.0,0,EW_GREEN,hold,,,
4061.0,2,8,88.0,11.0,0,0.0,0,0.0,2,57.0,0,0.0,0,0,2,0,0.0,57.0,31.0,0,EW_GREEN,hold,,,
4062.0,2,8,96.0,12.0,0,0.0,0,0.0,2,59.0,0,0.0,0,0,2,0,0.0,59.0,37.0,0,EW_GREEN,hold,,,
4063.0,2,8,104.0,13.0,0,0.0,0,0.0,2,61.0,0,0.0,0,0,2,0,0.0,61.0,43.0,0,EW_GREEN,hold,,,
4064.0,2,8,112.0,14.0,0,0.0,0,0.0,2,63.0,0,0.0,0,0,2,0,0.0,63.0,49.0,0,EW_GREEN,hold,,,
4065.0,2,8,120.0,15.0,0,0.0,0,0.0,2,65.0,0,0.0,0,0,2,0,0.0,65.0,55.0,0,EW_GREEN,hold,,,
4066.0,2,8,128.0,16.0,0,0.0,0,0.0,2,67.0,0,0.0,0,0,2,0,0.0,67.0,61.0,0,EW_GREEN,hold,,,
4067.0,2,8,136.0,17.0,0,0.0,0,0.0,2,69.0,0,0.0,0,0,2,0,0.0,69.0,67.0,0,EW_GREEN,hold,,,
4068.0,2,8,144.0,18.0,0,0.0,0,0.0,2,71.0,0,0.0,0,0,2,0,0.0,71.0,73.0,0,EW_GREEN,hold,,,
4069.0,2,8,152.0,19.0,0,0.0,0,0.0,2,73.0,0,0.0,0,0,2,0,0.0,73.0,79.0,0,EW_GREEN,hold,,,
4070.0,2,8,160.0,20.0,0,0.0,0,0.0,2,75.0,0,0.0,0,0,2,0,0.0,75.0,85.0,0,EW_GREEN,hold,,,
4071.0,2,8,168.0,21.0,0,0.0,0,0.0,2,77.0,0,0.0,0,0,2,0,0.0,77.0,91.0,0,EW_GREEN,hold,,,
4072.0,2,8,176.0,22.0,0,0.0,0,0.0,2,79.0,0,0.0,0,0,2,0,0.0,79.0,97.0,0,EW_GREEN,hold,,,
4073.0,3,8,184.0,23.0,0,0.0,0,0.0,2,81.0,0,0.0,0,0,2,0,0.0,81.0,103.0,0,EW_GREEN,hold,,,
4074.0,3,8,192.0,24.0,0,0.0,0,0.0,2,83.0,0,0.0,0,0,2,0,0.0,83.0,109.0,0,EW_GREEN,hold,,,
4075.0,3,8,200.0,25.0,0,0.0,0,0.0,2,85.0,0,0.0,0,0,2,0,0.0,85.0,115.0,0,EW_GREEN,hold,,,
4076.0,0,6,121.0,20.167,0,0.0,0,0.0,0,0.0,0,0.0,0,0,0,0,0.0,0.0,121.0,0,EW_YELLOW,pressure_ns,,,
4077.0,3,6,127.0,21.167,0,0.0,0,0.0,0,0.0,0,0.0,0,0,0,0,0.0,0.0,127.0,0,EW_YELLOW,hold,,,
4078.0,3,6,133.0,22.167,0,0.0,0,0.0,0,0.0,0,0.0,0,0,0,0,0.0,0.0,133.0,0,EW_YELLOW,hold,,,
4079.0,3,6,139.0,23.167,0,0.0,0,0.0,0,0.0,0,0.0,0,0,0,0,0.0,0.0,139.0,0,NS_GREEN,yellow_end,,,
4080.0,0,8,145.0,18.125,0,0.0,0,0.0,0,0.0,0,0.0,0,0,0,0,0.0,0.0,145.0,0,NS_GREEN,hold,,,
4081.0,0,7,120.0,17.143,0,0.0,0,0.0,0,0.0,0,0.0,0,0,0,0,0.0,0.0,120.0,0,NS_GREEN,hold,,,
4082.0,0,7,96.0,13.714,0,0.0,0,0.0,0,0.0,0,0.0,0,0,0,0,0.0,0.0,96.0,0,NS_GREEN,hold,,,
4083.0,0,7,72.0,10.286,0,0.0,0,0.0,0,0.0,0,0.0,0,0,0,0,0.0,0.0,72.0,0,NS_GREEN,hold,,,
4084.0,0,6,48.0,8.0,0,0.0,0,0.0,0,0.0,0,0.0,0,0,0,0,0.0,0.0,48.0,0,NS_GREEN,hold,,,
4085.0,0,6,24.0,4.0,0,0.0,0,0.0,0,0.0,0,0.0,0,0,0,0,0.0,0.0,24.0,0,NS_GREEN,hold,,,
4086.0,0,5,0.0,0.0,0,0.0,0,0.0,0,0.0,0,0.0,0,0,0,0,0.0,0.0,0.0,0,NS_GREEN,hold,,,
4087.0,0,5,0.0,0.0,0,0.0,0,0.0,0,0.0,0,0.0,0,0,0,0,0.0,0.0,0.0,0,NS_YELLOW,pressure_ew,,,
4088.0,1,4,0.0,0.0,0,0.0,0,0.0,0,0.0,0,0.0,0,0,0,0,0.0,0.0,0.0,0,NS_YELLOW,hold,,,
4089.0,1,4,0.0,0.0,0,0.0,0,0.0,0,0.0,0,0.0,0,0,0,0,0.0,0.0,0.0,0,NS_YELLOW,hold,,,
4090.0,1,4,0.0,0.0,0,0.0,0,0.0,0,0.0,0,0.0,0,0,0,0,0.0,0.0,0.0,0,EW_GREEN,yellow_end,,,
4091.0,2,3,0.0,0.0,0,0.0,0,0.0,0,0.0,0,0.0,0,0,0,0,0.0,0.0,0.0,0,EW_GREEN,hold,,,
4092.0,2,3,0.0,0.0,0,0.0,0,0.0,0,0.0,0,0.0,0,0,0,0,0.0,0.0,0.0,0,EW_GREEN,hold,,,
4093.0,2,2,0.0,0.0,0,0.0,0,0.0,0,0.0,0,0.0,0,0,0,0,0.0,0.0,0.0,0,EW_GREEN,hold,,,
4094.0,2,2,0.0,0.0,0,0.0,0,0.0,0,0.0,0,0.0,0,0,0,0,0.0,0.0,0.0,0,EW_GREEN,hold,,,
4095.0,2,2,0.0,0.0,0,0.0,0,0.0,0,0.0,0,0.0,0,0,0,0,0.0,0.0,0.0,0,EW_GREEN,hold,,,
4096.0,2,2,0.0,0.0,0,0.0,0,0.0,0,0.0,0,0.0,0,0,0,0,0.0,0.0,0.0,0,EW_GREEN,hold,,,
4097.0,2,2,0.0,0.0,0,0.0,0,0.0,0,0.0,0,0.0,0,0,0,0,0.0,0.0,0.0,0,EW_GREEN,hold,,,
4098.0,2,2,0.0,0.0,0,0.0,0,0.0,0,0.0,0,0.0,0,0,0,0,0.0,0.0,0.0,0,EW_YELLOW,pressure_ns,,,
4099.0,3,2,0.0,0.0,0,0.0,0,0.0,0,0.0,0,0.0,0,0,0,0,0.0,0.0,0.0,0,EW_YELLOW,hold,,,
4100.0,3,2,0.0,0.0,0,0.0,0,0.0,0,0.0,0,0.0,0,0,0,0,0.0,0.0,0.0,0,EW_YELLOW,hold,,,
4101.0,3,2,0.0,0.0,0,0.0,0,0.0,0,0.0,0,0.0,0,0,0,0,0.0,0.0,0.0,0,NS_GREEN,yellow_end,,,
4102.0,0,2,0.0,0.0,0,0.0,0,0.0,0,0.0,0,0.0,0,0,0,0,0.0,0.0,0.0,0,NS_GREEN,hold,,,
4103.0,0,2,0.0,0.0,0,0.0,0,0.0,0,0.0,0,0.0,0,0,0,0,0.0,0.0,0.0,0,NS_GREEN,hold,,,
4104.0,0,2,0.0,0.0,0,0.0,0,0.0,0,0.0,0,0.0,0,0,0,0,0.0,0.0,0.0,0,NS_GREEN,hold,,,
4105.0,0,2,0.0,0.0,0,0.0,0,0.0,0,0.0,0,0.0,0,0,0,0,0.0,0.0,0.0,0,NS_GREEN,hold,,,
4106.0,0,2,0.0,0.0,0,0.0,0,0.0,0,0.0,0,0.0,0,0,0,0,0.0,0.0,0.0,0,NS_GREEN,hold,,,
4107.0,0,2,0.0,0.0,0,0.0,0,0.0,0,0.0,0,0.0,0,0,0,0,0.0,0.0,0.0,0,NS_GREEN,hold,,,
4108.0,0,2,0.0,0.0,0,0.0,0,0.0,0,0.0,0,0.0,0,0,0,0,0.0,0.0,0.0,0,NS_GREEN,hold,,,
4109.0,0,1,0.0,0.0,0,0.0,0,0.0,0,0.0,0,0.0,0,0,0,0,0.0,0.0,0.0,0,NS_YELLOW,pressure_ew,,,
4110.0,1,1,0.0,0.0,0,0.0,0,0.0,0,0.0,0,0.0,0,0,0,0,0.0,0.0,0.0,0,NS_YELLOW,hold,,,
4111.0,1,0,0.0,0.0,0,0.0,0,0.0,0,0.0,0,0.0,0,0,0,0,0.0,0.0,0.0,0,NS_YELLOW,hold,,,
4112.0,1,0,0.0,0.0,0,0.0,0,0.0,0,0.0,0,0.0,0,0,0,0,0.0,0.0,0.0,0,EW_GREEN,yellow_end,,,
4113.0,2,0,0.0,0.0,0,0.0,0,0.0,0,0.0,0,0.0,0,0,0,0,0.0,0.0,0.0,0,EW_GREEN,hold,,,
4114.0,2,0,0.0,0.0,0,0.0,0,0.0,0,0.0,0,0.0,0,0,0,0,0.0,0.0,0.0,0,EW_GREEN,hold,,,
4115.0,2,0,0.0,0.0,0,0.0,0,0.0,0,0.0,0,0.0,0,0,0,0,0.0,0.0,0.0,0,EW_GREEN,hold,,,
4116.0,2,0,0.0,0.0,0,0.0,0,0.0,0,0.0,0,0.0,0,0,0,0,0.0,0.0,0.0,0,EW_GREEN,hold,,,
4117.0,2,0,0.0,0.0,0,0.0,0,0.0,0,0.0,0,0.0,0,0,0,0,0.0,0.0,0.0,0,EW_GREEN,hold,,,
4118.0,2,0,0.0,0.0,0,0.0,0,0.0,0,0.0,0,0.0,0,0,0,0,0.0,0.0,0.0,0,EW_GREEN,hold,,,
4119.0,2,0,0.0,0.0,0,0.0,0,0.0,0,0.0,0,0.0,0,0,0,0,0.0,0.0,0.0,0,EW_GREEN,hold,,,
4120.0,2,0,0.0,0.0,0,0.0,0,0.0,0,0.0,0,0.0,0,0,0,0,0.0,0.0,0.0,0,EW_YELLOW,pressure_ns,,,
4121.0,3,0,0.0,0.0,0,0.0,0,0.0,0,0.0,0,0.0,0,0,0,0,0.0,0.0,0.0,0,EW_YELLOW,hold,,,
4122.0,3,0,0.0,0.0,0,0.0,0,0.0,0,0.0,0,0.0,0,0,0,0,0.0,0.0,0.0,0,EW_YELLOW,hold,,,
4123.0,3,0,0.0,0.0,0,0.0,0,0.0,0,0.0,0,0.0,0,0,0,0,0.0,0.0,0.0,0,NS_GREEN,yellow_end,,,
4124.0,0,0,0.0,0.0,0,0.0,0,0.0,0,0.0,0,0.0,0,0,0,0,0.0,0.0,0.0,0,NS_GREEN,hold,,,
4125.0,0,0,0.0,0.0,0,0.0,0,0.0,0,0.0,0,0.0,0,0,0,0,0.0,0.0,0.0,0,NS_GREEN,hold,,,
4126.0,0,0,0.0,0.0,0,0.0,0,0.0,0,0.0,0,0.0,0,0,0,0,0.0,0.0,0.0,0,NS_GREEN,hold,,,
4127.0,0,0,0.0,0.0,0,0.0,0,0.0,0,0.0,0,0.0,0,0,0,0,0.0,0.0,0.0,0,NS_GREEN,hold,,,
