sim_time,tl_phase,total_vehicles,total_waiting_time,avg_waiting_time,north_count,north_wait,south_count,south_wait,east_count,east_wait,west_count,west_wait,queue_north,queue_south,queue_east,queue_west,intA_wait,intB_wait,intC_wait,emergency_count,controller_state,controller_reason,rl_override,max_q_value,override_rate
1.0,0,8,0.0,0.0,2,0.0,2,0.0,0,0.0,0,0.0,0,0,0,0,0.0,0.0,0.0,0,NS_GREEN,hold,,,
2.0,0,12,0.0,0.0,3,0.0,3,0.0,0,0.0,0,0.0,0,0,0,0,0.0,0.0,0.0,0,NS_GREEN,hold,,,
3.0,0,14,0.0,0.0,3,0.0,3,0.0,0,0.0,0,0.0,0,0,0,0,0.0,0.0,0.0,0,NS_GREEN,hold,,,
4.0,0,14,0.0,0.0,3,0.0,3,0.0,0,0.0,0,0.0,0,0,0,0,0.0,0.0,0.0,0,NS_GREEN,hold,,,
5.0,0,16,0.0,0.0,3,0.0,3,0.0,0,0.0,0,0.0,0,0,0,0,0.0,0.0,0.0,0,NS_GREEN,hold,,,
6.0,0,16,0.0,0.0,3,0.0,3,0.0,0,0.0,0,0.0,0,0,0,0,0.0,0.0,0.0,0,NS_GREEN,hold,,,
7.0,0,16,0.0,0.0,3,0.0,3,0.0,0,0.0,0,0.0,0,0,0,0,0.0,0.0,0.0,0,NS_GREEN,hold,,,
8.0,0,16,0.0,0.0,3,0.0,3,0.0,0,0.0,0,0.0,0,0,0,0,0.0,0.0,0.0,0,NS_GREEN,hold,,,
9.0,0,18,0.0,0.0,3,0.0,3,0.0,0,0.0,0,0.0,0,0,0,0,0.0,0.0,0.0,0,NS_GREEN,hold,,,
10.0,0,18,0.0,0.0,3,0.0,3,0.0,0,0.0,0,0.0,0,0,0,0,0.0,0.0,0.0,0,NS_GREEN,hold,,,
11.0,0,18,0.0,0.0,3,0.0,3,0.0,0,0.0,0,0.0,0,0,0,0,0.0,0.0,0.0,0,NS_GREEN,hold,,,
12.0,0,20,0.0,0.0,3,0.0,3,0.0,0,0.0,0,0.0,0,0,0,0,0.0,0.0,0.0,0,NS_GREEN,hold,,,
13.0,0,20,0.0,0.0,3,0.0,3,0.0,0,0.0,0,0.0,0,0,0,0,0.0,0.0,0.0,0,NS_GREEN,hold,,,
14.0,0,20,0.0,0.0,3,0.0,3,0.0,0,0.0,0,0.0,0,0,0,0,0.0,0.0,0.0,0,NS_GREEN,hold,,,
15.0,0,20,0.0,0.0,3,0.0,3,0.0,0,0.0,0,0.0,0,0,0,0,0.0,0.0,0.0,0,NS_GREEN,hold,,,
16.0,0,17,0.0,0.0,3,0.0,3,0.0,0,0.0,0,0.0,0,0,0,0,0.0,0.0,0.0,0,NS_GREEN,hold,,,
17.0,0,17,0.0,0.0,3,0.0,3,0.0,1,0.0,0,0.0,0,0,0,0,0.0,0.0,0.0,0,NS_GREEN,hold,,,
18.0,0,18,1.0,0.056,3,0.0,3,1.0,1,0.0,1,0.0,0,0,0,0,0.0,1.0,0.0,0,NS_GREEN,hold,,,
19.0,0,18,2.0,0.111,3,0.0,3,2.0,2,0.0,1,0.0,0,0,0,0,0.0,2.0,0.0,0,NS_GREEN,hold,,,
20.0,0,18,4.0,0.222,3,1.0,3,3.0,2,0.0,1,0.0,0,0,0,0,0.0,4.0,0.0,0,NS_GREEN,hold,,,
21.0,0,19,8.0,0.421,3,2.0,3,5.0,2,0.0,2,0.0,0,0,0,0,0.0,7.0,1.0,0,NS_GREEN,hold,,,
22.0,0,20,14.0,0.7,3,4.0,3,7.0,2,0.0,2,0.0,0,0,0,0,0.0,11.0,3.0,0,NS_GREEN,hold,,,
23.0,0,20,20.0,1.0,3,6.0,3,9.0,2,0.0,2,0.0,0,0,0,0,0.0,15.0,5.0,0,NS_GREEN,hold,,,
24.0,0,21,26.0,1.238,3,8.0,3,11.0,2,0.0,3,0.0,0,0,0,0,0.0,19.0,7.0,0,NS_GREEN,hold,,,
25.0,0,22,32.0,1.455,4,10.0,4,13.0,2,0.0,3,0.0,0,0,0,0,0.0,23.0,9.0,0,NS_GREEN,hold,,,
26.0,0,22,39.0,1.773,4,12.0,4,15.0,2,0.0,3,0.0,0,0,0,0,0.0,27.0,12.0,0,NS_GREEN,hold,,,
27.0,0,23,47.0,2.043,4,14.0,4,17.0,2,0.0,4,0.0,0,0,0,0,0.0,31.0,16.0,0,NS_GREEN,hold,,,
28.0,0,23,55.0,2.391,4,16.0,4,19.0,2,0.0,4,0.0,0,0,0,0,0.0,35.0,20.0,0,NS_GREEN,hold,,,
29.0,0,22,64.0,2.909,4,18.0,4,21.0,2,0.0,4,0.0,0,0,0,0,0.0,39.0,25.0,0,NS_GREEN,hold,,,
30.0,0,22,73.0,3.318,4,20.0,4,23.0,2,0.0,4,0.0,0,0,0,0,0.0,43.0,30.0,0,NS_YELLOW,fixed_cycle,,,
31.0,1,23,82.0,3.565,4,22.0,4,25.0,2,0.0,5,0.0,0,0,0,0,0.0,47.0,35.0,0,NS_YELLOW,hold,,,
32.0,1,25,91.0,3.64,4,24.0,4,27.0,2,0.0,5,0.0,0,0,0,0,0.0,51.0,40.0,0,NS_YELLOW,hold,,,
33.0,1,25,100.0,4.0,4,26.0,4,29.0,2,0.0,5,0.0,0,0,0,0,0.0,55.0,45.0,0,EW_GREEN,fixed_cycle,,,
34.0,2,22,77.0,3.5,3,13.0,3,14.0,2,0.0,5,0.0,0,0,0,0,0.0,27.0,50.0,0,EW_GREEN,hold,,,
35.0,2,23,55.0,2.391,3,0.0,3,0.0,2,0.0,6,0.0,0,0,0,0,0.0,0.0,55.0,0,EW_GREEN,hold,,,
36.0,2,23,60.0,2.609,3,0.0,3,0.0,2,0.0,6,0.0,0,0,0,0,0.0,0.0,60.0,0,EW_GREEN,hold,,,
37.0,2,22,65.0,2.955,2,0.0,2,0.0,2,0.0,6,0.0,0,0,0,0,0.0,0.0,65.0,0,EW_GREEN,hold,,,
38.0,2,23,71.0,3.087,2,0.0,2,0.0,2,0.0,7,0.0,0,0,0,0,0.0,0.0,71.0,0,EW_GREEN,hold,,,
39.0,2,23,77.0,3.348,1,0.0,1,0.0,2,0.0,7,0.0,0,0,0,0,0.0,0.0,77.0,0,EW_GREEN,hold,,,
40.0,2,23,83.0,3.609,1,0.0,1,0.0,2,0.0,7,0.0,0,0,0,0,0.0,0.0,83.0,0,EW_GREEN,hold,,,
41.0,2,23,89.0,3.87,1,0.0,1,0.0,2,0.0,7,0.0,0,0,0,0,0.0,0.0,89.0,0,EW_GREEN,hold,,,
42.0,2,24,95.0,3.958,1,0.0,1,0.0,2,0.0,8,0.0,0,0,0,0,0.0,0.0,95.0,0,EW_GREEN,hold,,,
43.0,2,26,101.0,3.885,1,0.0,1,0.0,2,0.0,8,0.0,0,0,0,0,0.0,0.0,101.0,0,EW_GREEN,hold,,,
44.0,2,26,107.0,4.115,1,0.0,1,0.0,2,0.0,8,0.0,0,0,0,0,0.0,0.0,107.0,0,EW_GREEN,hold,,,
45.0,2,26,113.0,4.346,1,0.0,1,0.0,2,0.0,8,0.0,0,0,0,0,0.0,0.0,113.0,0,EW_GREEN,hold,,,
46.0,2,26,120.0,4.615,1,0.0,1,0.0,2,0.0,8,0.0,0,0,0,0,0.0,0.0,120.0,0,EW_GREEN,hold,,,
47.0,2,26,127.0,4.885,1,0.0,1,0.0,2,0.0,8,0.0,0,0,0,0,0.0,0.0,127.0,0,EW_GREEN,hold,,,
48.0,2,25,134.0,5.36,1,0.0,1,0.0,2,0.0,8,0.0,0,0,0,0,0.0,0.0,134.0,0,EW_GREEN,hold,,,
49.0,2,30,142.0,4.733,3,0.0,3,0.0,2,1.0,9,0.0,0,0,1,0,0.0,1.0,141.0,0,EW_GREEN,hold,,,
50.0,2,30,151.0,5.033,3,0.0,3,0.0,2,3.0,9,0.0,0,0,2,0,0.0,3.0,148.0,0,EW_GREEN,hold,,,
51.0,2,30,160.0,5.333,3,0.0,3,0.0,2,5.0,9,0.0,0,0,2,0,0.0,5.0,155.0,0,EW_GREEN,hold,,,
52.0,2,30,169.0,5.633,3,0.0,3,0.0,2,7.0,9,0.0,0,0,2,0,0.0,7.0,162.0,0,EW_GREEN,hold,,,
53.0,2,32,179.0,5.594,3,0.0,3,0.0,2,9.0,9,1.0,0,0,2,0,0.0,10.0,169.0,0,EW_GREEN,hold,,,
54.0,2,31,189.0,6.097,3,0.0,3,0.0,2,11.0,9,2.0,0,0,2,0,0.0,13.0,176.0,0,EW_GREEN,hold,,,
55.0,2,32,201.0,6.281,3,0.0,3,0.0,3,13.0,9,4.0,0,0,1,0,1.0,17.0,183.0,0,EW_GREEN,hold,,,
56.0,2,32,214.0,6.688,3,0.0,3,0.0,3,15.0,9,6.0,0,0,1,0,2.0,21.0,191.0,0,EW_GREEN,hold,,,
57.0,2,32,227.0,7.094,3,0.0,3,0.0,3,17.0,9,8.0,0,0,1,0,3.0,25.0,199.0,0,EW_GREEN,hold,,,
58.0,2,31,240.0,7.742,3,0.0,3,0.0,3,19.0,9,10.0,0,0,1,0,4.0,29.0,207.0,0,EW_GREEN,hold,,,
59.0,2,32,254.0,7.938,3,0.0,3,0.0,3,21.0,10,13.0,0,0,1,0,5.0,34.0,215.0,0,EW_GREEN,hold,,,
60.0,2,32,268.0,8.375,3,0.0,3,0.0,3,23.0,10,16.0,0,0,1,0,6.0,39.0,223.0,0,EW_GREEN,hold,,,
61.0,2,32,282.0,8.812,3,0.0,3,0.0,3,25.0,10,19.0,0,0,1,0,7.0,44.0,231.0,0,EW_GREEN,hold,,,
62.0,2,32,296.0,9.25,3,0.0,3,0.0,3,27.0,10,22.0,0,0,1,0,8.0,49.0,239.0,0,EW_GREEN,hold,,,
63.0,2,33,310.0,9.394,3,0.0,2,0.0,3,29.0,10,25.0,0,0,1,0,9.0,54.0,247.0,0,EW_YELLOW,fixed_cycle,,,
64.0,3,32,326.0,10.188,2,0.0,2,0.0,3,31.0,10,29.0,0,0,1,1,10.0,60.0,256.0,0,EW_YELLOW,hold,,,
65.0,3,32,340.0,10.625,2,0.0,2,0.0,3,33.0,10,31.0,0,0,1,0,11.0,64.0,265.0,0,EW_YELLOW,hold,,,
66.0,3,32,355.0,11.094,2,0.0,2,0.0,3,35.0,10,34.0,0,0,1,0,12.0,69.0,274.0,0,NS_GREEN,fixed_cycle,,,
67.0,0,25,249.0,9.96,2,0.0,2,0.0,1,0.0,7,13.0,0,0,0,0,0.0,13.0,236.0,0,NS_GREEN,hold,,,
68.0,0,24,198.0,8.25,2,0.0,2,0.0,1,0.0,7,1.0,0,0,0,0,0.0,1.0,197.0,0,NS_GREEN,hold,,,
69.0,0,25,160.0,6.4,2,0.0,2,0.0,1,0.0,8,0.0,0,0,0,0,0.0,0.0,160.0,0,NS_GREEN,hold,,,
70.0,0,23,122.0,5.304,2,0.0,2,0.0,1,0.0,6,0.0,0,0,0,0,0.0,0.0,122.0,0,NS_GREEN,hold,,,
71.0,0,29,84.0,2.897,2,0.0,2,0.0,2,0.0,7,0.0,0,0,0,0,0.0,0.0,84.0,0,NS_GREEN,hold,,,
72.0,0,28,53.0,1.893,2,0.0,2,0.0,2,0.0,5,0.0,0,0,0,0,0.0,0.0,53.0,0,NS_GREEN,hold,,,
73.0,0,33,29.0,0.879,3,0.0,3,0.0,2,0.0,5,0.0,0,0,0,0,0.0,0.0,29.0,0,NS_GREEN,hold,,,
74.0,0,36,15.0,0.417,3,0.0,3,0.0,2,0.0,5,0.0,0,0,0,0,1.0,0.0,14.0,0,NS_GREEN,hold,,,
75.0,0,37,7.0,0.189,3,0.0,3,0.0,2,0.0,5,0.0,0,0,0,0,2.0,0.0,5.0,0,NS_GREEN,hold,,,
76.0,0,38,7.0,0.184,3,0.0,3,0.0,2,0.0,5,0.0,0,0,0,0,3.0,0.0,4.0,0,NS_GREEN,hold,,,
77.0,0,38,9.0,0.237,3,0.0,3,0.0,2,0.0,5,0.0,0,0,0,0,4.0,0.0,5.0,0,NS_GREEN,hold,,,
78.0,0,37,12.0,0.324,3,0.0,3,0.0,2,0.0,5,0.0,0,0,0,0,5.0,0.0,7.0,0,NS_GREEN,hold,,,
79.0,0,38,16.0,0.421,3,0.0,3,0.0,2,0.0,6,0.0,0,0,0,0,6.0,0.0,10.0,0,NS_GREEN,hold,,,
80.0,0,37,17.0,0.459,3,0.0,3,0.0,2,0.0,5,0.0,0,0,0,0,7.0,0.0,10.0,0,NS_GREEN,hold,,,
81.0,0,38,18.0,0.474,3,0.0,3,0.0,2,0.0,5,0.0,0,0,0,0,8.0,0.0,10.0,0,NS_GREEN,hold,,,
82.0,0,38,20.0,0.526,3,0.0,3,0.0,2,0.0,5,0.0,0,0,0,0,9.0,0.0,11.0,0,NS_GREEN,hold,,,
83.0,0,37,21.0,0.568,3,0.0,3,0.0,2,0.0,5,0.0,0,0,0,0,10.0,0.0,11.0,0,NS_GREEN,hold,,,
84.0,0,40,23.0,0.575,3,0.0,3,0.0,2,0.0,6,0.0,0,0,0,0,11.0,0.0,12.0,0,NS_GREEN,hold,,,
85.0,0,40,25.0,0.625,3,0.0,3,0.0,2,0.0,6,0.0,0,0,0,0,12.0,0.0,13.0,0,NS_GREEN,hold,,,
86.0,0,40,27.0,0.675,3,0.0,3,0.0,2,0.0,6,0.0,0,0,0,0,13.0,0.0,14.0,0,NS_GREEN,hold,,,
87.0,0,39,29.0,0.744,3,0.0,3,0.0,1,0.0,6,0.0,0,0,0,0,14.0,0.0,15.0,0,NS_GREEN,hold,,,
88.0,0,38,32.0,0.842,3,0.0,3,0.0,1,0.0,6,0.0,0,0,0,0,15.0,0.0,17.0,0,NS_GREEN,hold,,,
89.0,0,38,36.0,0.947,3,0.0,3,0.0,1,0.0,6,0.0,0,0,0,0,16.0,0.0,20.0,0,NS_GREEN,hold,,,
90.0,0,37,41.0,1.108,3,1.0,3,0.0,2,0.0,6,0.0,1,0,0,0,17.0,1.0,23.0,0,NS_GREEN,hold,,,
91.0,0,41,46.0,1.122,3,2.0,3,0.0,2,0.0,7,0.0,0,0,0,0,18.0,2.0,26.0,0,NS_GREEN,hold,,,
92.0,0,41,48.0,1.171,3,3.0,3,1.0,2,0.0,7,0.0,0,0,0,0,19.0,4.0,25.0,0,NS_GREEN,hold,,,
93.0,0,42,49.0,1.167,3,4.0,3,2.0,3,0.0,7,0.0,0,0,0,0,20.0,6.0,23.0,0,NS_GREEN,hold,,,
94.0,0,44,52.0,1.182,3,5.0,3,3.0,3,0.0,7,0.0,0,0,0,0,21.0,8.0,23.0,0,NS_GREEN,hold,,,
95.0,0,43,56.0,1.302,3,6.0,3,4.0,3,0.0,7,0.0,0,0,0,0,22.0,10.0,24.0,0,NS_GREEN,hold,,,
96.0,0,44,59.0,1.341,3,7.0,3,5.0,3,0.0,8,0.0,0,0,0,0,23.0,12.0,24.0,0,NS_YELLOW,fixed_cycle,,,
97.0,1,48,63.0,1.312,5,8.0,5,6.0,3,0.0,8,0.0,0,0,0,0,24.0,14.0,25.0,0,NS_YELLOW,hold,,,
98.0,1,48,67.0,1.396,5,9.0,5,7.0,3,0.0,8,0.0,0,0,0,0,25.0,16.0,26.0,0,NS_YELLOW,hold,,,
99.0,1,48,73.0,1.521,5,10.0,5,8.0,3,0.0,8,0.0,0,0,0,0,26.0,18.0,29.0,0,EW_GREEN,fixed_cycle,,,
100.0,2,43,2.0,0.047,4,0.0,4,0.0,3,0.0,8,0.0,0,0,0,0,0.0,0.0,2.0,0,EW_GREEN,hold,,,
101.0,2,41,4.0,0.098,4,0.0,4,0.0,3,0.0,8,1.0,0,0,0,0,0.0,1.0,3.0,0,EW_GREEN,hold,,,
102.0,2,41,7.0,0.171,4,0.0,4,0.0,3,0.0,8,2.0,0,0,0,0,0.0,2.0,5.0,0,EW_GREEN,hold,,,
103.0,2,40,11.0,0.275,4,0.0,4,0.0,3,0.0,9,4.0,0,0,0,0,0.0,4.0,7.0,0,EW_GREEN,hold,,,
104.0,2,42,16.0,0.381,4,0.0,4,0.0,3,0.0,9,6.0,0,0,0,0,0.0,6.0,10.0,0,EW_GREEN,hold,,,
105.0,2,41,22.0,0.537,4,0.0,4,0.0,3,1.0,9,8.0,0,0,0,0,0.0,9.0,13.0,0,EW_GREEN,hold,,,
106.0,2,40,29.0,0.725,4,0.0,4,0.0,3,2.0,9,10.0,0,0,0,0,0.0,12.0,17.0,0,EW_GREEN,hold,,,
107.0,2,39,38.0,0.974,4,0.0,4,0.0,3,3.0,9,12.0,0,0,0,0,0.0,15.0,23.0,0,EW_GREEN,hold,,,
108.0,2,37,46.0,1.243,4,0.0,4,0.0,3,4.0,9,15.0,0,0,0,1,0.0,19.0,27.0,0,EW_GREEN,hold,,,
109.0,2,40,57.0,1.425,4,0.0,4,0.0,3,5.0,10,18.0,0,0,0,1,0.0,23.0,34.0,0,EW_GREEN,hold,,,
110.0,2,39,69.0,1.769,4,0.0,4,0.0,3,6.0,10,21.0,0,0,0,1,0.0,27.0,42.0,0,EW_GREEN,hold,,,
111.0,2,38,81.0,2.132,4,0.0,3,0.0,3,7.0,10,24.0,0,0,0,1,0.0,31.0,50.0,0,EW_GREEN,hold,,,
112.0,2,37,95.0,2.568,4,0.0,3,0.0,3,8.0,11,28.0,0,0,0,1,0.0,36.0,59.0,0,EW_GREEN,hold,,,
113.0,2,36,109.0,3.028,3,0.0,3,0.0,3,9.0,11,32.0,0,0,0,1,0.0,41.0,68.0,0,EW_GREEN,hold,,,
114.0,2,37,124.0,3.351,3,0.0,3,0.0,3,10.0,12,36.0,0,0,0,1,0.0,46.0,78.0,0,EW_GREEN,hold,,,
115.0,2,39,139.0,3.564,3,0.0,3,0.0,3,11.0,12,40.0,0,0,0,1,0.0,51.0,88.0,0,EW_GREEN,hold,,,
116.0,2,38,154.0,4.053,3,0.0,2,0.0,3,12.0,12,44.0,0,0,0,1,0.0,56.0,98.0,0,EW_GREEN,hold,,,
117.0,2,37,169.0,4.568,2,0.0,2,0.0,3,13.0,12,48.0,0,0,0,1,0.0,61.0,108.0,0,EW_GREEN,hold,,,
118.0,2,37,185.0,5.0,2,0.0,2,0.0,3,14.0,12,52.0,0,0,0,1,0.0,66.0,119.0,0,EW_GREEN,hold,,,
119.0,2,35,201.0,5.743,2,0.0,1,0.0,3,15.0,12,56.0,0,0,1,1,0.0,71.0,130.0,0,EW_GREEN,hold,,,
120.0,2,34,217.0,6.382,1,0.0,1,0.0,3,16.0,13,60.0,0,0,1,1,0.0,76.0,141.0,0,EW_GREEN,hold,,,
121.0,2,38,233.0,6.132,3,0.0,3,0.0,3,17.0,13,64.0,0,0,1,1,0.0,81.0,152.0,0,EW_GREEN,hold,,,
122.0,2,38,251.0,6.605,3,0.0,3,0.0,3,18.0,13,70.0,0,0,1,2,0.0,88.0,163.0,0,EW_GREEN,hold,,,
123.0,2,38,267.0,7.026,3,0.0,2,0.0,3,19.0,13,74.0,0,0,1,0,0.0,93.0,174.0,0,EW_GREEN,hold,,,
124.0,2,36,285.0,7.917,2,0.0,2,0.0,3,21.0,13,79.0,0,0,2,0,0.0,100.0,185.0,0,EW_GREEN,hold,,,
125.0,2,40,304.0,7.6,2,0.0,2,0.0,4,23.0,13,85.0,0,0,1,0,0.0,108.0,196.0,0,EW_GREEN,hold,,,
126.0,2,41,323.0,7.878,2,0.0,2,0.0,4,25.0,13,91.0,0,0,1,0,0.0,116.0,207.0,0,EW_GREEN,hold,,,
127.0,2,41,345.0,8.415,2,0.0,2,0.0,4,27.0,13,98.0,0,0,1,2,1.0,125.0,219.0,0,EW_GREEN,hold,,,
128.0,2,41,367.0,8.951,2,0.0,2,0.0,4,29.0,13,105.0,0,0,1,2,2.0,134.0,231.0,0,EW_GREEN,hold,,,
129.0,2,41,390.0,9.512,2,0.0,2,0.0,4,32.0,13,112.0,0,0,2,2,3.0,144.0,243.0,0,EW_YELLOW,fixed_cycle,,,
130.0,3,41,413.0,10.073,2,0.0,2,0.0,4,35.0,13,119.0,0,0,2,2,4.0,154.0,255.0,0,EW_YELLOW,hold,,,
131.0,3,40,436.0,10.9,2,0.0,2,0.0,4,38.0,13,126.0,0,0,2,2,5.0,164.0,267.0,0,EW_YELLOW,hold,,,
132.0,3,41,459.0,11.195,2,0.0,2,0.0,4,41.0,14,133.0,0,0,2,2,6.0,174.0,279.0,0,NS_GREEN,fixed_cycle,,,
133.0,0,33,307.0,9.303,2,0.0,2,0.0,1,0.0,11,51.0,0,0,0,1,0.0,51.0,256.0,0,NS_GREEN,hold,,,
134.0,0,33,246.0,7.455,2,0.0,2,0.0,1,0.0,11,12.0,0,0,0,0,0.0,12.0,234.0,0,NS_GREEN,hold,,,
135.0,0,35,212.0,6.057,2,0.0,2,0.0,1,0.0,11,0.0,0,0,0,0,0.0,0.0,212.0,0,NS_GREEN,hold,,,
136.0,0,35,191.0,5.457,2,0.0,2,0.0,1,0.0,10,0.0,0,0,0,0,0.0,0.0,191.0,0,NS_GREEN,hold,,,
137.0,0,39,169.0,4.333,2,0.0,2,0.0,2,0.0,10,0.0,0,0,0,0,0.0,0.0,169.0,0,NS_GREEN,hold,,,
138.0,0,40,149.0,3.725,2,0.0,2,1.0,2,0.0,10,1.0,0,1,0,0,0.0,2.0,147.0,0,NS_GREEN,hold,,,
139.0,0,39,126.0,3.231,2,1.0,2,2.0,2,0.0,9,0.0,0,1,0,0,0.0,3.0,123.0,0,NS_GREEN,hold,,,
140.0,0,38,103.0,2.711,2,2.0,2,3.0,2,0.0,8,0.0,0,1,0,0,0.0,5.0,98.0,0,NS_GREEN,hold,,,
141.0,0,37,81.0,2.189,2,3.0,2,4.0,2,0.0,7,0.0,0,1,0,0,0.0,7.0,74.0,0,NS_GREEN,hold,,,
142.0,0,39,60.0,1.538,2,4.0,2,5.0,2,0.0,8,0.0,0,1,0,0,0.0,9.0,51.0,0,NS_GREEN,hold,,,
143.0,0,36,38.0,1.056,2,5.0,2,6.0,2,0.0,6,0.0,0,1,0,0,0.0,11.0,27.0,0,NS_GREEN,hold,,,
144.0,0,36,22.0,0.611,2,6.0,2,7.0,2,0.0,5,0.0,0,1,0,0,0.0,13.0,9.0,0,NS_GREEN,hold,,,
145.0,0,45,26.0,0.578,4,7.0,4,8.0,2,0.0,5,0.0,0,0,0,0,0.0,15.0,11.0,0,NS_GREEN,hold,,,
146.0,0,49,17.0,0.347,4,8.0,4,9.0,2,0.0,5,0.0,0,0,0,0,0.0,17.0,0.0,0,NS_GREEN,hold,,,
147.0,0,50,20.0,0.4,4,9.0,4,10.0,2,0.0,5,0.0,0,0,0,0,0.0,19.0,1.0,0,NS_GREEN,hold,,,
148.0,0,50,22.0,0.44,4,10.0,4,11.0,2,0.0,5,0.0,0,0,0,0,0.0,21.0,1.0,0,NS_GREEN,hold,,,
149.0,0,49,25.0,0.51,4,11.0,4,12.0,2,0.0,4,0.0,0,0,0,0,0.0,23.0,2.0,0,NS_GREEN,hold,,,
150.0,0,48,28.0,0.583,4,12.0,4,13.0,2,0.0,4,0.0,0,0,0,0,0.0,25.0,3.0,0,NS_GREEN,hold,,,
151.0,0,50,32.0,0.64,4,13.0,4,14.0,2,0.0,5,0.0,0,0,0,0,0.0,27.0,5.0,0,NS_GREEN,hold,,,
152.0,0,49,32.0,0.653,4,14.0,4,15.0,2,0.0,5,0.0,0,0,0,0,0.0,29.0,3.0,0,NS_GREEN,hold,,,
153.0,0,49,33.0,0.673,4,15.0,4,16.0,2,0.0,5,0.0,0,0,0,0,0.0,31.0,2.0,0,NS_GREEN,hold,,,
154.0,0,50,34.0,0.68,4,16.0,4,17.0,2,0.0,6,0.0,0,0,0,0,0.0,33.0,1.0,0,NS_GREEN,hold,,,
155.0,0,48,36.0,0.75,4,17.0,4,18.0,1,0.0,6,0.0,0,0,0,0,0.0,35.0,1.0,0,NS_GREEN,hold,,,
156.0,0,51,39.0,0.765,4,18.0,4,19.0,1,0.0,7,0.0,0,0,0,0,0.0,37.0,2.0,0,NS_GREEN,hold,,,
157.0,0,52,42.0,0.808,4,19.0,4,20.0,1,0.0,7,0.0,0,0,0,0,0.0,39.0,3.0,0,NS_GREEN,hold,,,
158.0,0,52,46.0,0.885,4,20.0,4,21.0,1,0.0,7,0.0,0,0,0,0,0.0,41.0,5.0,0,NS_GREEN,hold,,,
159.0,0,51,51.0,1.0,4,21.0,4,22.0,1,0.0,7,0.0,0,0,0,0,1.0,43.0,7.0,0,NS_GREEN,hold,,,
160.0,0,49,57.0,1.163,4,22.0,4,23.0,1,0.0,7,0.0,0,0,0,0,2.0,45.0,10.0,0,NS_GREEN,hold,,,
161.0,0,51,64.0,1.255,4,23.0,4,24.0,2,0.0,8,0.0,0,0,0,0,4.0,47.0,13.0,0,NS_GREEN,hold,,,
162.0,0,50,72.0,1.44,4,24.0,4,26.0,2,0.0,8,0.0,0,1,0,0,6.0,50.0,16.0,0,NS_YELLOW,fixed_cycle,,,
163.0,1,51,81.0,1.588,4,25.0,4,28.0,3,0.0,8,0.0,0,1,0,0,8.0,53.0,20.0,0,NS_YELLOW,hold,,,
164.0,1,52,91.0,1.75,4,27.0,4,30.0,3,0.0,9,0.0,1,1,0,0,10.0,57.0,24.0,0,NS_YELLOW,hold,,,
165.0,1,52,103.0,1.981,4,29.0,4,32.0,3,0.0,9,1.0,1,1,0,0,12.0,62.0,29.0,0,EW_GREEN,fixed_cycle,,,
166.0,2,46,16.0,0.348,2,0.0,2,0.0,3,0.0,10,2.0,0,0,0,0,0.0,2.0,14.0,0,EW_GREEN,hold,,,
167.0,2,46,21.0,0.457,2,0.0,2,0.0,3,0.0,10,3.0,0,0,0,0,0.0,3.0,18.0,0,EW_GREEN,hold,,,
168.0,2,45,27.0,0.6,2,0.0,2,0.0,3,0.0,10,4.0,0,0,0,0,0.0,4.0,23.0,0,EW_GREEN,hold,,,
169.0,2,44,33.0,0.75,3,0.0,3,0.0,3,0.0,10,5.0,0,0,0,0,0.0,5.0,28.0,0,EW_GREEN,hold,,,
170.0,2,44,41.0,0.932,3,0.0,3,0.0,3,1.0,10,6.0,0,0,0,0,0.0,7.0,34.0,0,EW_GREEN,hold,,,
171.0,2,43,49.0,1.14,3,0.0,3,0.0,3,2.0,10,7.0,0,0,0,0,0.0,9.0,40.0,0,EW_GREEN,hold,,,
172.0,2,43,58.0,1.349,3,0.0,3,0.0,3,3.0,10,8.0,0,0,0,0,0.0,11.0,47.0,0,EW_GREEN,hold,,,
173.0,2,42,69.0,1.643,3,0.0,3,0.0,3,4.0,10,10.0,0,0,0,0,0.0,14.0,55.0,0,EW_GREEN,hold,,,
174.0,2,42,81.0,1.929,3,0.0,3,0.0,3,5.0,10,12.0,0,0,0,0,0.0,17.0,64.0,0,EW_GREEN,hold,,,
175.0,2,41,95.0,2.317,3,0.0,3,0.0,3,6.0,10,15.0,0,0,0,0,0.0,21.0,74.0,0,EW_GREEN,hold,,,
176.0,2,42,110.0,2.619,3,0.0,3,0.0,3,7.0,10,18.0,0,0,0,0,0.0,25.0,85.0,0,EW_GREEN,hold,,,
177.0,2,43,127.0,2.953,3,0.0,3,0.0,3,8.0,11,22.0,0,0,0,1,0.0,30.0,97.0,0,EW_GREEN,hold,,,
178.0,2,43,144.0,3.349,3,0.0,3,0.0,3,9.0,11,26.0,0,0,0,1,0.0,35.0,109.0,0,EW_GREEN,hold,,,
179.0,2,41,161.0,3.927,3,0.0,3,0.0,3,10.0,11,30.0,0,0,0,1,0.0,40.0,121.0,0,EW_GREEN,hold,,,
180.0,2,41,178.0,4.341,3,0.0,3,0.0,3,11.0,11,34.0,0,0,0,1,0.0,45.0,133.0,0,EW_GREEN,hold,,,
181.0,2,44,196.0,4.455,3,0.0,3,0.0,3,12.0,11,38.0,0,0,0,1,0.0,50.0,146.0,0,EW_GREEN,hold,,,
182.0,2,42,214.0,5.095,3,0.0,3,0.0,3,13.0,11,42.0,0,0,0,1,0.0,55.0,159.0,0,EW_GREEN,hold,,,
183.0,2,42,233.0,5.548,2,0.0,2,0.0,3,14.0,12,47.0,0,0,0,1,0.0,61.0,172.0,0,EW_GREEN,hold,,,
184.0,2,41,253.0,6.171,2,0.0,2,0.0,3,15.0,12,53.0,0,0,0,0,0.0,68.0,185.0,0,EW_GREEN,hold,,,
185.0,2,41,273.0,6.659,2,0.0,2,0.0,3,16.0,12,59.0,0,0,0,0,0.0,75.0,198.0,0,EW_GREEN,hold,,,
186.0,2,41,294.0,7.171,2,0.0,2,0.0,3,17.0,12,65.0,0,0,0,0,0.0,82.0,212.0,0,EW_GREEN,hold,,,
187.0,2,42,315.0,7.5,2,0.0,2,0.0,3,18.0,12,71.0,0,0,0,0,0.0,89.0,226.0,0,EW_GREEN,hold,,,
188.0,2,42,337.0,8.024,2,0.0,2,0.0,3,19.0,12,78.0,0,0,0,2,0.0,97.0,240.0,0,EW_GREEN,hold,,,
189.0,2,42,359.0,8.548,2,0.0,2,0.0,3,20.0,12,85.0,0,0,0,2,0.0,105.0,254.0,0,EW_GREEN,hold,,,
190.0,2,42,381.0,9.071,2,0.0,2,0.0,3,21.0,12,92.0,0,0,0,2,0.0,113.0,268.0,0,EW_GREEN,hold,,,
191.0,2,41,404.0,9.854,2,0.0,2,0.0,3,22.0,12,99.0,0,0,0,2,0.0,121.0,283.0,0,EW_GREEN,hold,,,
192.0,2,42,428.0,10.19,2,0.0,2,0.0,3,23.0,13,107.0,0,0,0,2,0.0,130.0,298.0,0,EW_GREEN,hold,,,
193.0,2,46,453.0,9.848,4,0.0,4,0.0,3,25.0,13,115.0,0,0,2,0,0.0,140.0,313.0,0,EW_GREEN,hold,,,
194.0,2,46,479.0,10.413,4,0.0,4,0.0,3,27.0,13,123.0,0,0,2,3,0.0,150.0,329.0,0,EW_GREEN,hold,,,
195.0,2,45,507.0,11.267,4,0.0,4,0.0,3,30.0,13,132.0,0,0,3,3,0.0,162.0,345.0,0,EW_YELLOW,fixed_cycle,,,
196.0,3,46,535.0,11.63,4,0.0,4,0.0,3,33.0,14,141.0,0,0,3,3,0.0,174.0,361.0,0,EW_YELLOW,hold,,,
197.0,3,47,564.0,12.0,4,0.0,4,0.0,3,36.0,14,150.0,0,0,3,3,0.0,186.0,378.0,0,EW_YELLOW,hold,,,
198.0,3,48,594.0,12.375,4,0.0,4,0.0,4,39.0,14,159.0,0,0,1,6,1.0,198.0,395.0,0,NS_GREEN,fixed_cycle,,,
199.0,0,41,463.0,11.293,4,0.0,4,0.0,2,7.0,11,84.0,0,0,0,4,0.0,91.0,372.0,0,NS_GREEN,hold,,,
200.0,0,40,384.0,9.6,4,0.0,4,0.0,2,0.0,11,34.0,0,0,0,0,0.0,34.0,350.0,0,NS_GREEN,hold,,,
201.0,0,41,338.0,8.244,4,0.0,4,0.0,2,0.0,12,10.0,0,0,0,0,0.0,10.0,328.0,0,NS_GREEN,hold,,,
202.0,0,38,305.0,8.026,4,0.0,4,0.0,1,0.0,10,0.0,0,0,0,0,0.0,0.0,305.0,0,NS_GREEN,hold,,,
203.0,0,42,282.0,6.714,4,0.0,4,0.0,2,0.0,9,0.0,0,0,0,0,0.0,0.0,282.0,0,NS_GREEN,hold,,,
204.0,0,42,260.0,6.19,4,0.0,4,0.0,2,0.0,9,0.0,0,0,0,0,0.0,0.0,260.0,0,NS_GREEN,hold,,,
205.0,0,43,238.0,5.535,4,0.0,4,0.0,2,0.0,7,0.0,0,0,0,0,0.0,0.0,238.0,0,NS_GREEN,hold,,,
206.0,0,43,215.0,5.0,4,0.0,4,0.0,2,0.0,7,0.0,0,0,0,0,0.0,0.0,215.0,0,NS_GREEN,hold,,,
207.0,0,48,224.0,4.667,4,0.0,4,0.0,2,0.0,7,0.0,0,0,0,0,0.0,0.0,224.0,0,NS_GREEN,hold,,,
208.0,0,48,199.0,4.146,4,0.0,4,0.0,2,0.0,7,0.0,0,0,0,0,0.0,0.0,199.0,0,NS_GREEN,hold,,,
209.0,0,48,174.0,3.625,4,0.0,4,1.0,2,0.0,8,0.0,0,1,0,0,0.0,1.0,173.0,0,NS_GREEN,hold,,,
210.0,0,48,149.0,3.104,4,1.0,4,2.0,2,0.0,8,0.0,1,1,0,0,0.0,3.0,146.0,0,NS_GREEN,hold,,,
211.0,0,48,123.0,2.562,4,2.0,4,3.0,2,0.0,8,0.0,1,1,0,0,0.0,5.0,118.0,0,NS_GREEN,hold,,,
212.0,0,48,131.0,2.729,4,3.0,4,4.0,2,0.0,8,0.0,0,1,0,0,0.0,7.0,124.0,0,NS_GREEN,hold,,,
213.0,0,47,107.0,2.277,4,4.0,4,5.0,2,0.0,8,0.0,0,1,0,0,0.0,9.0,98.0,0,NS_GREEN,hold,,,
214.0,0,47,87.0,1.851,4,5.0,4,6.0,2,0.0,8,0.0,0,0,0,0,0.0,11.0,76.0,0,NS_GREEN,hold,,,
215.0,0,46,69.0,1.5,4,6.0,4,7.0,2,0.0,8,0.0,0,0,0,0,0.0,13.0,56.0,0,NS_GREEN,hold,,,
216.0,0,45,51.0,1.133,4,7.0,4,8.0,2,0.0,7,0.0,0,0,0,0,0.0,15.0,36.0,0,NS_GREEN,hold,,,
217.0,0,53,35.0,0.66,5,8.0,5,9.0,2,0.0,8,0.0,0,0,0,0,0.0,17.0,18.0,0,NS_GREEN,hold,,,
218.0,0,55,25.0,0.455,5,9.0,5,10.0,2,0.0,8,0.0,0,0,0,0,0.0,19.0,6.0,0,NS_GREEN,hold,,,
219.0,0,55,21.0,0.382,5,10.0,5,11.0,2,0.0,8,0.0,0,0,0,0,0.0,21.0,0.0,0,NS_GREEN,hold,,,
220.0,0,56,23.0,0.411,5,11.0,5,12.0,2,0.0,9,0.0,0,0,0,0,0.0,23.0,0.0,0,NS_GREEN,hold,,,
221.0,0,56,25.0,0.446,5,12.0,5,13.0,2,0.0,9,0.0,0,0,0,0,0.0,25.0,0.0,0,NS_GREEN,hold,,,
222.0,0,55,27.0,0.491,5,13.0,5,14.0,2,0.0,8,0.0,0,0,0,0,0.0,27.0,0.0,0,NS_GREEN,hold,,,
223.0,0,55,29.0,0.527,5,14.0,5,15.0,2,0.0,8,0.0,0,0,0,0,0.0,29.0,0.0,0,NS_GREEN,hold,,,
224.0,0,56,32.0,0.571,5,15.0,5,16.0,2,0.0,9,0.0,0,0,0,0,0.0,31.0,1.0,0,NS_GREEN,hold,,,
225.0,0,54,33.0,0.611,5,16.0,5,17.0,2,0.0,8,0.0,0,0,0,0,0.0,33.0,0.0,0,NS_GREEN,hold,,,
226.0,0,54,35.0,0.648,5,17.0,5,18.0,2,0.0,8,0.0,0,0,0,0,0.0,35.0,0.0,0,NS_GREEN,hold,,,
227.0,0,56,37.0,0.661,5,18.0,5,19.0,2,0.0,9,0.0,0,0,0,0,0.0,37.0,0.0,0,NS_GREEN,hold,,,
228.0,0,58,39.0,0.672,5,19.0,5,20.0,2,0.0,9,0.0,0,0,0,0,0.0,39.0,0.0,0,NS_YELLOW,fixed_cycle,,,
229.0,1,57,41.0,0.719,5,20.0,5,21.0,1,0.0,9,0.0,0,0,0,0,0.0,41.0,0.0,0,NS_YELLOW,hold,,,
230.0,1,58,44.0,0.759,5,21.0,5,22.0,1,0.0,9,0.0,0,0,0,0,0.0,43.0,1.0,0,NS_YELLOW,hold,,,
231.0,1,58,47.0,0.81,5,22.0,5,23.0,1,0.0,9,0.0,0,0,0,0,0.0,45.0,2.0,0,EW_GREEN,fixed_cycle,,,
232.0,2,51,5.0,0.098,3,0.0,3,1.0,1,0.0,9,0.0,0,0,0,0,0.0,1.0,4.0,0,EW_GREEN,hold,,,
233.0,2,52,6.0,0.115,3,0.0,3,0.0,1,0.0,10,0.0,0,0,0,0,0.0,0.0,6.0,0,EW_GREEN,hold,,,
234.0,2,46,11.0,0.239,3,0.0,3,0.0,1,1.0,10,0.0,0,0,1,0,1.0,1.0,9.0,0,EW_GREEN,hold,,,
235.0,2,48,16.0,0.333,3,0.0,3,0.0,2,2.0,11,0.0,0,0,0,0,2.0,2.0,12.0,0,EW_GREEN,hold,,,
236.0,2,46,22.0,0.478,3,0.0,3,0.0,2,3.0,11,0.0,0,0,0,0,3.0,3.0,16.0,0,EW_GREEN,hold,,,
237.0,2,45,29.0,0.644,3,0.0,3,0.0,2,4.0,11,0.0,0,0,0,0,4.0,4.0,21.0,0,EW_GREEN,hold,,,
238.0,2,45,37.0,0.822,3,0.0,3,0.0,2,5.0,11,1.0,0,0,0,0,5.0,6.0,26.0,0,EW_GREEN,hold,,,
239.0,2,45,47.0,1.044,3,0.0,3,0.0,2,6.0,11,3.0,0,0,0,0,6.0,9.0,32.0,0,EW_GREEN,hold,,,
240.0,2,42,58.0,1.381,2,0.0,2,0.0,2,7.0,11,5.0,0,0,0,0,7.0,12.0,39.0,0,EW_GREEN,hold,,,
241.0,2,47,70.0,1.489,4,0.0,4,0.0,2,8.0,12,8.0,0,0,0,0,8.0,16.0,46.0,0,EW_GREEN,hold,,,
242.0,2,49,83.0,1.694,5,0.0,5,0.0,2,9.0,12,12.0,0,0,0,0,9.0,21.0,53.0,0,EW_GREEN,hold,,,
243.0,2,47,98.0,2.085,4,0.0,4,0.0,2,10.0,12,16.0,0,0,0,0,10.0,26.0,62.0,0,EW_GREEN,hold,,,
244.0,2,47,114.0,2.426,4,0.0,4,0.0,2,11.0,12,20.0,0,0,0,0,11.0,31.0,72.0,0,EW_GREEN,hold,,,
245.0,2,46,130.0,2.826,4,0.0,4,0.0,2,12.0,12,24.0,0,0,0,0,12.0,36.0,82.0,0,EW_GREEN,hold,,,
246.0,2,49,147.0,3.0,4,0.0,4,0.0,2,13.0,13,28.0,0,0,0,0,13.0,41.0,93.0,0,EW_GREEN,hold,,,
247.0,2,47,165.0,3.511,3,0.0,3,0.0,2,14.0,13,32.0,0,0,0,0,14.0,46.0,105.0,0,EW_GREEN,hold,,,
248.0,2,49,184.0,3.755,3,0.0,3,0.0,2,15.0,13,37.0,0,0,0,0,15.0,52.0,117.0,0,EW_GREEN,hold,,,
249.0,2,50,201.0,4.02,3,0.0,3,0.0,2,16.0,13,40.0,0,0,1,0,16.0,56.0,129.0,0,EW_GREEN,hold,,,
250.0,2,50,220.0,4.4,3,0.0,3,0.0,2,17.0,13,44.0,0,0,1,0,17.0,61.0,142.0,0,EW_GREEN,hold,,,
251.0,2,50,242.0,4.84,3,0.0,3,0.0,2,18.0,13,50.0,0,0,1,0,18.0,68.0,156.0,0,EW_GREEN,hold,,,
252.0,2,49,266.0,5.429,3,0.0,3,0.0,2,19.0,13,57.0,0,0,1,3,19.0,76.0,171.0,0,EW_GREEN,hold,,,
253.0,2,51,290.0,5.686,3,0.0,3,0.0,2,20.0,13,64.0,0,0,1,3,20.0,84.0,186.0,0,EW_GREEN,hold,,,
254.0,2,51,315.0,6.176,3,0.0,3,0.0,2,21.0,13,71.0,0,0,1,3,21.0,92.0,202.0,0,EW_GREEN,hold,,,
255.0,2,48,341.0,7.104,3,0.0,2,0.0,2,22.0,13,78.0,0,0,1,3,22.0,100.0,219.0,0,EW_GREEN,hold,,,
256.0,2,46,368.0,8.0,2,0.0,1,0.0,2,23.0,13,85.0,0,0,1,3,23.0,108.0,237.0,0,EW_GREEN,hold,,,
257.0,2,47,396.0,8.426,2,0.0,1,0.0,2,24.0,14,93.0,0,0,1,6,24.0,117.0,255.0,0,EW_GREEN,hold,,,
258.0,2,46,425.0,9.239,1,0.0,1,0.0,2,25.0,14,102.0,0,0,1,6,25.0,127.0,273.0,0,EW_GREEN,hold,,,
259.0,2,48,454.0,9.458,1,0.0,1,0.0,2,26.0,14,111.0,0,0,1,6,26.0,137.0,291.0,0,EW_GREEN,hold,,,
260.0,2,48,483.0,10.062,1,0.0,1,0.0,2,27.0,14,120.0,0,0,0,3,27.0,147.0,309.0,0,EW_GREEN,hold,,,
261.0,2,48,512.0,10.667,1,0.0,1,0.0,2,28.0,14,129.0,0,0,0,3,28.0,157.0,327.0,0,EW_YELLOW,fixed_cycle,,,
262.0,3,48,541.0,11.271,1,0.0,1,0.0,2,29.0,14,138.0,0,0,0,3,29.0,167.0,345.0,0,EW_YELLOW,hold,,,
263.0,3,47,571.0,12.149,1,0.0,1,0.0,2,30.0,14,148.0,0,0,0,3,30.0,178.0,363.0,0,EW_YELLOW,hold,,,
264.0,3,48,601.0,12.521,1,0.0,1,0.0,2,31.0,15,158.0,0,0,0,3,31.0,189.0,381.0,0,NS_GREEN,fixed_cycle,,,
265.0,0,45,452.0,10.044,2,0.0,2,0.0,1,0.0,13,89.0,0,0,0,5,0.0,89.0,363.0,0,NS_GREEN,hold,,,
266.0,0,44,383.0,8.705,2,0.0,2,0.0,1,0.0,12,38.0,0,0,0,0,0.0,38.0,345.0,0,NS_GREEN,hold,,,
267.0,0,44,333.0,7.568,2,0.0,2,0.0,1,0.0,12,5.0,0,0,0,0,0.0,5.0,328.0,0,NS_GREEN,hold,,,
268.0,0,40,311.0,7.775,2,0.0,2,0.0,0,0.0,11,0.0,0,0,0,0,0.0,0.0,311.0,0,NS_GREEN,hold,,,
269.0,0,46,293.0,6.37,2,0.0,2,0.0,1,0.0,12,0.0,0,0,0,0,0.0,0.0,293.0,0,NS_GREEN,hold,,,
270.0,0,46,275.0,5.978,2,0.0,2,0.0,1,0.0,11,0.0,0,0,0,0,0.0,0.0,275.0,0,NS_GREEN,hold,,,
271.0,0,48,256.0,5.333,2,0.0,2,0.0,1,0.0,10,0.0,0,0,0,0,0.0,0.0,256.0,0,NS_GREEN,hold,,,
272.0,0,48,238.0,4.958,2,0.0,2,0.0,2,0.0,9,0.0,0,0,0,0,0.0,0.0,238.0,0,NS_GREEN,hold,,,
273.0,0,47,218.0,4.638,2,0.0,2,0.0,2,0.0,7,0.0,0,0,0,0,0.0,0.0,218.0,0,NS_GREEN,hold,,,
274.0,0,48,197.0,4.104,2,0.0,2,0.0,3,0.0,7,0.0,0,0,0,0,0.0,0.0,197.0,0,NS_GREEN,hold,,,
275.0,0,49,208.0,4.245,2,0.0,2,0.0,3,0.0,6,0.0,0,0,0,0,0.0,0.0,208.0,0,NS_GREEN,hold,,,
276.0,0,48,187.0,3.896,2,0.0,2,0.0,3,0.0,5,0.0,0,0,0,0,0.0,0.0,187.0,0,NS_GREEN,hold,,,
277.0,0,49,164.0,3.347,2,0.0,2,0.0,3,0.0,5,0.0,0,0,0,0,0.0,0.0,164.0,0,NS_GREEN,hold,,,
278.0,0,51,144.0,2.824,2,0.0,2,0.0,3,0.0,6,0.0,0,0,0,0,0.0,0.0,144.0,0,NS_GREEN,hold,,,
279.0,0,52,124.0,2.385,2,0.0,2,0.0,3,0.0,6,0.0,0,0,0,0,1.0,0.0,123.0,0,NS_GREEN,hold,,,
280.0,0,51,103.0,2.02,2,0.0,2,0.0,3,0.0,5,0.0,0,0,0,0,2.0,0.0,101.0,0,NS_GREEN,hold,,,
281.0,0,52,110.0,2.115,2,0.0,2,0.0,3,0.0,6,0.0,0,0,0,0,3.0,0.0,107.0,0,NS_GREEN,hold,,,
282.0,0,53,89.0,1.679,2,0.0,2,0.0,3,0.0,6,0.0,0,0,0,0,5.0,0.0,84.0,0,NS_GREEN,hold,,,
283.0,0,53,69.0,1.302,2,1.0,2,1.0,3,0.0,6,0.0,0,1,0,0,7.0,2.0,60.0,0,NS_GREEN,hold,,,
284.0,0,52,50.0,0.962,2,2.0,2,2.0,3,0.0,6,0.0,0,1,0,0,9.0,4.0,37.0,0,NS_GREEN,hold,,,
285.0,0,53,41.0,0.774,2,3.0,2,3.0,3,0.0,7,0.0,0,1,0,0,11.0,6.0,24.0,0,NS_GREEN,hold,,,
286.0,0,53,39.0,0.736,2,4.0,2,4.0,3,0.0,7,0.0,0,0,0,0,13.0,8.0,18.0,0,NS_GREEN,hold,,,
287.0,0,53,39.0,0.736,2,5.0,2,5.0,3,0.0,7,0.0,0,0,0,0,15.0,10.0,14.0,0,NS_GREEN,hold,,,
288.0,0,53,48.0,0.906,2,6.0,2,6.0,3,0.0,7,0.0,0,0,0,0,17.0,12.0,19.0,0,NS_GREEN,hold,,,
289.0,0,60,52.0,0.867,4,7.0,4,7.0,3,0.0,7,0.0,0,0,0,0,19.0,14.0,19.0,0,NS_GREEN,hold,,,
290.0,0,61,63.0,1.033,4,8.0,4,8.0,3,0.0,6,0.0,0,0,0,0,21.0,16.0,26.0,0,NS_GREEN,hold,,,
291.0,0,62,75.0,1.21,4,9.0,4,9.0,3,0.0,7,0.0,0,0,0,0,23.0,18.0,34.0,0,NS_GREEN,hold,,,
292.0,0,63,87.0,1.381,4,10.0,4,10.0,3,0.0,7,0.0,0,0,0,0,25.0,20.0,42.0,0,NS_GREEN,hold,,,
293.0,0,62,100.0,1.613,4,11.0,4,11.0,3,0.0,6,0.0,0,0,0,0,27.0,22.0,51.0,0,NS_GREEN,hold,,,
294.0,0,61,114.0,1.869,4,12.0,4,12.0,3,0.0,6,0.0,0,0,0,0,29.0,24.0,61.0,0,NS_YELLOW,fixed_cycle,,,
295.0,1,63,128.0,2.032,4,13.0,4,13.0,3,0.0,7,0.0,0,0,0,0,31.0,26.0,71.0,0,NS_YELLOW,hold,,,
296.0,1,63,144.0,2.286,4,14.0,4,14.0,3,0.0,7,0.0,0,0,0,0,33.0,28.0,83.0,0,NS_YELLOW,hold,,,
297.0,1,63,159.0,2.524,4,15.0,4,15.0,3,0.0,7,0.0,0,0,0,0,36.0,30.0,93.0,0,EW_GREEN,fixed_cycle,,,
298.0,2,57,84.0,1.474,3,0.0,3,0.0,3,0.0,8,0.0,0,0,0,0,2.0,0.0,82.0,0,EW_GREEN,hold,,,
299.0,2,57,82.0,1.439,3,0.0,3,0.0,3,0.0,8,0.0,0,0,0,0,0.0,0.0,82.0,0,EW_GREEN,hold,,,
300.0,2,59,93.0,1.576,3,0.0,3,0.0,3,0.0,8,0.0,0,0,0,0,0.0,0.0,93.0,0,EW_GREEN,hold,,,
301.0,2,56,104.0,1.857,3,0.0,3,0.0,3,0.0,8,0.0,0,0,0,0,0.0,0.0,104.0,0,EW_GREEN,hold,,,
302.0,2,55,116.0,2.109,3,0.0,3,0.0,3,1.0,8,0.0,0,0,1,0,0.0,1.0,115.0,0,EW_GREEN,hold,,,
303.0,2,53,129.0,2.434,2,0.0,3,0.0,3,2.0,8,0.0,0,0,1,0,0.0,2.0,127.0,0,EW_GREEN,hold,,,
304.0,2,48,143.0,2.979,2,0.0,2,0.0,3,3.0,8,0.0,0,0,1,0,0.0,3.0,140.0,0,EW_GREEN,hold,,,
305.0,2,48,160.0,3.333,2,0.0,2,0.0,4,5.0,8,1.0,0,0,1,0,0.0,6.0,154.0,0,EW_GREEN,hold,,,
306.0,2,49,179.0,3.653,2,0.0,2,0.0,4,8.0,9,2.0,0,0,2,0,0.0,10.0,169.0,0,EW_GREEN,hold,,,
307.0,2,46,199.0,4.326,2,0.0,2,0.0,4,11.0,9,3.0,0,0,2,0,1.0,14.0,184.0,0,EW_GREEN,hold,,,
308.0,2,45,220.0,4.889,2,0.0,2,0.0,4,14.0,9,5.0,0,0,2,0,2.0,19.0,199.0,0,EW_GREEN,hold,,,
309.0,2,46,242.0,5.261,2,0.0,2,0.0,4,17.0,10,7.0,0,0,2,0,3.0,24.0,215.0,0,EW_GREEN,hold,,,
310.0,2,47,265.0,5.638,2,0.0,2,0.0,4,20.0,10,9.0,0,0,2,0,4.0,29.0,232.0,0,EW_GREEN,hold,,,
311.0,2,46,289.0,6.283,2,0.0,2,0.0,4,23.0,10,12.0,0,0,2,0,5.0,35.0,249.0,0,EW_GREEN,hold,,,
312.0,2,46,314.0,6.826,2,0.0,2,0.0,4,26.0,10,15.0,0,0,2,0,6.0,41.0,267.0,0,EW_GREEN,hold,,,
313.0,2,48,341.0,7.104,3,0.0,3,0.0,4,29.0,10,19.0,0,0,2,0,7.0,48.0,286.0,0,EW_GREEN,hold,,,
314.0,2,48,369.0,7.688,3,0.0,3,0.0,4,32.0,10,23.0,0,0,2,0,8.0,55.0,306.0,0,EW_GREEN,hold,,,
315.0,2,46,397.0,8.63,3,0.0,3,0.0,4,35.0,10,27.0,0,0,2,0,9.0,62.0,326.0,0,EW_GREEN,hold,,,
316.0,2,47,427.0,9.085,3,0.0,3,0.0,4,38.0,11,31.0,0,0,2,0,10.0,69.0,348.0,0,EW_GREEN,hold,,,
317.0,2,47,456.0,9.702,3,0.0,3,0.0,4,41.0,11,36.0,0,0,2,0,11.0,77.0,368.0,0,EW_GREEN,hold,,,
318.0,2,47,487.0,10.362,3,0.0,3,0.0,4,44.0,11,41.0,0,0,2,0,12.0,85.0,390.0,0,EW_GREEN,hold,,,
319.0,2,47,518.0,11.021,3,0.0,3,0.0,4,47.0,11,46.0,0,0,2,0,13.0,93.0,412.0,0,EW_GREEN,hold,,,
320.0,2,49,549.0,11.204,3,0.0,3,0.0,4,50.0,11,51.0,0,0,2,0,14.0,101.0,434.0,0,EW_GREEN,hold,,,
321.0,2,49,580.0,11.837,3,0.0,3,0.0,4,53.0,11,56.0,0,0,2,0,15.0,109.0,456.0,0,EW_GREEN,hold,,,
322.0,2,49,611.0,12.469,3,0.0,3,0.0,4,56.0,11,61.0,0,0,2,0,16.0,117.0,478.0,0,EW_GREEN,hold,,,
323.0,2,49,642.0,13.102,3,0.0,3,0.0,4,59.0,11,66.0,0,0,2,0,17.0,125.0,500.0,0,EW_GREEN,hold,,,
324.0,2,48,673.0,14.021,3,0.0,3,0.0,4,62.0,11,71.0,0,0,2,0,18.0,133.0,522.0,0,EW_GREEN,hold,,,
325.0,2,49,705.0,14.388,3,0.0,3,0.0,4,65.0,11,76.0,0,0,2,0,19.0,141.0,545.0,0,EW_GREEN,hold,,,
326.0,2,49,738.0,15.061,3,0.0,3,0.0,4,68.0,11,82.0,0,0,2,0,20.0,150.0,568.0,0,EW_GREEN,hold,,,
327.0,2,46,772.0,16.783,2,0.0,2,0.0,4,71.0,11,89.0,0,0,2,0,21.0,160.0,591.0,0,EW_YELLOW,fixed_cycle,,,
328.0,3,47,806.0,17.149,2,0.0,2,0.0,4,74.0,12,96.0,0,0,2,0,22.0,170.0,614.0,0,EW_YELLOW,hold,,,
329.0,3,47,840.0,17.872,2,0.0,2,0.0,4,77.0,12,103.0,0,0,2,0,23.0,180.0,637.0,0,EW_YELLOW,hold,,,
330.0,3,47,875.0,18.617,2,0.0,2,0.0,4,80.0,12,111.0,0,0,2,2,24.0,191.0,660.0,0,NS_GREEN,fixed_cycle,,,
331.0,0,41,684.0,16.683,2,0.0,2,0.0,1,0.0,9,49.0,0,0,0,1,0.0,49.0,635.0,0,NS_GREEN,hold,,,
332.0,0,41,623.0,15.195,2,0.0,2,0.0,1,0.0,9,13.0,0,0,0,0,0.0,13.0,610.0,0,NS_GREEN,hold,,,
333.0,0,41,584.0,14.244,2,0.0,2,0.0,1,0.0,9,0.0,0,0,0,0,0.0,0.0,584.0,0,NS_GREEN,hold,,,
334.0,0,41,558.0,13.61,2,0.0,2,0.0,1,0.0,7,0.0,0,0,0,0,0.0,0.0,558.0,0,NS_GREEN,hold,,,
335.0,0,43,533.0,12.395,2,0.0,2,0.0,1,0.0,6,0.0,0,0,0,0,0.0,0.0,533.0,0,NS_GREEN,hold,,,
336.0,0,43,509.0,11.837,2,0.0,2,0.0,1,0.0,6,0.0,0,0,0,0,0.0,0.0,509.0,0,NS_GREEN,hold,,,
337.0,0,48,483.0,10.062,4,0.0,4,0.0,1,0.0,5,0.0,0,0,0,0,0.0,0.0,483.0,0,NS_GREEN,hold,,,
338.0,0,49,456.0,9.306,4,0.0,4,0.0,1,0.0,5,0.0,0,0,0,0,0.0,0.0,456.0,0,NS_GREEN,hold,,,
339.0,0,49,430.0,8.776,4,0.0,4,0.0,1,0.0,4,0.0,0,0,0,0,0.0,0.0,430.0,0,NS_GREEN,hold,,,
340.0,0,47,404.0,8.596,4,0.0,4,0.0,1,0.0,4,0.0,0,0,0,0,0.0,0.0,404.0,0,NS_GREEN,hold,,,
341.0,0,50,376.0,7.52,4,0.0,4,0.0,2,0.0,4,0.0,0,0,0,0,0.0,0.0,376.0,0,NS_GREEN,hold,,,
342.0,0,51,349.0,6.843,4,0.0,4,0.0,2,0.0,5,0.0,0,0,0,0,0.0,0.0,349.0,0,NS_GREEN,hold,,,
343.0,0,51,322.0,6.314,4,0.0,4,0.0,3,0.0,5,0.0,0,0,0,0,0.0,0.0,322.0,0,NS_GREEN,hold,,,
344.0,0,52,334.0,6.423,4,0.0,4,0.0,3,0.0,6,0.0,0,0,0,0,0.0,0.0,334.0,0,NS_GREEN,hold,,,
345.0,0,52,346.0,6.654,4,0.0,4,0.0,3,0.0,6,0.0,0,0,0,0,0.0,0.0,346.0,0,NS_GREEN,hold,,,
346.0,0,51,275.0,5.392,4,0.0,4,0.0,3,0.0,5,0.0,0,0,0,0,0.0,0.0,275.0,0,NS_GREEN,hold,,,
347.0,0,51,285.0,5.588,4,0.0,4,0.0,3,0.0,5,0.0,0,0,0,0,0.0,0.0,285.0,0,NS_GREEN,hold,,,
348.0,0,51,256.0,5.02,4,0.0,4,0.0,3,0.0,5,0.0,0,0,0,0,0.0,0.0,256.0,0,NS_GREEN,hold,,,
349.0,0,51,224.0,4.392,4,0.0,4,0.0,3,0.0,6,0.0,0,0,0,0,0.0,0.0,224.0,0,NS_GREEN,hold,,,
350.0,0,51,193.0,3.784,4,0.0,4,0.0,3,0.0,6,0.0,0,0,0,0,0.0,0.0,193.0,0,NS_GREEN,hold,,,
351.0,0,53,161.0,3.038,4,0.0,4,0.0,3,0.0,7,0.0,0,0,0,0,0.0,0.0,161.0,0,NS_GREEN,hold,,,
352.0,0,53,128.0,2.415,4,0.0,4,0.0,3,0.0,7,0.0,0,0,0,0,0.0,0.0,128.0,0,NS_GREEN,hold,,,
353.0,0,52,95.0,1.827,4,0.0,4,0.0,3,0.0,7,0.0,0,0,0,0,0.0,0.0,95.0,0,NS_GREEN,hold,,,
354.0,0,53,63.0,1.189,4,1.0,4,0.0,3,0.0,8,0.0,1,0,0,0,0.0,1.0,62.0,0,NS_GREEN,hold,,,
355.0,0,53,67.0,1.264,4,2.0,4,0.0,3,0.0,8,0.0,1,0,0,0,0.0,2.0,65.0,0,NS_GREEN,hold,,,
356.0,0,52,40.0,0.769,4,3.0,4,1.0,3,0.0,8,0.0,1,1,0,0,0.0,4.0,36.0,0,NS_GREEN,hold,,,
357.0,0,53,21.0,0.396,4,4.0,4,2.0,3,0.0,9,0.0,1,1,0,0,0.0,6.0,15.0,0,NS_GREEN,hold,,,
358.0,0,53,9.0,0.17,4,6.0,4,3.0,3,0.0,9,0.0,1,1,0,0,0.0,9.0,0.0,0,NS_GREEN,hold,,,
359.0,0,53,10.0,0.189,4,6.0,4,4.0,3,0.0,9,0.0,1,1,0,0,0.0,10.0,0.0,0,NS_GREEN,hold,,,
360.0,0,53,13.0,0.245,4,8.0,4,5.0,3,0.0,9,0.0,1,1,0,0,0.0,13.0,0.0,0,NS_YELLOW,fixed_cycle,,,
361.0,1,59,19.0,0.322,6,11.0,6,7.0,3,0.0,8,0.0,0,0,0,0,0.0,18.0,1.0,0,NS_YELLOW,hold,,,
362.0,1,61,26.0,0.426,6,15.0,6,9.0,3,0.0,9,0.0,0,0,0,0,0.0,24.0,2.0,0,NS_YELLOW,hold,,,
363.0,1,62,35.0,0.565,6,19.0,6,12.0,3,0.0,9,0.0,0,0,0,0,0.0,31.0,4.0,0,EW_GREEN,fixed_cycle,,,
364.0,2,59,16.0,0.271,5,7.0,5,3.0,3,0.0,9,0.0,0,0,0,0,0.0,10.0,6.0,0,EW_GREEN,hold,,,
365.0,2,56,15.0,0.268,4,4.0,5,2.0,3,0.0,9,0.0,0,0,0,0,0.0,6.0,9.0,0,EW_GREEN,hold,,,
366.0,2,52,13.0,0.25,4,0.0,4,0.0,3,0.0,9,0.0,0,0,0,0,0.0,0.0,13.0,0,EW_GREEN,hold,,,
367.0,2,54,17.0,0.315,4,0.0,4,0.0,3,0.0,10,0.0,0,0,0,0,0.0,0.0,17.0,0,EW_GREEN,hold,,,
368.0,2,53,22.0,0.415,4,0.0,4,0.0,3,0.0,10,1.0,0,0,0,0,0.0,1.0,21.0,0,EW_GREEN,hold,,,
369.0,2,52,29.0,0.558,3,0.0,4,0.0,3,1.0,10,2.0,0,0,0,0,0.0,3.0,26.0,0,EW_GREEN,hold,,,
370.0,2,51,36.0,0.706,3,0.0,3,0.0,3,2.0,10,3.0,0,0,0,0,0.0,5.0,31.0,0,EW_GREEN,hold,,,
371.0,2,51,44.0,0.863,3,0.0,3,0.0,3,3.0,10,4.0,0,0,0,0,0.0,7.0,37.0,0,EW_GREEN,hold,,,
372.0,2,53,54.0,1.019,3,0.0,3,0.0,3,5.0,10,5.0,0,0,2,0,0.0,10.0,44.0,0,EW_GREEN,hold,,,
373.0,2,52,66.0,1.269,2,0.0,3,0.0,3,7.0,10,7.0,0,0,2,0,0.0,14.0,52.0,0,EW_GREEN,hold,,,
374.0,2,51,78.0,1.529,2,0.0,2,0.0,3,9.0,10,9.0,0,0,2,0,0.0,18.0,60.0,0,EW_GREEN,hold,,,
375.0,2,51,91.0,1.784,1,0.0,2,0.0,3,11.0,10,11.0,0,0,2,0,0.0,22.0,69.0,0,EW_GREEN,hold,,,
376.0,2,49,106.0,2.163,1,0.0,1,0.0,3,14.0,10,14.0,0,0,3,1,0.0,28.0,78.0,0,EW_GREEN,hold,,,
377.0,2,50,121.0,2.42,1,0.0,1,0.0,4,17.0,11,17.0,0,0,1,1,0.0,34.0,87.0,0,EW_GREEN,hold,,,
378.0,2,50,138.0,2.76,1,0.0,1,0.0,4,20.0,11,21.0,0,0,1,1,0.0,41.0,97.0,0,EW_GREEN,hold,,,
379.0,2,50,156.0,3.12,1,0.0,1,0.0,4,23.0,11,25.0,0,0,1,1,1.0,48.0,107.0,0,EW_GREEN,hold,,,
380.0,2,49,175.0,3.571,1,0.0,1,0.0,4,26.0,11,29.0,0,0,1,1,2.0,55.0,118.0,0,EW_GREEN,hold,,,
381.0,2,50,195.0,3.9,1,0.0,1,0.0,4,29.0,11,33.0,0,0,1,1,3.0,62.0,130.0,0,EW_GREEN,hold,,,
382.0,2,52,216.0,4.154,1,0.0,1,0.0,4,32.0,12,37.0,0,0,1,1,4.0,69.0,143.0,0,EW_GREEN,hold,,,
383.0,2,51,237.0,4.647,1,0.0,1,0.0,4,35.0,12,41.0,0,0,1,1,5.0,76.0,156.0,0,EW_GREEN,hold,,,
384.0,2,52,261.0,5.019,1,0.0,1,0.0,4,38.0,13,47.0,0,0,1,1,6.0,85.0,170.0,0,EW_GREEN,hold,,,
385.0,2,56,286.0,5.107,3,0.0,3,0.0,4,41.0,13,53.0,0,0,1,1,7.0,94.0,185.0,0,EW_GREEN,hold,,,
386.0,2,55,311.0,5.655,3,0.0,3,0.0,4,44.0,13,59.0,0,0,1,1,8.0,103.0,200.0,0,EW_GREEN,hold,,,
387.0,2,55,339.0,6.164,3,0.0,3,0.0,4,47.0,13,66.0,0,0,1,1,9.0,113.0,217.0,0,EW_GREEN,hold,,,
388.0,2,56,368.0,6.571,3,0.0,3,0.0,4,50.0,14,73.0,0,0,1,2,10.0,123.0,235.0,0,EW_GREEN,hold,,,
389.0,2,56,394.0,7.036,3,0.0,3,0.0,4,53.0,14,77.0,0,0,1,0,11.0,130.0,253.0,0,EW_GREEN,hold,,,
390.0,2,55,423.0,7.691,3,0.0,3,0.0,4,56.0,14,83.0,0,0,1,0,12.0,139.0,272.0,0,EW_GREEN,hold,,,
391.0,2,56,453.0,8.089,3,0.0,3,0.0,4,59.0,15,89.0,0,0,1,0,13.0,148.0,292.0,0,EW_GREEN,hold,,,
392.0,2,57,485.0,8.509,3,0.0,3,0.0,4,62.0,15,96.0,0,0,1,0,14.0,158.0,313.0,0,EW_GREEN,hold,,,
393.0,2,56,518.0,9.25,3,0.0,3,0.0,4,65.0,15,104.0,0,0,1,2,15.0,169.0,334.0,0,EW_YELLOW,fixed_cycle,,,
394.0,3,57,552.0,9.684,3,0.0,3,0.0,4,68.0,16,112.0,0,0,1,2,16.0,180.0,356.0,0,EW_YELLOW,hold,,,
395.0,3,57,586.0,10.281,3,0.0,3,0.0,4,71.0,16,120.0,0,0,1,2,17.0,191.0,378.0,0,EW_YELLOW,hold,,,
396.0,3,57,621.0,10.895,3,0.0,3,0.0,4,74.0,16,128.0,0,0,1,2,18.0,202.0,401.0,0,NS_GREEN,fixed_cycle,,,
397.0,0,52,473.0,9.096,3,0.0,3,0.0,2,26.0,13,60.0,0,0,0,2,0.0,86.0,387.0,0,NS_GREEN,hold,,,
398.0,0,52,396.0,7.615,3,0.0,3,0.0,2,0.0,13,22.0,0,0,0,0,1.0,22.0,373.0,0,NS_GREEN,hold,,,
399.0,0,52,361.0,6.942,3,0.0,3,0.0,2,0.0,13,0.0,0,0,0,0,2.0,0.0,359.0,0,NS_GREEN,hold,,,
400.0,0,49,347.0,7.082,3,0.0,3,0.0,1,0.0,11,0.0,0,0,0,0,3.0,0.0,344.0,0,NS_GREEN,hold,,,
401.0,0,53,334.0,6.302,3,0.0,3,0.0,2,0.0,10,0.0,0,0,0,0,4.0,0.0,330.0,0,NS_GREEN,hold,,,
402.0,0,53,321.0,6.057,3,0.0,3,0.0,2,0.0,11,0.0,0,0,0,0,5.0,0.0,316.0,0,NS_GREEN,hold,,,
403.0,0,55,307.0,5.582,3,0.0,3,0.0,2,0.0,8,0.0,0,0,0,0,6.0,0.0,301.0,0,NS_GREEN,hold,,,
404.0,0,56,326.0,5.821,3,1.0,3,1.0,2,0.0,9,0.0,0,1,0,0,7.0,2.0,317.0,0,NS_GREEN,hold,,,
405.0,0,59,313.0,5.305,3,2.0,3,2.0,2,0.0,9,0.0,0,1,0,0,8.0,4.0,301.0,0,NS_GREEN,hold,,,
406.0,0,57,301.0,5.281,3,3.0,3,3.0,1,0.0,8,0.0,0,0,0,0,10.0,6.0,285.0,0,NS_GREEN,hold,,,
407.0,0,56,290.0,5.179,3,4.0,3,4.0,1,0.0,7,0.0,0,0,0,0,12.0,8.0,270.0,0,NS_GREEN,hold,,,
408.0,0,58,279.0,4.81,3,5.0,3,5.0,1,0.0,7,0.0,0,0,0,0,14.0,10.0,255.0,0,NS_GREEN,hold,,,
409.0,0,59,269.0,4.559,4,6.0,4,6.0,1,0.0,7,0.0,0,0,0,0,16.0,12.0,241.0,0,NS_GREEN,hold,,,
410.0,0,60,258.0,4.3,4,7.0,4,7.0,1,0.0,8,0.0,0,0,0,0,18.0,14.0,226.0,0,NS_GREEN,hold,,,
411.0,0,58,245.0,4.224,4,8.0,4,8.0,1,0.0,8,0.0,0,0,0,0,20.0,16.0,209.0,0,NS_GREEN,hold,,,
412.0,0,57,232.0,4.07,4,9.0,4,9.0,1,0.0,8,0.0,0,0,0,0,22.0,18.0,192.0,0,NS_GREEN,hold,,,
413.0,0,60,220.0,3.667,4,10.0,4,10.0,2,0.0,9,0.0,0,0,0,0,25.0,20.0,175.0,0,NS_GREEN,hold,,,
414.0,0,61,233.0,3.82,4,11.0,4,11.0,3,0.0,9,0.0,0,0,0,0,28.0,22.0,183.0,0,NS_GREEN,hold,,,
415.0,0,61,218.0,3.574,4,12.0,4,12.0,3,0.0,9,0.0,0,0,0,0,31.0,24.0,163.0,0,NS_GREEN,hold,,,
416.0,0,61,202.0,3.311,4,13.0,4,13.0,3,0.0,9,0.0,0,0,0,0,34.0,26.0,142.0,0,NS_GREEN,hold,,,
417.0,0,60,187.0,3.117,4,14.0,4,14.0,3,0.0,8,0.0,0,0,0,0,37.0,28.0,122.0,0,NS_GREEN,hold,,,
418.0,0,60,172.0,2.867,4,15.0,4,15.0,3,0.0,8,0.0,0,0,0,0,40.0,30.0,102.0,0,NS_GREEN,hold,,,
419.0,0,61,156.0,2.557,4,16.0,4,16.0,3,0.0,9,0.0,0,0,0,0,43.0,32.0,81.0,0,NS_GREEN,hold,,,
420.0,0,59,137.0,2.322,4,17.0,4,17.0,3,0.0,8,0.0,0,0,0,0,46.0,34.0,57.0,0,NS_GREEN,hold,,,
421.0,0,58,117.0,2.017,4,18.0,4,18.0,3,0.0,7,0.0,0,0,0,0,49.0,36.0,32.0,0,NS_GREEN,hold,,,
422.0,0,60,124.0,2.067,4,19.0,4,19.0,3,0.0,8,0.0,0,0,0,0,52.0,38.0,34.0,0,NS_GREEN,hold,,,
423.0,0,61,131.0,2.148,4,20.0,4,20.0,3,0.0,7,0.0,0,0,0,0,55.0,40.0,36.0,0,NS_GREEN,hold,,,
424.0,0,60,137.0,2.283,4,21.0,4,21.0,3,0.0,7,0.0,0,0,0,0,58.0,42.0,37.0,0,NS_GREEN,hold,,,
425.0,0,63,144.0,2.286,4,22.0,4,22.0,3,0.0,8,0.0,0,0,0,0,61.0,44.0,39.0,0,NS_GREEN,hold,,,
426.0,0,62,153.0,2.468,4,24.0,4,24.0,3,0.0,7,0.0,1,1,0,0,64.0,48.0,41.0,0,NS_YELLOW,fixed_cycle,,,
427.0,1,62,162.0,2.613,4,26.0,4,26.0,3,0.0,7,0.0,1,1,0,0,67.0,52.0,43.0,0,NS_YELLOW,hold,,,
428.0,1,62,172.0,2.774,4,28.0,4,28.0,3,0.0,7,0.0,1,1,0,0,70.0,56.0,46.0,0,NS_YELLOW,hold,,,
429.0,1,63,182.0,2.889,4,30.0,4,30.0,3,0.0,8,0.0,1,1,0,0,73.0,60.0,49.0,0,EW_GREEN,fixed_cycle,,,
430.0,2,55,22.0,0.4,2,0.0,2,0.0,3,0.0,8,0.0,0,0,0,0,18.0,0.0,4.0,0,EW_GREEN,hold,,,
431.0,2,54,6.0,0.111,2,0.0,2,0.0,3,0.0,8,0.0,0,0,0,0,0.0,0.0,6.0,0,EW_GREEN,hold,,,
432.0,2,55,8.0,0.145,2,0.0,2,0.0,3,0.0,9,0.0,0,0,0,0,0.0,0.0,8.0,0,EW_GREEN,hold,,,
433.0,2,59,12.0,0.203,4,0.0,4,0.0,3,1.0,9,0.0,0,0,0,0,0.0,1.0,11.0,0,EW_GREEN,hold,,,
434.0,2,59,17.0,0.288,4,0.0,4,0.0,3,2.0,9,0.0,0,0,0,0,0.0,2.0,15.0,0,EW_GREEN,hold,,,
435.0,2,57,22.0,0.386,4,0.0,4,0.0,3,3.0,9,0.0,0,0,0,0,0.0,3.0,19.0,0,EW_GREEN,hold,,,
436.0,2,57,28.0,0.491,4,0.0,4,0.0,3,4.0,9,0.0,0,0,0,0,0.0,4.0,24.0,0,EW_GREEN,hold,,,
437.0,2,54,35.0,0.648,4,0.0,4,0.0,3,5.0,9,0.0,0,0,0,0,0.0,5.0,30.0,0,EW_GREEN,hold,,,
438.0,2,53,43.0,0.811,4,0.0,4,0.0,3,6.0,9,0.0,0,0,0,0,0.0,6.0,37.0,0,EW_GREEN,hold,,,
439.0,2,54,51.0,0.944,4,0.0,4,0.0,3,7.0,10,0.0,0,0,0,0,0.0,7.0,44.0,0,EW_GREEN,hold,,,
440.0,2,53,61.0,1.151,4,0.0,4,0.0,3,8.0,10,1.0,0,0,0,0,0.0,9.0,52.0,0,EW_GREEN,hold,,,
441.0,2,52,71.0,1.365,4,0.0,4,0.0,3,9.0,10,2.0,0,0,0,0,0.0,11.0,60.0,0,EW_GREEN,hold,,,
442.0,2,52,81.0,1.558,4,0.0,4,0.0,3,10.0,10,3.0,0,0,0,0,0.0,13.0,68.0,0,EW_GREEN,hold,,,
443.0,2,52,92.0,1.769,4,0.0,4,0.0,3,11.0,10,4.0,0,0,0,0,0.0,15.0,77.0,0,EW_GREEN,hold,,,
444.0,2,52,106.0,2.038,4,0.0,4,0.0,3,13.0,10,6.0,0,0,2,0,0.0,19.0,87.0,0,EW_GREEN,hold,,,
445.0,2,52,122.0,2.346,4,0.0,4,0.0,3,15.0,10,9.0,0,0,2,0,0.0,24.0,98.0,0,EW_GREEN,hold,,,
446.0,2,52,139.0,2.673,4,0.0,4,0.0,3,18.0,10,12.0,0,0,3,0,0.0,30.0,109.0,0,EW_GREEN,hold,,,
447.0,2,50,157.0,3.14,3,0.0,3,0.0,3,21.0,10,15.0,0,0,3,0,0.0,36.0,121.0,0,EW_GREEN,hold,,,
448.0,2,50,177.0,3.54,3,0.0,3,0.0,3,24.0,10,19.0,0,0,3,0,0.0,43.0,134.0,0,EW_GREEN,hold,,,
449.0,2,51,198.0,3.882,3,0.0,3,0.0,4,27.0,10,23.0,0,0,1,0,0.0,50.0,148.0,0,EW_GREEN,hold,,,
450.0,2,51,221.0,4.333,3,0.0,3,0.0,4,30.0,10,28.0,0,0,1,0,1.0,58.0,162.0,0,EW_GREEN,hold,,,
451.0,2,51,245.0,4.804,3,0.0,3,0.0,4,33.0,10,33.0,0,0,1,0,2.0,66.0,177.0,0,EW_GREEN,hold,,,
452.0,2,50,269.0,5.38,3,0.0,3,0.0,4,36.0,10,38.0,0,0,1,0,3.0,74.0,192.0,0,EW_GREEN,hold,,,
453.0,2,50,294.0,5.88,3,0.0,3,0.0,4,39.0,10,43.0,0,0,1,0,4.0,82.0,208.0,0,EW_GREEN,hold,,,
454.0,2,52,320.0,6.154,3,0.0,3,0.0,4,42.0,11,48.0,0,0,1,0,5.0,90.0,225.0,0,EW_GREEN,hold,,,
455.0,2,51,347.0,6.804,3,0.0,3,0.0,4,45.0,11,53.0,0,0,1,0,6.0,98.0,243.0,0,EW_GREEN,hold,,,
456.0,2,52,376.0,7.231,3,0.0,3,0.0,4,48.0,12,60.0,0,0,1,2,7.0,108.0,261.0,0,EW_GREEN,hold,,,
457.0,2,54,406.0,7.519,4,0.0,4,0.0,4,51.0,12,67.0,0,0,1,2,8.0,118.0,280.0,0,EW_GREEN,hold,,,
458.0,2,53,437.0,8.245,4,0.0,4,0.0,4,54.0,12,74.0,0,0,1,2,9.0,128.0,300.0,0,EW_GREEN,hold,,,
459.0,2,51,468.0,9.176,4,0.0,4,0.0,4,57.0,12,81.0,0,0,1,2,10.0,138.0,320.0,0,EW_YELLOW,fixed_cycle,,,
460.0,3,52,501.0,9.635,4,0.0,4,0.0,4,60.0,13,89.0,0,0,1,2,11.0,149.0,341.0,0,EW_YELLOW,hold,,,
461.0,3,52,535.0,10.288,4,0.0,4,0.0,4,63.0,13,97.0,0,0,1,2,12.0,160.0,363.0,0,EW_YELLOW,hold,,,
462.0,3,52,570.0,10.962,4,0.0,4,0.0,4,66.0,13,105.0,0,0,1,2,13.0,171.0,386.0,0,NS_GREEN,fixed_cycle,,,
463.0,0,45,446.0,9.911,4,0.0,4,0.0,2,20.0,10,54.0,0,0,0,1,0.0,74.0,372.0,0,NS_GREEN,hold,,,
464.0,0,46,377.0,8.196,4,0.0,4,0.0,2,0.0,10,16.0,0,0,0,0,1.0,16.0,360.0,0,NS_GREEN,hold,,,
465.0,0,46,356.0,7.739,4,0.0,4,0.0,2,0.0,10,6.0,0,0,0,0,2.0,6.0,348.0,0,NS_GREEN,hold,,,
466.0,0,44,338.0,7.682,4,0.0,4,0.0,2,0.0,8,0.0,0,0,0,0,3.0,0.0,335.0,0,NS_GREEN,hold,,,
467.0,0,48,326.0,6.792,4,0.0,4,0.0,2,0.0,7,0.0,0,0,0,0,4.0,0.0,322.0,0,NS_GREEN,hold,,,
468.0,0,47,313.0,6.66,4,0.0,4,0.0,2,0.0,7,0.0,0,0,0,0,5.0,0.0,308.0,0,NS_GREEN,hold,,,
469.0,0,51,300.0,5.882,4,0.0,4,0.0,2,0.0,6,0.0,0,0,0,0,6.0,0.0,294.0,0,NS_GREEN,hold,,,
470.0,0,50,287.0,5.74,4,0.0,4,0.0,2,0.0,6,0.0,0,0,0,0,7.0,0.0,280.0,0,NS_GREEN,hold,,,
471.0,0,50,276.0,5.52,4,0.0,4,0.0,2,0.0,4,0.0,0,0,0,0,8.0,0.0,268.0,0,NS_GREEN,hold,,,
472.0,0,50,260.0,5.2,4,0.0,4,0.0,2,0.0,5,0.0,0,0,0,0,9.0,0.0,251.0,0,NS_GREEN,hold,,,
473.0,0,52,273.0,5.25,4,1.0,4,0.0,2,0.0,5,0.0,1,0,0,0,10.0,1.0,262.0,0,NS_GREEN,hold,,,
474.0,0,53,259.0,4.887,4,2.0,4,1.0,2,0.0,6,0.0,1,1,0,0,11.0,3.0,245.0,0,NS_GREEN,hold,,,
475.0,0,53,245.0,4.623,4,3.0,4,2.0,2,0.0,6,0.0,1,1,0,0,12.0,5.0,228.0,0,NS_GREEN,hold,,,
476.0,0,54,230.0,4.259,4,4.0,4,3.0,2,0.0,7,0.0,1,1,0,0,13.0,7.0,210.0,0,NS_GREEN,hold,,,
477.0,0,54,214.0,3.963,4,5.0,4,4.0,2,0.0,7,0.0,1,1,0,0,14.0,9.0,191.0,0,NS_GREEN,hold,,,
478.0,0,53,200.0,3.774,4,7.0,4,6.0,1,0.0,7,0.0,1,1,0,0,15.0,13.0,172.0,0,NS_GREEN,hold,,,
479.0,0,52,187.0,3.596,4,9.0,4,9.0,1,0.0,7,0.0,1,1,0,0,16.0,18.0,153.0,0,NS_GREEN,hold,,,
480.0,0,54,173.0,3.204,4,11.0,4,12.0,1,0.0,8,0.0,1,1,0,0,17.0,23.0,133.0,0,NS_GREEN,hold,,,
481.0,0,57,160.0,2.807,6,14.0,6,16.0,1,0.0,8,0.0,0,0,0,0,18.0,30.0,112.0,0,NS_GREEN,hold,,,
482.0,0,59,148.0,2.508,7,18.0,7,20.0,1,0.0,8,0.0,0,0,0,0,19.0,38.0,91.0,0,NS_GREEN,hold,,,
483.0,0,60,161.0,2.683,7,22.0,7,24.0,1,0.0,9,0.0,0,0,0,0,20.0,46.0,95.0,0,NS_GREEN,hold,,,
484.0,0,59,147.0,2.492,7,26.0,7,28.0,1,0.0,9,0.0,0,0,0,0,21.0,54.0,72.0,0,NS_GREEN,hold,,,
485.0,0,60,133.0,2.217,7,30.0,7,32.0,1,0.0,10,0.0,0,0,0,0,22.0,62.0,49.0,0,NS_GREEN,hold,,,
486.0,0,59,118.0,2.0,7,34.0,7,36.0,2,0.0,9,0.0,0,0,0,0,23.0,70.0,25.0,0,NS_GREEN,hold,,,
487.0,0,60,102.0,1.7,7,38.0,7,40.0,2,0.0,10,0.0,0,0,0,0,24.0,78.0,0.0,0,NS_GREEN,hold,,,
488.0,0,59,111.0,1.881,7,42.0,7,44.0,2,0.0,10,0.0,0,0,0,0,25.0,86.0,0.0,0,NS_GREEN,hold,,,
489.0,0,59,120.0,2.034,7,46.0,7,48.0,2,0.0,10,0.0,0,0,0,0,26.0,94.0,0.0,0,NS_GREEN,hold,,,
490.0,0,57,129.0,2.263,7,50.0,7,52.0,2,0.0,9,0.0,0,0,0,0,27.0,102.0,0.0,0,NS_GREEN,hold,,,
491.0,0,59,138.0,2.339,7,54.0,7,56.0,3,0.0,10,0.0,0,0,0,0,28.0,110.0,0.0,0,NS_GREEN,hold,,,
492.0,0,60,147.0,2.45,7,58.0,7,60.0,3,0.0,9,0.0,0,0,0,0,29.0,118.0,0.0,0,NS_YELLOW,fixed_cycle,,,
493.0,1,60,156.0,2.6,7,62.0,7,64.0,3,0.0,9,0.0,0,0,0,0,30.0,126.0,0.0,0,NS_YELLOW,hold,,,
494.0,1,61,165.0,2.705,7,66.0,7,68.0,3,0.0,10,0.0,0,0,0,0,31.0,134.0,0.0,0,NS_YELLOW,hold,,,
495.0,1,62,174.0,2.806,7,70.0,7,72.0,3,0.0,10,0.0,0,0,0,0,32.0,142.0,0.0,0,EW_GREEN,fixed_cycle,,,
496.0,2,59,66.0,1.119,6,31.0,6,34.0,3,0.0,11,0.0,0,0,0,0,0.0,65.0,1.0,0,EW_GREEN,hold,,,
497.0,2,58,36.0,0.621,6,17.0,5,17.0,3,0.0,11,0.0,0,0,0,0,0.0,34.0,2.0,0,EW_GREEN,hold,,,
498.0,2,56,24.0,0.429,5,19.0,5,1.0,3,0.0,11,0.0,0,0,0,0,0.0,20.0,4.0,0,EW_GREEN,hold,,,
499.0,2,53,10.0,0.189,4,3.0,4,0.0,3,0.0,11,0.0,0,0,0,0,0.0,3.0,7.0,0,EW_GREEN,hold,,,
500.0,2,52,11.0,0.212,4,0.0,4,0.0,3,1.0,11,0.0,0,0,0,0,0.0,1.0,10.0,0,EW_GREEN,hold,,,
501.0,2,51,16.0,0.314,4,0.0,4,0.0,3,2.0,12,0.0,0,0,0,0,0.0,2.0,14.0,0,EW_GREEN,hold,,,
502.0,2,48,21.0,0.438,3,0.0,3,0.0,3,3.0,12,0.0,0,0,0,0,0.0,3.0,18.0,0,EW_GREEN,hold,,,
503.0,2,49,27.0,0.551,3,0.0,3,0.0,3,4.0,12,0.0,0,0,0,0,0.0,4.0,23.0,0,EW_GREEN,hold,,,
504.0,2,48,33.0,0.688,3,0.0,3,0.0,3,5.0,12,1.0,0,0,0,0,0.0,6.0,27.0,0,EW_GREEN,hold,,,
505.0,2,53,42.0,0.792,4,0.0,4,0.0,3,6.0,12,3.0,0,0,0,0,0.0,9.0,33.0,0,EW_GREEN,hold,,,
506.0,2,52,53.0,1.019,3,0.0,3,0.0,3,7.0,12,5.0,0,0,0,0,0.0,12.0,41.0,0,EW_GREEN,hold,,,
507.0,2,51,63.0,1.235,3,0.0,3,0.0,3,8.0,12,8.0,0,0,0,0,0.0,16.0,47.0,0,EW_GREEN,hold,,,
508.0,2,53,76.0,1.434,3,0.0,3,0.0,3,9.0,12,11.0,0,0,0,0,0.0,20.0,56.0,0,EW_GREEN,hold,,,
509.0,2,50,89.0,1.78,2,0.0,2,0.0,3,10.0,12,14.0,0,0,0,0,0.0,24.0,65.0,0,EW_GREEN,hold,,,
510.0,2,52,103.0,1.981,2,0.0,2,0.0,3,11.0,12,17.0,0,0,0,0,0.0,28.0,75.0,0,EW_GREEN,hold,,,
511.0,2,53,118.0,2.226,2,0.0,2,0.0,3,12.0,12,20.0,0,0,0,0,0.0,32.0,86.0,0,EW_GREEN,hold,,,
512.0,2,53,135.0,2.547,2,0.0,2,0.0,3,13.0,12,24.0,0,0,0,1,0.0,37.0,98.0,0,EW_GREEN,hold,,,
513.0,2,52,153.0,2.942,2,0.0,2,0.0,3,14.0,12,29.0,0,0,0,1,0.0,43.0,110.0,0,EW_GREEN,hold,,,
514.0,2,52,172.0,3.308,2,0.0,2,0.0,3,15.0,12,34.0,0,0,0,0,0.0,49.0,123.0,0,EW_GREEN,hold,,,
515.0,2,54,192.0,3.556,2,0.0,2,0.0,3,16.0,13,39.0,0,0,0,0,0.0,55.0,137.0,0,EW_GREEN,hold,,,
516.0,2,55,212.0,3.855,2,0.0,2,0.0,3,17.0,13,44.0,0,0,0,0,0.0,61.0,151.0,0,EW_GREEN,hold,,,
517.0,2,54,233.0,4.315,2,0.0,2,0.0,3,18.0,13,49.0,0,0,0,0,0.0,67.0,166.0,0,EW_GREEN,hold,,,
518.0,2,54,255.0,4.722,2,0.0,2,0.0,3,19.0,13,54.0,0,0,0,0,0.0,73.0,182.0,0,EW_GREEN,hold,,,
519.0,2,55,278.0,5.055,2,0.0,2,0.0,3,20.0,13,60.0,0,0,0,2,0.0,80.0,198.0,0,EW_GREEN,hold,,,
520.0,2,52,302.0,5.808,2,0.0,1,0.0,3,21.0,13,66.0,0,0,1,0,0.0,87.0,215.0,0,EW_GREEN,hold,,,
521.0,2,51,327.0,6.412,1,0.0,1,0.0,4,22.0,13,72.0,0,0,0,0,0.0,94.0,233.0,0,EW_GREEN,hold,,,
522.0,2,52,354.0,6.808,1,0.0,1,0.0,4,24.0,14,78.0,0,0,0,0,0.0,102.0,252.0,0,EW_GREEN,hold,,,
523.0,2,51,385.0,7.549,1,0.0,1,0.0,4,26.0,14,86.0,0,0,0,0,1.0,112.0,272.0,0,EW_GREEN,hold,,,
524.0,2,52,416.0,8.0,1,0.0,1,0.0,4,28.0,15,94.0,0,0,0,0,2.0,122.0,292.0,0,EW_GREEN,hold,,,
525.0,2,52,449.0,8.635,1,0.0,1,0.0,4,30.0,15,103.0,0,0,0,3,3.0,133.0,313.0,0,EW_YELLOW,fixed_cycle,,,
526.0,3,53,483.0,9.113,1,0.0,1,0.0,4,32.0,15,112.0,0,0,1,3,4.0,144.0,335.0,0,EW_YELLOW,hold,,,
527.0,3,53,518.0,9.774,1,0.0,1,0.0,4,34.0,15,122.0,0,0,1,3,5.0,156.0,357.0,0,EW_YELLOW,hold,,,
528.0,3,53,554.0,10.453,1,0.0,1,0.0,4,36.0,15,132.0,0,0,1,3,6.0,168.0,380.0,0,NS_GREEN,fixed_cycle,,,
529.0,0,49,442.0,9.02,3,0.0,3,0.0,1,0.0,12,73.0,0,0,0,2,0.0,73.0,369.0,0,NS_GREEN,hold,,,
530.0,0,49,384.0,7.837,3,0.0,3,0.0,1,0.0,12,26.0,0,0,0,0,0.0,26.0,358.0,0,NS_GREEN,hold,,,
531.0,0,48,353.0,7.354,3,0.0,3,0.0,1,0.0,11,7.0,0,0,0,0,0.0,7.0,346.0,0,NS_GREEN,hold,,,
532.0,0,48,334.0,6.958,3,0.0,3,0.0,1,0.0,10,0.0,0,0,0,0,0.0,0.0,334.0,0,NS_GREEN,hold,,,
533.0,0,52,323.0,6.212,3,0.0,3,0.0,2,0.0,10,0.0,0,0,0,0,0.0,0.0,323.0,0,NS_GREEN,hold,,,
534.0,0,52,311.0,5.981,3,0.0,3,0.0,2,0.0,9,0.0,0,0,0,0,0.0,0.0,311.0,0,NS_GREEN,hold,,,
535.0,0,53,298.0,5.623,3,0.0,3,0.0,2,0.0,8,0.0,0,0,0,0,0.0,0.0,298.0,0,NS_GREEN,hold,,,
536.0,0,54,285.0,5.278,3,0.0,3,0.0,2,0.0,7,0.0,0,0,0,0,0.0,0.0,285.0,0,NS_GREEN,hold,,,
537.0,0,54,270.0,5.0,3,0.0,3,0.0,2,0.0,6,0.0,0,0,0,0,0.0,0.0,270.0,0,NS_GREEN,hold,,,
538.0,0,55,256.0,4.655,3,0.0,3,0.0,2,0.0,6,0.0,0,0,0,0,1.0,0.0,255.0,0,NS_GREEN,hold,,,
539.0,0,56,270.0,4.821,3,0.0,3,0.0,2,0.0,6,0.0,0,0,0,0,2.0,0.0,268.0,0,NS_GREEN,hold,,,
540.0,0,57,255.0,4.474,3,0.0,3,0.0,2,0.0,6,0.0,0,0,0,0,3.0,0.0,252.0,0,NS_GREEN,hold,,,
541.0,0,59,240.0,4.068,3,0.0,3,0.0,2,0.0,6,0.0,0,0,0,0,5.0,0.0,235.0,0,NS_GREEN,hold,,,
542.0,0,60,226.0,3.767,3,0.0,3,0.0,2,0.0,7,0.0,0,0,0,0,7.0,0.0,219.0,0,NS_GREEN,hold,,,
543.0,0,60,213.0,3.55,3,0.0,3,0.0,2,0.0,7,0.0,0,0,0,0,10.0,0.0,203.0,0,NS_GREEN,hold,,,
544.0,0,60,200.0,3.333,3,0.0,3,0.0,2,0.0,7,0.0,0,0,0,0,13.0,0.0,187.0,0,NS_GREEN,hold,,,
545.0,0,61,186.0,3.049,3,0.0,3,0.0,2,0.0,8,0.0,0,0,0,0,16.0,0.0,170.0,0,NS_GREEN,hold,,,
546.0,0,60,201.0,3.35,3,1.0,3,1.0,2,0.0,8,0.0,1,1,0,0,19.0,2.0,180.0,0,NS_GREEN,hold,,,
547.0,0,61,188.0,3.082,3,2.0,3,2.0,2,0.0,8,0.0,1,1,0,0,22.0,4.0,162.0,0,NS_GREEN,hold,,,
548.0,0,62,174.0,2.806,3,3.0,3,3.0,2,0.0,9,0.0,1,1,0,0,25.0,6.0,143.0,0,NS_GREEN,hold,,,
549.0,0,62,159.0,2.565,3,4.0,3,4.0,2,0.0,9,0.0,1,1,0,0,28.0,8.0,123.0,0,NS_GREEN,hold,,,
550.0,0,61,171.0,2.803,3,5.0,3,5.0,2,0.0,8,0.0,0,0,0,0,31.0,10.0,130.0,0,NS_GREEN,hold,,,
551.0,0,61,155.0,2.541,3,6.0,3,6.0,2,0.0,8,0.0,0,0,0,0,34.0,12.0,109.0,0,NS_GREEN,hold,,,
552.0,0,60,139.0,2.317,3,7.0,3,7.0,1,0.0,8,0.0,0,0,0,0,37.0,14.0,88.0,0,NS_GREEN,hold,,,
553.0,0,63,150.0,2.381,4,8.0,4,8.0,1,0.0,8,0.0,0,0,0,0,40.0,16.0,94.0,0,NS_GREEN,hold,,,
554.0,0,62,106.0,1.71,4,9.0,4,9.0,1,0.0,7,0.0,0,0,0,0,43.0,18.0,45.0,0,NS_GREEN,hold,,,
555.0,0,61,117.0,1.918,4,10.0,4,10.0,1,0.0,7,0.0,0,0,0,0,46.0,20.0,51.0,0,NS_GREEN,hold,,,
556.0,0,61,128.0,2.098,4,11.0,4,11.0,1,0.0,7,0.0,0,0,0,0,49.0,22.0,57.0,0,NS_GREEN,hold,,,
557.0,0,62,139.0,2.242,4,12.0,4,12.0,1,0.0,7,0.0,0,0,0,0,52.0,24.0,63.0,0,NS_GREEN,hold,,,
558.0,0,63,152.0,2.413,4,13.0,4,13.0,2,0.0,7,0.0,0,0,0,0,55.0,26.0,71.0,0,NS_YELLOW,fixed_cycle,,,
559.0,1,65,164.0,2.523,4,14.0,4,14.0,3,0.0,8,0.0,0,0,0,0,58.0,28.0,78.0,0,NS_YELLOW,hold,,,
560.0,1,64,178.0,2.781,4,15.0,4,15.0,3,0.0,8,0.0,0,0,0,0,61.0,30.0,87.0,0,NS_YELLOW,hold,,,
561.0,1,65,192.0,2.954,4,16.0,4,16.0,3,0.0,8,0.0,0,0,0,0,64.0,32.0,96.0,0,EW_GREEN,fixed_cycle,,,
562.0,2,59,82.0,1.39,3,0.0,3,0.0,3,0.0,9,0.0,0,0,0,0,20.0,0.0,62.0,0,EW_GREEN,hold,,,
563.0,2,58,50.0,0.862,3,0.0,3,0.0,3,0.0,9,0.0,0,0,0,0,0.0,0.0,50.0,0,EW_GREEN,hold,,,
564.0,2,57,61.0,1.07,3,0.0,3,0.0,3,0.0,9,1.0,0,0,0,0,0.0,1.0,60.0,0,EW_GREEN,hold,,,
565.0,2,55,70.0,1.273,3,0.0,3,0.0,3,1.0,9,2.0,0,0,1,0,0.0,3.0,67.0,0,EW_GREEN,hold,,,
566.0,2,54,80.0,1.481,3,0.0,3,0.0,3,2.0,10,3.0,0,0,0,0,0.0,5.0,75.0,0,EW_GREEN,hold,,,
567.0,2,53,92.0,1.736,2,0.0,2,0.0,3,3.0,10,4.0,0,0,0,0,0.0,7.0,85.0,0,EW_GREEN,hold,,,
568.0,2,51,105.0,2.059,2,0.0,2,0.0,3,4.0,11,5.0,0,0,0,0,0.0,9.0,96.0,0,EW_GREEN,hold,,,
569.0,2,50,119.0,2.38,2,0.0,2,0.0,3,5.0,11,6.0,0,0,0,0,0.0,11.0,108.0,0,EW_GREEN,hold,,,
570.0,2,49,135.0,2.755,2,0.0,2,0.0,3,6.0,11,9.0,0,0,0,1,0.0,15.0,120.0,0,EW_GREEN,hold,,,
571.0,2,49,151.0,3.082,2,0.0,2,0.0,3,7.0,11,12.0,0,0,0,1,0.0,19.0,132.0,0,EW_GREEN,hold,,,
572.0,2,47,168.0,3.574,2,0.0,2,0.0,3,8.0,11,15.0,0,0,0,1,0.0,23.0,145.0,0,EW_GREEN,hold,,,
573.0,2,48,187.0,3.896,2,0.0,2,0.0,3,9.0,12,19.0,0,0,0,1,0.0,28.0,159.0,0,EW_GREEN,hold,,,
574.0,2,48,206.0,4.292,2,0.0,2,0.0,3,10.0,12,23.0,0,0,0,1,0.0,33.0,173.0,0,EW_GREEN,hold,,,
575.0,2,46,226.0,4.913,2,0.0,2,0.0,3,11.0,12,27.0,0,0,0,1,0.0,38.0,188.0,0,EW_GREEN,hold,,,
576.0,2,47,247.0,5.255,2,0.0,2,0.0,3,12.0,12,31.0,0,0,0,1,0.0,43.0,204.0,0,EW_GREEN,hold,,,
577.0,2,54,269.0,4.981,4,0.0,4,0.0,3,13.0,12,35.0,0,0,0,1,0.0,48.0,221.0,0,EW_GREEN,hold,,,
578.0,2,55,291.0,5.291,4,0.0,4,0.0,3,14.0,12,39.0,0,0,0,1,0.0,53.0,238.0,0,EW_GREEN,hold,,,
579.0,2,54,316.0,5.852,4,0.0,4,0.0,3,15.0,12,44.0,0,0,0,1,0.0,59.0,257.0,0,EW_GREEN,hold,,,
580.0,2,54,341.0,6.315,4,0.0,4,0.0,3,16.0,12,50.0,0,0,0,1,0.0,66.0,275.0,0,EW_GREEN,hold,,,
581.0,2,53,366.0,6.906,4,0.0,4,0.0,3,17.0,12,56.0,0,0,0,1,0.0,73.0,293.0,0,EW_GREEN,hold,,,
582.0,2,54,391.0,7.241,4,0.0,4,0.0,3,18.0,13,62.0,0,0,0,1,0.0,80.0,311.0,0,EW_GREEN,hold,,,
583.0,2,53,419.0,7.906,4,0.0,4,0.0,3,19.0,13,68.0,0,0,0,0,0.0,87.0,332.0,0,EW_GREEN,hold,,,
584.0,2,53,446.0,8.415,4,0.0,4,0.0,3,20.0,13,74.0,0,0,0,0,0.0,94.0,352.0,0,EW_GREEN,hold,,,
585.0,2,52,475.0,9.135,4,0.0,4,0.0,3,21.0,13,80.0,0,0,0,0,0.0,101.0,374.0,0,EW_GREEN,hold,,,
586.0,2,52,504.0,9.692,4,0.0,4,0.0,3,22.0,13,86.0,0,0,0,2,0.0,108.0,396.0,0,EW_GREEN,hold,,,
587.0,2,51,534.0,10.471,4,0.0,4,0.0,3,23.0,13,92.0,0,0,0,2,0.0,115.0,419.0,0,EW_GREEN,hold,,,
588.0,2,52,565.0,10.865,4,0.0,4,0.0,3,24.0,13,99.0,0,0,0,2,0.0,123.0,442.0,0,EW_GREEN,hold,,,
589.0,2,52,596.0,11.462,4,0.0,4,0.0,3,25.0,13,106.0,0,0,0,2,0.0,131.0,465.0,0,EW_GREEN,hold,,,
590.0,2,52,628.0,12.077,4,0.0,4,0.0,3,27.0,13,113.0,0,0,1,2,0.0,140.0,488.0,0,EW_GREEN,hold,,,
591.0,2,51,660.0,12.941,3,0.0,4,0.0,3,29.0,13,120.0,0,0,3,2,0.0,149.0,511.0,0,EW_YELLOW,fixed_cycle,,,
592.0,3,49,694.0,14.163,3,0.0,4,0.0,3,32.0,13,128.0,0,0,3,2,0.0,160.0,534.0,0,EW_YELLOW,hold,,,
593.0,3,51,728.0,14.275,3,0.0,4,0.0,4,35.0,14,136.0,0,0,1,2,0.0,171.0,557.0,0,EW_YELLOW,hold,,,
594.0,3,50,762.0,15.24,3,0.0,4,0.0,4,38.0,14,144.0,0,0,1,2,0.0,182.0,580.0,0,NS_GREEN,fixed_cycle,,,
595.0,0,43,630.0,14.651,3,0.0,4,0.0,2,4.0,11,68.0,0,0,0,1,0.0,72.0,558.0,0,NS_GREEN,hold,,,
596.0,0,44,559.0,12.705,3,0.0,4,0.0,2,0.0,12,22.0,0,0,0,0,0.0,22.0,537.0,0,NS_GREEN,hold,,,
597.0,0,44,516.0,11.727,3,0.0,4,1.0,2,0.0,12,0.0,0,1,0,0,0.0,1.0,515.0,0,NS_GREEN,hold,,,
598.0,0,44,497.0,11.295,3,1.0,4,2.0,1,0.0,10,0.0,0,1,0,0,0.0,3.0,494.0,0,NS_GREEN,hold,,,
599.0,0,47,478.0,10.17,3,2.0,4,4.0,2,0.0,11,0.0,0,1,0,0,0.0,6.0,472.0,0,NS_GREEN,hold,,,
600.0,0,47,460.0,9.787,3,4.0,4,7.0,2,0.0,11,0.0,0,1,0,0,0.0,11.0,449.0,0,NS_GREEN,hold,,,
601.0,0,52,445.0,8.558,5,7.0,6,11.0,2,0.0,10,1.0,0,0,0,0,0.0,19.0,426.0,0,NS_GREEN,hold,,,
602.0,0,52,427.0,8.212,5,10.0,6,15.0,2,0.0,10,0.0,0,0,0,0,0.0,25.0,402.0,0,NS_GREEN,hold,,,
603.0,0,51,411.0,8.059,5,13.0,6,19.0,2,0.0,7,0.0,0,0,0,0,0.0,32.0,379.0,0,NS_GREEN,hold,,,
604.0,0,50,394.0,7.88,5,16.0,6,23.0,2,0.0,7,0.0,0,0,0,0,0.0,39.0,355.0,0,NS_GREEN,hold,,,
605.0,0,50,376.0,7.52,5,19.0,6,27.0,2,0.0,6,0.0,0,0,0,0,0.0,46.0,330.0,0,NS_GREEN,hold,,,
606.0,0,51,395.0,7.745,5,22.0,6,31.0,2,0.0,6,0.0,0,0,0,0,0.0,53.0,342.0,0,NS_GREEN,hold,,,
607.0,0,52,375.0,7.212,5,25.0,6,35.0,2,0.0,6,0.0,0,0,0,0,0.0,60.0,315.0,0,NS_GREEN,hold,,,
608.0,0,55,356.0,6.473,5,28.0,6,39.0,2,0.0,7,0.0,0,0,0,0,0.0,67.0,289.0,0,NS_GREEN,hold,,,
609.0,0,55,336.0,6.109,5,31.0,6,43.0,2,0.0,7,0.0,0,0,0,0,0.0,74.0,262.0,0,NS_GREEN,hold,,,
610.0,0,55,316.0,5.745,5,34.0,6,47.0,2,0.0,8,0.0,0,0,0,0,0.0,81.0,235.0,0,NS_GREEN,hold,,,
611.0,0,54,295.0,5.463,5,37.0,6,51.0,2,0.0,7,0.0,0,0,0,0,0.0,88.0,207.0,0,NS_GREEN,hold,,,
612.0,0,53,273.0,5.151,5,40.0,6,55.0,2,0.0,7,0.0,0,0,0,0,0.0,95.0,178.0,0,NS_GREEN,hold,,,
613.0,0,56,286.0,5.107,5,43.0,6,59.0,2,0.0,7,0.0,0,0,0,0,0.0,102.0,184.0,0,NS_GREEN,hold,,,
614.0,0,55,263.0,4.782,5,46.0,6,63.0,2,0.0,7,0.0,0,0,0,0,0.0,109.0,154.0,0,NS_GREEN,hold,,,
615.0,0,56,275.0,4.911,5,49.0,6,67.0,2,0.0,8,0.0,0,0,0,0,0.0,116.0,159.0,0,NS_GREEN,hold,,,
616.0,0,56,253.0,4.518,5,52.0,6,71.0,2,0.0,8,0.0,0,0,0,0,0.0,123.0,130.0,0,NS_GREEN,hold,,,
617.0,0,56,228.0,4.071,5,55.0,6,75.0,2,0.0,8,0.0,0,2,0,0,0.0,130.0,98.0,0,NS_GREEN,hold,,,
618.0,0,57,205.0,3.596,5,59.0,6,80.0,2,0.0,9,0.0,1,2,0,0,0.0,139.0,66.0,0,NS_GREEN,hold,,,
619.0,0,58,181.0,3.121,5,63.0,6,85.0,2,0.0,9,0.0,1,2,0,0,0.0,148.0,33.0,0,NS_GREEN,hold,,,
620.0,0,58,191.0,3.293,5,67.0,6,90.0,2,0.0,9,0.0,1,2,0,0,0.0,157.0,34.0,0,NS_GREEN,hold,,,
621.0,0,58,166.0,2.862,5,71.0,6,95.0,2,0.0,9,0.0,1,2,0,0,0.0,166.0,0.0,0,NS_GREEN,hold,,,
622.0,0,58,176.0,3.034,5,75.0,6,100.0,1,0.0,9,0.0,1,2,0,0,0.0,175.0,1.0,0,NS_GREEN,hold,,,
623.0,0,56,187.0,3.339,5,79.0,6,105.0,1,0.0,8,0.0,1,2,0,0,0.0,184.0,3.0,0,NS_GREEN,hold,,,
624.0,0,58,198.0,3.414,5,83.0,6,110.0,1,0.0,9,0.0,1,2,0,0,0.0,193.0,5.0,0,NS_YELLOW,fixed_cycle,,,
625.0,1,62,206.0,3.323,7,87.0,8,115.0,1,0.0,9,0.0,0,0,0,0,0.0,202.0,4.0,0,NS_YELLOW,hold,,,
626.0,1,62,214.0,3.452,7,91.0,8,120.0,1,0.0,9,0.0,0,0,0,0,0.0,211.0,3.0,0,NS_YELLOW,hold,,,
627.0,1,63,222.0,3.524,7,95.0,8,125.0,1,0.0,9,0.0,0,0,0,0,0.0,220.0,2.0,0,EW_GREEN,fixed_cycle,,,
628.0,2,58,127.0,2.19,6,57.0,7,68.0,1,0.0,9,1.0,0,0,0,0,0.0,126.0,1.0,0,EW_GREEN,hold,,,
629.0,2,59,61.0,1.034,6,29.0,7,29.0,1,0.0,10,2.0,0,0,0,0,0.0,60.0,1.0,0,EW_GREEN,hold,,,
630.0,2,57,36.0,0.632,5,30.0,6,0.0,2,0.0,10,4.0,0,0,0,0,0.0,34.0,2.0,0,EW_GREEN,hold,,,
631.0,2,57,8.0,0.14,5,0.0,6,0.0,2,0.0,10,6.0,0,0,0,0,0.0,6.0,2.0,0,EW_GREEN,hold,,,
632.0,2,55,13.0,0.236,5,0.0,5,0.0,2,0.0,10,8.0,0,0,0,0,1.0,8.0,4.0,0,EW_GREEN,hold,,,
633.0,2,55,21.0,0.382,5,0.0,5,0.0,2,1.0,10,11.0,0,0,0,0,2.0,12.0,7.0,0,EW_GREEN,hold,,,
634.0,2,53,30.0,0.566,4,0.0,5,0.0,2,2.0,10,14.0,0,0,0,0,3.0,16.0,11.0,0,EW_GREEN,hold,,,
635.0,2,52,39.0,0.75,4,0.0,4,0.0,2,3.0,11,17.0,0,0,0,0,4.0,20.0,15.0,0,EW_GREEN,hold,,,
636.0,2,52,49.0,0.942,4,0.0,4,0.0,2,4.0,11,20.0,0,0,0,0,5.0,24.0,20.0,0,EW_GREEN,hold,,,
637.0,2,52,61.0,1.173,4,0.0,4,0.0,2,5.0,11,24.0,0,0,0,0,6.0,29.0,26.0,0,EW_GREEN,hold,,,
638.0,2,51,74.0,1.451,3,0.0,4,0.0,2,6.0,11,28.0,0,0,0,0,7.0,34.0,33.0,0,EW_GREEN,hold,,,
639.0,2,49,88.0,1.796,2,0.0,3,0.0,2,7.0,11,33.0,0,0,0,0,8.0,40.0,40.0,0,EW_GREEN,hold,,,
640.0,2,50,102.0,2.04,2,0.0,3,0.0,2,8.0,11,38.0,0,0,0,0,9.0,46.0,47.0,0,EW_GREEN,hold,,,
641.0,2,51,117.0,2.294,2,0.0,3,0.0,2,9.0,11,43.0,0,0,0,0,10.0,52.0,55.0,0,EW_GREEN,hold,,,
642.0,2,48,133.0,2.771,2,0.0,2,0.0,2,10.0,11,48.0,0,0,0,2,11.0,58.0,64.0,0,EW_GREEN,hold,,,
643.0,2,49,150.0,3.061,2,0.0,2,0.0,2,11.0,11,53.0,0,0,0,2,12.0,64.0,74.0,0,EW_GREEN,hold,,,
644.0,2,48,167.0,3.479,2,0.0,2,0.0,2,12.0,11,58.0,0,0,0,4,13.0,70.0,84.0,0,EW_GREEN,hold,,,
645.0,2,49,186.0,3.796,2,0.0,2,0.0,2,13.0,12,64.0,0,0,0,4,14.0,77.0,95.0,0,EW_GREEN,hold,,,
646.0,2,49,206.0,4.204,2,0.0,2,0.0,2,14.0,12,70.0,0,0,0,4,15.0,84.0,107.0,0,EW_GREEN,hold,,,
647.0,2,49,226.0,4.612,2,0.0,2,0.0,2,15.0,12,76.0,0,0,0,2,16.0,91.0,119.0,0,EW_GREEN,hold,,,
648.0,2,48,247.0,5.146,2,0.0,2,0.0,2,16.0,12,82.0,0,0,0,2,17.0,98.0,132.0,0,EW_GREEN,hold,,,
649.0,2,54,269.0,4.981,3,0.0,3,0.0,2,17.0,13,89.0,0,0,0,2,18.0,106.0,145.0,0,EW_GREEN,hold,,,
650.0,2,55,291.0,5.291,3,0.0,3,0.0,2,18.0,13,96.0,0,0,0,2,19.0,114.0,158.0,0,EW_GREEN,hold,,,
651.0,2,55,314.0,5.709,3,0.0,3,0.0,2,19.0,13,103.0,0,0,0,2,20.0,122.0,172.0,0,EW_GREEN,hold,,,
652.0,2,55,338.0,6.145,3,0.0,3,0.0,2,20.0,13,110.0,0,0,0,2,21.0,130.0,187.0,0,EW_GREEN,hold,,,
653.0,2,54,364.0,6.741,3,0.0,3,0.0,2,21.0,13,118.0,0,0,0,0,22.0,139.0,203.0,0,EW_GREEN,hold,,,
654.0,2,53,390.0,7.358,3,0.0,3,0.0,2,22.0,13,126.0,0,0,0,0,23.0,148.0,219.0,0,EW_GREEN,hold,,,
655.0,2,53,417.0,7.868,3,0.0,3,0.0,2,23.0,13,134.0,0,0,0,0,24.0,157.0,236.0,0,EW_GREEN,hold,,,
656.0,2,54,445.0,8.241,3,0.0,3,0.0,2,24.0,14,142.0,0,0,0,3,25.0,166.0,254.0,0,EW_GREEN,hold,,,
657.0,2,54,474.0,8.778,3,0.0,3,0.0,2,25.0,14,151.0,0,0,0,3,26.0,176.0,272.0,0,EW_YELLOW,fixed_cycle,,,
658.0,3,54,504.0,9.333,3,0.0,3,0.0,2,26.0,14,160.0,0,0,0,3,27.0,186.0,291.0,0,EW_YELLOW,hold,,,
659.0,3,54,535.0,9.907,3,0.0,3,0.0,2,27.0,14,169.0,0,0,0,3,28.0,196.0,311.0,0,EW_YELLOW,hold,,,
660.0,3,55,566.0,10.291,3,0.0,3,0.0,2,28.0,14,178.0,0,0,1,3,29.0,206.0,331.0,0,NS_GREEN,fixed_cycle,,,
661.0,0,50,412.0,8.24,3,0.0,3,0.0,1,0.0,11,92.0,0,0,0,2,0.0,92.0,320.0,0,NS_GREEN,hold,,,
662.0,0,48,340.0,7.083,3,0.0,3,0.0,0,0.0,11,30.0,0,0,0,0,0.0,30.0,310.0,0,NS_GREEN,hold,,,
663.0,0,48,300.0,6.25,3,0.0,3,0.0,0,0.0,11,0.0,0,0,0,0,0.0,0.0,300.0,0,NS_GREEN,hold,,,
664.0,0,44,289.0,6.568,3,0.0,3,0.0,0,0.0,8,0.0,0,0,0,0,0.0,0.0,289.0,0,NS_GREEN,hold,,,
665.0,0,50,278.0,5.56,3,0.0,3,0.0,1,0.0,9,0.0,0,0,0,0,0.0,0.0,278.0,0,NS_GREEN,hold,,,
666.0,0,46,267.0,5.804,3,0.0,3,1.0,1,0.0,7,0.0,0,1,0,0,0.0,1.0,266.0,0,NS_GREEN,hold,,,
667.0,0,48,256.0,5.333,3,1.0,3,2.0,1,0.0,7,0.0,1,1,0,0,0.0,3.0,253.0,0,NS_GREEN,hold,,,
668.0,0,49,247.0,5.041,3,2.0,3,3.0,2,0.0,6,0.0,1,1,0,0,0.0,5.0,242.0,0,NS_GREEN,hold,,,
669.0,0,50,238.0,4.76,3,3.0,3,4.0,2,0.0,5,0.0,1,1,0,0,0.0,7.0,231.0,0,NS_GREEN,hold,,,
670.0,0,53,228.0,4.302,3,4.0,3,5.0,3,0.0,5,0.0,0,1,0,0,0.0,9.0,219.0,0,NS_GREEN,hold,,,
671.0,0,54,219.0,4.056,3,5.0,3,6.0,3,0.0,5,0.0,0,1,0,0,0.0,11.0,208.0,0,NS_GREEN,hold,,,
672.0,0,54,210.0,3.889,3,6.0,3,7.0,3,0.0,5,0.0,0,1,0,0,1.0,13.0,196.0,0,NS_GREEN,hold,,,
673.0,0,58,229.0,3.948,5,7.0,5,8.0,3,0.0,5,0.0,0,0,0,0,3.0,15.0,211.0,0,NS_GREEN,hold,,,
674.0,0,58,223.0,3.845,5,8.0,5,9.0,3,0.0,5,0.0,0,0,0,0,5.0,17.0,201.0,0,NS_GREEN,hold,,,
675.0,0,57,244.0,4.281,5,9.0,5,10.0,3,0.0,4,0.0,0,0,0,0,7.0,19.0,218.0,0,NS_GREEN,hold,,,
676.0,0,58,239.0,4.121,5,10.0,5,11.0,3,0.0,4,0.0,0,0,0,0,9.0,21.0,209.0,0,NS_GREEN,hold,,,
677.0,0,57,235.0,4.123,5,11.0,5,12.0,3,0.0,4,0.0,0,0,0,0,11.0,23.0,201.0,0,NS_GREEN,hold,,,
678.0,0,58,231.0,3.983,5,12.0,5,13.0,3,0.0,5,0.0,0,0,0,0,13.0,25.0,193.0,0,NS_GREEN,hold,,,
679.0,0,58,228.0,3.931,5,13.0,5,14.0,3,0.0,5,0.0,0,0,0,0,15.0,27.0,186.0,0,NS_GREEN,hold,,,
680.0,0,59,225.0,3.814,5,14.0,5,15.0,3,0.0,5,0.0,0,0,0,0,17.0,29.0,179.0,0,NS_GREEN,hold,,,
681.0,0,59,222.0,3.763,5,15.0,5,16.0,3,0.0,5,0.0,0,0,0,0,19.0,31.0,172.0,0,NS_GREEN,hold,,,
682.0,0,58,219.0,3.776,5,16.0,5,17.0,3,0.0,4,0.0,0,0,0,0,21.0,33.0,165.0,0,NS_GREEN,hold,,,
683.0,0,59,214.0,3.627,5,17.0,5,18.0,3,0.0,4,0.0,0,0,0,0,23.0,35.0,156.0,0,NS_GREEN,hold,,,
684.0,0,59,210.0,3.559,5,18.0,5,19.0,3,0.0,4,0.0,0,0,0,0,25.0,37.0,148.0,0,NS_GREEN,hold,,,
685.0,0,61,229.0,3.754,5,19.0,5,20.0,3,0.0,4,0.0,0,0,0,0,27.0,39.0,163.0,0,NS_GREEN,hold,,,
686.0,0,60,225.0,3.75,5,20.0,5,21.0,3,0.0,4,0.0,0,0,0,0,29.0,41.0,155.0,0,NS_GREEN,hold,,,
687.0,0,60,244.0,4.067,5,21.0,5,22.0,3,0.0,4,0.0,0,0,0,0,31.0,43.0,170.0,0,NS_GREEN,hold,,,
688.0,0,61,264.0,4.328,5,22.0,5,23.0,3,0.0,4,0.0,0,0,0,0,33.0,45.0,186.0,0,NS_GREEN,hold,,,
689.0,0,61,284.0,4.656,5,23.0,5,24.0,3,0.0,4,0.0,0,0,0,0,35.0,47.0,202.0,0,NS_GREEN,hold,,,
690.0,0,62,308.0,4.968,5,25.0,5,26.0,3,0.0,4,0.0,1,1,0,0,37.0,51.0,220.0,0,NS_YELLOW,fixed_cycle,,,
691.0,1,63,331.0,5.254,5,27.0,5,28.0,3,0.0,4,0.0,1,1,0,0,39.0,55.0,237.0,0,NS_YELLOW,hold,,,
692.0,1,63,355.0,5.635,5,29.0,5,30.0,3,0.0,4,0.0,1,1,0,0,41.0,59.0,255.0,0,NS_YELLOW,hold,,,
693.0,1,63,381.0,6.048,5,31.0,5,32.0,3,0.0,4,0.0,1,1,0,0,43.0,63.0,275.0,0,EW_GREEN,fixed_cycle,,,
694.0,2,54,256.0,4.741,3,0.0,3,0.0,3,0.0,4,0.0,0,0,0,0,0.0,0.0,256.0,0,EW_GREEN,hold,,,
695.0,2,52,274.0,5.269,3,0.0,3,0.0,3,0.0,4,0.0,0,0,0,0,0.0,0.0,274.0,0,EW_GREEN,hold,,,
696.0,2,52,293.0,5.635,3,0.0,3,0.0,3,0.0,5,0.0,0,0,0,0,0.0,0.0,293.0,0,EW_GREEN,hold,,,
697.0,2,52,314.0,6.038,4,0.0,4,0.0,3,0.0,5,1.0,0,0,0,0,0.0,1.0,313.0,0,EW_GREEN,hold,,,
698.0,2,51,336.0,6.588,4,0.0,4,0.0,3,1.0,5,2.0,0,0,1,0,0.0,3.0,333.0,0,EW_GREEN,hold,,,
699.0,2,51,360.0,7.059,4,0.0,4,0.0,3,2.0,5,4.0,0,0,1,1,0.0,6.0,354.0,0,EW_GREEN,hold,,,
700.0,2,48,385.0,8.021,4,0.0,4,0.0,3,3.0,5,6.0,0,0,1,1,0.0,9.0,376.0,0,EW_GREEN,hold,,,
701.0,2,49,411.0,8.388,4,0.0,4,0.0,4,4.0,5,8.0,0,0,0,1,0.0,12.0,399.0,0,EW_GREEN,hold,,,
702.0,2,47,437.0,9.298,4,0.0,4,0.0,4,5.0,5,10.0,0,0,0,1,0.0,15.0,422.0,0,EW_GREEN,hold,,,
703.0,2,47,464.0,9.872,4,0.0,4,0.0,4,7.0,5,12.0,0,0,1,1,0.0,19.0,445.0,0,EW_GREEN,hold,,,
704.0,2,47,491.0,10.447,4,0.0,4,0.0,4,9.0,5,14.0,0,0,1,1,0.0,23.0,468.0,0,EW_GREEN,hold,,,
705.0,2,46,518.0,11.261,4,0.0,4,0.0,4,11.0,5,16.0,0,0,1,1,0.0,27.0,491.0,0,EW_GREEN,hold,,,
706.0,2,45,547.0,12.156,4,0.0,4,0.0,4,14.0,5,18.0,0,0,2,1,1.0,32.0,514.0,0,EW_GREEN,hold,,,
707.0,2,46,576.0,12.522,4,0.0,4,0.0,4,17.0,6,20.0,0,0,2,1,2.0,37.0,537.0,0,EW_GREEN,hold,,,
708.0,2,45,564.0,12.533,4,0.0,4,0.0,4,20.0,6,22.0,0,0,2,1,3.0,42.0,519.0,0,EW_GREEN,hold,,,
709.0,2,45,551.0,12.244,4,0.0,4,0.0,4,23.0,6,24.0,0,0,2,1,4.0,47.0,500.0,0,EW_GREEN,hold,,,
710.0,2,45,538.0,11.956,4,0.0,4,0.0,4,26.0,6,26.0,0,0,2,1,5.0,52.0,481.0,0,EW_GREEN,hold,,,
711.0,2,44,525.0,11.932,3,0.0,3,0.0,4,29.0,6,28.0,0,0,2,1,6.0,57.0,462.0,0,EW_GREEN,hold,,,
712.0,2,45,511.0,11.356,3,0.0,3,0.0,4,32.0,7,30.0,0,0,2,0,7.0,62.0,442.0,0,EW_GREEN,hold,,,
713.0,2,45,497.0,11.044,3,0.0,3,0.0,4,35.0,7,32.0,0,0,2,0,8.0,67.0,422.0,0,EW_GREEN,hold,,,
714.0,2,45,484.0,10.756,3,0.0,3,0.0,4,38.0,7,35.0,0,0,2,0,9.0,73.0,402.0,0,EW_GREEN,hold,,,
715.0,2,45,471.0,10.467,3,0.0,3,0.0,4,41.0,7,38.0,0,0,2,0,10.0,79.0,382.0,0,EW_GREEN,hold,,,
716.0,2,44,458.0,10.409,3,0.0,3,0.0,4,44.0,7,41.0,0,0,2,0,11.0,85.0,362.0,0,EW_GREEN,hold,,,
717.0,2,42,444.0,10.571,2,0.0,3,0.0,4,47.0,7,44.0,0,0,2,0,12.0,91.0,341.0,0,EW_GREEN,hold,,,
718.0,2,42,433.0,10.31,2,0.0,2,0.0,4,50.0,8,47.0,0,0,2,1,13.0,97.0,323.0,0,EW_GREEN,hold,,,
719.0,2,41,421.0,10.268,2,0.0,2,0.0,4,53.0,8,50.0,0,0,2,1,14.0,103.0,304.0,0,EW_GREEN,hold,,,
720.0,2,40,409.0,10.225,1,0.0,2,0.0,4,56.0,8,53.0,0,0,2,1,15.0,109.0,285.0,0,EW_GREEN,hold,,,
721.0,2,46,431.0,9.37,3,0.0,3,0.0,4,59.0,8,56.0,0,0,2,1,16.0,115.0,300.0,0,EW_GREEN,hold,,,
722.0,2,49,420.0,8.571,4,0.0,4,0.0,4,62.0,8,60.0,0,0,2,2,17.0,122.0,281.0,0,EW_GREEN,hold,,,
723.0,2,50,409.0,8.18,4,0.0,4,0.0,4,65.0,8,64.0,0,0,2,2,18.0,129.0,262.0,0,EW_YELLOW,fixed_cycle,,,
724.0,3,52,399.0,7.673,4,0.0,4,0.0,4,68.0,8,68.0,0,0,2,1,19.0,136.0,244.0,0,EW_YELLOW,hold,,,
725.0,3,52,389.0,7.481,4,0.0,4,0.0,4,71.0,8,72.0,0,0,2,1,20.0,143.0,226.0,0,EW_YELLOW,hold,,,
726.0,3,52,380.0,7.308,4,1.0,4,1.0,4,74.0,8,76.0,0,0,2,1,21.0,152.0,207.0,0,NS_GREEN,fixed_cycle,,,
727.0,0,50,193.0,3.86,4,2.0,4,2.0,4,0.0,8,14.0,0,0,0,0,0.0,18.0,175.0,0,NS_GREEN,hold,,,
728.0,0,46,181.0,3.935,4,3.0,4,3.0,1,0.0,6,1.0,0,0,0,0,0.0,7.0,174.0,0,NS_GREEN,hold,,,
729.0,0,47,150.0,3.191,4,4.0,4,4.0,1,0.0,7,2.0,0,0,0,0,0.0,10.0,140.0,0,NS_GREEN,hold,,,
730.0,0,46,154.0,3.348,4,5.0,4,5.0,1,0.0,7,4.0,0,0,0,0,0.0,14.0,140.0,0,NS_GREEN,hold,,,
731.0,0,48,123.0,2.562,4,6.0,4,6.0,2,0.0,8,6.0,0,0,0,0,0.0,18.0,105.0,0,NS_GREEN,hold,,,
732.0,0,50,90.0,1.8,4,7.0,4,7.0,2,0.0,8,5.0,0,0,0,0,0.0,19.0,71.0,0,NS_GREEN,hold,,,
733.0,0,49,53.0,1.082,4,8.0,4,8.0,2,0.0,6,0.0,0,0,0,0,0.0,16.0,37.0,0,NS_GREEN,hold,,,
734.0,0,50,53.0,1.06,4,9.0,4,9.0,2,0.0,6,0.0,0,0,0,0,0.0,18.0,35.0,0,NS_GREEN,hold,,,
735.0,0,52,51.0,0.981,4,10.0,4,10.0,1,0.0,5,0.0,0,0,0,0,0.0,20.0,31.0,0,NS_GREEN,hold,,,
736.0,0,49,49.0,1.0,4,11.0,4,11.0,1,0.0,5,0.0,0,0,0,0,0.0,22.0,27.0,0,NS_GREEN,hold,,,
737.0,0,51,50.0,0.98,4,12.0,4,12.0,1,0.0,6,0.0,0,0,0,0,0.0,24.0,26.0,0,NS_GREEN,hold,,,
738.0,0,52,63.0,1.212,4,14.0,4,15.0,2,0.0,5,0.0,0,1,0,0,0.0,29.0,34.0,0,NS_GREEN,hold,,,
739.0,0,53,69.0,1.302,4,17.0,4,18.0,3,0.0,5,0.0,1,1,0,0,0.0,35.0,34.0,0,NS_GREEN,hold,,,
740.0,0,53,75.0,1.415,4,20.0,4,21.0,3,0.0,5,0.0,1,1,0,0,0.0,41.0,34.0,0,NS_GREEN,hold,,,
741.0,0,54,81.0,1.5,4,23.0,4,24.0,3,0.0,6,0.0,1,1,0,0,0.0,47.0,34.0,0,NS_GREEN,hold,,,
742.0,0,54,89.0,1.648,4,26.0,4,27.0,3,0.0,6,0.0,1,1,0,0,0.0,53.0,36.0,0,NS_GREEN,hold,,,
743.0,0,54,97.0,1.796,4,29.0,4,30.0,3,0.0,6,0.0,1,1,0,0,0.0,59.0,38.0,0,NS_GREEN,hold,,,
744.0,0,55,106.0,1.927,4,32.0,4,33.0,3,0.0,7,0.0,1,1,0,0,0.0,65.0,41.0,0,NS_GREEN,hold,,,
745.0,0,57,116.0,2.035,5,35.0,5,36.0,3,0.0,7,0.0,0,0,0,0,0.0,71.0,45.0,0,NS_GREEN,hold,,,
746.0,0,56,127.0,2.268,5,38.0,5,39.0,3,0.0,7,0.0,0,0,0,0,0.0,77.0,50.0,0,NS_GREEN,hold,,,
747.0,0,56,146.0,2.607,5,41.0,5,42.0,3,0.0,7,0.0,0,0,0,0,0.0,83.0,63.0,0,NS_GREEN,hold,,,
748.0,0,56,158.0,2.821,5,44.0,5,45.0,3,0.0,7,0.0,0,0,0,0,0.0,89.0,69.0,0,NS_GREEN,hold,,,
749.0,0,56,170.0,3.036,5,47.0,5,48.0,3,0.0,6,0.0,0,0,0,0,0.0,95.0,75.0,0,NS_GREEN,hold,,,
750.0,0,55,181.0,3.291,5,50.0,5,51.0,3,0.0,6,0.0,0,0,0,0,0.0,101.0,80.0,0,NS_GREEN,hold,,,
751.0,0,57,192.0,3.368,5,53.0,5,54.0,3,0.0,7,0.0,0,0,0,0,0.0,107.0,85.0,0,NS_GREEN,hold,,,
752.0,0,57,202.0,3.544,5,56.0,5,57.0,3,0.0,7,0.0,0,0,0,0,0.0,113.0,89.0,0,NS_GREEN,hold,,,
753.0,0,57,219.0,3.842,5,59.0,5,60.0,3,0.0,7,0.0,0,0,0,0,0.0,119.0,100.0,0,NS_GREEN,hold,,,
754.0,0,58,219.0,3.776,5,62.0,5,63.0,3,0.0,8,0.0,0,0,0,0,0.0,125.0,94.0,0,NS_GREEN,hold,,,
755.0,0,58,220.0,3.793,5,65.0,5,66.0,3,0.0,8,0.0,0,0,0,0,0.0,131.0,89.0,0,NS_GREEN,hold,,,
756.0,0,59,221.0,3.746,5,68.0,5,69.0,3,0.0,9,0.0,0,0,0,0,0.0,137.0,84.0,0,NS_YELLOW,fixed_cycle,,,
757.0,1,61,222.0,3.639,5,71.0,5,72.0,3,0.0,9,0.0,0,0,0,0,0.0,143.0,79.0,0,NS_YELLOW,hold,,,
758.0,1,60,224.0,3.733,5,74.0,5,75.0,3,0.0,9,0.0,0,0,0,0,0.0,149.0,75.0,0,NS_YELLOW,hold,,,
759.0,1,61,226.0,3.705,5,77.0,5,78.0,3,0.0,9,0.0,0,0,0,0,0.0,155.0,71.0,0,EW_GREEN,fixed_cycle,,,
760.0,2,56,110.0,1.964,3,23.0,3,23.0,3,0.0,10,0.0,0,0,0,0,0.0,46.0,64.0,0,EW_GREEN,hold,,,
761.0,2,56,59.0,1.054,3,0.0,3,0.0,3,0.0,10,0.0,0,0,0,0,0.0,0.0,59.0,0,EW_GREEN,hold,,,
762.0,2,58,57.0,0.983,3,0.0,3,0.0,3,0.0,11,1.0,0,0,0,0,0.0,1.0,56.0,0,EW_GREEN,hold,,,
763.0,2,57,57.0,1.0,3,0.0,1,0.0,3,0.0,11,3.0,0,0,0,0,0.0,3.0,54.0,0,EW_GREEN,hold,,,
764.0,2,55,58.0,1.055,1,0.0,1,0.0,3,0.0,11,5.0,0,0,0,0,0.0,5.0,53.0,0,EW_GREEN,hold,,,
765.0,2,54,72.0,1.333,1,0.0,1,0.0,3,0.0,11,7.0,0,0,0,0,0.0,7.0,65.0,0,EW_GREEN,hold,,,
766.0,2,54,74.0,1.37,1,0.0,1,0.0,3,0.0,11,9.0,0,0,0,0,0.0,9.0,65.0,0,EW_GREEN,hold,,,
767.0,2,52,78.0,1.5,1,0.0,1,0.0,3,0.0,11,11.0,0,0,0,0,0.0,11.0,67.0,0,EW_GREEN,hold,,,
768.0,2,51,82.0,1.608,1,0.0,1,0.0,3,0.0,11,13.0,0,0,0,0,0.0,13.0,69.0,0,EW_GREEN,hold,,,
769.0,2,54,85.0,1.574,3,0.0,3,0.0,3,0.0,12,15.0,0,0,0,0,0.0,15.0,70.0,0,EW_GREEN,hold,,,
770.0,2,53,94.0,1.774,3,0.0,3,0.0,3,2.0,12,18.0,0,0,2,0,0.0,20.0,74.0,0,EW_GREEN,hold,,,
771.0,2,54,113.0,2.093,3,0.0,3,0.0,3,4.0,12,21.0,0,0,2,0,0.0,25.0,88.0,0,EW_GREEN,hold,,,
772.0,2,53,126.0,2.377,3,0.0,3,0.0,3,7.0,12,24.0,0,0,3,0,0.0,31.0,95.0,0,EW_GREEN,hold,,,
773.0,2,55,138.0,2.509,3,0.0,3,0.0,4,10.0,12,27.0,0,0,2,0,0.0,37.0,101.0,0,EW_GREEN,hold,,,
774.0,2,55,150.0,2.727,3,0.0,3,0.0,4,13.0,12,30.0,0,0,2,0,0.0,43.0,107.0,0,EW_GREEN,hold,,,
775.0,2,55,163.0,2.964,3,0.0,3,0.0,4,16.0,12,33.0,0,0,2,0,1.0,49.0,113.0,0,EW_GREEN,hold,,,
776.0,2,55,186.0,3.382,3,0.0,3,0.0,4,19.0,12,36.0,0,0,2,0,2.0,55.0,129.0,0,EW_GREEN,hold,,,
777.0,2,55,199.0,3.618,3,0.0,3,0.0,4,22.0,12,39.0,0,0,2,0,3.0,61.0,135.0,0,EW_GREEN,hold,,,
778.0,2,54,214.0,3.963,3,0.0,3,0.0,4,25.0,12,42.0,0,0,2,0,4.0,67.0,143.0,0,EW_GREEN,hold,,,
779.0,2,55,229.0,4.164,3,0.0,3,0.0,4,28.0,13,46.0,0,0,2,1,5.0,74.0,150.0,0,EW_GREEN,hold,,,
780.0,2,55,243.0,4.418,3,0.0,3,0.0,4,31.0,13,50.0,0,0,2,1,6.0,81.0,156.0,0,EW_GREEN,hold,,,
781.0,2,54,257.0,4.759,3,0.0,3,0.0,4,34.0,13,55.0,0,0,2,0,7.0,89.0,161.0,0,EW_GREEN,hold,,,
782.0,2,54,281.0,5.204,3,0.0,3,0.0,4,37.0,13,60.0,0,0,2,0,8.0,97.0,176.0,0,EW_GREEN,hold,,,
783.0,2,54,308.0,5.704,3,0.0,2,0.0,4,40.0,13,66.0,0,0,2,0,9.0,106.0,193.0,0,EW_GREEN,hold,,,
784.0,2,53,333.0,6.283,2,0.0,2,0.0,4,43.0,13,72.0,0,0,2,0,10.0,115.0,208.0,0,EW_GREEN,hold,,,
785.0,2,52,361.0,6.942,2,0.0,2,0.0,4,46.0,13,79.0,0,0,2,0,11.0,125.0,225.0,0,EW_GREEN,hold,,,
786.0,2,52,391.0,7.519,2,0.0,2,0.0,4,49.0,13,87.0,0,0,2,0,12.0,136.0,243.0,0,EW_GREEN,hold,,,
787.0,2,52,418.0,8.038,2,0.0,2,0.0,4,52.0,13,92.0,0,0,2,0,13.0,144.0,261.0,0,EW_GREEN,hold,,,
788.0,2,51,449.0,8.804,2,0.0,2,0.0,4,55.0,13,100.0,0,0,2,0,14.0,155.0,280.0,0,EW_GREEN,hold,,,
789.0,2,51,481.0,9.431,2,0.0,2,0.0,4,58.0,13,108.0,0,0,2,3,15.0,166.0,300.0,0,EW_YELLOW,fixed_cycle,,,
790.0,3,52,515.0,9.904,2,0.0,2,0.0,4,61.0,14,117.0,0,0,2,3,16.0,178.0,321.0,0,EW_YELLOW,hold,,,
791.0,3,52,549.0,10.558,2,0.0,2,0.0,4,64.0,14,126.0,0,0,2,3,17.0,190.0,342.0,0,EW_YELLOW,hold,,,
792.0,3,52,584.0,11.231,2,0.0,2,0.0,4,67.0,14,135.0,0,0,2,3,18.0,202.0,364.0,0,NS_GREEN,fixed_cycle,,,
793.0,0,49,419.0,8.551,3,0.0,3,0.0,1,0.0,11,66.0,0,0,0,2,0.0,66.0,353.0,0,NS_GREEN,hold,,,
794.0,0,50,373.0,7.46,3,0.0,3,0.0,1,0.0,11,29.0,0,0,0,0,1.0,29.0,343.0,0,NS_GREEN,hold,,,
795.0,0,49,347.0,7.082,3,0.0,3,0.0,1,0.0,10,11.0,0,0,0,0,2.0,11.0,334.0,0,NS_GREEN,hold,,,
796.0,0,49,328.0,6.694,3,0.0,3,0.0,1,0.0,8,0.0,0,0,0,0,3.0,0.0,325.0,0,NS_GREEN,hold,,,
797.0,0,54,320.0,5.926,3,0.0,3,0.0,2,0.0,8,0.0,0,0,0,0,4.0,0.0,316.0,0,NS_GREEN,hold,,,
798.0,0,54,313.0,5.796,3,0.0,3,0.0,2,0.0,8,0.0,0,0,0,0,6.0,0.0,307.0,0,NS_GREEN,hold,,,
799.0,0,53,306.0,5.774,3,0.0,3,0.0,2,0.0,6,0.0,0,0,0,0,8.0,0.0,298.0,0,NS_GREEN,hold,,,
800.0,0,52,297.0,5.712,3,0.0,3,0.0,2,0.0,6,0.0,0,0,0,0,10.0,0.0,287.0,0,NS_GREEN,hold,,,
801.0,0,52,286.0,5.5,3,0.0,3,0.0,2,0.0,5,0.0,0,0,0,0,12.0,0.0,274.0,0,NS_GREEN,hold,,,
802.0,0,55,276.0,5.018,3,0.0,3,0.0,2,0.0,6,0.0,0,0,0,0,14.0,0.0,262.0,0,NS_GREEN,hold,,,
803.0,0,52,266.0,5.115,3,0.0,3,0.0,1,0.0,4,0.0,0,0,0,0,16.0,0.0,250.0,0,NS_GREEN,hold,,,
804.0,0,56,255.0,4.554,3,0.0,3,0.0,1,0.0,5,0.0,0,0,0,0,18.0,0.0,237.0,0,NS_GREEN,hold,,,
805.0,0,57,243.0,4.263,3,0.0,3,0.0,1,0.0,5,0.0,0,0,0,0,20.0,0.0,223.0,0,NS_GREEN,hold,,,
806.0,0,57,258.0,4.526,3,0.0,3,0.0,1,0.0,5,0.0,0,0,0,0,22.0,0.0,236.0,0,NS_GREEN,hold,,,
807.0,0,56,246.0,4.393,3,0.0,3,0.0,1,0.0,5,0.0,0,0,0,0,24.0,0.0,222.0,0,NS_GREEN,hold,,,
808.0,0,53,233.0,4.396,3,0.0,3,0.0,1,0.0,4,0.0,0,0,0,0,26.0,0.0,207.0,0,NS_GREEN,hold,,,
809.0,0,55,220.0,4.0,3,0.0,3,0.0,2,0.0,5,0.0,0,0,0,0,28.0,0.0,192.0,0,NS_GREEN,hold,,,
810.0,0,56,208.0,3.714,3,0.0,3,1.0,3,0.0,5,0.0,0,1,0,0,30.0,1.0,177.0,0,NS_GREEN,hold,,,
811.0,0,57,197.0,3.456,3,1.0,3,2.0,3,0.0,5,0.0,1,0,0,0,32.0,3.0,162.0,0,NS_GREEN,hold,,,
812.0,0,57,208.0,3.649,3,2.0,3,3.0,3,0.0,6,0.0,0,0,0,0,34.0,5.0,169.0,0,NS_GREEN,hold,,,
813.0,0,57,194.0,3.404,3,3.0,3,4.0,3,0.0,6,0.0,0,0,0,0,36.0,7.0,151.0,0,NS_GREEN,hold,,,
814.0,0,59,178.0,3.017,3,4.0,3,5.0,3,0.0,7,0.0,0,0,0,0,38.0,9.0,131.0,0,NS_GREEN,hold,,,
815.0,0,58,160.0,2.759,3,5.0,3,6.0,3,0.0,7,0.0,0,0,0,0,40.0,11.0,109.0,0,NS_GREEN,hold,,,
816.0,0,59,144.0,2.441,3,6.0,3,7.0,3,0.0,8,0.0,0,0,0,0,42.0,13.0,89.0,0,NS_GREEN,hold,,,
817.0,0,63,152.0,2.413,5,7.0,5,8.0,3,0.0,8,0.0,0,0,0,0,44.0,15.0,93.0,0,NS_GREEN,hold,,,
818.0,0,63,134.0,2.127,5,8.0,5,9.0,3,0.0,8,0.0,0,0,0,0,46.0,17.0,71.0,0,NS_GREEN,hold,,,
819.0,0,62,116.0,1.871,5,9.0,5,10.0,3,0.0,8,0.0,0,0,0,0,48.0,19.0,49.0,0,NS_GREEN,hold,,,
820.0,0,62,123.0,1.984,5,10.0,5,11.0,3,0.0,8,0.0,0,0,0,0,50.0,21.0,52.0,0,NS_GREEN,hold,,,
821.0,0,62,127.0,2.048,5,11.0,5,12.0,3,0.0,8,0.0,0,0,0,0,52.0,23.0,52.0,0,NS_GREEN,hold,,,
822.0,0,63,134.0,2.127,5,12.0,5,13.0,3,0.0,8,0.0,0,0,0,0,54.0,25.0,55.0,0,NS_YELLOW,fixed_cycle,,,
823.0,1,64,139.0,2.172,5,13.0,5,14.0,3,0.0,9,0.0,0,0,0,0,56.0,27.0,56.0,0,NS_YELLOW,hold,,,
824.0,1,65,145.0,2.231,5,14.0,5,15.0,3,0.0,9,0.0,0,0,0,0,58.0,29.0,58.0,0,NS_YELLOW,hold,,,
825.0,1,65,151.0,2.323,5,15.0,5,16.0,3,0.0,9,0.0,0,0,0,0,60.0,31.0,60.0,0,EW_GREEN,fixed_cycle,,,
826.0,2,57,0.0,0.0,4,0.0,4,0.0,3,0.0,9,0.0,0,0,0,0,0.0,0.0,0.0,0,EW_GREEN,hold,,,
827.0,2,56,1.0,0.018,4,0.0,4,0.0,3,0.0,9,0.0,0,0,0,0,0.0,0.0,1.0,0,EW_GREEN,hold,,,
828.0,2,57,2.0,0.035,4,0.0,4,0.0,3,0.0,9,0.0,0,0,0,0,0.0,0.0,2.0,0,EW_GREEN,hold,,,
829.0,2,58,5.0,0.086,4,0.0,4,0.0,3,1.0,10,0.0,0,0,0,0,0.0,1.0,4.0,0,EW_GREEN,hold,,,
830.0,2,55,9.0,0.164,4,0.0,4,0.0,3,2.0,10,0.0,0,0,0,0,0.0,2.0,7.0,0,EW_GREEN,hold,,,
831.0,2,53,14.0,0.264,3,0.0,4,0.0,3,3.0,10,0.0,0,0,0,0,0.0,3.0,11.0,0,EW_GREEN,hold,,,
832.0,2,53,19.0,0.358,3,0.0,3,0.0,3,4.0,11,0.0,0,0,0,0,0.0,4.0,15.0,0,EW_GREEN,hold,,,
833.0,2,52,27.0,0.519,3,0.0,3,0.0,3,5.0,11,1.0,0,0,0,0,0.0,6.0,21.0,0,EW_GREEN,hold,,,
834.0,2,52,34.0,0.654,3,0.0,3,0.0,3,6.0,12,3.0,0,0,0,0,0.0,9.0,25.0,0,EW_GREEN,hold,,,
835.0,2,51,43.0,0.843,3,0.0,3,0.0,3,7.0,12,5.0,0,0,0,0,0.0,12.0,31.0,0,EW_GREEN,hold,,,
836.0,2,51,53.0,1.039,3,0.0,3,0.0,3,8.0,12,8.0,0,0,0,0,0.0,16.0,37.0,0,EW_GREEN,hold,,,
837.0,2,50,64.0,1.28,2,0.0,3,0.0,3,9.0,12,11.0,0,0,0,0,0.0,20.0,44.0,0,EW_GREEN,hold,,,
838.0,2,48,76.0,1.583,2,0.0,2,0.0,3,10.0,12,14.0,0,0,0,0,0.0,24.0,52.0,0,EW_GREEN,hold,,,
839.0,2,47,88.0,1.872,2,0.0,2,0.0,3,11.0,12,17.0,0,0,0,0,0.0,28.0,60.0,0,EW_GREEN,hold,,,
840.0,2,48,102.0,2.125,2,0.0,2,0.0,3,12.0,12,21.0,0,0,0,0,0.0,33.0,69.0,0,EW_GREEN,hold,,,
841.0,2,50,117.0,2.34,3,0.0,3,0.0,3,14.0,12,25.0,0,0,2,0,0.0,39.0,78.0,0,EW_GREEN,hold,,,
842.0,2,47,134.0,2.851,3,0.0,3,0.0,3,17.0,12,29.0,0,0,3,0,0.0,46.0,88.0,0,EW_GREEN,hold,,,
843.0,2,47,148.0,3.149,3,0.0,3,0.0,3,20.0,12,29.0,0,0,3,0,0.0,49.0,99.0,0,EW_GREEN,hold,,,
844.0,2,50,166.0,3.32,3,0.0,3,0.0,3,23.0,13,32.0,0,0,3,0,0.0,55.0,111.0,0,EW_GREEN,hold,,,
845.0,2,51,184.0,3.608,2,0.0,3,0.0,4,26.0,13,35.0,0,0,1,0,0.0,61.0,123.0,0,EW_GREEN,hold,,,
846.0,2,50,203.0,4.06,2,0.0,2,0.0,4,29.0,13,38.0,0,0,1,0,0.0,67.0,136.0,0,EW_GREEN,hold,,,
847.0,2,52,224.0,4.308,2,0.0,2,0.0,4,32.0,13,42.0,0,0,1,0,1.0,74.0,149.0,0,EW_GREEN,hold,,,
848.0,2,52,248.0,4.769,2,0.0,2,0.0,4,35.0,13,48.0,0,0,1,0,2.0,83.0,163.0,0,EW_GREEN,hold,,,
849.0,2,52,275.0,5.288,2,0.0,2,0.0,4,38.0,13,55.0,0,0,1,0,3.0,93.0,179.0,0,EW_GREEN,hold,,,
850.0,2,52,302.0,5.808,2,0.0,2,0.0,4,41.0,13,62.0,0,0,1,0,4.0,103.0,195.0,0,EW_GREEN,hold,,,
851.0,2,53,331.0,6.245,2,0.0,2,0.0,4,44.0,14,69.0,0,0,1,0,5.0,113.0,213.0,0,EW_GREEN,hold,,,
852.0,2,52,359.0,6.904,2,0.0,2,0.0,4,47.0,14,77.0,0,0,1,0,6.0,124.0,229.0,0,EW_GREEN,hold,,,
853.0,2,52,389.0,7.481,2,0.0,2,0.0,4,50.0,14,85.0,0,0,1,0,7.0,135.0,247.0,0,EW_GREEN,hold,,,
854.0,2,52,420.0,8.077,2,0.0,2,0.0,4,53.0,14,93.0,0,0,1,0,8.0,146.0,266.0,0,EW_GREEN,hold,,,
855.0,2,51,448.0,8.784,1,0.0,1,0.0,4,56.0,14,101.0,0,0,1,0,9.0,157.0,282.0,0,EW_YELLOW,fixed_cycle,,,
856.0,3,52,480.0,9.231,1,0.0,1,0.0,4,59.0,14,109.0,0,0,1,0,10.0,168.0,302.0,0,EW_YELLOW,hold,,,
857.0,3,52,513.0,9.865,1,0.0,1,0.0,4,62.0,14,117.0,0,0,1,3,11.0,179.0,323.0,0,EW_YELLOW,hold,,,
858.0,3,52,546.0,10.5,1,0.0,1,0.0,4,65.0,14,126.0,0,0,1,3,12.0,191.0,343.0,0,NS_GREEN,fixed_cycle,,,
859.0,0,45,421.0,9.356,1,0.0,1,0.0,2,19.0,11,70.0,0,0,0,2,0.0,89.0,332.0,0,NS_GREEN,hold,,,
860.0,0,45,346.0,7.689,1,0.0,1,0.0,2,0.0,11,25.0,0,0,0,0,0.0,25.0,321.0,0,NS_GREEN,hold,,,
861.0,0,44,310.0,7.045,1,0.0,1,0.0,2,0.0,11,0.0,0,0,0,0,0.0,0.0,310.0,0,NS_GREEN,hold,,,
862.0,0,42,299.0,7.119,1,0.0,1,0.0,1,0.0,10,0.0,0,0,0,0,0.0,0.0,299.0,0,NS_GREEN,hold,,,
863.0,0,46,288.0,6.261,1,0.0,1,0.0,2,0.0,9,0.0,0,0,0,0,0.0,0.0,288.0,0,NS_GREEN,hold,,,
864.0,0,46,278.0,6.043,1,0.0,1,0.0,2,0.0,9,0.0,0,0,0,0,0.0,0.0,278.0,0,NS_GREEN,hold,,,
865.0,0,52,268.0,5.154,3,0.0,3,0.0,2,0.0,7,0.0,0,0,0,0,0.0,0.0,268.0,0,NS_GREEN,hold,,,
866.0,0,54,257.0,4.759,3,0.0,3,0.0,2,0.0,7,0.0,0,0,0,0,0.0,0.0,257.0,0,NS_GREEN,hold,,,
867.0,0,55,246.0,4.473,3,0.0,3,0.0,2,0.0,6,0.0,0,0,0,0,0.0,0.0,246.0,0,NS_GREEN,hold,,,
868.0,0,56,235.0,4.196,3,0.0,3,0.0,2,0.0,6,0.0,0,0,0,0,0.0,0.0,235.0,0,NS_GREEN,hold,,,
869.0,0,56,223.0,3.982,3,0.0,3,0.0,2,0.0,5,0.0,0,0,0,0,0.0,0.0,223.0,0,NS_GREEN,hold,,,
870.0,0,56,237.0,4.232,3,0.0,3,0.0,2,0.0,5,0.0,0,0,0,0,0.0,0.0,237.0,0,NS_GREEN,hold,,,
871.0,0,56,224.0,4.0,3,0.0,3,0.0,2,0.0,5,0.0,0,0,0,0,0.0,0.0,224.0,0,NS_GREEN,hold,,,
872.0,0,56,212.0,3.786,3,0.0,3,0.0,2,0.0,5,0.0,0,0,0,0,0.0,0.0,212.0,0,NS_GREEN,hold,,,
873.0,0,56,197.0,3.518,3,0.0,3,0.0,2,0.0,6,0.0,0,0,0,0,0.0,0.0,197.0,0,NS_GREEN,hold,,,
874.0,0,56,207.0,3.696,3,0.0,3,0.0,2,0.0,6,0.0,0,0,0,0,0.0,0.0,207.0,0,NS_GREEN,hold,,,
875.0,0,56,190.0,3.393,3,0.0,3,0.0,1,0.0,7,0.0,0,0,0,0,0.0,0.0,190.0,0,NS_GREEN,hold,,,
876.0,0,56,172.0,3.071,3,0.0,3,0.0,1,0.0,7,0.0,0,0,0,0,0.0,0.0,172.0,0,NS_GREEN,hold,,,
877.0,0,58,154.0,2.655,3,0.0,3,0.0,1,0.0,8,0.0,0,0,0,0,0.0,0.0,154.0,0,NS_GREEN,hold,,,
878.0,0,58,138.0,2.379,3,0.0,3,0.0,1,0.0,8,0.0,0,0,0,0,0.0,0.0,138.0,0,NS_GREEN,hold,,,
879.0,0,57,123.0,2.158,3,0.0,3,0.0,1,0.0,8,0.0,0,0,0,0,1.0,0.0,122.0,0,NS_GREEN,hold,,,
880.0,0,55,106.0,1.927,3,0.0,3,0.0,1,0.0,8,0.0,0,0,0,0,2.0,0.0,104.0,0,NS_GREEN,hold,,,
881.0,0,54,91.0,1.685,3,0.0,3,0.0,1,0.0,7,0.0,0,0,0,0,4.0,0.0,87.0,0,NS_GREEN,hold,,,
882.0,0,57,76.0,1.333,3,1.0,3,0.0,2,0.0,7,0.0,1,0,0,0,6.0,1.0,69.0,0,NS_GREEN,hold,,,
883.0,0,57,85.0,1.491,3,2.0,3,1.0,3,0.0,7,0.0,1,1,0,0,8.0,3.0,74.0,0,NS_GREEN,hold,,,
884.0,0,58,71.0,1.224,3,3.0,3,2.0,3,0.0,8,0.0,1,1,0,0,10.0,5.0,56.0,0,NS_GREEN,hold,,,
885.0,0,57,57.0,1.0,3,4.0,3,3.0,3,0.0,8,0.0,1,1,0,0,12.0,7.0,38.0,0,NS_GREEN,hold,,,
886.0,0,58,43.0,0.741,3,5.0,3,4.0,3,0.0,8,0.0,0,0,0,0,14.0,9.0,20.0,0,NS_GREEN,hold,,,
887.0,0,58,47.0,0.81,3,6.0,3,5.0,3,0.0,9,0.0,0,0,0,0,16.0,11.0,20.0,0,NS_GREEN,hold,,,
888.0,0,58,51.0,0.879,3,7.0,3,6.0,3,0.0,9,0.0,0,0,0,0,18.0,13.0,20.0,0,NS_YELLOW,fixed_cycle,,,
889.0,1,60,57.0,0.95,4,8.0,4,7.0,3,0.0,9,0.0,0,0,0,0,20.0,15.0,22.0,0,NS_YELLOW,hold,,,
890.0,1,62,62.0,1.0,4,9.0,4,8.0,3,0.0,10,0.0,0,0,0,0,22.0,17.0,23.0,0,NS_YELLOW,hold,,,
891.0,1,61,68.0,1.115,4,10.0,4,9.0,3,0.0,10,0.0,0,0,0,0,24.0,19.0,25.0,0,EW_GREEN,fixed_cycle,,,
892.0,2,55,0.0,0.0,3,0.0,3,0.0,3,0.0,11,0.0,0,0,0,0,0.0,0.0,0.0,0,EW_GREEN,hold,,,
893.0,2,54,1.0,0.019,3,0.0,3,0.0,3,0.0,11,0.0,0,0,0,0,0.0,0.0,1.0,0,EW_GREEN,hold,,,
894.0,2,54,3.0,0.056,3,0.0,3,0.0,3,0.0,11,0.0,0,0,0,0,0.0,0.0,3.0,0,EW_GREEN,hold,,,
895.0,2,52,8.0,0.154,3,0.0,3,0.0,3,1.0,12,0.0,0,0,0,0,0.0,1.0,7.0,0,EW_GREEN,hold,,,
896.0,2,52,12.0,0.231,3,0.0,3,0.0,3,2.0,12,1.0,0,0,0,0,0.0,3.0,9.0,0,EW_GREEN,hold,,,
897.0,2,50,17.0,0.34,3,0.0,3,0.0,3,3.0,12,2.0,0,0,0,0,0.0,5.0,12.0,0,EW_GREEN,hold,,,
898.0,2,48,23.0,0.479,3,0.0,3,0.0,3,4.0,12,3.0,0,0,0,0,0.0,7.0,16.0,0,EW_GREEN,hold,,,
899.0,2,48,31.0,0.646,3,0.0,3,0.0,3,5.0,12,5.0,0,0,0,0,0.0,10.0,21.0,0,EW_GREEN,hold,,,
900.0,2,49,39.0,0.796,3,0.0,3,0.0,3,6.0,12,7.0,0,0,0,0,0.0,13.0,26.0,0,EW_GREEN,hold,,,
901.0,2,50,48.0,0.96,3,0.0,3,0.0,3,7.0,12,9.0,0,0,0,0,0.0,16.0,32.0,0,EW_GREEN,hold,,,
902.0,2,52,58.0,1.115,3,0.0,3,0.0,3,8.0,13,11.0,0,0,0,0,0.0,19.0,39.0,0,EW_GREEN,hold,,,
903.0,2,49,68.0,1.388,2,0.0,2,0.0,3,9.0,13,13.0,0,0,0,0,0.0,22.0,46.0,0,EW_GREEN,hold,,,
904.0,2,49,81.0,1.653,2,0.0,2,0.0,3,10.0,13,16.0,0,0,0,0,0.0,26.0,55.0,0,EW_GREEN,hold,,,
905.0,2,50,94.0,1.88,2,0.0,2,0.0,3,11.0,13,19.0,0,0,0,0,0.0,30.0,64.0,0,EW_GREEN,hold,,,
906.0,2,49,107.0,2.184,2,0.0,2,0.0,3,12.0,13,22.0,0,0,0,0,0.0,34.0,73.0,0,EW_GREEN,hold,,,
907.0,2,50,121.0,2.42,2,0.0,2,0.0,3,13.0,13,25.0,0,0,0,0,0.0,38.0,83.0,0,EW_GREEN,hold,,,
908.0,2,51,137.0,2.686,2,0.0,2,0.0,3,14.0,13,30.0,0,0,0,2,0.0,44.0,93.0,0,EW_GREEN,hold,,,
909.0,2,51,154.0,3.02,2,0.0,2,0.0,3,15.0,13,36.0,0,0,0,2,0.0,51.0,103.0,0,EW_GREEN,hold,,,
910.0,2,51,174.0,3.412,2,0.0,2,0.0,3,16.0,13,43.0,0,0,0,2,0.0,59.0,115.0,0,EW_GREEN,hold,,,
911.0,2,51,194.0,3.804,2,0.0,2,0.0,3,17.0,13,50.0,0,0,0,2,0.0,67.0,127.0,0,EW_GREEN,hold,,,
912.0,2,49,215.0,4.388,2,0.0,2,0.0,3,18.0,13,57.0,0,0,0,2,0.0,75.0,140.0,0,EW_GREEN,hold,,,
913.0,2,53,236.0,4.453,4,0.0,4,0.0,3,19.0,13,64.0,0,0,0,2,0.0,83.0,153.0,0,EW_GREEN,hold,,,
914.0,2,54,259.0,4.796,4,0.0,4,0.0,3,21.0,14,71.0,0,0,2,2,0.0,92.0,167.0,0,EW_GREEN,hold,,,
915.0,2,54,283.0,5.241,4,0.0,4,0.0,3,23.0,14,78.0,0,0,2,0,0.0,101.0,182.0,0,EW_GREEN,hold,,,
916.0,2,54,308.0,5.704,4,0.0,4,0.0,3,26.0,15,85.0,0,0,3,0,0.0,111.0,197.0,0,EW_GREEN,hold,,,
917.0,2,55,334.0,6.073,4,0.0,4,0.0,4,29.0,15,92.0,0,0,1,4,0.0,121.0,213.0,0,EW_GREEN,hold,,,
918.0,2,55,362.0,6.582,4,0.0,4,0.0,4,32.0,15,100.0,0,0,1,4,0.0,132.0,230.0,0,EW_GREEN,hold,,,
919.0,2,55,392.0,7.127,4,0.0,4,0.0,4,35.0,15,108.0,0,0,1,0,1.0,143.0,248.0,0,EW_GREEN,hold,,,
920.0,2,54,424.0,7.852,4,0.0,4,0.0,4,38.0,15,118.0,0,0,1,3,2.0,156.0,266.0,0,EW_GREEN,hold,,,
921.0,2,55,457.0,8.309,4,0.0,4,0.0,4,41.0,16,128.0,0,0,1,3,3.0,169.0,285.0,0,EW_YELLOW,fixed_cycle,,,
922.0,3,55,490.0,8.909,4,0.0,4,0.0,4,44.0,16,138.0,0,0,1,3,4.0,182.0,304.0,0,EW_YELLOW,hold,,,
923.0,3,54,524.0,9.704,4,0.0,4,0.0,4,47.0,16,148.0,0,0,1,0,5.0,195.0,324.0,0,EW_YELLOW,hold,,,
924.0,3,55,560.0,10.182,4,0.0,4,0.0,4,50.0,17,159.0,0,0,1,0,6.0,209.0,345.0,0,NS_GREEN,fixed_cycle,,,
925.0,0,48,436.0,9.083,4,0.0,4,0.0,2,12.0,14,91.0,0,0,0,0,0.0,103.0,333.0,0,NS_GREEN,hold,,,
926.0,0,48,365.0,7.604,4,0.0,4,0.0,2,0.0,14,44.0,0,0,0,0,0.0,44.0,321.0,0,NS_GREEN,hold,,,
927.0,0,49,325.0,6.633,4,0.0,4,0.0,2,0.0,14,16.0,0,0,0,0,0.0,16.0,309.0,0,NS_GREEN,hold,,,
928.0,0,45,299.0,6.644,4,0.0,4,0.0,1,0.0,12,0.0,0,0,0,0,0.0,0.0,299.0,0,NS_GREEN,hold,,,
929.0,0,51,288.0,5.647,4,0.0,4,0.0,2,0.0,12,0.0,0,0,0,0,0.0,0.0,288.0,0,NS_GREEN,hold,,,
930.0,0,49,277.0,5.653,4,0.0,4,0.0,2,0.0,10,0.0,0,0,0,0,0.0,0.0,277.0,0,NS_GREEN,hold,,,
931.0,0,52,265.0,5.096,4,0.0,4,0.0,2,0.0,9,0.0,0,0,0,0,0.0,0.0,265.0,0,NS_GREEN,hold,,,
932.0,0,52,255.0,4.904,4,1.0,4,1.0,2,0.0,9,0.0,1,0,0,0,0.0,2.0,253.0,0,NS_GREEN,hold,,,
933.0,0,52,243.0,4.673,4,2.0,4,2.0,2,0.0,8,0.0,0,0,0,0,0.0,4.0,239.0,0,NS_GREEN,hold,,,
934.0,0,50,232.0,4.64,4,3.0,4,3.0,2,0.0,7,0.0,0,0,0,0,0.0,6.0,226.0,0,NS_GREEN,hold,,,
935.0,0,51,248.0,4.863,4,4.0,4,4.0,2,0.0,6,0.0,0,0,0,0,0.0,8.0,240.0,0,NS_GREEN,hold,,,
936.0,0,54,237.0,4.389,4,5.0,4,5.0,2,0.0,7,0.0,0,0,0,0,0.0,10.0,227.0,0,NS_GREEN,hold,,,
937.0,0,58,224.0,3.862,5,6.0,5,6.0,2,0.0,7,0.0,0,0,0,0,0.0,12.0,212.0,0,NS_GREEN,hold,,,
938.0,0,60,211.0,3.517,5,7.0,5,7.0,2,0.0,8,0.0,0,0,0,0,0.0,14.0,197.0,0,NS_GREEN,hold,,,
939.0,0,60,198.0,3.3,5,8.0,5,8.0,2,0.0,8,0.0,0,0,0,0,0.0,16.0,182.0,0,NS_GREEN,hold,,,
940.0,0,59,184.0,3.119,5,9.0,5,9.0,2,0.0,8,0.0,0,0,0,0,0.0,18.0,166.0,0,NS_GREEN,hold,,,
941.0,0,60,170.0,2.833,5,10.0,5,10.0,2,0.0,9,0.0,0,0,0,0,0.0,20.0,150.0,0,NS_GREEN,hold,,,
942.0,0,59,180.0,3.051,5,11.0,5,11.0,2,0.0,8,0.0,0,0,0,0,0.0,22.0,158.0,0,NS_GREEN,hold,,,
943.0,0,59,164.0,2.78,5,12.0,5,12.0,2,0.0,8,0.0,0,0,0,0,0.0,24.0,140.0,0,NS_GREEN,hold,,,
944.0,0,59,147.0,2.492,5,13.0,5,13.0,2,0.0,8,0.0,0,0,0,0,0.0,26.0,121.0,0,NS_GREEN,hold,,,
945.0,0,59,155.0,2.627,5,14.0,5,14.0,2,0.0,9,0.0,0,0,0,0,0.0,28.0,127.0,0,NS_GREEN,hold,,,
946.0,0,58,137.0,2.362,5,15.0,5,15.0,2,0.0,8,0.0,0,0,0,0,0.0,30.0,107.0,0,NS_GREEN,hold,,,
947.0,0,58,119.0,2.052,5,16.0,5,16.0,1,0.0,9,0.0,0,0,0,0,0.0,32.0,87.0,0,NS_GREEN,hold,,,
948.0,0,60,77.0,1.283,5,17.0,5,17.0,1,0.0,9,0.0,0,0,0,0,0.0,34.0,43.0,0,NS_GREEN,hold,,,
949.0,0,60,81.0,1.35,5,18.0,5,18.0,1,0.0,9,0.0,0,0,0,0,0.0,36.0,45.0,0,NS_GREEN,hold,,,
950.0,0,61,61.0,1.0,5,19.0,5,19.0,1,0.0,10,0.0,0,0,0,0,0.0,38.0,23.0,0,NS_GREEN,hold,,,
951.0,0,61,40.0,0.656,5,20.0,5,20.0,1,0.0,10,0.0,0,0,0,0,0.0,40.0,0.0,0,NS_GREEN,hold,,,
952.0,0,58,42.0,0.724,5,21.0,5,21.0,1,0.0,10,0.0,0,0,0,0,0.0,42.0,0.0,0,NS_GREEN,hold,,,
953.0,0,61,46.0,0.754,5,23.0,5,23.0,2,0.0,11,0.0,0,1,0,0,0.0,46.0,0.0,0,NS_GREEN,hold,,,
954.0,0,59,52.0,0.881,5,25.0,5,26.0,2,0.0,10,0.0,0,1,0,0,0.0,51.0,1.0,0,NS_YELLOW,fixed_cycle,,,
955.0,1,60,61.0,1.017,5,28.0,5,30.0,3,0.0,10,0.0,0,1,0,0,0.0,58.0,3.0,0,NS_YELLOW,hold,,,
956.0,1,62,71.0,1.145,5,32.0,5,34.0,3,0.0,11,0.0,4,5,0,0,0.0,66.0,5.0,0,NS_YELLOW,hold,,,
957.0,1,62,83.0,1.339,5,36.0,5,39.0,3,0.0,11,0.0,4,5,0,0,0.0,75.0,8.0,0,EW_GREEN,fixed_cycle,,,
958.0,2,58,36.0,0.621,3,13.0,3,11.0,3,0.0,11,0.0,3,3,0,0,0.0,24.0,12.0,0,EW_GREEN,hold,,,
959.0,2,58,33.0,0.569,3,9.0,3,8.0,3,0.0,11,0.0,3,3,0,0,0.0,17.0,16.0,0,EW_GREEN,hold,,,
960.0,2,55,32.0,0.582,3,5.0,3,4.0,3,0.0,11,2.0,0,0,0,1,0.0,11.0,21.0,0,EW_GREEN,hold,,,
961.0,2,59,30.0,0.508,5,0.0,5,0.0,3,0.0,11,4.0,0,0,0,1,0.0,4.0,26.0,0,EW_GREEN,hold,,,
962.0,2,61,38.0,0.623,6,0.0,6,0.0,3,1.0,11,6.0,0,0,0,1,0.0,7.0,31.0,0,EW_GREEN,hold,,,
963.0,2,59,47.0,0.797,6,0.0,6,0.0,3,2.0,11,8.0,0,0,0,1,0.0,10.0,37.0,0,EW_GREEN,hold,,,
964.0,2,58,56.0,0.966,6,0.0,6,0.0,3,3.0,12,10.0,0,0,0,1,0.0,13.0,43.0,0,EW_GREEN,hold,,,
965.0,2,57,55.0,0.965,6,0.0,6,0.0,3,4.0,12,12.0,0,0,0,1,0.0,16.0,39.0,0,EW_GREEN,hold,,,
966.0,2,56,53.0,0.946,5,0.0,6,0.0,3,5.0,12,14.0,0,0,0,1,0.0,19.0,34.0,0,EW_GREEN,hold,,,
967.0,2,54,53.0,0.981,5,0.0,5,0.0,3,6.0,12,17.0,0,0,0,0,0.0,23.0,30.0,0,EW_GREEN,hold,,,
968.0,2,54,54.0,1.0,5,0.0,5,0.0,3,7.0,12,21.0,0,0,0,0,0.0,28.0,26.0,0,EW_GREEN,hold,,,
969.0,2,54,57.0,1.056,5,0.0,5,0.0,3,8.0,13,25.0,0,0,0,0,0.0,33.0,24.0,0,EW_GREEN,hold,,,
970.0,2,51,70.0,1.373,4,0.0,4,0.0,3,9.0,13,29.0,0,0,0,0,0.0,38.0,32.0,0,EW_GREEN,hold,,,
971.0,2,51,74.0,1.451,4,0.0,4,0.0,3,10.0,13,33.0,0,0,0,0,0.0,43.0,31.0,0,EW_GREEN,hold,,,
972.0,2,51,80.0,1.569,4,0.0,4,0.0,3,11.0,13,37.0,0,0,0,0,0.0,48.0,32.0,0,EW_GREEN,hold,,,
973.0,2,55,87.0,1.582,4,0.0,4,0.0,3,12.0,13,43.0,0,0,0,0,0.0,55.0,32.0,0,EW_GREEN,hold,,,
974.0,2,53,96.0,1.811,3,0.0,3,0.0,3,13.0,13,49.0,0,0,0,0,0.0,62.0,34.0,0,EW_GREEN,hold,,,
975.0,2,50,102.0,2.04,2,0.0,2,0.0,3,14.0,13,55.0,0,0,0,0,0.0,69.0,33.0,0,EW_GREEN,hold,,,
976.0,2,54,110.0,2.037,2,0.0,2,0.0,3,15.0,14,61.0,0,0,0,0,0.0,76.0,34.0,0,EW_GREEN,hold,,,
977.0,2,52,119.0,2.288,1,0.0,1,0.0,3,16.0,14,67.0,0,0,0,0,0.0,83.0,36.0,0,EW_GREEN,hold,,,
978.0,2,53,131.0,2.472,1,0.0,1,0.0,3,17.0,14,74.0,0,0,0,3,0.0,91.0,40.0,0,EW_GREEN,hold,,,
979.0,2,54,149.0,2.759,1,0.0,1,0.0,3,18.0,14,81.0,0,0,0,6,0.0,99.0,50.0,0,EW_GREEN,hold,,,
980.0,2,54,163.0,3.019,1,0.0,1,0.0,3,19.0,14,90.0,0,0,0,6,0.0,109.0,54.0,0,EW_GREEN,hold,,,
981.0,2,53,180.0,3.396,1,0.0,1,0.0,3,20.0,14,99.0,0,0,0,3,0.0,119.0,61.0,0,EW_GREEN,hold,,,
982.0,2,53,202.0,3.811,1,0.0,1,0.0,3,21.0,14,108.0,0,0,1,3,0.0,129.0,73.0,0,EW_GREEN,hold,,,
983.0,2,53,212.0,4.0,1,0.0,1,0.0,3,22.0,14,117.0,0,0,1,3,0.0,139.0,73.0,0,EW_GREEN,hold,,,
984.0,2,53,236.0,4.453,1,0.0,1,0.0,3,23.0,14,127.0,0,0,1,3,0.0,150.0,86.0,0,EW_GREEN,hold,,,
985.0,2,53,257.0,4.849,2,0.0,2,0.0,3,25.0,14,137.0,0,0,2,3,0.0,162.0,95.0,0,EW_GREEN,hold,,,
986.0,2,54,278.0,5.148,2,0.0,2,0.0,3,27.0,15,147.0,0,0,2,7,0.0,174.0,104.0,0,EW_GREEN,hold,,,
987.0,2,54,302.0,5.593,2,0.0,2,0.0,3,30.0,15,157.0,0,0,3,3,0.0,187.0,115.0,0,EW_YELLOW,fixed_cycle,,,
988.0,3,54,324.0,6.0,2,0.0,2,0.0,3,33.0,15,167.0,0,0,3,3,0.0,200.0,124.0,0,EW_YELLOW,hold,,,
989.0,3,54,346.0,6.407,2,0.0,2,0.0,3,36.0,15,177.0,0,0,3,4,0.0,213.0,133.0,0,EW_YELLOW,hold,,,
990.0,3,54,369.0,6.833,2,0.0,2,0.0,3,39.0,15,188.0,0,0,3,4,0.0,227.0,142.0,0,NS_GREEN,fixed_cycle,,,
991.0,0,49,243.0,4.959,2,0.0,2,0.0,1,0.0,13,110.0,0,0,0,3,0.0,110.0,133.0,0,NS_GREEN,hold,,,
992.0,0,48,180.0,3.75,2,0.0,2,0.0,1,0.0,12,53.0,0,0,0,0,0.0,53.0,127.0,0,NS_GREEN,hold,,,
993.0,0,48,132.0,2.75,2,0.0,2,0.0,1,0.0,12,14.0,0,0,0,0,0.0,14.0,118.0,0,NS_GREEN,hold,,,
994.0,0,48,113.0,2.354,2,0.0,2,0.0,2,0.0,11,0.0,0,0,0,0,0.0,0.0,113.0,0,NS_GREEN,hold,,,
995.0,0,52,109.0,2.096,2,0.0,2,0.0,2,0.0,11,1.0,0,0,0,0,0.0,1.0,108.0,0,NS_GREEN,hold,,,
996.0,0,51,105.0,2.059,2,0.0,2,0.0,2,0.0,11,2.0,0,0,0,0,0.0,2.0,103.0,0,NS_GREEN,hold,,,
997.0,0,52,97.0,1.865,2,0.0,2,0.0,2,0.0,10,0.0,0,0,0,0,0.0,0.0,97.0,0,NS_GREEN,hold,,,
998.0,0,50,93.0,1.86,2,0.0,2,0.0,2,0.0,9,0.0,0,0,0,0,0.0,0.0,93.0,0,NS_GREEN,hold,,,
999.0,0,50,105.0,2.1,2,0.0,2,0.0,2,0.0,7,0.0,0,0,0,0,0.0,0.0,105.0,0,NS_GREEN,hold,,,
1000.0,0,50,101.0,2.02,2,0.0,2,0.0,2,0.0,6,0.0,0,0,0,0,0.0,0.0,101.0,0,NS_GREEN,hold,,,
1001.0,0,53,98.0,1.849,2,0.0,2,0.0,2,0.0,7,0.0,0,0,0,0,0.0,0.0,98.0,0,NS_GREEN,hold,,,
1002.0,0,51,94.0,1.843,2,0.0,2,0.0,2,0.0,5,0.0,0,0,0,0,0.0,0.0,94.0,0,NS_GREEN,hold,,,
1003.0,0,53,90.0,1.698,2,1.0,2,0.0,2,0.0,6,0.0,1,0,0,0,0.0,1.0,89.0,0,NS_GREEN,hold,,,
1004.0,0,53,103.0,1.943,2,2.0,2,1.0,2,0.0,6,0.0,1,1,0,0,0.0,3.0,100.0,0,NS_GREEN,hold,,,
1005.0,0,53,100.0,1.887,2,3.0,2,2.0,2,0.0,6,0.0,1,1,0,0,0.0,5.0,95.0,0,NS_GREEN,hold,,,
1006.0,0,53,98.0,1.849,2,4.0,2,3.0,2,0.0,6,0.0,1,0,0,0,1.0,7.0,90.0,0,NS_GREEN,hold,,,
1007.0,0,53,96.0,1.811,2,5.0,2,4.0,2,0.0,6,0.0,0,0,0,0,3.0,9.0,84.0,0,NS_GREEN,hold,,,
1008.0,0,53,94.0,1.774,2,6.0,2,5.0,2,0.0,6,0.0,0,0,0,0,5.0,11.0,78.0,0,NS_GREEN,hold,,,
1009.0,0,60,92.0,1.533,4,7.0,4,6.0,2,0.0,6,0.0,0,0,0,0,8.0,13.0,71.0,0,NS_GREEN,hold,,,
1010.0,0,60,90.0,1.5,4,8.0,4,7.0,2,0.0,6,0.0,0,0,0,0,11.0,15.0,64.0,0,NS_GREEN,hold,,,
1011.0,0,61,90.0,1.475,4,9.0,4,8.0,2,0.0,6,0.0,0,0,0,0,14.0,17.0,59.0,0,NS_GREEN,hold,,,
1012.0,0,62,89.0,1.435,4,10.0,4,9.0,2,0.0,7,0.0,0,0,0,0,17.0,19.0,53.0,0,NS_GREEN,hold,,,
1013.0,0,62,87.0,1.403,4,11.0,4,10.0,2,0.0,7,0.0,0,0,0,0,20.0,21.0,46.0,0,NS_GREEN,hold,,,
1014.0,0,62,100.0,1.613,4,12.0,4,11.0,2,0.0,7,0.0,0,0,0,0,23.0,23.0,54.0,0,NS_GREEN,hold,,,
1015.0,0,61,100.0,1.639,4,13.0,4,12.0,2,0.0,7,0.0,0,0,0,0,26.0,25.0,49.0,0,NS_GREEN,hold,,,
1016.0,0,61,101.0,1.656,4,14.0,4,13.0,2,0.0,7,0.0,0,0,0,0,29.0,27.0,45.0,0,NS_GREEN,hold,,,
1017.0,0,61,106.0,1.738,4,15.0,4,14.0,2,0.0,8,0.0,0,0,0,0,32.0,29.0,45.0,0,NS_GREEN,hold,,,
1018.0,0,61,111.0,1.82,4,16.0,4,15.0,2,0.0,8,0.0,0,0,0,0,35.0,31.0,45.0,0,NS_GREEN,hold,,,
1019.0,0,63,117.0,1.857,4,17.0,4,16.0,2,0.0,9,0.0,0,0,0,0,38.0,33.0,46.0,0,NS_GREEN,hold,,,
1020.0,0,63,124.0,1.968,4,18.0,4,17.0,2,0.0,8,0.0,0,0,0,0,41.0,35.0,48.0,0,NS_YELLOW,fixed_cycle,,,
1021.0,1,63,127.0,2.016,4,19.0,4,18.0,2,0.0,8,0.0,0,0,0,0,44.0,37.0,46.0,0,NS_YELLOW,hold,,,
1022.0,1,65,133.0,2.046,4,20.0,4,19.0,2,0.0,9,0.0,0,0,0,0,47.0,39.0,47.0,0,NS_YELLOW,hold,,,
1023.0,1,65,145.0,2.231,4,21.0,4,20.0,2,0.0,9,0.0,0,0,0,0,50.0,41.0,54.0,0,EW_GREEN,fixed_cycle,,,
1024.0,2,56,37.0,0.661,2,0.0,2,0.0,2,0.0,9,0.0,0,0,0,0,16.0,0.0,21.0,0,EW_GREEN,hold,,,
1025.0,2,55,9.0,0.164,2,0.0,2,0.0,3,0.0,9,0.0,0,0,0,0,1.0,0.0,8.0,0,EW_GREEN,hold,,,
1026.0,2,54,9.0,0.167,2,0.0,2,0.0,3,0.0,9,0.0,0,0,0,0,0.0,0.0,9.0,0,EW_GREEN,hold,,,
1027.0,2,53,13.0,0.245,2,0.0,2,0.0,3,1.0,10,0.0,0,0,0,0,1.0,1.0,11.0,0,EW_GREEN,hold,,,
1028.0,2,51,19.0,0.373,2,0.0,2,0.0,3,2.0,10,0.0,0,0,0,0,2.0,2.0,15.0,0,EW_GREEN,hold,,,
1029.0,2,52,26.0,0.5,2,0.0,2,0.0,3,3.0,11,0.0,0,0,0,0,3.0,3.0,20.0,0,EW_GREEN,hold,,,
1030.0,2,50,34.0,0.68,2,0.0,2,0.0,3,5.0,11,0.0,0,0,1,0,4.0,5.0,25.0,0,EW_GREEN,hold,,,
1031.0,2,50,43.0,0.86,2,0.0,2,0.0,3,7.0,11,0.0,0,0,1,0,5.0,7.0,31.0,0,EW_GREEN,hold,,,
1032.0,2,50,53.0,1.06,2,0.0,2,0.0,3,9.0,11,1.0,0,0,1,0,6.0,10.0,37.0,0,EW_GREEN,hold,,,
1033.0,2,51,65.0,1.275,3,0.0,3,0.0,3,11.0,11,2.0,0,0,1,0,7.0,13.0,45.0,0,EW_GREEN,hold,,,
1034.0,2,51,76.0,1.49,3,0.0,3,0.0,3,13.0,11,3.0,0,0,1,0,8.0,16.0,52.0,0,EW_GREEN,hold,,,
1035.0,2,49,90.0,1.837,3,0.0,3,0.0,3,15.0,11,6.0,0,0,1,0,9.0,21.0,60.0,0,EW_GREEN,hold,,,
1036.0,2,50,104.0,2.08,3,0.0,3,0.0,3,17.0,12,9.0,0,0,1,0,10.0,26.0,68.0,0,EW_GREEN,hold,,,
1037.0,2,48,120.0,2.5,3,0.0,3,0.0,3,19.0,12,13.0,0,0,1,0,11.0,32.0,77.0,0,EW_GREEN,hold,,,
1038.0,2,48,137.0,2.854,3,0.0,3,0.0,3,21.0,12,17.0,0,0,1,0,12.0,38.0,87.0,0,EW_GREEN,hold,,,
1039.0,2,48,155.0,3.229,3,0.0,3,0.0,3,23.0,12,21.0,0,0,1,0,13.0,44.0,98.0,0,EW_GREEN,hold,,,
1040.0,2,49,173.0,3.531,3,0.0,3,0.0,3,25.0,12,25.0,0,0,1,0,14.0,50.0,109.0,0,EW_GREEN,hold,,,
1041.0,2,49,192.0,3.918,3,0.0,3,0.0,3,27.0,12,29.0,0,0,1,0,15.0,56.0,121.0,0,EW_GREEN,hold,,,
1042.0,2,48,210.0,4.375,3,0.0,3,0.0,3,29.0,12,33.0,0,0,1,0,16.0,62.0,132.0,0,EW_GREEN,hold,,,
1043.0,2,48,231.0,4.812,3,0.0,3,0.0,3,31.0,12,37.0,0,0,1,0,17.0,68.0,146.0,0,EW_GREEN,hold,,,
1044.0,2,47,252.0,5.362,3,0.0,3,0.0,3,33.0,12,41.0,0,0,1,0,18.0,74.0,160.0,0,EW_GREEN,hold,,,
1045.0,2,49,273.0,5.571,3,0.0,3,0.0,3,35.0,12,45.0,0,0,1,0,19.0,80.0,174.0,0,EW_GREEN,hold,,,
1046.0,2,50,295.0,5.9,3,0.0,3,0.0,3,37.0,13,49.0,0,0,1,0,20.0,86.0,189.0,0,EW_GREEN,hold,,,
1047.0,2,49,320.0,6.531,3,0.0,2,0.0,3,39.0,13,54.0,0,0,1,0,21.0,93.0,206.0,0,EW_GREEN,hold,,,
1048.0,2,48,346.0,7.208,2,0.0,2,0.0,3,41.0,13,60.0,0,0,1,0,22.0,101.0,223.0,0,EW_GREEN,hold,,,
1049.0,2,48,370.0,7.708,2,0.0,2,0.0,3,43.0,13,66.0,0,0,1,0,23.0,109.0,238.0,0,EW_GREEN,hold,,,
1050.0,2,48,395.0,8.229,2,0.0,2,0.0,3,45.0,13,72.0,0,0,1,0,24.0,117.0,254.0,0,EW_GREEN,hold,,,
1051.0,2,49,423.0,8.633,2,0.0,2,0.0,3,47.0,13,79.0,0,0,1,0,25.0,126.0,272.0,0,EW_GREEN,hold,,,
1052.0,2,49,452.0,9.224,2,0.0,2,0.0,3,49.0,13,86.0,0,0,1,3,26.0,135.0,291.0,0,EW_GREEN,hold,,,
1053.0,2,49,483.0,9.857,2,0.0,2,0.0,3,51.0,13,94.0,0,0,1,3,27.0,145.0,311.0,0,EW_YELLOW,fixed_cycle,,,
1054.0,3,49,515.0,10.51,2,0.0,2,0.0,3,53.0,13,103.0,0,0,1,3,28.0,156.0,331.0,0,EW_YELLOW,hold,,,
1055.0,3,48,548.0,11.417,2,0.0,2,0.0,3,55.0,13,112.0,0,0,1,3,29.0,167.0,352.0,0,EW_YELLOW,hold,,,
1056.0,3,49,583.0,11.898,2,0.0,2,0.0,3,57.0,14,121.0,0,0,1,3,30.0,178.0,375.0,0,NS_GREEN,fixed_cycle,,,
1057.0,0,46,422.0,9.174,4,0.0,4,0.0,1,0.0,11,58.0,0,0,0,2,1.0,58.0,363.0,0,NS_GREEN,hold,,,
1058.0,0,46,372.0,8.087,4,0.0,4,0.0,1,0.0,11,19.0,0,0,0,0,2.0,19.0,351.0,0,NS_GREEN,hold,,,
1059.0,0,46,341.0,7.413,4,0.0,4,0.0,1,0.0,11,0.0,0,0,0,0,3.0,0.0,338.0,0,NS_GREEN,hold,,,
1060.0,0,42,328.0,7.81,4,0.0,4,0.0,0,0.0,8,0.0,0,0,0,0,4.0,0.0,324.0,0,NS_GREEN,hold,,,
1061.0,0,47,315.0,6.702,4,0.0,4,0.0,0,0.0,9,0.0,0,0,0,0,5.0,0.0,310.0,0,NS_GREEN,hold,,,
1062.0,0,45,302.0,6.711,4,0.0,4,0.0,1,0.0,7,0.0,0,0,0,0,6.0,0.0,296.0,0,NS_GREEN,hold,,,
1063.0,0,48,289.0,6.021,4,0.0,4,0.0,1,0.0,6,0.0,0,0,0,0,7.0,0.0,282.0,0,NS_GREEN,hold,,,
1064.0,0,48,275.0,5.729,4,0.0,4,0.0,2,0.0,5,0.0,0,0,0,0,8.0,0.0,267.0,0,NS_GREEN,hold,,,
1065.0,0,49,291.0,5.939,4,0.0,4,0.0,2,0.0,4,0.0,0,0,0,0,9.0,0.0,282.0,0,NS_GREEN,hold,,,
1066.0,0,50,278.0,5.56,4,0.0,4,0.0,3,0.0,4,0.0,0,0,0,0,10.0,0.0,268.0,0,NS_GREEN,hold,,,
1067.0,0,50,264.0,5.28,4,0.0,4,0.0,3,0.0,4,0.0,0,0,0,0,11.0,0.0,253.0,0,NS_GREEN,hold,,,
1068.0,0,50,247.0,4.94,4,0.0,4,0.0,3,0.0,4,0.0,0,0,0,0,12.0,0.0,235.0,0,NS_GREEN,hold,,,
1069.0,0,50,231.0,4.62,4,0.0,4,0.0,3,0.0,4,0.0,0,0,0,0,13.0,0.0,218.0,0,NS_GREEN,hold,,,
1070.0,0,50,215.0,4.3,4,0.0,4,0.0,3,0.0,4,0.0,0,0,0,0,14.0,0.0,201.0,0,NS_GREEN,hold,,,
1071.0,0,51,197.0,3.863,4,0.0,4,0.0,3,0.0,5,0.0,0,0,0,0,15.0,0.0,182.0,0,NS_GREEN,hold,,,
1072.0,0,51,180.0,3.529,4,0.0,4,0.0,3,0.0,5,0.0,0,0,0,0,16.0,0.0,164.0,0,NS_GREEN,hold,,,
1073.0,0,52,162.0,3.115,4,0.0,4,0.0,3,0.0,6,0.0,0,0,0,0,17.0,0.0,145.0,0,NS_GREEN,hold,,,
1074.0,0,52,145.0,2.788,4,0.0,4,0.0,3,0.0,6,0.0,0,0,0,0,18.0,0.0,127.0,0,NS_GREEN,hold,,,
1075.0,0,51,154.0,3.02,4,1.0,4,1.0,3,0.0,5,0.0,1,1,0,0,19.0,2.0,133.0,0,NS_GREEN,hold,,,
1076.0,0,51,137.0,2.686,4,2.0,4,2.0,3,0.0,5,0.0,1,1,0,0,20.0,4.0,113.0,0,NS_GREEN,hold,,,
1077.0,0,51,120.0,2.353,4,3.0,4,3.0,3,0.0,5,0.0,1,1,0,0,21.0,6.0,93.0,0,NS_GREEN,hold,,,
1078.0,0,51,130.0,2.549,4,5.0,4,5.0,3,0.0,5,0.0,1,1,0,0,22.0,10.0,98.0,0,NS_GREEN,hold,,,
1079.0,0,51,84.0,1.647,4,5.0,4,7.0,3,0.0,6,0.0,1,1,0,0,23.0,12.0,49.0,0,NS_GREEN,hold,,,
1080.0,0,51,67.0,1.314,4,7.0,4,10.0,3,0.0,6,0.0,1,1,0,0,24.0,17.0,26.0,0,NS_GREEN,hold,,,
1081.0,0,58,49.0,0.845,6,10.0,6,14.0,3,0.0,6,0.0,0,0,0,0,25.0,24.0,0.0,0,NS_GREEN,hold,,,
1082.0,0,60,57.0,0.95,6,13.0,6,18.0,3,0.0,7,0.0,0,0,0,0,26.0,31.0,0.0,0,NS_GREEN,hold,,,
1083.0,0,60,66.0,1.1,6,17.0,6,22.0,3,0.0,7,0.0,0,0,0,0,27.0,39.0,0.0,0,NS_GREEN,hold,,,
1084.0,0,61,75.0,1.23,6,21.0,6,26.0,3,0.0,7,0.0,0,0,0,0,28.0,47.0,0.0,0,NS_GREEN,hold,,,
1085.0,0,62,84.0,1.355,6,25.0,6,30.0,3,0.0,7,0.0,0,0,0,0,29.0,55.0,0.0,0,NS_GREEN,hold,,,
1086.0,0,60,94.0,1.567,6,29.0,6,34.0,3,0.0,6,0.0,0,0,0,0,30.0,63.0,1.0,0,NS_YELLOW,fixed_cycle,,,
1087.0,1,61,105.0,1.721,6,33.0,6,38.0,3,0.0,6,0.0,0,0,0,0,31.0,71.0,3.0,0,NS_YELLOW,hold,,,
1088.0,1,63,116.0,1.841,6,37.0,6,42.0,3,0.0,7,0.0,0,0,0,0,32.0,79.0,5.0,0,NS_YELLOW,hold,,,
1089.0,1,63,128.0,2.032,6,41.0,6,46.0,3,0.0,7,0.0,0,0,0,0,33.0,87.0,8.0,0,EW_GREEN,fixed_cycle,,,
1090.0,2,61,51.0,0.836,5,18.0,5,21.0,3,0.0,8,0.0,0,0,0,0,0.0,39.0,12.0,0,EW_GREEN,hold,,,
1091.0,2,60,37.0,0.617,4,9.0,4,11.0,3,0.0,8,0.0,0,0,0,0,0.0,20.0,17.0,0,EW_GREEN,hold,,,
1092.0,2,59,23.0,0.39,4,0.0,4,0.0,3,0.0,8,0.0,0,0,0,0,0.0,0.0,23.0,0,EW_GREEN,hold,,,
1093.0,2,57,30.0,0.526,4,0.0,4,0.0,3,0.0,8,1.0,0,0,0,0,0.0,1.0,29.0,0,EW_GREEN,hold,,,
1094.0,2,54,38.0,0.704,4,0.0,4,0.0,3,1.0,8,2.0,0,0,1,0,0.0,3.0,35.0,0,EW_GREEN,hold,,,
1095.0,2,53,47.0,0.887,2,0.0,4,0.0,3,2.0,8,3.0,0,0,1,0,0.0,5.0,42.0,0,EW_GREEN,hold,,,
1096.0,2,51,57.0,1.118,2,0.0,3,0.0,3,3.0,8,4.0,0,0,1,0,0.0,7.0,50.0,0,EW_GREEN,hold,,,
1097.0,2,51,68.0,1.333,2,0.0,3,0.0,4,4.0,8,5.0,0,0,0,0,0.0,9.0,59.0,0,EW_GREEN,hold,,,
1098.0,2,51,81.0,1.588,2,0.0,2,0.0,4,6.0,8,6.0,0,0,1,0,0.0,12.0,69.0,0,EW_GREEN,hold,,,
1099.0,2,48,97.0,2.021,1,0.0,1,0.0,4,9.0,8,8.0,0,0,2,0,1.0,17.0,79.0,0,EW_GREEN,hold,,,
1100.0,2,48,111.0,2.312,1,0.0,1,0.0,4,12.0,8,10.0,0,0,2,0,2.0,22.0,87.0,0,EW_GREEN,hold,,,
1101.0,2,48,129.0,2.688,1,0.0,1,0.0,4,15.0,8,12.0,0,0,2,0,3.0,27.0,99.0,0,EW_GREEN,hold,,,
1102.0,2,50,147.0,2.94,1,0.0,1,0.0,4,18.0,9,14.0,0,0,2,0,4.0,32.0,111.0,0,EW_GREEN,hold,,,
1103.0,2,49,167.0,3.408,1,0.0,1,0.0,4,21.0,9,17.0,0,0,2,0,5.0,38.0,124.0,0,EW_GREEN,hold,,,
1104.0,2,49,188.0,3.837,1,0.0,1,0.0,4,24.0,9,20.0,0,0,2,0,6.0,44.0,138.0,0,EW_GREEN,hold,,,
1105.0,2,53,209.0,3.943,3,0.0,3,0.0,4,27.0,10,23.0,0,0,2,0,7.0,50.0,152.0,0,EW_GREEN,hold,,,
1106.0,2,52,231.0,4.442,3,0.0,3,0.0,4,30.0,10,27.0,0,0,2,1,8.0,57.0,166.0,0,EW_GREEN,hold,,,
1107.0,2,54,254.0,4.704,3,0.0,3,0.0,4,33.0,11,31.0,0,0,2,1,9.0,64.0,181.0,0,EW_GREEN,hold,,,
1108.0,2,54,278.0,5.148,3,0.0,3,0.0,4,36.0,11,35.0,0,0,2,1,10.0,71.0,197.0,0,EW_GREEN,hold,,,
1109.0,2,53,303.0,5.717,3,0.0,3,0.0,4,39.0,11,39.0,0,0,2,1,11.0,78.0,214.0,0,EW_GREEN,hold,,,
1110.0,2,54,329.0,6.093,3,0.0,3,0.0,4,42.0,12,43.0,0,0,2,1,12.0,85.0,232.0,0,EW_GREEN,hold,,,
1111.0,2,54,353.0,6.537,3,0.0,3,0.0,4,45.0,12,47.0,0,0,2,1,13.0,92.0,248.0,0,EW_GREEN,hold,,,
1112.0,2,55,379.0,6.891,3,0.0,3,0.0,4,48.0,12,51.0,0,0,2,1,14.0,99.0,266.0,0,EW_GREEN,hold,,,
1113.0,2,54,408.0,7.556,3,0.0,3,0.0,4,51.0,12,57.0,0,0,2,1,15.0,108.0,285.0,0,EW_GREEN,hold,,,
1114.0,2,55,438.0,7.964,3,0.0,3,0.0,4,54.0,13,63.0,0,0,2,1,16.0,117.0,305.0,0,EW_GREEN,hold,,,
1115.0,2,54,469.0,8.685,3,0.0,3,0.0,4,57.0,13,69.0,0,0,2,1,17.0,126.0,326.0,0,EW_GREEN,hold,,,
1116.0,2,54,501.0,9.278,3,0.0,3,0.0,4,60.0,13,75.0,0,0,2,1,18.0,135.0,348.0,0,EW_GREEN,hold,,,
1117.0,2,56,534.0,9.536,3,0.0,3,0.0,4,63.0,14,81.0,0,0,2,1,19.0,144.0,371.0,0,EW_GREEN,hold,,,
1118.0,2,55,567.0,10.309,3,0.0,3,0.0,4,66.0,14,87.0,0,0,2,1,20.0,153.0,394.0,0,EW_GREEN,hold,,,
1119.0,2,56,600.0,10.714,3,0.0,3,0.0,4,69.0,15,93.0,0,0,2,0,21.0,162.0,417.0,0,EW_YELLOW,fixed_cycle,,,
1120.0,3,56,633.0,11.304,3,0.0,3,0.0,4,72.0,15,99.0,0,0,2,0,22.0,171.0,440.0,0,EW_YELLOW,hold,,,
1121.0,3,56,666.0,11.893,3,0.0,3,0.0,4,75.0,15,105.0,0,0,2,0,23.0,180.0,463.0,0,EW_YELLOW,hold,,,
1122.0,3,56,699.0,12.482,3,0.0,3,0.0,4,78.0,15,111.0,0,0,2,0,24.0,189.0,486.0,0,NS_GREEN,fixed_cycle,,,
1123.0,0,49,515.0,10.51,3,0.0,3,0.0,1,0.0,12,44.0,0,0,0,1,0.0,44.0,471.0,0,NS_GREEN,hold,,,
1124.0,0,49,468.0,9.551,3,1.0,3,0.0,1,0.0,12,12.0,0,0,0,0,0.0,13.0,455.0,0,NS_GREEN,hold,,,
1125.0,0,48,442.0,9.208,3,2.0,3,1.0,1,0.0,12,0.0,0,0,0,0,0.0,3.0,439.0,0,NS_GREEN,hold,,,
1126.0,0,48,427.0,8.896,3,3.0,3,2.0,1,0.0,10,0.0,0,0,0,0,0.0,5.0,422.0,0,NS_GREEN,hold,,,
1127.0,0,50,411.0,8.22,3,4.0,3,3.0,1,0.0,9,0.0,0,0,0,0,0.0,7.0,404.0,0,NS_GREEN,hold,,,
1128.0,0,51,394.0,7.725,3,5.0,3,4.0,1,0.0,9,0.0,0,0,0,0,0.0,9.0,385.0,0,NS_GREEN,hold,,,
1129.0,0,55,379.0,6.891,4,6.0,4,5.0,1,0.0,8,0.0,0,0,0,0,0.0,11.0,368.0,0,NS_GREEN,hold,,,
1130.0,0,56,362.0,6.464,4,7.0,4,6.0,1,0.0,8,0.0,0,0,0,0,1.0,13.0,348.0,0,NS_GREEN,hold,,,
1131.0,0,58,346.0,5.966,4,8.0,4,7.0,1,0.0,9,0.0,0,0,0,0,2.0,15.0,329.0,0,NS_GREEN,hold,,,
1132.0,0,57,332.0,5.825,4,9.0,4,8.0,1,0.0,9,0.0,0,0,0,0,3.0,17.0,312.0,0,NS_GREEN,hold,,,
1133.0,0,58,350.0,6.034,4,10.0,4,9.0,1,0.0,9,0.0,0,0,0,0,5.0,19.0,326.0,0,NS_GREEN,hold,,,
1134.0,0,57,333.0,5.842,4,11.0,4,10.0,1,0.0,9,0.0,0,0,0,0,7.0,21.0,305.0,0,NS_GREEN,hold,,,
1135.0,0,57,316.0,5.544,4,12.0,4,11.0,1,0.0,10,0.0,0,0,0,0,9.0,23.0,284.0,0,NS_GREEN,hold,,,
1136.0,0,57,299.0,5.246,4,13.0,4,12.0,1,0.0,10,0.0,0,0,0,0,11.0,25.0,263.0,0,NS_GREEN,hold,,,
1137.0,0,58,281.0,4.845,4,14.0,4,13.0,2,0.0,10,0.0,0,0,0,0,13.0,27.0,241.0,0,NS_GREEN,hold,,,
1138.0,0,59,264.0,4.475,4,15.0,4,14.0,3,0.0,10,0.0,0,0,0,0,15.0,29.0,220.0,0,NS_GREEN,hold,,,
1139.0,0,58,246.0,4.241,4,16.0,4,15.0,3,0.0,10,0.0,0,0,0,0,17.0,31.0,198.0,0,NS_GREEN,hold,,,
1140.0,0,58,228.0,3.931,4,17.0,4,16.0,3,0.0,10,0.0,0,0,0,0,19.0,33.0,176.0,0,NS_GREEN,hold,,,
1141.0,0,57,210.0,3.684,4,18.0,4,17.0,3,0.0,10,0.0,0,0,0,0,21.0,35.0,154.0,0,NS_GREEN,hold,,,
1142.0,0,57,221.0,3.877,4,19.0,4,18.0,3,0.0,10,0.0,0,0,0,0,23.0,37.0,161.0,0,NS_GREEN,hold,,,
1143.0,0,58,200.0,3.448,4,20.0,4,19.0,3,0.0,10,0.0,0,0,0,0,25.0,39.0,136.0,0,NS_GREEN,hold,,,
1144.0,0,58,179.0,3.086,4,21.0,4,20.0,3,0.0,10,0.0,0,0,0,0,27.0,41.0,111.0,0,NS_GREEN,hold,,,
1145.0,0,58,157.0,2.707,4,22.0,4,21.0,3,0.0,10,0.0,0,0,0,0,29.0,43.0,85.0,0,NS_GREEN,hold,,,
1146.0,0,57,136.0,2.386,4,24.0,4,23.0,3,0.0,9,0.0,1,1,0,0,31.0,47.0,58.0,0,NS_GREEN,hold,,,
1147.0,0,57,114.0,2.0,4,26.0,4,25.0,3,0.0,8,0.0,1,1,0,0,33.0,51.0,30.0,0,NS_GREEN,hold,,,
1148.0,0,58,122.0,2.103,4,28.0,4,27.0,3,0.0,8,0.0,1,1,0,0,35.0,55.0,32.0,0,NS_GREEN,hold,,,
1149.0,0,58,130.0,2.241,4,30.0,4,29.0,3,0.0,8,0.0,1,1,0,0,37.0,59.0,34.0,0,NS_GREEN,hold,,,
1150.0,0,59,138.0,2.339,4,32.0,4,31.0,3,0.0,8,0.0,1,1,0,0,39.0,63.0,36.0,0,NS_GREEN,hold,,,
1151.0,0,59,147.0,2.492,4,34.0,4,33.0,3,0.0,8,0.0,1,1,0,0,41.0,67.0,39.0,0,NS_GREEN,hold,,,
1152.0,0,60,154.0,2.567,4,36.0,4,35.0,3,0.0,9,0.0,1,1,0,0,43.0,71.0,40.0,0,NS_YELLOW,fixed_cycle,,,
1153.0,1,67,162.0,2.418,6,38.0,6,37.0,3,0.0,9,0.0,0,0,0,0,45.0,75.0,42.0,0,NS_YELLOW,hold,,,
1154.0,1,70,171.0,2.443,6,40.0,6,39.0,3,0.0,10,0.0,0,0,0,0,47.0,79.0,45.0,0,NS_YELLOW,hold,,,
1155.0,1,70,181.0,2.586,6,42.0,6,41.0,3,0.0,10,0.0,0,0,0,0,49.0,83.0,49.0,0,EW_GREEN,fixed_cycle,,,
1156.0,2,61,5.0,0.082,4,0.0,4,0.0,3,0.0,10,0.0,0,0,0,0,1.0,0.0,4.0,0,EW_GREEN,hold,,,
1157.0,2,60,6.0,0.1,4,0.0,4,0.0,3,0.0,10,0.0,0,0,0,0,0.0,0.0,6.0,0,EW_GREEN,hold,,,
1158.0,2,59,10.0,0.169,4,0.0,4,0.0,3,1.0,10,0.0,0,0,0,0,0.0,1.0,9.0,0,EW_GREEN,hold,,,
1159.0,2,57,15.0,0.263,4,0.0,4,0.0,3,2.0,11,0.0,0,0,0,0,0.0,2.0,13.0,0,EW_GREEN,hold,,,
1160.0,2,56,21.0,0.375,4,0.0,4,0.0,3,3.0,11,0.0,0,0,0,0,0.0,3.0,18.0,0,EW_GREEN,hold,,,
1161.0,2,55,29.0,0.527,4,0.0,4,0.0,3,4.0,11,2.0,0,0,0,0,0.0,6.0,23.0,0,EW_GREEN,hold,,,
1162.0,2,54,38.0,0.704,4,0.0,4,0.0,3,5.0,11,4.0,0,0,0,0,0.0,9.0,29.0,0,EW_GREEN,hold,,,
1163.0,2,53,48.0,0.906,4,0.0,4,0.0,3,6.0,11,6.0,0,0,0,0,0.0,12.0,36.0,0,EW_GREEN,hold,,,
1164.0,2,53,58.0,1.094,4,0.0,4,0.0,3,7.0,11,8.0,0,0,0,0,0.0,15.0,43.0,0,EW_GREEN,hold,,,
1165.0,2,53,69.0,1.302,4,0.0,4,0.0,3,8.0,11,10.0,0,0,0,0,0.0,18.0,51.0,0,EW_GREEN,hold,,,
1166.0,2,53,80.0,1.509,4,0.0,4,0.0,3,9.0,11,12.0,0,0,0,0,0.0,21.0,59.0,0,EW_GREEN,hold,,,
1167.0,2,50,93.0,1.86,3,0.0,3,0.0,3,10.0,11,15.0,0,0,0,0,0.0,25.0,68.0,0,EW_GREEN,hold,,,
1168.0,2,49,107.0,2.184,3,0.0,3,0.0,3,11.0,11,18.0,0,0,0,0,0.0,29.0,78.0,0,EW_GREEN,hold,,,
1169.0,2,49,123.0,2.51,3,0.0,3,0.0,3,12.0,11,22.0,0,0,0,2,0.0,34.0,89.0,0,EW_GREEN,hold,,,
1170.0,2,51,139.0,2.725,3,0.0,3,0.0,4,13.0,12,26.0,0,0,0,2,0.0,39.0,100.0,0,EW_GREEN,hold,,,
1171.0,2,51,155.0,3.039,3,0.0,3,0.0,4,14.0,12,30.0,0,0,0,2,0.0,44.0,111.0,0,EW_GREEN,hold,,,
1172.0,2,51,173.0,3.392,3,0.0,3,0.0,4,15.0,12,34.0,0,0,0,2,1.0,49.0,123.0,0,EW_GREEN,hold,,,
1173.0,2,53,193.0,3.642,3,0.0,3,0.0,4,16.0,13,39.0,0,0,0,2,2.0,55.0,136.0,0,EW_GREEN,hold,,,
1174.0,2,54,213.0,3.944,3,0.0,3,0.0,4,17.0,13,44.0,0,0,0,2,3.0,61.0,149.0,0,EW_GREEN,hold,,,
1175.0,2,54,236.0,4.37,3,0.0,3,0.0,4,19.0,13,50.0,0,0,0,2,4.0,69.0,163.0,0,EW_GREEN,hold,,,
1176.0,2,54,260.0,4.815,3,0.0,3,0.0,4,21.0,13,56.0,0,0,0,2,5.0,77.0,178.0,0,EW_GREEN,hold,,,
1177.0,2,55,287.0,5.218,4,0.0,4,0.0,4,24.0,13,63.0,0,0,1,2,6.0,87.0,194.0,0,EW_GREEN,hold,,,
1178.0,2,55,314.0,5.709,4,0.0,4,0.0,4,27.0,13,70.0,0,0,1,2,7.0,97.0,210.0,0,EW_GREEN,hold,,,
1179.0,2,55,342.0,6.218,4,0.0,4,0.0,4,30.0,13,78.0,0,0,1,2,8.0,108.0,226.0,0,EW_GREEN,hold,,,
1180.0,2,54,371.0,6.87,4,0.0,4,0.0,4,33.0,13,86.0,0,0,1,0,9.0,119.0,243.0,0,EW_GREEN,hold,,,
1181.0,2,53,401.0,7.566,4,0.0,4,0.0,4,36.0,13,94.0,0,0,1,0,10.0,130.0,261.0,0,EW_GREEN,hold,,,
1182.0,2,53,431.0,8.132,4,0.0,4,0.0,4,39.0,13,102.0,0,0,1,0,11.0,141.0,279.0,0,EW_GREEN,hold,,,
1183.0,2,52,462.0,8.885,4,0.0,4,0.0,4,42.0,13,110.0,0,0,1,0,12.0,152.0,298.0,0,EW_GREEN,hold,,,
1184.0,2,52,493.0,9.481,4,0.0,4,0.0,4,45.0,13,118.0,0,0,1,0,13.0,163.0,317.0,0,EW_GREEN,hold,,,
1185.0,2,53,526.0,9.925,4,0.0,4,0.0,4,48.0,14,127.0,0,0,1,3,14.0,175.0,337.0,0,EW_YELLOW,fixed_cycle,,,
1186.0,3,53,560.0,10.566,4,0.0,4,0.0,4,51.0,14,136.0,0,0,1,3,15.0,187.0,358.0,0,EW_YELLOW,hold,,,
1187.0,3,53,595.0,11.226,4,0.0,4,0.0,4,54.0,14,145.0,0,0,1,3,16.0,199.0,380.0,0,EW_YELLOW,hold,,,
1188.0,3,52,631.0,12.135,4,0.0,4,0.0,4,57.0,14,154.0,0,0,1,3,17.0,211.0,403.0,0,NS_GREEN,fixed_cycle,,,
1189.0,0,47,487.0,10.362,4,0.0,4,0.0,2,15.0,11,82.0,0,0,0,5,0.0,97.0,390.0,0,NS_GREEN,hold,,,
1190.0,0,47,410.0,8.723,4,0.0,4,0.0,2,0.0,12,33.0,0,0,0,0,0.0,33.0,377.0,0,NS_GREEN,hold,,,
1191.0,0,47,367.0,7.809,4,0.0,4,0.0,2,0.0,12,3.0,0,0,0,0,0.0,3.0,364.0,0,NS_GREEN,hold,,,
1192.0,0,45,350.0,7.778,4,0.0,4,0.0,2,0.0,11,0.0,0,0,0,0,0.0,0.0,350.0,0,NS_GREEN,hold,,,
1193.0,0,50,335.0,6.7,4,0.0,4,0.0,2,0.0,11,0.0,0,0,0,0,0.0,0.0,335.0,0,NS_GREEN,hold,,,
1194.0,0,50,322.0,6.44,4,1.0,4,1.0,2,0.0,11,0.0,1,1,0,0,0.0,2.0,320.0,0,NS_GREEN,hold,,,
1195.0,0,51,308.0,6.039,4,2.0,4,2.0,2,0.0,9,0.0,1,1,0,0,0.0,4.0,304.0,0,NS_GREEN,hold,,,
1196.0,0,52,294.0,5.654,4,3.0,4,3.0,2,0.0,10,0.0,1,1,0,0,0.0,6.0,288.0,0,NS_GREEN,hold,,,
1197.0,0,51,280.0,5.49,4,4.0,4,4.0,2,0.0,7,0.0,1,1,0,0,0.0,8.0,272.0,0,NS_GREEN,hold,,,
1198.0,0,51,266.0,5.216,4,6.0,4,5.0,2,0.0,7,0.0,1,1,0,0,0.0,11.0,255.0,0,NS_GREEN,hold,,,
1199.0,0,53,252.0,4.755,4,8.0,4,7.0,2,0.0,7,0.0,1,1,0,0,0.0,15.0,237.0,0,NS_GREEN,hold,,,
1200.0,0,53,240.0,4.528,4,10.0,4,9.0,2,0.0,7,0.0,1,1,0,0,0.0,19.0,221.0,0,NS_GREEN,hold,,,
1201.0,0,58,258.0,4.448,6,13.0,6,12.0,2,0.0,8,0.0,0,0,0,0,0.0,25.0,233.0,0,NS_GREEN,hold,,,
1202.0,0,56,245.0,4.375,7,17.0,7,15.0,1,0.0,6,0.0,0,0,0,0,0.0,32.0,213.0,0,NS_GREEN,hold,,,
1203.0,0,56,235.0,4.196,7,21.0,7,19.0,1,0.0,6,0.0,0,0,0,0,0.0,40.0,195.0,0,NS_GREEN,hold,,,
1204.0,0,56,221.0,3.946,7,25.0,7,23.0,1,0.0,6,0.0,0,0,0,0,0.0,48.0,173.0,0,NS_GREEN,hold,,,
1205.0,0,59,208.0,3.525,7,29.0,7,27.0,2,0.0,7,0.0,0,0,0,0,0.0,56.0,152.0,0,NS_GREEN,hold,,,
1206.0,0,58,196.0,3.379,7,33.0,7,31.0,2,0.0,7,0.0,0,0,0,0,0.0,64.0,132.0,0,NS_GREEN,hold,,,
1207.0,0,60,183.0,3.05,7,37.0,7,35.0,3,0.0,8,0.0,0,0,0,0,0.0,72.0,111.0,0,NS_GREEN,hold,,,
1208.0,0,60,170.0,2.833,7,41.0,7,39.0,3,0.0,8,0.0,0,0,0,0,0.0,80.0,90.0,0,NS_GREEN,hold,,,
1209.0,0,59,157.0,2.661,7,45.0,7,43.0,3,0.0,8,0.0,0,0,0,0,0.0,88.0,69.0,0,NS_GREEN,hold,,,
1210.0,0,60,143.0,2.383,7,49.0,7,47.0,3,0.0,9,0.0,0,0,0,0,0.0,96.0,47.0,0,NS_GREEN,hold,,,
1211.0,0,60,153.0,2.55,7,53.0,7,51.0,3,0.0,9,0.0,0,0,0,0,0.0,104.0,49.0,0,NS_GREEN,hold,,,
1212.0,0,59,137.0,2.322,7,57.0,7,55.0,3,0.0,9,0.0,0,0,0,0,0.0,112.0,25.0,0,NS_GREEN,hold,,,
1213.0,0,59,120.0,2.034,7,61.0,7,59.0,3,0.0,9,0.0,0,0,0,0,0.0,120.0,0.0,0,NS_GREEN,hold,,,
1214.0,0,60,129.0,2.15,7,65.0,7,63.0,3,0.0,10,0.0,0,0,0,0,0.0,128.0,1.0,0,NS_GREEN,hold,,,
1215.0,0,62,139.0,2.242,7,69.0,7,67.0,3,0.0,10,0.0,0,0,0,0,0.0,136.0,3.0,0,NS_GREEN,hold,,,
1216.0,0,62,149.0,2.403,7,74.0,7,71.0,3,0.0,10,0.0,0,0,0,0,0.0,145.0,4.0,0,NS_GREEN,hold,,,
1217.0,0,62,160.0,2.581,7,79.0,7,75.0,3,0.0,10,0.0,0,0,0,0,0.0,154.0,6.0,0,NS_GREEN,hold,,,
1218.0,0,62,174.0,2.806,7,85.0,7,80.0,3,0.0,10,0.0,2,2,0,0,0.0,165.0,9.0,0,NS_YELLOW,fixed_cycle,,,
1219.0,1,63,189.0,3.0,7,91.0,7,85.0,3,0.0,10,0.0,2,2,0,0,0.0,176.0,13.0,0,NS_YELLOW,hold,,,
1220.0,1,63,206.0,3.27,7,97.0,7,91.0,3,0.0,10,0.0,2,2,0,0,0.0,188.0,18.0,0,NS_YELLOW,hold,,,
1221.0,1,62,224.0,3.613,7,103.0,7,97.0,3,0.0,10,0.0,2,2,0,0,1.0,200.0,23.0,0,EW_GREEN,fixed_cycle,,,
1222.0,2,59,133.0,2.254,6,55.0,6,50.0,3,0.0,11,0.0,1,1,0,0,0.0,105.0,28.0,0,EW_GREEN,hold,,,
1223.0,2,59,91.0,1.542,6,30.0,6,27.0,3,0.0,11,0.0,0,0,0,0,0.0,57.0,34.0,0,EW_GREEN,hold,,,
1224.0,2,56,103.0,1.839,5,32.0,5,29.0,3,0.0,11,2.0,0,0,0,0,0.0,63.0,40.0,0,EW_GREEN,hold,,,
1225.0,2,61,69.0,1.131,6,10.0,6,8.0,3,0.0,11,4.0,0,0,0,0,0.0,22.0,47.0,0,EW_GREEN,hold,,,
1226.0,2,59,73.0,1.237,5,11.0,5,0.0,3,0.0,11,7.0,0,0,0,0,0.0,18.0,55.0,0,EW_GREEN,hold,,,
1227.0,2,58,74.0,1.276,5,0.0,5,0.0,3,0.0,11,11.0,0,0,0,0,0.0,11.0,63.0,0,EW_GREEN,hold,,,
1228.0,2,56,88.0,1.571,5,0.0,4,0.0,3,0.0,11,16.0,0,0,0,0,0.0,16.0,72.0,0,EW_GREEN,hold,,,
1229.0,2,52,102.0,1.962,4,0.0,4,0.0,3,0.0,11,21.0,0,0,0,0,0.0,21.0,81.0,0,EW_GREEN,hold,,,
1230.0,2,52,117.0,2.25,4,0.0,4,0.0,3,0.0,11,26.0,0,0,0,0,0.0,26.0,91.0,0,EW_GREEN,hold,,,
1231.0,2,53,133.0,2.509,4,0.0,3,0.0,3,1.0,12,31.0,0,0,0,0,0.0,32.0,101.0,0,EW_GREEN,hold,,,
1232.0,2,52,150.0,2.885,3,0.0,3,0.0,3,2.0,12,36.0,0,0,0,0,0.0,38.0,112.0,0,EW_GREEN,hold,,,
1233.0,2,53,168.0,3.17,3,0.0,3,0.0,3,3.0,12,41.0,0,0,1,0,0.0,44.0,124.0,0,EW_GREEN,hold,,,
1234.0,2,50,188.0,3.76,3,0.0,2,0.0,3,4.0,12,47.0,0,0,1,0,0.0,51.0,137.0,0,EW_GREEN,hold,,,
1235.0,2,50,207.0,4.14,2,0.0,2,0.0,3,5.0,12,53.0,0,0,1,0,0.0,58.0,149.0,0,EW_GREEN,hold,,,
1236.0,2,52,229.0,4.404,2,0.0,2,0.0,3,6.0,12,59.0,0,0,1,0,0.0,65.0,164.0,0,EW_GREEN,hold,,,
1237.0,2,53,249.0,4.698,2,0.0,2,0.0,3,7.0,12,65.0,0,0,1,0,0.0,72.0,177.0,0,EW_GREEN,hold,,,
1238.0,2,53,272.0,5.132,2,0.0,2,0.0,3,9.0,12,71.0,0,0,2,0,0.0,80.0,192.0,0,EW_GREEN,hold,,,
1239.0,2,52,299.0,5.75,2,0.0,1,0.0,3,12.0,12,79.0,0,0,3,2,0.0,91.0,208.0,0,EW_GREEN,hold,,,
1240.0,2,50,327.0,6.54,1,0.0,1,0.0,3,15.0,12,87.0,0,0,3,5,0.0,102.0,225.0,0,EW_GREEN,hold,,,
1241.0,2,50,357.0,7.14,1,0.0,1,0.0,4,18.0,12,96.0,0,0,2,5,0.0,114.0,243.0,0,EW_GREEN,hold,,,
1242.0,2,50,388.0,7.76,1,0.0,1,0.0,4,21.0,12,105.0,0,0,2,5,0.0,126.0,262.0,0,EW_GREEN,hold,,,
1243.0,2,51,418.0,8.196,1,0.0,1,0.0,4,24.0,13,114.0,0,0,2,5,0.0,138.0,280.0,0,EW_GREEN,hold,,,
1244.0,2,50,451.0,9.02,1,0.0,1,0.0,4,27.0,13,123.0,0,0,2,2,1.0,150.0,300.0,0,EW_GREEN,hold,,,
1245.0,2,50,483.0,9.66,1,0.0,1,0.0,4,30.0,13,132.0,0,0,2,2,2.0,162.0,319.0,0,EW_GREEN,hold,,,
1246.0,2,52,517.0,9.942,1,0.0,1,0.0,4,33.0,14,141.0,0,0,2,3,3.0,174.0,340.0,0,EW_GREEN,hold,,,
1247.0,2,52,552.0,10.615,1,0.0,1,0.0,4,36.0,14,150.0,0,0,2,3,4.0,186.0,362.0,0,EW_GREEN,hold,,,
1248.0,2,52,585.0,11.25,1,0.0,1,0.0,4,39.0,14,159.0,0,0,2,4,5.0,198.0,382.0,0,EW_GREEN,hold,,,
1249.0,2,56,621.0,11.089,3,0.0,3,0.0,4,42.0,14,168.0,0,0,2,7,6.0,210.0,405.0,0,EW_GREEN,hold,,,
1250.0,2,56,658.0,11.75,3,0.0,3,0.0,4,45.0,14,178.0,0,0,2,7,7.0,223.0,428.0,0,EW_GREEN,hold,,,
1251.0,2,55,695.0,12.636,3,0.0,3,0.0,4,48.0,14,188.0,0,0,2,7,8.0,236.0,451.0,0,EW_YELLOW,fixed_cycle,,,
1252.0,3,56,732.0,13.071,3,0.0,3,0.0,4,51.0,15,198.0,0,0,2,7,9.0,249.0,474.0,0,EW_YELLOW,hold,,,
1253.0,3,56,729.0,13.018,3,0.0,3,0.0,4,54.0,15,208.0,0,0,2,7,10.0,262.0,457.0,0,EW_YELLOW,hold,,,
1254.0,3,56,727.0,12.982,3,0.0,3,0.0,4,57.0,15,218.0,0,0,2,7,11.0,275.0,441.0,0,NS_GREEN,fixed_cycle,,,
1255.0,0,49,559.0,11.408,3,0.0,3,0.0,1,0.0,12,136.0,0,0,0,5,0.0,136.0,423.0,0,NS_GREEN,hold,,,
1256.0,0,49,471.0,9.612,3,0.0,3,0.0,1,0.0,12,66.0,0,0,0,0,0.0,66.0,405.0,0,NS_GREEN,hold,,,
1257.0,0,50,408.0,8.16,3,0.0,3,0.0,1,0.0,13,22.0,0,0,0,0,0.0,22.0,386.0,0,NS_GREEN,hold,,,
1258.0,0,49,368.0,7.51,3,0.0,3,0.0,1,0.0,10,0.0,0,0,0,0,0.0,0.0,368.0,0,NS_GREEN,hold,,,
1259.0,0,54,350.0,6.481,3,0.0,3,0.0,2,0.0,10,0.0,0,0,0,0,0.0,0.0,350.0,0,NS_GREEN,hold,,,
1260.0,0,53,331.0,6.245,3,0.0,3,0.0,2,0.0,8,0.0,0,0,0,0,0.0,0.0,331.0,0,NS_GREEN,hold,,,
1261.0,0,56,346.0,6.179,3,0.0,3,0.0,2,0.0,7,0.0,0,0,0,0,0.0,0.0,346.0,0,NS_GREEN,hold,,,
1262.0,0,57,327.0,5.737,3,0.0,3,0.0,2,0.0,6,0.0,0,0,0,0,0.0,0.0,327.0,0,NS_GREEN,hold,,,
1263.0,0,57,309.0,5.421,3,0.0,3,0.0,2,0.0,5,0.0,0,0,0,0,0.0,0.0,309.0,0,NS_GREEN,hold,,,
1264.0,0,59,292.0,4.949,3,0.0,3,0.0,2,0.0,6,0.0,0,0,0,0,0.0,0.0,292.0,0,NS_GREEN,hold,,,
1265.0,0,59,309.0,5.237,3,0.0,3,0.0,2,0.0,5,0.0,0,0,0,0,1.0,0.0,308.0,0,NS_GREEN,hold,,,
1266.0,0,60,296.0,4.933,3,0.0,3,1.0,2,0.0,5,0.0,0,1,0,0,3.0,1.0,292.0,0,NS_GREEN,hold,,,
1267.0,0,61,284.0,4.656,3,0.0,3,2.0,2,0.0,5,0.0,0,1,0,0,5.0,2.0,277.0,0,NS_GREEN,hold,,,
1268.0,0,61,271.0,4.443,3,0.0,3,3.0,2,0.0,5,0.0,0,1,0,0,7.0,3.0,261.0,0,NS_GREEN,hold,,,
1269.0,0,61,293.0,4.803,3,0.0,3,4.0,2,0.0,5,0.0,0,1,0,0,10.0,4.0,279.0,0,NS_GREEN,hold,,,
1270.0,0,60,283.0,4.717,3,0.0,3,5.0,1,0.0,5,0.0,0,1,0,0,13.0,5.0,265.0,0,NS_GREEN,hold,,,
1271.0,0,61,273.0,4.475,3,1.0,3,6.0,1,0.0,5,0.0,0,1,0,0,16.0,7.0,250.0,0,NS_GREEN,hold,,,
1272.0,0,61,263.0,4.311,3,2.0,3,7.0,1,0.0,5,0.0,0,0,0,0,19.0,9.0,235.0,0,NS_GREEN,hold,,,
1273.0,0,62,253.0,4.081,4,3.0,4,8.0,1,0.0,5,0.0,0,0,0,0,22.0,11.0,220.0,0,NS_GREEN,hold,,,
1274.0,0,63,244.0,3.873,4,4.0,4,9.0,1,0.0,6,0.0,0,0,0,0,25.0,13.0,206.0,0,NS_GREEN,hold,,,
1275.0,0,63,235.0,3.73,4,5.0,4,10.0,1,0.0,6,0.0,0,0,0,0,28.0,15.0,192.0,0,NS_GREEN,hold,,,
1276.0,0,60,256.0,4.267,4,6.0,4,11.0,1,0.0,6,0.0,0,0,0,0,31.0,17.0,208.0,0,NS_GREEN,hold,,,
1277.0,0,63,246.0,3.905,4,7.0,4,12.0,2,0.0,7,0.0,0,0,0,0,34.0,19.0,193.0,0,NS_GREEN,hold,,,
1278.0,0,62,237.0,3.823,4,8.0,4,13.0,3,0.0,5,0.0,0,0,0,0,37.0,21.0,179.0,0,NS_GREEN,hold,,,
1279.0,0,62,228.0,3.677,4,9.0,4,14.0,3,0.0,5,0.0,0,0,0,0,40.0,23.0,165.0,0,NS_GREEN,hold,,,
1280.0,0,62,249.0,4.016,4,10.0,4,15.0,3,0.0,5,0.0,0,0,0,0,43.0,25.0,181.0,0,NS_GREEN,hold,,,
1281.0,0,62,271.0,4.371,4,11.0,4,16.0,3,0.0,5,0.0,0,0,0,0,46.0,27.0,198.0,0,NS_GREEN,hold,,,
1282.0,0,62,294.0,4.742,4,12.0,4,17.0,3,0.0,5,0.0,0,0,0,0,49.0,29.0,216.0,0,NS_GREEN,hold,,,
1283.0,0,62,317.0,5.113,4,13.0,4,18.0,3,0.0,5,0.0,0,0,0,0,52.0,31.0,234.0,0,NS_GREEN,hold,,,
1284.0,0,64,341.0,5.328,4,14.0,4,19.0,3,0.0,6,0.0,0,0,0,0,55.0,33.0,253.0,0,NS_YELLOW,fixed_cycle,,,
1285.0,1,64,365.0,5.703,4,15.0,4,20.0,3,0.0,6,0.0,0,0,0,0,58.0,35.0,272.0,0,NS_YELLOW,hold,,,
1286.0,1,64,390.0,6.094,4,16.0,4,21.0,3,0.0,6,0.0,0,0,0,0,61.0,37.0,292.0,0,NS_YELLOW,hold,,,
1287.0,1,65,415.0,6.385,4,17.0,4,22.0,3,0.0,6,0.0,0,0,0,0,64.0,39.0,312.0,0,EW_GREEN,fixed_cycle,,,
1288.0,2,57,307.0,5.386,3,0.0,2,0.0,3,0.0,6,0.0,0,0,0,0,20.0,0.0,287.0,0,EW_GREEN,hold,,,
1289.0,2,55,284.0,5.164,2,0.0,2,0.0,3,0.0,6,0.0,0,0,0,0,0.0,0.0,284.0,0,EW_GREEN,hold,,,
1290.0,2,55,304.0,5.527,2,0.0,2,0.0,3,0.0,6,0.0,0,0,0,0,0.0,0.0,304.0,0,EW_GREEN,hold,,,
1291.0,2,51,325.0,6.373,2,0.0,2,0.0,3,0.0,6,0.0,0,0,0,0,0.0,0.0,325.0,0,EW_GREEN,hold,,,
1292.0,2,49,346.0,7.061,2,0.0,2,0.0,3,0.0,6,0.0,0,0,0,0,0.0,0.0,346.0,0,EW_GREEN,hold,,,
1293.0,2,48,368.0,7.667,2,0.0,2,0.0,3,0.0,7,0.0,0,0,0,0,0.0,0.0,368.0,0,EW_GREEN,hold,,,
1294.0,2,48,357.0,7.438,2,0.0,2,0.0,3,0.0,7,0.0,0,0,0,0,0.0,0.0,357.0,0,EW_GREEN,hold,,,
1295.0,2,48,347.0,7.229,2,0.0,2,0.0,3,1.0,7,1.0,0,0,0,0,0.0,2.0,345.0,0,EW_GREEN,hold,,,
1296.0,2,45,338.0,7.511,2,0.0,2,0.0,3,2.0,7,2.0,0,0,0,0,0.0,4.0,334.0,0,EW_GREEN,hold,,,
1297.0,2,52,328.0,6.308,4,0.0,4,0.0,3,3.0,7,3.0,0,0,0,0,0.0,6.0,322.0,0,EW_GREEN,hold,,,
1298.0,2,53,318.0,6.0,4,0.0,4,0.0,3,4.0,8,4.0,0,0,0,0,0.0,8.0,310.0,0,EW_GREEN,hold,,,
1299.0,2,52,308.0,5.923,4,0.0,4,0.0,3,5.0,8,5.0,0,0,0,0,0.0,10.0,298.0,0,EW_GREEN,hold,,,
1300.0,2,51,329.0,6.451,4,0.0,4,0.0,3,6.0,8,6.0,0,0,0,0,0.0,12.0,317.0,0,EW_GREEN,hold,,,
1301.0,2,49,319.0,6.51,4,0.0,4,0.0,3,7.0,8,8.0,0,0,0,0,0.0,15.0,304.0,0,EW_GREEN,hold,,,
1302.0,2,48,309.0,6.438,4,0.0,4,0.0,3,8.0,8,10.0,0,0,0,0,0.0,18.0,291.0,0,EW_GREEN,hold,,,
1303.0,2,49,299.0,6.102,4,0.0,4,0.0,3,9.0,9,12.0,0,0,0,0,0.0,21.0,278.0,0,EW_GREEN,hold,,,
1304.0,2,49,290.0,5.918,4,0.0,4,0.0,3,10.0,9,14.0,0,0,0,0,0.0,24.0,266.0,0,EW_GREEN,hold,,,
1305.0,2,49,281.0,5.735,4,0.0,4,0.0,3,11.0,9,16.0,0,0,0,0,0.0,27.0,254.0,0,EW_GREEN,hold,,,
1306.0,2,49,272.0,5.551,4,0.0,4,0.0,3,12.0,9,18.0,0,0,0,0,0.0,30.0,242.0,0,EW_GREEN,hold,,,
1307.0,2,49,263.0,5.367,4,0.0,4,0.0,3,13.0,9,20.0,0,0,0,0,0.0,33.0,230.0,0,EW_GREEN,hold,,,
1308.0,2,50,256.0,5.12,4,0.0,4,0.0,3,15.0,9,22.0,0,0,2,0,0.0,37.0,219.0,0,EW_GREEN,hold,,,
1309.0,2,50,249.0,4.98,4,0.0,4,0.0,3,17.0,9,24.0,0,0,2,0,0.0,41.0,208.0,0,EW_GREEN,hold,,,
1310.0,2,50,270.0,5.4,4,0.0,4,0.0,3,20.0,9,26.0,0,0,3,0,0.0,46.0,224.0,0,EW_GREEN,hold,,,
1311.0,2,49,263.0,5.367,4,0.0,4,0.0,3,23.0,9,28.0,0,0,3,0,0.0,51.0,212.0,0,EW_GREEN,hold,,,
1312.0,2,46,257.0,5.587,4,0.0,4,0.0,3,26.0,9,30.0,0,0,3,0,0.0,56.0,201.0,0,EW_GREEN,hold,,,
1313.0,2,46,251.0,5.457,3,0.0,4,0.0,4,29.0,9,32.0,0,0,1,0,0.0,61.0,190.0,0,EW_GREEN,hold,,,
1314.0,2,47,247.0,5.255,3,0.0,4,0.0,4,32.0,10,35.0,0,0,1,2,1.0,67.0,179.0,0,EW_GREEN,hold,,,
1315.0,2,46,243.0,5.283,3,0.0,4,0.0,4,35.0,10,39.0,0,0,1,2,2.0,74.0,167.0,0,EW_GREEN,hold,,,
1316.0,2,45,266.0,5.911,3,0.0,3,0.0,4,38.0,10,44.0,0,0,1,2,3.0,82.0,181.0,0,EW_GREEN,hold,,,
1317.0,2,46,263.0,5.717,3,0.0,3,0.0,4,41.0,11,49.0,0,0,1,2,4.0,90.0,169.0,0,EW_YELLOW,fixed_cycle,,,
1318.0,3,47,262.0,5.574,3,1.0,3,0.0,4,44.0,11,55.0,0,0,1,2,5.0,100.0,157.0,0,EW_YELLOW,hold,,,
1319.0,3,47,264.0,5.617,3,2.0,3,1.0,4,47.0,11,61.0,0,0,1,2,6.0,111.0,147.0,0,EW_YELLOW,hold,,,
1320.0,3,47,290.0,6.17,3,3.0,3,2.0,4,50.0,11,67.0,0,0,1,2,7.0,122.0,161.0,0,NS_GREEN,fixed_cycle,,,
1321.0,0,46,192.0,4.174,5,5.0,5,3.0,2,14.0,9,17.0,0,0,0,1,0.0,39.0,153.0,0,NS_GREEN,hold,,,
1322.0,0,45,157.0,3.489,5,7.0,5,5.0,2,0.0,8,0.0,0,0,0,0,0.0,12.0,145.0,0,NS_GREEN,hold,,,
1323.0,0,44,157.0,3.568,5,10.0,5,8.0,2,0.0,8,0.0,0,0,0,0,0.0,18.0,139.0,0,NS_GREEN,hold,,,
1324.0,0,42,156.0,3.714,5,13.0,5,11.0,1,0.0,7,0.0,0,0,0,0,0.0,24.0,132.0,0,NS_GREEN,hold,,,
1325.0,0,46,156.0,3.391,5,16.0,5,14.0,2,0.0,7,0.0,0,0,0,0,0.0,30.0,126.0,0,NS_GREEN,hold,,,
1326.0,0,47,156.0,3.319,5,19.0,5,17.0,2,0.0,7,0.0,0,0,0,0,0.0,36.0,120.0,0,NS_GREEN,hold,,,
1327.0,0,49,155.0,3.163,5,22.0,5,20.0,2,0.0,6,0.0,0,0,0,0,0.0,42.0,113.0,0,NS_GREEN,hold,,,
1328.0,0,49,153.0,3.122,5,25.0,5,23.0,2,0.0,6,0.0,0,0,0,0,0.0,48.0,105.0,0,NS_GREEN,hold,,,
1329.0,0,51,171.0,3.353,5,28.0,5,26.0,2,0.0,7,0.0,0,0,0,0,0.0,54.0,117.0,0,NS_GREEN,hold,,,
1330.0,0,52,171.0,3.288,5,31.0,5,29.0,2,0.0,7,0.0,0,0,0,0,0.0,60.0,111.0,0,NS_GREEN,hold,,,
1331.0,0,52,171.0,3.288,5,34.0,5,32.0,2,0.0,7,0.0,0,0,0,0,0.0,66.0,105.0,0,NS_GREEN,hold,,,
1332.0,0,52,171.0,3.288,5,37.0,5,35.0,2,0.0,7,0.0,0,0,0,0,0.0,72.0,99.0,0,NS_GREEN,hold,,,
1333.0,0,52,173.0,3.327,5,40.0,5,38.0,2,0.0,6,0.0,0,0,0,0,0.0,78.0,95.0,0,NS_GREEN,hold,,,
1334.0,0,53,176.0,3.321,5,43.0,5,41.0,2,0.0,6,0.0,0,0,0,0,0.0,84.0,92.0,0,NS_GREEN,hold,,,
1335.0,0,52,176.0,3.385,5,46.0,5,44.0,2,0.0,6,0.0,0,0,0,0,0.0,90.0,86.0,0,NS_GREEN,hold,,,
1336.0,0,53,176.0,3.321,5,49.0,5,47.0,2,0.0,6,0.0,0,0,0,0,0.0,96.0,80.0,0,NS_GREEN,hold,,,
1337.0,0,53,190.0,3.585,5,52.0,5,50.0,2,0.0,6,0.0,0,0,0,0,0.0,102.0,88.0,0,NS_GREEN,hold,,,
1338.0,0,54,190.0,3.519,5,56.0,5,54.0,2,0.0,7,0.0,1,1,0,0,0.0,110.0,80.0,0,NS_GREEN,hold,,,
1339.0,0,54,189.0,3.5,5,60.0,5,58.0,2,0.0,7,0.0,1,1,0,0,0.0,118.0,71.0,0,NS_GREEN,hold,,,
1340.0,0,55,188.0,3.418,5,64.0,5,62.0,2,0.0,8,0.0,1,1,0,0,0.0,126.0,62.0,0,NS_GREEN,hold,,,
1341.0,0,55,186.0,3.382,5,68.0,5,66.0,2,0.0,8,0.0,1,1,0,0,0.0,134.0,52.0,0,NS_GREEN,hold,,,
1342.0,0,54,185.0,3.426,5,72.0,5,70.0,1,0.0,8,0.0,1,1,0,0,0.0,142.0,43.0,0,NS_GREEN,hold,,,
1343.0,0,53,183.0,3.453,5,76.0,5,74.0,1,0.0,8,0.0,1,1,0,0,0.0,150.0,33.0,0,NS_GREEN,hold,,,
1344.0,0,54,182.0,3.37,5,80.0,5,78.0,1,0.0,8,0.0,1,1,0,0,0.0,158.0,24.0,0,NS_GREEN,hold,,,
1345.0,0,57,178.0,3.123,7,84.0,7,82.0,1,0.0,8,0.0,0,0,0,0,0.0,166.0,12.0,0,NS_GREEN,hold,,,
1346.0,0,57,187.0,3.281,7,88.0,7,86.0,1,0.0,8,0.0,0,0,0,0,0.0,174.0,13.0,0,NS_GREEN,hold,,,
1347.0,0,58,182.0,3.138,7,92.0,7,90.0,1,0.0,9,0.0,0,0,0,0,0.0,182.0,0.0,0,NS_GREEN,hold,,,
1348.0,0,56,190.0,3.393,7,96.0,7,94.0,1,0.0,9,0.0,0,0,0,0,0.0,190.0,0.0,0,NS_GREEN,hold,,,
1349.0,0,59,198.0,3.356,7,100.0,7,98.0,2,0.0,10,0.0,0,0,0,0,0.0,198.0,0.0,0,NS_GREEN,hold,,,
1350.0,0,58,206.0,3.552,7,104.0,7,102.0,2,0.0,10,0.0,0,0,0,0,0.0,206.0,0.0,0,NS_YELLOW,fixed_cycle,,,
1351.0,1,60,214.0,3.567,7,108.0,7,106.0,3,0.0,10,0.0,0,0,0,0,0.0,214.0,0.0,0,NS_YELLOW,hold,,,
1352.0,1,61,222.0,3.639,7,112.0,7,110.0,3,0.0,10,0.0,0,0,0,0,0.0,222.0,0.0,0,NS_YELLOW,hold,,,
1353.0,1,62,230.0,3.71,7,116.0,7,114.0,3,0.0,10,0.0,0,0,0,0,0.0,230.0,0.0,0,EW_GREEN,fixed_cycle,,,
1354.0,2,57,132.0,2.316,6,66.0,6,65.0,3,0.0,10,0.0,0,0,0,0,0.0,131.0,1.0,0,EW_GREEN,hold,,,
1355.0,2,56,68.0,1.214,5,33.0,5,33.0,3,0.0,11,0.0,0,0,0,0,0.0,66.0,2.0,0,EW_GREEN,hold,,,
1356.0,2,56,3.0,0.054,5,0.0,5,0.0,3,0.0,11,0.0,0,0,0,0,0.0,0.0,3.0,0,EW_GREEN,hold,,,
1357.0,2,56,6.0,0.107,5,0.0,5,0.0,3,0.0,11,1.0,0,0,0,0,0.0,1.0,5.0,0,EW_GREEN,hold,,,
1358.0,2,56,8.0,0.143,5,0.0,5,0.0,3,0.0,11,2.0,0,0,0,0,0.0,2.0,6.0,0,EW_GREEN,hold,,,
1359.0,2,51,13.0,0.255,3,0.0,4,0.0,3,1.0,12,4.0,0,0,1,0,0.0,5.0,8.0,0,EW_GREEN,hold,,,
1360.0,2,50,19.0,0.38,3,0.0,3,0.0,3,2.0,12,6.0,0,0,1,0,0.0,8.0,11.0,0,EW_GREEN,hold,,,
1361.0,2,50,26.0,0.52,3,0.0,3,0.0,3,3.0,12,8.0,0,0,1,0,0.0,11.0,15.0,0,EW_GREEN,hold,,,
1362.0,2,50,34.0,0.68,3,0.0,3,0.0,3,4.0,12,10.0,0,0,1,0,0.0,14.0,20.0,0,EW_GREEN,hold,,,
1363.0,2,51,43.0,0.843,2,0.0,3,0.0,3,5.0,12,12.0,0,0,0,0,0.0,17.0,26.0,0,EW_GREEN,hold,,,
1364.0,2,49,52.0,1.061,2,0.0,2,0.0,3,6.0,12,14.0,0,0,0,0,0.0,20.0,32.0,0,EW_GREEN,hold,,,
1365.0,2,49,63.0,1.286,2,0.0,2,0.0,3,7.0,13,17.0,0,0,0,0,0.0,24.0,39.0,0,EW_GREEN,hold,,,
1366.0,2,49,74.0,1.51,2,0.0,2,0.0,3,8.0,13,20.0,0,0,0,0,0.0,28.0,46.0,0,EW_GREEN,hold,,,
1367.0,2,49,87.0,1.776,2,0.0,2,0.0,3,9.0,13,24.0,0,0,0,0,0.0,33.0,54.0,0,EW_GREEN,hold,,,
1368.0,2,50,101.0,2.02,2,0.0,2,0.0,3,10.0,14,28.0,0,0,0,0,0.0,38.0,63.0,0,EW_GREEN,hold,,,
1369.0,2,55,116.0,2.109,3,0.0,3,0.0,3,11.0,14,33.0,0,0,0,0,0.0,44.0,72.0,0,EW_GREEN,hold,,,
1370.0,2,56,131.0,2.339,3,0.0,3,0.0,3,12.0,14,38.0,0,0,0,0,0.0,50.0,81.0,0,EW_GREEN,hold,,,
1371.0,2,55,148.0,2.691,3,0.0,3,0.0,3,13.0,14,44.0,0,0,0,0,0.0,57.0,91.0,0,EW_GREEN,hold,,,
1372.0,2,55,166.0,3.018,3,0.0,3,0.0,3,14.0,14,50.0,0,0,0,0,0.0,64.0,102.0,0,EW_GREEN,hold,,,
1373.0,2,55,185.0,3.364,3,0.0,3,0.0,3,15.0,14,56.0,0,0,0,0,0.0,71.0,114.0,0,EW_GREEN,hold,,,
1374.0,2,54,204.0,3.778,3,0.0,3,0.0,3,16.0,14,62.0,0,0,0,0,0.0,78.0,126.0,0,EW_GREEN,hold,,,
1375.0,2,55,223.0,4.055,3,0.0,3,0.0,3,17.0,15,68.0,0,0,0,0,0.0,85.0,138.0,0,EW_GREEN,hold,,,
1376.0,2,56,246.0,4.393,3,0.0,3,0.0,3,18.0,15,75.0,0,0,0,0,0.0,93.0,153.0,0,EW_GREEN,hold,,,
1377.0,2,56,269.0,4.804,3,0.0,3,0.0,3,19.0,15,82.0,0,0,0,0,0.0,101.0,168.0,0,EW_GREEN,hold,,,
1378.0,2,56,293.0,5.232,3,0.0,3,0.0,3,20.0,15,89.0,0,0,0,0,0.0,109.0,184.0,0,EW_GREEN,hold,,,
1379.0,2,56,316.0,5.643,3,0.0,3,0.0,3,21.0,15,96.0,0,0,0,0,0.0,117.0,199.0,0,EW_GREEN,hold,,,
1380.0,2,58,343.0,5.914,3,0.0,3,0.0,3,22.0,15,104.0,0,0,0,0,0.0,126.0,217.0,0,EW_GREEN,hold,,,
1381.0,2,58,371.0,6.397,3,0.0,3,0.0,3,24.0,15,112.0,0,0,2,0,0.0,136.0,235.0,0,EW_GREEN,hold,,,
1382.0,2,58,400.0,6.897,3,0.0,3,0.0,3,26.0,15,121.0,0,0,2,0,0.0,147.0,253.0,0,EW_GREEN,hold,,,
1383.0,2,57,430.0,7.544,2,0.0,3,0.0,3,29.0,15,130.0,0,0,3,0,0.0,159.0,271.0,0,EW_YELLOW,fixed_cycle,,,
1384.0,3,55,462.0,8.4,2,0.0,3,0.0,3,32.0,15,139.0,0,0,3,0,0.0,171.0,291.0,0,EW_YELLOW,hold,,,
1385.0,3,57,495.0,8.684,2,0.0,3,0.0,4,35.0,16,150.0,0,0,1,4,0.0,185.0,310.0,0,EW_YELLOW,hold,,,
1386.0,3,57,528.0,9.263,2,0.0,3,0.0,4,38.0,16,161.0,0,0,1,4,0.0,199.0,329.0,0,NS_GREEN,fixed_cycle,,,
1387.0,0,49,413.0,8.429,2,0.0,3,1.0,2,7.0,13,89.0,0,1,0,3,0.0,97.0,316.0,0,NS_GREEN,hold,,,
1388.0,0,50,345.0,6.9,2,0.0,3,2.0,2,0.0,14,37.0,0,1,0,0,0.0,39.0,306.0,0,NS_GREEN,hold,,,
1389.0,0,50,311.0,6.22,2,0.0,3,3.0,2,0.0,14,11.0,0,1,0,0,0.0,14.0,297.0,0,NS_GREEN,hold,,,
1390.0,0,47,293.0,6.234,2,0.0,3,4.0,1,0.0,11,0.0,0,0,0,0,1.0,4.0,288.0,0,NS_GREEN,hold,,,
1391.0,0,52,285.0,5.481,2,0.0,3,5.0,2,0.0,11,0.0,0,0,0,0,2.0,5.0,278.0,0,NS_GREEN,hold,,,
1392.0,0,53,276.0,5.208,2,0.0,3,6.0,2,0.0,12,0.0,0,0,0,0,3.0,6.0,267.0,0,NS_GREEN,hold,,,
1393.0,0,58,267.0,4.603,4,0.0,5,7.0,2,0.0,9,0.0,0,0,0,0,4.0,7.0,256.0,0,NS_GREEN,hold,,,
1394.0,0,58,259.0,4.466,4,0.0,5,8.0,2,0.0,9,0.0,0,0,0,0,6.0,8.0,245.0,0,NS_GREEN,hold,,,
1395.0,0,57,250.0,4.386,4,0.0,5,9.0,2,0.0,6,0.0,0,0,0,0,8.0,9.0,233.0,0,NS_GREEN,hold,,,
1396.0,0,57,244.0,4.281,4,0.0,5,10.0,2,0.0,6,0.0,0,0,0,0,11.0,10.0,223.0,0,NS_GREEN,hold,,,
1397.0,0,58,237.0,4.086,4,0.0,5,11.0,2,0.0,6,0.0,0,0,0,0,14.0,11.0,212.0,0,NS_GREEN,hold,,,
1398.0,0,58,255.0,4.397,4,0.0,5,12.0,2,0.0,6,0.0,0,0,0,0,17.0,12.0,226.0,0,NS_GREEN,hold,,,
1399.0,0,58,246.0,4.241,4,0.0,5,13.0,2,0.0,6,0.0,0,0,0,0,20.0,13.0,213.0,0,NS_GREEN,hold,,,
1400.0,0,59,238.0,4.034,4,0.0,5,14.0,2,0.0,6,0.0,0,0,0,0,23.0,14.0,201.0,0,NS_GREEN,hold,,,
1401.0,0,61,229.0,3.754,4,0.0,5,15.0,2,0.0,7,0.0,0,0,0,0,26.0,15.0,188.0,0,NS_GREEN,hold,,,
1402.0,0,61,218.0,3.574,4,0.0,5,16.0,2,0.0,7,0.0,0,0,0,0,29.0,16.0,173.0,0,NS_GREEN,hold,,,
1403.0,0,61,233.0,3.82,4,0.0,5,17.0,2,0.0,7,0.0,0,0,0,0,32.0,17.0,184.0,0,NS_GREEN,hold,,,
1404.0,0,61,223.0,3.656,4,0.0,5,18.0,2,0.0,7,0.0,0,0,0,0,35.0,18.0,170.0,0,NS_GREEN,hold,,,
1405.0,0,61,210.0,3.443,4,0.0,5,19.0,2,0.0,6,0.0,0,0,0,0,38.0,19.0,153.0,0,NS_GREEN,hold,,,
1406.0,0,62,197.0,3.177,4,0.0,5,20.0,2,0.0,7,0.0,0,0,0,0,41.0,20.0,136.0,0,NS_GREEN,hold,,,
1407.0,0,62,184.0,2.968,4,0.0,5,21.0,2,0.0,7,0.0,0,0,0,0,44.0,21.0,119.0,0,NS_GREEN,hold,,,
1408.0,0,62,172.0,2.774,4,0.0,5,22.0,2,0.0,7,0.0,0,0,0,0,47.0,22.0,103.0,0,NS_GREEN,hold,,,
1409.0,0,62,159.0,2.565,4,0.0,5,23.0,2,0.0,7,0.0,0,0,0,0,50.0,23.0,86.0,0,NS_GREEN,hold,,,
1410.0,0,62,145.0,2.339,4,0.0,5,24.0,2,0.0,8,0.0,0,0,0,0,53.0,24.0,68.0,0,NS_GREEN,hold,,,
1411.0,0,63,154.0,2.444,4,0.0,5,26.0,2,0.0,8,0.0,0,1,0,0,56.0,26.0,72.0,0,NS_GREEN,hold,,,
1412.0,0,64,139.0,2.172,4,0.0,5,28.0,2,0.0,9,0.0,0,1,0,0,59.0,28.0,52.0,0,NS_GREEN,hold,,,
1413.0,0,64,124.0,1.938,4,1.0,5,30.0,2,0.0,9,0.0,1,1,0,0,62.0,31.0,31.0,0,NS_GREEN,hold,,,
1414.0,0,65,132.0,2.031,4,2.0,5,32.0,2,0.0,9,0.0,0,1,0,0,65.0,34.0,33.0,0,NS_GREEN,hold,,,
1415.0,0,63,140.0,2.222,4,3.0,5,34.0,1,0.0,8,0.0,0,1,0,0,68.0,37.0,35.0,0,NS_GREEN,hold,,,
1416.0,0,63,149.0,2.365,4,4.0,5,36.0,1,0.0,8,0.0,0,1,0,0,71.0,40.0,38.0,0,NS_YELLOW,fixed_cycle,,,
1417.0,1,66,158.0,2.394,5,5.0,6,38.0,1,0.0,9,0.0,0,0,0,0,74.0,43.0,41.0,0,NS_YELLOW,hold,,,
1418.0,1,67,168.0,2.507,5,6.0,6,40.0,1,0.0,9,0.0,0,0,0,0,77.0,46.0,45.0,0,NS_YELLOW,hold,,,
1419.0,1,67,179.0,2.672,5,7.0,6,42.0,1,0.0,9,0.0,0,0,0,0,80.0,49.0,50.0,0,EW_GREEN,fixed_cycle,,,
1420.0,2,58,35.0,0.603,4,0.0,4,0.0,1,0.0,10,0.0,0,0,0,0,25.0,0.0,10.0,0,EW_GREEN,hold,,,
1421.0,2,60,14.0,0.233,4,0.0,4,0.0,2,0.0,10,0.0,0,0,0,0,0.0,0.0,14.0,0,EW_GREEN,hold,,,
1422.0,2,59,21.0,0.356,4,0.0,4,0.0,2,0.0,10,1.0,0,0,0,0,1.0,1.0,19.0,0,EW_GREEN,hold,,,
1423.0,2,57,31.0,0.544,4,0.0,4,0.0,2,1.0,10,3.0,0,0,1,0,2.0,4.0,25.0,0,EW_GREEN,hold,,,
1424.0,2,55,41.0,0.745,4,0.0,4,0.0,2,2.0,10,5.0,0,0,1,0,3.0,7.0,31.0,0,EW_GREEN,hold,,,
1425.0,2,54,51.0,0.944,4,0.0,4,0.0,2,3.0,10,7.0,0,0,0,0,4.0,10.0,37.0,0,EW_GREEN,hold,,,
1426.0,2,51,62.0,1.216,4,0.0,4,0.0,2,4.0,10,9.0,0,0,0,0,5.0,13.0,44.0,0,EW_GREEN,hold,,,
1427.0,2,51,74.0,1.451,4,0.0,4,0.0,2,5.0,11,11.0,0,0,0,0,6.0,16.0,52.0,0,EW_GREEN,hold,,,
1428.0,2,51,87.0,1.706,4,0.0,4,0.0,2,6.0,11,13.0,0,0,0,0,7.0,19.0,61.0,0,EW_GREEN,hold,,,
1429.0,2,51,101.0,1.98,4,0.0,4,0.0,2,7.0,11,15.0,0,0,0,0,8.0,22.0,71.0,0,EW_GREEN,hold,,,
1430.0,2,50,115.0,2.3,4,0.0,4,0.0,2,8.0,11,18.0,0,0,0,0,9.0,26.0,80.0,0,EW_GREEN,hold,,,
1431.0,2,48,131.0,2.729,3,0.0,3,0.0,2,9.0,11,21.0,0,0,0,0,10.0,30.0,91.0,0,EW_GREEN,hold,,,
1432.0,2,48,148.0,3.083,3,0.0,3,0.0,2,10.0,11,25.0,0,0,0,1,11.0,35.0,102.0,0,EW_GREEN,hold,,,
1433.0,2,48,166.0,3.458,3,0.0,3,0.0,2,11.0,11,29.0,0,0,0,1,12.0,40.0,114.0,0,EW_GREEN,hold,,,
1434.0,2,48,184.0,3.833,3,0.0,3,0.0,2,12.0,11,33.0,0,0,0,1,13.0,45.0,126.0,0,EW_GREEN,hold,,,
1435.0,2,47,204.0,4.34,3,0.0,3,0.0,2,13.0,11,37.0,0,0,0,1,14.0,50.0,140.0,0,EW_GREEN,hold,,,
1436.0,2,46,224.0,4.87,3,0.0,3,0.0,2,14.0,11,41.0,0,0,0,1,15.0,55.0,154.0,0,EW_GREEN,hold,,,
1437.0,2,44,246.0,5.591,2,0.0,2,0.0,2,15.0,12,46.0,0,0,0,1,16.0,61.0,169.0,0,EW_GREEN,hold,,,
1438.0,2,44,269.0,6.114,2,0.0,2,0.0,2,16.0,12,52.0,0,0,0,1,17.0,68.0,184.0,0,EW_GREEN,hold,,,
1439.0,2,44,293.0,6.659,2,0.0,2,0.0,2,17.0,12,58.0,0,0,0,0,18.0,75.0,200.0,0,EW_GREEN,hold,,,
1440.0,2,45,319.0,7.089,2,0.0,2,0.0,2,18.0,12,64.0,0,0,0,0,19.0,82.0,218.0,0,EW_GREEN,hold,,,
1441.0,2,50,343.0,6.86,3,0.0,3,0.0,2,19.0,12,70.0,0,0,0,0,20.0,89.0,234.0,0,EW_GREEN,hold,,,
1442.0,2,53,370.0,6.981,4,0.0,4,0.0,2,20.0,12,77.0,0,0,0,0,21.0,97.0,252.0,0,EW_GREEN,hold,,,
1443.0,2,54,398.0,7.37,4,0.0,4,0.0,2,21.0,12,84.0,0,0,0,2,22.0,105.0,271.0,0,EW_GREEN,hold,,,
1444.0,2,55,427.0,7.764,4,0.0,3,0.0,2,22.0,12,92.0,0,0,0,2,23.0,114.0,290.0,0,EW_GREEN,hold,,,
1445.0,2,54,457.0,8.463,3,0.0,3,0.0,2,23.0,12,100.0,0,0,0,2,24.0,123.0,310.0,0,EW_GREEN,hold,,,
1446.0,2,55,486.0,8.836,3,0.0,3,0.0,2,24.0,12,108.0,0,0,1,2,25.0,132.0,329.0,0,EW_GREEN,hold,,,
1447.0,2,56,516.0,9.214,3,0.0,3,0.0,2,25.0,12,116.0,0,0,1,3,26.0,141.0,349.0,0,EW_GREEN,hold,,,
1448.0,2,55,547.0,9.945,3,0.0,3,0.0,2,26.0,12,124.0,0,0,1,3,27.0,150.0,370.0,0,EW_GREEN,hold,,,
1449.0,2,57,578.0,10.14,3,0.0,3,0.0,2,27.0,13,132.0,0,0,1,3,28.0,159.0,391.0,0,EW_YELLOW,fixed_cycle,,,
1450.0,3,58,612.0,10.552,3,0.0,3,0.0,2,28.0,13,141.0,0,0,1,3,29.0,169.0,414.0,0,EW_YELLOW,hold,,,
1451.0,3,58,648.0,11.172,3,0.0,3,0.0,2,29.0,13,151.0,0,0,1,6,30.0,180.0,438.0,0,EW_YELLOW,hold,,,
1452.0,3,58,685.0,11.81,3,0.0,3,0.0,2,30.0,13,161.0,0,0,1,6,31.0,191.0,463.0,0,NS_GREEN,fixed_cycle,,,
1453.0,0,52,536.0,10.308,3,0.0,3,0.0,0,0.0,10,86.0,0,0,0,4,0.0,86.0,450.0,0,NS_GREEN,hold,,,
1454.0,0,52,476.0,9.154,3,0.0,3,0.0,0,0.0,10,39.0,0,0,0,0,0.0,39.0,437.0,0,NS_GREEN,hold,,,
1455.0,0,52,429.0,8.25,3,0.0,3,0.0,0,0.0,10,6.0,0,0,0,0,0.0,6.0,423.0,0,NS_GREEN,hold,,,
1456.0,0,50,409.0,8.18,3,0.0,3,0.0,0,0.0,8,0.0,0,0,0,0,0.0,0.0,409.0,0,NS_GREEN,hold,,,
1457.0,0,52,394.0,7.577,3,0.0,3,0.0,0,0.0,7,0.0,0,0,0,0,0.0,0.0,394.0,0,NS_GREEN,hold,,,
1458.0,0,52,379.0,7.288,3,0.0,3,1.0,1,0.0,7,0.0,0,1,0,0,0.0,1.0,378.0,0,NS_GREEN,hold,,,
1459.0,0,53,368.0,6.943,3,1.0,3,3.0,1,0.0,5,0.0,1,1,0,0,0.0,4.0,364.0,0,NS_GREEN,hold,,,
1460.0,0,52,357.0,6.865,3,3.0,3,5.0,2,0.0,4,0.0,1,1,0,0,0.0,8.0,349.0,0,NS_GREEN,hold,,,
1461.0,0,55,346.0,6.291,3,5.0,3,7.0,2,0.0,4,0.0,1,1,0,0,0.0,12.0,334.0,0,NS_GREEN,hold,,,
1462.0,0,58,335.0,5.776,3,7.0,3,9.0,3,0.0,4,0.0,1,1,0,0,0.0,16.0,319.0,0,NS_GREEN,hold,,,
1463.0,0,58,357.0,6.155,3,9.0,3,11.0,3,0.0,4,0.0,1,1,0,0,0.0,20.0,337.0,0,NS_GREEN,hold,,,
1464.0,0,59,346.0,5.864,3,11.0,3,13.0,3,0.0,5,0.0,1,1,0,0,0.0,24.0,322.0,0,NS_GREEN,hold,,,
1465.0,0,61,335.0,5.492,4,13.0,4,15.0,3,0.0,5,0.0,0,0,0,0,0.0,28.0,307.0,0,NS_GREEN,hold,,,
1466.0,0,60,325.0,5.417,4,15.0,4,17.0,3,0.0,4,0.0,0,0,0,0,0.0,32.0,293.0,0,NS_GREEN,hold,,,
1467.0,0,59,314.0,5.322,4,17.0,4,19.0,3,0.0,4,0.0,0,0,0,0,0.0,36.0,278.0,0,NS_GREEN,hold,,,
1468.0,0,61,303.0,4.967,4,19.0,4,21.0,3,0.0,5,0.0,0,0,0,0,0.0,40.0,263.0,0,NS_GREEN,hold,,,
1469.0,0,61,292.0,4.787,4,21.0,4,23.0,3,0.0,5,0.0,0,0,0,0,0.0,44.0,248.0,0,NS_GREEN,hold,,,
1470.0,0,61,281.0,4.607,4,23.0,4,25.0,3,0.0,5,0.0,0,0,0,0,0.0,48.0,233.0,0,NS_GREEN,hold,,,
1471.0,0,61,300.0,4.918,4,25.0,4,27.0,3,0.0,5,0.0,0,0,0,0,0.0,52.0,248.0,0,NS_GREEN,hold,,,
1472.0,0,61,289.0,4.738,4,27.0,4,29.0,3,0.0,5,0.0,0,0,0,0,0.0,56.0,233.0,0,NS_GREEN,hold,,,
1473.0,0,61,278.0,4.557,4,29.0,4,31.0,3,0.0,5,0.0,0,0,0,0,0.0,60.0,218.0,0,NS_GREEN,hold,,,
1474.0,0,62,270.0,4.355,4,31.0,4,33.0,3,0.0,6,0.0,0,0,0,0,0.0,64.0,206.0,0,NS_GREEN,hold,,,
1475.0,0,61,290.0,4.754,4,33.0,4,35.0,3,0.0,6,0.0,0,0,0,0,0.0,68.0,222.0,0,NS_GREEN,hold,,,
1476.0,0,61,280.0,4.59,4,35.0,4,37.0,3,0.0,6,0.0,0,0,0,0,0.0,72.0,208.0,0,NS_GREEN,hold,,,
1477.0,0,64,272.0,4.25,4,37.0,4,39.0,3,0.0,7,0.0,0,0,0,0,0.0,76.0,196.0,0,NS_GREEN,hold,,,
1478.0,0,63,265.0,4.206,4,39.0,4,41.0,3,0.0,7,0.0,0,0,0,0,1.0,80.0,184.0,0,NS_GREEN,hold,,,
1479.0,0,63,258.0,4.095,4,41.0,4,43.0,3,0.0,7,0.0,0,0,0,0,2.0,84.0,172.0,0,NS_GREEN,hold,,,
1480.0,0,63,227.0,3.603,4,43.0,4,45.0,3,0.0,8,0.0,0,0,0,0,3.0,88.0,136.0,0,NS_GREEN,hold,,,
1481.0,0,63,228.0,3.619,4,46.0,4,48.0,3,0.0,8,0.0,2,2,0,0,4.0,94.0,130.0,0,NS_GREEN,hold,,,
1482.0,0,62,230.0,3.71,4,49.0,4,51.0,3,0.0,7,0.0,2,2,0,0,5.0,100.0,125.0,0,NS_YELLOW,fixed_cycle,,,
1483.0,1,64,233.0,3.641,4,52.0,4,54.0,3,0.0,8,0.0,2,2,0,0,7.0,106.0,120.0,0,NS_YELLOW,hold,,,
1484.0,1,65,237.0,3.646,4,55.0,4,57.0,3,0.0,8,0.0,2,2,0,0,9.0,112.0,116.0,0,NS_YELLOW,hold,,,
1485.0,1,65,242.0,3.723,4,58.0,4,60.0,3,0.0,8,0.0,2,2,0,0,11.0,118.0,113.0,0,EW_GREEN,fixed_cycle,,,
1486.0,2,55,107.0,1.945,2,6.0,2,6.0,3,0.0,8,0.0,1,1,0,0,0.0,12.0,95.0,0,EW_GREEN,hold,,,
1487.0,2,54,91.0,1.685,2,0.0,2,0.0,3,0.0,8,0.0,0,0,0,0,0.0,0.0,91.0,0,EW_GREEN,hold,,,
1488.0,2,54,89.0,1.648,2,0.0,2,0.0,3,0.0,8,0.0,0,0,0,0,0.0,0.0,89.0,0,EW_GREEN,hold,,,
1489.0,2,55,88.0,1.6,3,0.0,3,0.0,3,0.0,9,0.0,0,0,0,0,0.0,0.0,88.0,0,EW_GREEN,hold,,,
1490.0,2,54,103.0,1.907,3,0.0,3,0.0,3,0.0,9,0.0,0,0,0,0,0.0,0.0,103.0,0,EW_GREEN,hold,,,
1491.0,2,53,105.0,1.981,3,0.0,3,0.0,3,1.0,9,0.0,0,0,0,0,0.0,1.0,104.0,0,EW_GREEN,hold,,,
1492.0,2,52,108.0,2.077,3,0.0,3,0.0,3,2.0,10,0.0,0,0,1,0,0.0,2.0,106.0,0,EW_GREEN,hold,,,
1493.0,2,53,111.0,2.094,3,0.0,3,0.0,3,4.0,10,1.0,0,0,2,0,0.0,5.0,106.0,0,EW_GREEN,hold,,,
1494.0,2,53,119.0,2.245,3,0.0,3,0.0,4,6.0,10,3.0,0,0,1,0,0.0,9.0,110.0,0,EW_GREEN,hold,,,
1495.0,2,53,128.0,2.415,3,0.0,3,0.0,4,8.0,10,5.0,0,0,1,0,1.0,13.0,114.0,0,EW_GREEN,hold,,,
1496.0,2,51,136.0,2.667,3,0.0,3,0.0,4,10.0,10,7.0,0,0,1,0,2.0,17.0,117.0,0,EW_GREEN,hold,,,
1497.0,2,50,144.0,2.88,3,0.0,3,0.0,4,12.0,10,9.0,0,0,1,0,3.0,21.0,120.0,0,EW_GREEN,hold,,,
1498.0,2,50,151.0,3.02,3,0.0,3,0.0,4,14.0,10,11.0,0,0,1,0,4.0,25.0,122.0,0,EW_GREEN,hold,,,
1499.0,2,49,173.0,3.531,3,0.0,3,0.0,4,17.0,10,13.0,0,0,2,0,5.0,30.0,138.0,0,EW_GREEN,hold,,,
1500.0,2,50,184.0,3.68,3,0.0,3,0.0,4,20.0,11,15.0,0,0,2,0,6.0,35.0,143.0,0,EW_GREEN,hold,,,
1501.0,2,50,194.0,3.88,3,0.0,3,0.0,4,23.0,11,17.0,0,0,2,0,7.0,40.0,147.0,0,EW_GREEN,hold,,,
1502.0,2,50,203.0,4.06,3,0.0,3,0.0,4,26.0,11,19.0,0,0,2,0,8.0,45.0,150.0,0,EW_GREEN,hold,,,
1503.0,2,50,213.0,4.26,2,0.0,3,0.0,4,29.0,11,22.0,0,0,2,1,9.0,51.0,153.0,0,EW_GREEN,hold,,,
1504.0,2,49,223.0,4.551,2,0.0,2,0.0,4,32.0,11,25.0,0,0,2,1,10.0,57.0,156.0,0,EW_GREEN,hold,,,
1505.0,2,49,246.0,5.02,2,0.0,2,0.0,4,35.0,11,28.0,0,0,2,1,11.0,63.0,172.0,0,EW_GREEN,hold,,,
1506.0,2,49,256.0,5.224,2,0.0,2,0.0,4,38.0,11,32.0,0,0,2,1,12.0,70.0,174.0,0,EW_GREEN,hold,,,
1507.0,2,49,266.0,5.429,2,0.0,2,0.0,4,41.0,11,36.0,0,0,2,1,13.0,77.0,176.0,0,EW_GREEN,hold,,,
1508.0,2,48,289.0,6.021,2,0.0,2,0.0,4,44.0,11,40.0,0,0,2,1,14.0,84.0,191.0,0,EW_GREEN,hold,,,
1509.0,2,49,314.0,6.408,2,0.0,2,0.0,4,47.0,12,45.0,0,0,2,1,15.0,92.0,207.0,0,EW_GREEN,hold,,,
1510.0,2,49,339.0,6.918,2,0.0,2,0.0,4,50.0,12,50.0,0,0,2,1,16.0,100.0,223.0,0,EW_GREEN,hold,,,
1511.0,2,49,365.0,7.449,2,0.0,2,0.0,4,53.0,12,55.0,0,0,2,1,17.0,108.0,240.0,0,EW_GREEN,hold,,,
1512.0,2,49,392.0,8.0,2,0.0,2,0.0,4,56.0,12,60.0,0,0,2,1,18.0,116.0,258.0,0,EW_GREEN,hold,,,
1513.0,2,54,419.0,7.759,3,0.0,3,0.0,4,59.0,12,65.0,0,0,2,1,19.0,124.0,276.0,0,EW_GREEN,hold,,,
1514.0,2,55,449.0,8.164,3,0.0,3,0.0,4,62.0,12,71.0,0,0,2,0,20.0,133.0,296.0,0,EW_GREEN,hold,,,
1515.0,2,55,479.0,8.709,3,0.0,3,0.0,4,65.0,12,77.0,0,0,2,0,21.0,142.0,316.0,0,EW_YELLOW,fixed_cycle,,,
1516.0,3,55,510.0,9.273,3,0.0,3,0.0,4,68.0,12,83.0,0,0,2,0,22.0,151.0,337.0,0,EW_YELLOW,hold,,,
1517.0,3,55,542.0,9.855,3,0.0,3,0.0,4,71.0,12,89.0,0,0,2,0,23.0,160.0,359.0,0,EW_YELLOW,hold,,,
1518.0,3,54,574.0,10.63,3,0.0,3,0.0,4,74.0,12,95.0,0,0,2,4,24.0,169.0,381.0,0,NS_GREEN,fixed_cycle,,,
1519.0,0,47,403.0,8.574,3,0.0,3,0.0,1,0.0,10,33.0,0,0,0,3,1.0,33.0,369.0,0,NS_GREEN,hold,,,
1520.0,0,47,369.0,7.851,3,0.0,3,0.0,1,0.0,10,9.0,0,0,0,0,2.0,9.0,358.0,0,NS_GREEN,hold,,,
1521.0,0,46,352.0,7.652,3,0.0,3,0.0,1,0.0,9,3.0,0,0,0,0,3.0,3.0,346.0,0,NS_GREEN,hold,,,
1522.0,0,47,339.0,7.213,3,0.0,3,0.0,1,0.0,9,0.0,0,0,0,0,4.0,0.0,335.0,0,NS_GREEN,hold,,,
1523.0,0,50,328.0,6.56,3,0.0,3,0.0,2,0.0,9,0.0,0,0,0,0,5.0,0.0,323.0,0,NS_GREEN,hold,,,
1524.0,0,51,319.0,6.255,3,0.0,3,0.0,2,0.0,8,0.0,0,0,0,0,7.0,0.0,312.0,0,NS_GREEN,hold,,,
1525.0,0,51,309.0,6.059,3,0.0,3,0.0,2,0.0,7,0.0,0,0,0,0,9.0,0.0,300.0,0,NS_GREEN,hold,,,
1526.0,0,50,299.0,5.98,3,0.0,3,0.0,1,0.0,6,0.0,0,0,0,0,11.0,0.0,288.0,0,NS_GREEN,hold,,,
1527.0,0,50,289.0,5.78,3,0.0,3,0.0,1,0.0,4,0.0,0,0,0,0,13.0,0.0,276.0,0,NS_GREEN,hold,,,
1528.0,0,50,279.0,5.58,3,0.0,3,0.0,1,0.0,4,0.0,0,0,0,0,15.0,0.0,264.0,0,NS_GREEN,hold,,,
1529.0,0,52,298.0,5.731,3,0.0,3,0.0,1,0.0,5,0.0,0,0,0,0,17.0,0.0,281.0,0,NS_GREEN,hold,,,
1530.0,0,51,288.0,5.647,3,1.0,3,1.0,1,0.0,5,0.0,1,1,0,0,19.0,2.0,267.0,0,NS_GREEN,hold,,,
1531.0,0,53,279.0,5.264,3,2.0,3,2.0,2,0.0,5,0.0,1,0,0,0,21.0,4.0,254.0,0,NS_GREEN,hold,,,
1532.0,0,52,265.0,5.096,3,3.0,3,3.0,2,0.0,5,0.0,0,0,0,0,23.0,6.0,236.0,0,NS_GREEN,hold,,,
1533.0,0,53,250.0,4.717,3,4.0,3,4.0,3,0.0,5,0.0,0,0,0,0,25.0,8.0,217.0,0,NS_GREEN,hold,,,
1534.0,0,56,236.0,4.214,3,5.0,3,5.0,3,0.0,6,0.0,0,0,0,0,27.0,10.0,199.0,0,NS_GREEN,hold,,,
1535.0,0,55,250.0,4.545,3,6.0,3,6.0,3,0.0,6,0.0,0,0,0,0,29.0,12.0,209.0,0,NS_GREEN,hold,,,
1536.0,0,56,235.0,4.196,3,7.0,3,7.0,3,0.0,7,0.0,0,0,0,0,31.0,14.0,190.0,0,NS_GREEN,hold,,,
1537.0,0,60,220.0,3.667,5,8.0,5,8.0,3,0.0,7,0.0,0,0,0,0,33.0,16.0,171.0,0,NS_GREEN,hold,,,
1538.0,0,59,205.0,3.475,5,9.0,5,9.0,3,0.0,6,0.0,0,0,0,0,35.0,18.0,152.0,0,NS_GREEN,hold,,,
1539.0,0,59,215.0,3.644,5,10.0,5,10.0,3,0.0,6,0.0,0,0,0,0,37.0,20.0,158.0,0,NS_GREEN,hold,,,
1540.0,0,59,172.0,2.915,5,11.0,5,11.0,3,0.0,6,0.0,0,0,0,0,39.0,22.0,111.0,0,NS_GREEN,hold,,,
1541.0,0,60,156.0,2.6,5,12.0,5,12.0,3,0.0,7,0.0,0,0,0,0,41.0,24.0,91.0,0,NS_GREEN,hold,,,
1542.0,0,59,163.0,2.763,5,13.0,5,13.0,3,0.0,7,0.0,0,0,0,0,43.0,26.0,94.0,0,NS_GREEN,hold,,,
1543.0,0,59,144.0,2.441,5,14.0,5,14.0,3,0.0,7,0.0,0,0,0,0,45.0,28.0,71.0,0,NS_GREEN,hold,,,
1544.0,0,61,125.0,2.049,5,15.0,5,15.0,3,0.0,8,0.0,0,0,0,0,47.0,30.0,48.0,0,NS_GREEN,hold,,,
1545.0,0,61,105.0,1.721,5,16.0,5,16.0,3,0.0,8,0.0,0,0,0,0,49.0,32.0,24.0,0,NS_GREEN,hold,,,
1546.0,0,62,110.0,1.774,5,17.0,5,17.0,3,0.0,8,0.0,0,0,0,0,51.0,34.0,25.0,0,NS_GREEN,hold,,,
1547.0,0,62,115.0,1.855,5,18.0,5,18.0,3,0.0,8,0.0,0,0,0,0,53.0,36.0,26.0,0,NS_GREEN,hold,,,
1548.0,0,61,121.0,1.984,5,19.0,5,19.0,3,0.0,7,0.0,0,0,0,0,55.0,38.0,28.0,0,NS_YELLOW,fixed_cycle,,,
1549.0,1,62,127.0,2.048,5,20.0,5,20.0,3,0.0,7,0.0,0,0,0,0,57.0,40.0,30.0,0,NS_YELLOW,hold,,,
1550.0,1,64,134.0,2.094,5,21.0,5,21.0,3,0.0,8,0.0,0,0,0,0,59.0,42.0,33.0,0,NS_YELLOW,hold,,,
1551.0,1,63,141.0,2.238,5,22.0,5,22.0,3,0.0,8,0.0,0,0,0,0,61.0,44.0,36.0,0,EW_GREEN,fixed_cycle,,,
1552.0,2,56,10.0,0.179,3,0.0,3,0.0,3,0.0,8,0.0,0,0,0,0,1.0,0.0,9.0,0,EW_GREEN,hold,,,
1553.0,2,57,12.0,0.211,3,0.0,3,0.0,3,0.0,9,0.0,0,0,0,0,0.0,0.0,12.0,0,EW_GREEN,hold,,,
1554.0,2,56,17.0,0.304,3,0.0,3,0.0,3,0.0,9,1.0,0,0,0,1,0.0,1.0,16.0,0,EW_GREEN,hold,,,
1555.0,2,56,23.0,0.411,3,0.0,3,0.0,3,1.0,10,2.0,0,0,0,1,0.0,3.0,20.0,0,EW_GREEN,hold,,,
1556.0,2,55,30.0,0.545,3,0.0,3,0.0,3,2.0,10,3.0,0,0,0,1,0.0,5.0,25.0,0,EW_GREEN,hold,,,
1557.0,2,54,38.0,0.704,3,0.0,3,0.0,3,3.0,10,4.0,0,0,0,1,0.0,7.0,31.0,0,EW_GREEN,hold,,,
1558.0,2,51,46.0,0.902,2,0.0,2,0.0,3,4.0,10,5.0,0,0,0,1,0.0,9.0,37.0,0,EW_GREEN,hold,,,
1559.0,2,51,55.0,1.078,2,0.0,2,0.0,3,5.0,10,6.0,0,0,0,1,0.0,11.0,44.0,0,EW_GREEN,hold,,,
1560.0,2,52,65.0,1.25,2,0.0,2,0.0,3,6.0,11,7.0,0,0,0,1,0.0,13.0,52.0,0,EW_GREEN,hold,,,
1561.0,2,54,76.0,1.407,4,0.0,4,0.0,3,7.0,11,8.0,0,0,0,1,0.0,15.0,61.0,0,EW_GREEN,hold,,,
1562.0,2,51,88.0,1.725,3,0.0,3,0.0,3,8.0,11,10.0,0,0,0,1,0.0,18.0,70.0,0,EW_GREEN,hold,,,
1563.0,2,51,101.0,1.98,3,0.0,3,0.0,3,9.0,11,12.0,0,0,0,1,0.0,21.0,80.0,0,EW_GREEN,hold,,,
1564.0,2,49,115.0,2.347,3,0.0,3,0.0,3,10.0,11,14.0,0,0,0,1,0.0,24.0,91.0,0,EW_GREEN,hold,,,
1565.0,2,53,130.0,2.453,2,0.0,3,0.0,4,11.0,11,17.0,0,0,0,1,0.0,28.0,102.0,0,EW_GREEN,hold,,,
1566.0,2,51,147.0,2.882,2,0.0,2,0.0,4,12.0,11,20.0,0,0,0,1,1.0,32.0,114.0,0,EW_GREEN,hold,,,
1567.0,2,52,164.0,3.154,2,0.0,2,0.0,4,13.0,11,23.0,0,0,0,1,2.0,36.0,126.0,0,EW_GREEN,hold,,,
1568.0,2,52,184.0,3.538,2,0.0,2,0.0,4,15.0,11,27.0,0,0,0,1,3.0,42.0,139.0,0,EW_GREEN,hold,,,
1569.0,2,52,207.0,3.981,2,0.0,2,0.0,4,18.0,11,32.0,0,0,1,1,4.0,50.0,153.0,0,EW_GREEN,hold,,,
1570.0,2,50,231.0,4.62,2,0.0,2,0.0,4,21.0,11,37.0,0,0,1,1,5.0,58.0,168.0,0,EW_GREEN,hold,,,
1571.0,2,51,255.0,5.0,2,0.0,2,0.0,4,24.0,12,42.0,0,0,1,1,6.0,66.0,183.0,0,EW_GREEN,hold,,,
1572.0,2,51,280.0,5.49,2,0.0,2,0.0,4,27.0,12,47.0,0,0,1,1,7.0,74.0,199.0,0,EW_GREEN,hold,,,
1573.0,2,51,306.0,6.0,2,0.0,2,0.0,4,30.0,12,52.0,0,0,1,0,8.0,82.0,216.0,0,EW_GREEN,hold,,,
1574.0,2,51,333.0,6.529,2,0.0,2,0.0,4,33.0,12,57.0,0,0,1,0,9.0,90.0,234.0,0,EW_GREEN,hold,,,
1575.0,2,51,361.0,7.078,1,0.0,2,0.0,4,36.0,12,63.0,0,0,1,0,10.0,99.0,252.0,0,EW_GREEN,hold,,,
1576.0,2,51,391.0,7.667,1,0.0,2,0.0,4,39.0,12,69.0,0,0,1,0,11.0,108.0,272.0,0,EW_GREEN,hold,,,
1577.0,2,51,421.0,8.255,1,0.0,2,0.0,4,42.0,12,75.0,0,0,1,2,12.0,117.0,292.0,0,EW_GREEN,hold,,,
1578.0,2,51,454.0,8.902,1,0.0,2,0.0,4,45.0,12,82.0,0,0,1,2,13.0,127.0,314.0,0,EW_GREEN,hold,,,
1579.0,2,50,487.0,9.74,1,0.0,2,0.0,4,48.0,12,89.0,0,0,1,2,14.0,137.0,336.0,0,EW_GREEN,hold,,,
1580.0,2,49,521.0,10.633,1,0.0,2,0.0,4,51.0,12,96.0,0,0,1,2,15.0,147.0,359.0,0,EW_GREEN,hold,,,
1581.0,2,49,555.0,11.327,1,0.0,1,0.0,4,54.0,13,103.0,0,0,1,2,16.0,157.0,382.0,0,EW_YELLOW,fixed_cycle,,,
1582.0,3,49,589.0,12.02,1,0.0,1,0.0,4,57.0,13,110.0,0,0,1,2,17.0,167.0,405.0,0,EW_YELLOW,hold,,,
1583.0,3,49,624.0,12.735,1,0.0,1,0.0,4,60.0,13,117.0,0,0,1,2,18.0,177.0,429.0,0,EW_YELLOW,hold,,,
1584.0,3,49,660.0,13.469,1,0.0,1,0.0,4,63.0,13,125.0,0,0,1,2,19.0,188.0,453.0,0,NS_GREEN,fixed_cycle,,,
1585.0,0,49,513.0,10.469,3,0.0,3,0.0,2,18.0,10,56.0,0,0,0,1,0.0,74.0,439.0,0,NS_GREEN,hold,,,
1586.0,0,50,441.0,8.82,3,0.0,3,0.0,2,0.0,10,16.0,0,0,0,0,0.0,16.0,425.0,0,NS_GREEN,hold,,,
1587.0,0,50,415.0,8.3,3,0.0,3,0.0,2,0.0,10,4.0,0,0,0,0,0.0,4.0,411.0,0,NS_GREEN,hold,,,
1588.0,0,48,397.0,8.271,3,0.0,3,0.0,1,0.0,9,0.0,0,0,0,0,0.0,0.0,397.0,0,NS_GREEN,hold,,,
1589.0,0,51,383.0,7.51,3,0.0,3,0.0,2,0.0,9,0.0,0,0,0,0,0.0,0.0,383.0,0,NS_GREEN,hold,,,
1590.0,0,52,368.0,7.077,3,0.0,3,0.0,2,0.0,9,0.0,0,0,0,0,0.0,0.0,368.0,0,NS_GREEN,hold,,,
1591.0,0,51,354.0,6.941,3,0.0,3,0.0,2,0.0,7,1.0,0,0,0,2,0.0,1.0,353.0,0,NS_GREEN,hold,,,
1592.0,0,52,340.0,6.538,3,0.0,3,0.0,2,0.0,8,3.0,0,0,0,2,0.0,3.0,337.0,0,NS_GREEN,hold,,,
1593.0,0,52,359.0,6.904,3,0.0,3,0.0,2,0.0,6,5.0,0,0,0,1,0.0,5.0,354.0,0,NS_GREEN,hold,,,
1594.0,0,52,337.0,6.481,3,0.0,3,0.0,2,0.0,6,0.0,0,0,0,0,0.0,0.0,337.0,0,NS_GREEN,hold,,,
1595.0,0,52,321.0,6.173,3,0.0,3,0.0,1,0.0,5,0.0,0,0,0,0,0.0,0.0,321.0,0,NS_GREEN,hold,,,
1596.0,0,54,304.0,5.63,3,0.0,3,0.0,1,0.0,5,0.0,0,0,0,0,0.0,0.0,304.0,0,NS_GREEN,hold,,,
1597.0,0,54,287.0,5.315,3,0.0,3,0.0,1,0.0,5,0.0,0,0,0,0,0.0,0.0,287.0,0,NS_GREEN,hold,,,
1598.0,0,54,272.0,5.037,3,0.0,3,0.0,1,0.0,4,0.0,0,0,0,0,0.0,0.0,272.0,0,NS_GREEN,hold,,,
1599.0,0,54,258.0,4.778,3,0.0,3,0.0,1,0.0,4,0.0,0,0,0,0,1.0,0.0,257.0,0,NS_GREEN,hold,,,
1600.0,0,53,243.0,4.585,3,0.0,3,0.0,1,0.0,4,0.0,0,0,0,0,2.0,0.0,241.0,0,NS_GREEN,hold,,,
1601.0,0,53,231.0,4.358,3,0.0,3,0.0,1,0.0,4,0.0,0,0,0,0,4.0,0.0,227.0,0,NS_GREEN,hold,,,
1602.0,0,52,220.0,4.231,3,1.0,3,0.0,1,0.0,4,0.0,1,0,0,0,6.0,1.0,213.0,0,NS_GREEN,hold,,,
1603.0,0,54,210.0,3.889,3,2.0,3,1.0,2,0.0,5,0.0,1,1,0,0,8.0,3.0,199.0,0,NS_GREEN,hold,,,
1604.0,0,54,200.0,3.704,3,3.0,3,2.0,2,0.0,5,0.0,0,1,0,0,10.0,5.0,185.0,0,NS_GREEN,hold,,,
1605.0,0,55,218.0,3.964,3,4.0,3,3.0,3,0.0,5,0.0,0,0,0,0,12.0,7.0,199.0,0,NS_GREEN,hold,,,
1606.0,0,56,206.0,3.679,3,5.0,3,4.0,3,0.0,5,0.0,0,0,0,0,14.0,9.0,183.0,0,NS_GREEN,hold,,,
1607.0,0,56,194.0,3.464,3,6.0,3,5.0,3,0.0,5,0.0,0,0,0,0,16.0,11.0,167.0,0,NS_GREEN,hold,,,
1608.0,0,56,181.0,3.232,3,7.0,3,6.0,3,0.0,5,0.0,0,0,0,0,18.0,13.0,150.0,0,NS_GREEN,hold,,,
1609.0,0,58,199.0,3.431,4,8.0,4,7.0,3,0.0,5,0.0,0,0,0,0,20.0,15.0,164.0,0,NS_GREEN,hold,,,
1610.0,0,58,187.0,3.224,4,9.0,4,8.0,3,0.0,5,0.0,0,0,0,0,22.0,17.0,148.0,0,NS_GREEN,hold,,,
1611.0,0,56,177.0,3.161,4,10.0,4,9.0,3,0.0,4,0.0,0,0,0,0,24.0,19.0,134.0,0,NS_GREEN,hold,,,
1612.0,0,57,195.0,3.421,4,11.0,4,10.0,3,0.0,5,0.0,0,0,0,0,26.0,21.0,148.0,0,NS_GREEN,hold,,,
1613.0,0,58,194.0,3.345,4,12.0,4,11.0,3,0.0,5,0.0,0,0,0,0,28.0,23.0,143.0,0,NS_GREEN,hold,,,
1614.0,0,59,193.0,3.271,4,13.0,4,12.0,3,0.0,5,0.0,0,0,0,0,30.0,25.0,138.0,0,NS_YELLOW,fixed_cycle,,,
1615.0,1,59,194.0,3.288,4,14.0,4,13.0,3,0.0,5,0.0,0,0,0,0,32.0,27.0,135.0,0,NS_YELLOW,hold,,,
1616.0,1,61,194.0,3.18,4,15.0,4,14.0,3,0.0,6,0.0,0,0,0,0,34.0,29.0,131.0,0,NS_YELLOW,hold,,,
1617.0,1,61,196.0,3.213,4,16.0,4,15.0,3,0.0,6,0.0,0,0,0,0,36.0,31.0,129.0,0,EW_GREEN,fixed_cycle,,,
1618.0,2,54,88.0,1.63,3,0.0,3,0.0,3,0.0,6,0.0,0,0,0,0,0.0,0.0,88.0,0,EW_GREEN,hold,,,
1619.0,2,54,86.0,1.593,3,0.0,3,0.0,3,0.0,6,1.0,0,0,0,0,0.0,1.0,85.0,0,EW_GREEN,hold,,,
1620.0,2,54,85.0,1.574,3,0.0,3,0.0,3,1.0,6,2.0,0,0,0,0,0.0,3.0,82.0,0,EW_GREEN,hold,,,
1621.0,2,55,87.0,1.582,3,0.0,3,0.0,3,2.0,6,3.0,0,0,0,0,0.0,5.0,82.0,0,EW_GREEN,hold,,,
1622.0,2,53,102.0,1.925,3,0.0,3,0.0,3,3.0,6,4.0,0,0,0,0,0.0,7.0,95.0,0,EW_GREEN,hold,,,
1623.0,2,52,104.0,2.0,2,0.0,2,0.0,3,4.0,7,5.0,0,0,0,0,0.0,9.0,95.0,0,EW_GREEN,hold,,,
1624.0,2,49,106.0,2.163,2,0.0,2,0.0,3,5.0,7,6.0,0,0,0,0,0.0,11.0,95.0,0,EW_GREEN,hold,,,
1625.0,2,48,109.0,2.271,2,0.0,2,0.0,3,6.0,7,7.0,0,0,0,0,0.0,13.0,96.0,0,EW_GREEN,hold,,,
1626.0,2,47,114.0,2.426,2,0.0,2,0.0,3,7.0,7,8.0,0,0,0,0,0.0,15.0,99.0,0,EW_GREEN,hold,,,
1627.0,2,48,119.0,2.479,2,0.0,2,0.0,3,8.0,7,10.0,0,0,0,1,0.0,18.0,101.0,0,EW_GREEN,hold,,,
1628.0,2,47,138.0,2.936,2,0.0,2,0.0,3,9.0,7,12.0,0,0,0,1,0.0,21.0,117.0,0,EW_GREEN,hold,,,
1629.0,2,47,143.0,3.043,2,0.0,2,0.0,3,10.0,7,14.0,0,0,0,1,0.0,24.0,119.0,0,EW_GREEN,hold,,,
1630.0,2,46,149.0,3.239,2,0.0,2,0.0,3,11.0,7,16.0,0,0,0,1,0.0,27.0,122.0,0,EW_GREEN,hold,,,
1631.0,2,45,154.0,3.422,2,0.0,2,0.0,3,12.0,7,18.0,0,0,0,0,0.0,30.0,124.0,0,EW_GREEN,hold,,,
1632.0,2,45,161.0,3.578,2,0.0,2,0.0,3,13.0,8,20.0,0,0,0,1,0.0,33.0,128.0,0,EW_GREEN,hold,,,
1633.0,2,49,179.0,3.653,4,0.0,4,0.0,3,14.0,8,22.0,0,0,0,1,0.0,36.0,143.0,0,EW_GREEN,hold,,,
1634.0,2,49,187.0,3.816,4,0.0,4,0.0,3,15.0,8,25.0,0,0,0,1,0.0,40.0,147.0,0,EW_GREEN,hold,,,
1635.0,2,48,195.0,4.062,4,0.0,4,0.0,3,16.0,8,28.0,0,0,0,1,0.0,44.0,151.0,0,EW_GREEN,hold,,,
1636.0,2,47,202.0,4.298,4,0.0,4,0.0,3,17.0,8,31.0,0,0,0,1,0.0,48.0,154.0,0,EW_GREEN,hold,,,
1637.0,2,49,211.0,4.306,4,0.0,4,0.0,4,18.0,8,35.0,0,0,0,2,0.0,53.0,158.0,0,EW_GREEN,hold,,,
1638.0,2,49,220.0,4.49,4,0.0,4,0.0,4,19.0,8,39.0,0,0,0,2,0.0,58.0,162.0,0,EW_GREEN,hold,,,
1639.0,2,48,242.0,5.042,4,0.0,4,0.0,4,21.0,8,43.0,0,0,0,2,1.0,64.0,177.0,0,EW_GREEN,hold,,,
1640.0,2,49,265.0,5.408,4,0.0,4,0.0,4,23.0,9,47.0,0,0,0,1,2.0,70.0,193.0,0,EW_GREEN,hold,,,
1641.0,2,48,290.0,6.042,4,0.0,4,0.0,4,26.0,9,51.0,0,0,1,1,3.0,77.0,210.0,0,EW_GREEN,hold,,,
1642.0,2,47,316.0,6.723,4,0.0,4,0.0,4,29.0,9,55.0,0,0,1,1,4.0,84.0,228.0,0,EW_GREEN,hold,,,
1643.0,2,48,342.0,7.125,4,0.0,4,0.0,4,32.0,10,59.0,0,0,1,1,5.0,91.0,246.0,0,EW_GREEN,hold,,,
1644.0,2,48,369.0,7.688,4,0.0,4,0.0,4,35.0,10,64.0,0,0,1,3,6.0,99.0,264.0,0,EW_GREEN,hold,,,
1645.0,2,47,397.0,8.447,4,0.0,4,0.0,4,38.0,10,69.0,0,0,1,3,7.0,107.0,283.0,0,EW_GREEN,hold,,,
1646.0,2,48,426.0,8.875,4,0.0,4,0.0,4,41.0,11,74.0,0,0,1,3,8.0,115.0,303.0,0,EW_GREEN,hold,,,
1647.0,2,48,456.0,9.5,4,0.0,3,0.0,4,44.0,11,79.0,0,0,1,3,9.0,123.0,324.0,0,EW_YELLOW,fixed_cycle,,,
1648.0,3,48,486.0,10.125,4,0.0,3,0.0,4,47.0,11,84.0,0,0,1,3,10.0,131.0,345.0,0,EW_YELLOW,hold,,,
1649.0,3,48,517.0,10.771,4,0.0,3,0.0,4,50.0,11,89.0,0,0,1,3,11.0,139.0,367.0,0,EW_YELLOW,hold,,,
1650.0,3,48,549.0,11.438,4,0.0,3,0.0,4,53.0,11,94.0,0,0,1,1,12.0,147.0,390.0,0,NS_GREEN,fixed_cycle,,,
1651.0,0,41,417.0,10.171,4,0.0,3,0.0,2,13.0,8,26.0,0,0,0,0,0.0,39.0,378.0,0,NS_GREEN,hold,,,
1652.0,0,40,366.0,9.15,4,0.0,3,0.0,2,0.0,8,0.0,0,0,0,0,0.0,0.0,366.0,0,NS_GREEN,hold,,,
1653.0,0,40,353.0,8.825,4,0.0,3,0.0,2,0.0,8,0.0,0,0,0,0,0.0,0.0,353.0,0,NS_GREEN,hold,,,
1654.0,0,40,341.0,8.525,4,1.0,3,0.0,1,0.0,7,0.0,0,0,0,0,0.0,1.0,340.0,0,NS_GREEN,hold,,,
1655.0,0,44,328.0,7.455,4,2.0,3,0.0,2,0.0,8,0.0,0,0,0,0,0.0,2.0,326.0,0,NS_GREEN,hold,,,
1656.0,0,43,315.0,7.326,4,3.0,3,0.0,2,0.0,7,0.0,0,0,0,0,0.0,3.0,312.0,0,NS_GREEN,hold,,,
1657.0,0,48,301.0,6.271,5,4.0,4,0.0,2,0.0,6,0.0,0,0,0,0,0.0,4.0,297.0,0,NS_GREEN,hold,,,
1658.0,0,50,318.0,6.36,5,5.0,4,0.0,2,0.0,7,0.0,0,0,0,0,0.0,5.0,313.0,0,NS_GREEN,hold,,,
1659.0,0,52,304.0,5.846,5,6.0,4,0.0,2,0.0,7,0.0,0,0,0,0,0.0,6.0,298.0,0,NS_GREEN,hold,,,
1660.0,0,52,289.0,5.558,5,7.0,4,0.0,2,0.0,7,0.0,0,0,0,0,0.0,7.0,282.0,0,NS_GREEN,hold,,,
1661.0,0,52,275.0,5.288,5,8.0,4,0.0,2,0.0,7,0.0,0,0,0,0,0.0,8.0,267.0,0,NS_GREEN,hold,,,
1662.0,0,50,261.0,5.22,5,9.0,4,0.0,2,0.0,6,0.0,0,0,0,0,0.0,9.0,252.0,0,NS_GREEN,hold,,,
1663.0,0,52,246.0,4.731,5,10.0,4,0.0,2,0.0,7,0.0,0,0,0,0,0.0,10.0,236.0,0,NS_GREEN,hold,,,
1664.0,0,51,227.0,4.451,5,11.0,4,0.0,2,0.0,7,0.0,0,0,0,0,0.0,11.0,216.0,0,NS_GREEN,hold,,,
1665.0,0,51,208.0,4.078,5,12.0,4,0.0,2,0.0,7,0.0,0,0,0,0,0.0,12.0,196.0,0,NS_GREEN,hold,,,
1666.0,0,52,218.0,4.192,5,13.0,4,0.0,2,0.0,8,0.0,0,0,0,0,0.0,13.0,205.0,0,NS_GREEN,hold,,,
1667.0,0,51,198.0,3.882,5,14.0,4,0.0,1,0.0,8,0.0,0,0,0,0,0.0,14.0,184.0,0,NS_GREEN,hold,,,
1668.0,0,53,178.0,3.358,5,15.0,4,0.0,1,0.0,9,0.0,0,0,0,0,0.0,15.0,163.0,0,NS_GREEN,hold,,,
1669.0,0,53,157.0,2.962,5,16.0,4,0.0,1,0.0,9,0.0,0,0,0,0,0.0,16.0,141.0,0,NS_GREEN,hold,,,
1670.0,0,52,135.0,2.596,5,17.0,4,0.0,1,0.0,9,0.0,0,0,0,0,0.0,17.0,118.0,0,NS_GREEN,hold,,,
1671.0,0,53,114.0,2.151,5,18.0,4,0.0,1,0.0,10,0.0,0,0,0,0,0.0,18.0,96.0,0,NS_GREEN,hold,,,
1672.0,0,51,93.0,1.824,5,20.0,4,0.0,1,0.0,10,0.0,0,0,0,0,0.0,20.0,73.0,0,NS_GREEN,hold,,,
1673.0,0,51,71.0,1.392,5,22.0,4,0.0,2,0.0,10,0.0,0,0,0,0,0.0,22.0,49.0,0,NS_GREEN,hold,,,
1674.0,0,51,77.0,1.51,5,25.0,4,1.0,2,0.0,10,0.0,1,1,0,0,0.0,26.0,51.0,0,NS_GREEN,hold,,,
1675.0,0,51,57.0,1.118,5,29.0,4,2.0,2,0.0,10,0.0,5,1,0,0,0.0,31.0,26.0,0,NS_GREEN,hold,,,
1676.0,0,51,38.0,0.745,5,34.0,4,3.0,3,0.0,9,0.0,5,1,0,0,0.0,37.0,1.0,0,NS_GREEN,hold,,,
1677.0,0,52,47.0,0.904,5,39.0,4,5.0,3,0.0,9,0.0,5,1,0,0,0.0,44.0,3.0,0,NS_GREEN,hold,,,
1678.0,0,53,53.0,1.0,5,44.0,4,7.0,3,0.0,10,0.0,5,1,0,0,0.0,51.0,2.0,0,NS_GREEN,hold,,,
1679.0,0,53,59.0,1.113,5,49.0,4,9.0,3,0.0,9,0.0,5,1,0,0,0.0,58.0,1.0,0,NS_GREEN,hold,,,
1680.0,0,54,66.0,1.222,5,54.0,4,12.0,3,0.0,10,0.0,5,4,0,0,0.0,66.0,0.0,0,NS_YELLOW,fixed_cycle,,,
1681.0,1,59,75.0,1.271,7,59.0,6,16.0,3,0.0,10,0.0,0,0,0,0,0.0,75.0,0.0,0,NS_YELLOW,hold,,,
1682.0,1,61,84.0,1.377,8,64.0,7,20.0,3,0.0,10,0.0,0,0,0,0,0.0,84.0,0.0,0,NS_YELLOW,hold,,,
1683.0,1,61,93.0,1.525,8,69.0,7,24.0,3,0.0,10,0.0,0,0,0,0,0.0,93.0,0.0,0,EW_GREEN,fixed_cycle,,,
1684.0,2,57,42.0,0.737,6,32.0,6,9.0,3,0.0,10,0.0,0,0,0,0,0.0,41.0,1.0,0,EW_GREEN,hold,,,
1685.0,2,58,29.0,0.5,6,21.0,6,5.0,3,0.0,11,0.0,0,0,0,0,0.0,26.0,3.0,0,EW_GREEN,hold,,,
1686.0,2,55,24.0,0.436,6,11.0,5,6.0,3,0.0,11,1.0,0,0,0,0,0.0,18.0,6.0,0,EW_GREEN,hold,,,
1687.0,2,55,12.0,0.218,6,0.0,5,0.0,3,0.0,11,2.0,0,0,0,0,0.0,2.0,10.0,0,EW_GREEN,hold,,,
1688.0,2,56,15.0,0.268,6,0.0,5,0.0,3,0.0,12,3.0,0,0,0,0,0.0,3.0,12.0,0,EW_GREEN,hold,,,
1689.0,2,56,21.0,0.375,6,0.0,5,0.0,3,1.0,12,4.0,0,0,0,0,0.0,5.0,16.0,0,EW_GREEN,hold,,,
1690.0,2,54,29.0,0.537,6,0.0,4,0.0,3,2.0,12,6.0,0,0,0,0,0.0,8.0,21.0,0,EW_GREEN,hold,,,
1691.0,2,53,38.0,0.717,6,0.0,4,0.0,3,3.0,12,8.0,0,0,0,0,0.0,11.0,27.0,0,EW_GREEN,hold,,,
1692.0,2,52,48.0,0.923,5,0.0,4,0.0,3,4.0,12,11.0,0,0,0,0,0.0,15.0,33.0,0,EW_GREEN,hold,,,
1693.0,2,54,58.0,1.074,5,0.0,4,0.0,3,5.0,12,14.0,0,0,0,0,0.0,19.0,39.0,0,EW_GREEN,hold,,,
1694.0,2,52,70.0,1.346,5,0.0,3,0.0,3,6.0,13,17.0,0,0,0,0,0.0,23.0,47.0,0,EW_GREEN,hold,,,
1695.0,2,51,82.0,1.608,3,0.0,3,0.0,3,7.0,13,20.0,0,0,0,0,0.0,27.0,55.0,0,EW_GREEN,hold,,,
1696.0,2,52,96.0,1.846,3,0.0,3,0.0,3,8.0,13,24.0,0,0,0,0,0.0,32.0,64.0,0,EW_GREEN,hold,,,
1697.0,2,51,111.0,2.176,3,0.0,2,0.0,3,9.0,13,28.0,0,0,0,0,0.0,37.0,74.0,0,EW_GREEN,hold,,,
1698.0,2,52,126.0,2.423,3,0.0,2,0.0,3,10.0,13,32.0,0,0,0,0,0.0,42.0,84.0,0,EW_GREEN,hold,,,
1699.0,2,53,141.0,2.66,2,0.0,2,0.0,3,11.0,13,36.0,0,0,0,0,0.0,47.0,94.0,0,EW_GREEN,hold,,,
1700.0,2,52,158.0,3.038,2,0.0,1,0.0,3,12.0,13,40.0,0,0,0,0,0.0,52.0,106.0,0,EW_GREEN,hold,,,
1701.0,2,52,175.0,3.365,1,0.0,1,0.0,3,13.0,13,44.0,0,0,0,0,0.0,57.0,118.0,0,EW_GREEN,hold,,,
1702.0,2,52,194.0,3.731,1,0.0,1,0.0,3,14.0,13,49.0,0,0,0,0,0.0,63.0,131.0,0,EW_GREEN,hold,,,
1703.0,2,52,213.0,4.096,1,0.0,1,0.0,3,15.0,13,54.0,0,0,1,0,0.0,69.0,144.0,0,EW_GREEN,hold,,,
1704.0,2,53,233.0,4.396,1,0.0,1,0.0,3,16.0,14,59.0,0,0,1,0,0.0,75.0,158.0,0,EW_GREEN,hold,,,
1705.0,2,55,254.0,4.618,2,0.0,2,0.0,3,17.0,14,65.0,0,0,1,0,0.0,82.0,172.0,0,EW_GREEN,hold,,,
1706.0,2,55,277.0,5.036,2,0.0,2,0.0,3,19.0,14,71.0,0,0,2,0,0.0,90.0,187.0,0,EW_GREEN,hold,,,
1707.0,2,55,301.0,5.473,2,0.0,2,0.0,3,21.0,14,77.0,0,0,2,0,0.0,98.0,203.0,0,EW_GREEN,hold,,,
1708.0,2,54,328.0,6.074,2,0.0,2,0.0,3,24.0,14,84.0,0,0,3,0,0.0,108.0,220.0,0,EW_GREEN,hold,,,
1709.0,2,56,357.0,6.375,2,0.0,2,0.0,4,27.0,14,91.0,0,0,2,0,1.0,118.0,238.0,0,EW_GREEN,hold,,,
1710.0,2,56,387.0,6.911,2,0.0,2,0.0,4,30.0,14,99.0,0,0,2,0,2.0,129.0,256.0,0,EW_GREEN,hold,,,
1711.0,2,57,418.0,7.333,2,0.0,2,0.0,4,33.0,14,107.0,0,0,2,3,3.0,140.0,275.0,0,EW_GREEN,hold,,,
1712.0,2,56,449.0,8.018,2,0.0,2,0.0,4,36.0,14,115.0,0,0,2,3,4.0,151.0,294.0,0,EW_GREEN,hold,,,
1713.0,2,56,482.0,8.607,2,0.0,2,0.0,4,39.0,14,124.0,0,0,2,3,5.0,163.0,314.0,0,EW_YELLOW,fixed_cycle,,,
1714.0,3,55,515.0,9.364,2,0.0,2,0.0,4,42.0,14,133.0,0,0,2,3,6.0,175.0,334.0,0,EW_YELLOW,hold,,,
1715.0,3,56,550.0,9.821,2,0.0,2,0.0,4,45.0,15,143.0,0,0,2,3,7.0,188.0,355.0,0,EW_YELLOW,hold,,,
1716.0,3,56,586.0,10.464,2,0.0,2,0.0,4,48.0,15,153.0,0,0,2,3,8.0,201.0,377.0,0,NS_GREEN,fixed_cycle,,,
1717.0,0,48,448.0,9.333,2,0.0,2,0.0,1,0.0,12,82.0,0,0,0,2,0.0,82.0,366.0,0,NS_GREEN,hold,,,
1718.0,0,48,389.0,8.104,2,0.0,2,0.0,1,0.0,12,35.0,0,0,0,0,0.0,35.0,354.0,0,NS_GREEN,hold,,,
1719.0,0,49,349.0,7.122,2,0.0,2,0.0,1,0.0,12,8.0,0,0,0,0,0.0,8.0,341.0,0,NS_GREEN,hold,,,
1720.0,0,46,334.0,7.261,2,0.0,2,0.0,1,0.0,9,4.0,0,0,0,0,1.0,4.0,329.0,0,NS_GREEN,hold,,,
1721.0,0,53,318.0,6.0,2,0.0,2,0.0,2,0.0,10,0.0,0,0,0,0,2.0,0.0,316.0,0,NS_GREEN,hold,,,
1722.0,0,53,305.0,5.755,2,0.0,2,0.0,2,0.0,10,0.0,0,0,0,0,3.0,0.0,302.0,0,NS_GREEN,hold,,,
1723.0,0,52,295.0,5.673,2,1.0,2,1.0,2,0.0,7,0.0,1,1,0,0,4.0,2.0,289.0,0,NS_GREEN,hold,,,
1724.0,0,51,283.0,5.549,2,2.0,2,2.0,2,0.0,7,0.0,1,1,0,0,5.0,4.0,274.0,0,NS_GREEN,hold,,,
1725.0,0,51,273.0,5.353,2,3.0,2,3.0,2,0.0,6,0.0,1,1,0,0,6.0,6.0,261.0,0,NS_GREEN,hold,,,
1726.0,0,51,262.0,5.137,2,4.0,2,4.0,2,0.0,5,0.0,1,1,0,0,7.0,8.0,247.0,0,NS_GREEN,hold,,,
1727.0,0,52,253.0,4.865,2,5.0,2,5.0,2,0.0,5,0.0,1,1,0,0,8.0,10.0,235.0,0,NS_GREEN,hold,,,
1728.0,0,52,242.0,4.654,2,6.0,2,6.0,2,0.0,4,0.0,1,1,0,0,9.0,12.0,221.0,0,NS_GREEN,hold,,,
1729.0,0,60,232.0,3.867,4,7.0,4,7.0,2,0.0,4,0.0,0,0,0,0,10.0,14.0,208.0,0,NS_GREEN,hold,,,
1730.0,0,62,223.0,3.597,4,8.0,4,8.0,2,0.0,5,0.0,0,0,0,0,11.0,16.0,196.0,0,NS_GREEN,hold,,,
1731.0,0,62,215.0,3.468,4,9.0,4,9.0,2,0.0,5,0.0,0,0,0,0,12.0,18.0,185.0,0,NS_GREEN,hold,,,
1732.0,0,62,234.0,3.774,4,10.0,4,10.0,2,0.0,5,0.0,0,0,0,0,14.0,20.0,200.0,0,NS_GREEN,hold,,,
1733.0,0,62,229.0,3.694,4,11.0,4,11.0,2,0.0,5,0.0,0,0,0,0,17.0,22.0,190.0,0,NS_GREEN,hold,,,
1734.0,0,60,224.0,3.733,4,12.0,4,12.0,2,0.0,4,0.0,0,0,0,0,20.0,24.0,180.0,0,NS_GREEN,hold,,,
1735.0,0,62,245.0,3.952,4,13.0,4,13.0,2,0.0,5,0.0,0,0,0,0,23.0,26.0,196.0,0,NS_GREEN,hold,,,
1736.0,0,61,228.0,3.738,4,14.0,4,14.0,2,0.0,5,0.0,0,0,0,0,27.0,28.0,173.0,0,NS_GREEN,hold,,,
1737.0,0,61,187.0,3.066,4,15.0,4,15.0,2,0.0,5,0.0,0,0,0,0,31.0,30.0,126.0,0,NS_GREEN,hold,,,
1738.0,0,62,172.0,2.774,4,16.0,4,16.0,2,0.0,6,0.0,0,0,0,0,35.0,32.0,105.0,0,NS_GREEN,hold,,,
1739.0,0,61,180.0,2.951,4,17.0,4,17.0,1,0.0,6,0.0,0,0,0,0,39.0,34.0,107.0,0,NS_GREEN,hold,,,
1740.0,0,62,164.0,2.645,4,18.0,4,18.0,1,0.0,6,0.0,0,0,0,0,43.0,36.0,85.0,0,NS_GREEN,hold,,,
1741.0,0,63,171.0,2.714,4,19.0,4,19.0,1,0.0,7,0.0,0,0,0,0,47.0,38.0,86.0,0,NS_GREEN,hold,,,
1742.0,0,62,151.0,2.435,4,20.0,4,20.0,1,0.0,7,0.0,0,0,0,0,51.0,40.0,60.0,0,NS_GREEN,hold,,,
1743.0,0,61,157.0,2.574,4,21.0,4,21.0,1,0.0,7,0.0,0,0,0,0,55.0,42.0,60.0,0,NS_GREEN,hold,,,
1744.0,0,60,163.0,2.717,4,22.0,4,22.0,1,0.0,6,0.0,0,0,0,0,59.0,44.0,60.0,0,NS_GREEN,hold,,,
1745.0,0,60,172.0,2.867,4,23.0,4,24.0,1,0.0,7,0.0,0,1,0,0,63.0,47.0,62.0,0,NS_GREEN,hold,,,
1746.0,0,61,179.0,2.934,4,25.0,4,26.0,2,0.0,7,0.0,1,1,0,0,67.0,51.0,61.0,0,NS_YELLOW,fixed_cycle,,,
1747.0,1,62,189.0,3.048,4,27.0,4,28.0,2,0.0,8,0.0,1,1,0,0,71.0,55.0,63.0,0,NS_YELLOW,hold,,,
1748.0,1,63,199.0,3.159,4,29.0,4,30.0,3,0.0,8,0.0,1,1,0,0,75.0,59.0,65.0,0,NS_YELLOW,hold,,,
1749.0,1,64,213.0,3.328,4,31.0,4,32.0,3,0.0,8,0.0,1,1,0,0,79.0,63.0,71.0,0,EW_GREEN,fixed_cycle,,,
1750.0,2,57,58.0,1.018,2,0.0,2,0.0,3,0.0,9,0.0,0,0,0,0,33.0,0.0,25.0,0,EW_GREEN,hold,,,
1751.0,2,56,6.0,0.107,2,0.0,2,0.0,3,0.0,9,0.0,0,0,0,0,1.0,0.0,5.0,0,EW_GREEN,hold,,,
1752.0,2,57,5.0,0.088,2,0.0,2,0.0,3,0.0,10,0.0,0,0,0,0,0.0,0.0,5.0,0,EW_GREEN,hold,,,
1753.0,2,57,2.0,0.035,3,0.0,3,0.0,3,0.0,10,0.0,0,0,0,0,0.0,0.0,2.0,0,EW_GREEN,hold,,,
1754.0,2,55,6.0,0.109,3,0.0,3,0.0,3,1.0,10,1.0,0,0,1,0,0.0,2.0,4.0,0,EW_GREEN,hold,,,
1755.0,2,53,10.0,0.189,3,0.0,3,0.0,3,2.0,10,2.0,0,0,0,0,0.0,4.0,6.0,0,EW_GREEN,hold,,,
1756.0,2,52,16.0,0.308,3,0.0,3,0.0,3,3.0,11,3.0,0,0,0,0,0.0,6.0,10.0,0,EW_GREEN,hold,,,
1757.0,2,52,20.0,0.385,3,0.0,3,0.0,3,4.0,11,4.0,0,0,0,0,0.0,8.0,12.0,0,EW_GREEN,hold,,,
1758.0,2,49,26.0,0.531,3,0.0,3,0.0,3,5.0,11,5.0,0,0,0,0,0.0,10.0,16.0,0,EW_GREEN,hold,,,
1759.0,2,49,32.0,0.653,3,0.0,3,0.0,3,6.0,11,6.0,0,0,0,0,0.0,12.0,20.0,0,EW_GREEN,hold,,,
1760.0,2,49,39.0,0.796,3,0.0,3,0.0,3,7.0,11,7.0,0,0,0,0,0.0,14.0,25.0,0,EW_GREEN,hold,,,
1761.0,2,48,48.0,1.0,3,0.0,3,0.0,3,8.0,11,9.0,0,0,0,0,0.0,17.0,31.0,0,EW_GREEN,hold,,,
1762.0,2,47,58.0,1.234,3,0.0,3,0.0,3,9.0,11,11.0,0,0,0,0,0.0,20.0,38.0,0,EW_GREEN,hold,,,
1763.0,2,47,69.0,1.468,3,0.0,3,0.0,3,10.0,11,13.0,0,0,0,0,0.0,23.0,46.0,0,EW_GREEN,hold,,,
1764.0,2,47,80.0,1.702,3,0.0,3,0.0,3,11.0,11,15.0,0,0,0,0,0.0,26.0,54.0,0,EW_GREEN,hold,,,
1765.0,2,48,93.0,1.938,3,0.0,3,0.0,3,12.0,11,18.0,0,0,0,0,0.0,30.0,63.0,0,EW_GREEN,hold,,,
1766.0,2,47,107.0,2.277,3,0.0,3,0.0,3,13.0,11,22.0,0,0,0,1,0.0,35.0,72.0,0,EW_GREEN,hold,,,
1767.0,2,45,120.0,2.667,3,0.0,2,0.0,3,14.0,11,24.0,0,0,0,0,0.0,38.0,82.0,0,EW_GREEN,hold,,,
1768.0,2,46,135.0,2.935,3,0.0,2,0.0,3,15.0,12,27.0,0,0,0,0,0.0,42.0,93.0,0,EW_GREEN,hold,,,
1769.0,2,47,151.0,3.213,3,0.0,2,0.0,3,16.0,12,30.0,0,0,0,0,0.0,46.0,105.0,0,EW_GREEN,hold,,,
1770.0,2,46,168.0,3.652,3,0.0,2,0.0,3,17.0,12,33.0,0,0,0,0,0.0,50.0,118.0,0,EW_GREEN,hold,,,
1771.0,2,46,186.0,4.043,2,0.0,2,0.0,3,18.0,12,37.0,0,0,0,1,0.0,55.0,131.0,0,EW_GREEN,hold,,,
1772.0,2,46,205.0,4.457,2,0.0,2,0.0,3,19.0,12,41.0,0,0,0,1,0.0,60.0,145.0,0,EW_GREEN,hold,,,
1773.0,2,46,226.0,4.913,2,0.0,2,0.0,3,20.0,12,46.0,0,0,0,1,0.0,66.0,160.0,0,EW_GREEN,hold,,,
1774.0,2,47,247.0,5.255,2,0.0,2,0.0,3,21.0,12,51.0,0,0,0,1,0.0,72.0,175.0,0,EW_GREEN,hold,,,
1775.0,2,47,269.0,5.723,2,0.0,2,0.0,3,22.0,12,56.0,0,0,0,1,0.0,78.0,191.0,0,EW_GREEN,hold,,,
1776.0,2,45,292.0,6.489,2,0.0,2,0.0,3,23.0,12,61.0,0,0,0,1,0.0,84.0,208.0,0,EW_GREEN,hold,,,
1777.0,2,50,315.0,6.3,4,0.0,4,0.0,3,24.0,13,66.0,0,0,0,1,0.0,90.0,225.0,0,EW_GREEN,hold,,,
1778.0,2,50,339.0,6.78,4,0.0,4,0.0,3,25.0,13,71.0,0,0,0,2,0.0,96.0,243.0,0,EW_GREEN,hold,,,
1779.0,2,50,365.0,7.3,4,0.0,4,0.0,3,27.0,13,76.0,0,0,2,0,0.0,103.0,262.0,0,EW_YELLOW,fixed_cycle,,,
1780.0,3,49,393.0,8.02,4,0.0,4,0.0,3,29.0,13,81.0,0,0,2,0,0.0,110.0,283.0,0,EW_YELLOW,hold,,,
1781.0,3,51,421.0,8.255,4,0.0,4,0.0,4,32.0,13,86.0,0,0,1,0,1.0,118.0,302.0,0,EW_YELLOW,hold,,,
1782.0,3,51,451.0,8.843,4,0.0,4,0.0,4,35.0,13,91.0,0,0,1,0,2.0,126.0,323.0,0,NS_GREEN,fixed_cycle,,,
1783.0,0,44,350.0,7.955,4,0.0,4,0.0,2,5.0,10,32.0,0,0,0,1,0.0,37.0,313.0,0,NS_GREEN,hold,,,
1784.0,0,44,308.0,7.0,4,0.0,4,0.0,2,0.0,10,3.0,0,0,0,0,0.0,3.0,305.0,0,NS_GREEN,hold,,,
1785.0,0,44,296.0,6.727,4,0.0,4,0.0,2,0.0,10,1.0,0,0,0,0,0.0,1.0,295.0,0,NS_GREEN,hold,,,
1786.0,0,40,286.0,7.15,4,0.0,4,0.0,1,0.0,7,0.0,0,0,0,0,0.0,0.0,286.0,0,NS_GREEN,hold,,,
1787.0,0,45,277.0,6.156,4,0.0,4,0.0,2,0.0,7,0.0,0,0,0,0,0.0,0.0,277.0,0,NS_GREEN,hold,,,
1788.0,0,45,267.0,5.933,4,0.0,4,0.0,2,0.0,6,0.0,0,0,0,0,0.0,0.0,267.0,0,NS_GREEN,hold,,,
1789.0,0,46,256.0,5.565,4,0.0,4,0.0,2,0.0,5,0.0,0,0,0,0,0.0,0.0,256.0,0,NS_GREEN,hold,,,
1790.0,0,47,272.0,5.787,4,0.0,4,0.0,2,0.0,5,0.0,0,0,0,0,0.0,0.0,272.0,0,NS_GREEN,hold,,,
1791.0,0,49,259.0,5.286,4,0.0,4,0.0,2,0.0,4,0.0,0,0,0,0,0.0,0.0,259.0,0,NS_GREEN,hold,,,
1792.0,0,48,246.0,5.125,4,0.0,4,0.0,2,0.0,4,0.0,0,0,0,0,0.0,0.0,246.0,0,NS_GREEN,hold,,,
1793.0,0,50,233.0,4.66,4,0.0,4,0.0,2,0.0,5,0.0,0,0,0,0,0.0,0.0,233.0,0,NS_GREEN,hold,,,
1794.0,0,50,221.0,4.42,4,1.0,4,1.0,2,0.0,5,0.0,1,1,0,0,0.0,2.0,219.0,0,NS_GREEN,hold,,,
1795.0,0,50,208.0,4.16,4,2.0,4,2.0,2,0.0,5,0.0,1,1,0,0,0.0,4.0,204.0,0,NS_GREEN,hold,,,
1796.0,0,49,194.0,3.959,4,3.0,4,3.0,2,0.0,5,0.0,1,1,0,0,0.0,6.0,188.0,0,NS_GREEN,hold,,,
1797.0,0,50,180.0,3.6,4,4.0,4,4.0,2,0.0,6,0.0,1,1,0,0,0.0,8.0,172.0,0,NS_GREEN,hold,,,
1798.0,0,49,191.0,3.898,4,5.0,4,5.0,2,0.0,6,0.0,1,1,0,0,0.0,10.0,181.0,0,NS_GREEN,hold,,,
1799.0,0,49,176.0,3.592,4,7.0,4,6.0,2,0.0,6,0.0,1,1,0,0,0.0,13.0,163.0,0,NS_GREEN,hold,,,
1800.0,0,50,163.0,3.26,4,9.0,4,9.0,2,0.0,7,0.0,1,1,0,0,0.0,18.0,145.0,0,NS_GREEN,hold,,,
1801.0,0,56,147.0,2.625,6,11.0,6,10.0,2,0.0,7,0.0,0,0,0,0,0.0,21.0,126.0,0,NS_GREEN,hold,,,
1802.0,0,60,134.0,2.233,7,14.0,7,13.0,2,0.0,7,0.0,0,0,0,0,0.0,27.0,107.0,0,NS_GREEN,hold,,,
1803.0,0,63,121.0,1.921,7,17.0,7,17.0,2,0.0,7,0.0,0,0,0,0,0.0,34.0,87.0,0,NS_GREEN,hold,,,
1804.0,0,63,108.0,1.714,7,21.0,7,21.0,2,0.0,7,0.0,0,0,0,0,0.0,42.0,66.0,0,NS_GREEN,hold,,,
1805.0,0,63,95.0,1.508,7,25.0,7,25.0,2,0.0,7,0.0,0,0,0,0,0.0,50.0,45.0,0,NS_GREEN,hold,,,
1806.0,0,63,105.0,1.667,7,29.0,7,29.0,2,0.0,7,0.0,0,0,0,0,0.0,58.0,47.0,0,NS_GREEN,hold,,,
1807.0,0,64,90.0,1.406,7,33.0,7,33.0,2,0.0,8,0.0,0,0,0,0,0.0,66.0,24.0,0,NS_GREEN,hold,,,
1808.0,0,65,74.0,1.138,7,37.0,7,37.0,2,0.0,8,0.0,0,0,0,0,0.0,74.0,0.0,0,NS_GREEN,hold,,,
1809.0,0,64,82.0,1.281,7,41.0,7,41.0,2,0.0,7,0.0,0,0,0,0,0.0,82.0,0.0,0,NS_GREEN,hold,,,
1810.0,0,65,90.0,1.385,7,45.0,7,45.0,2,0.0,8,0.0,0,0,0,0,0.0,90.0,0.0,0,NS_GREEN,hold,,,
1811.0,0,65,98.0,1.508,7,49.0,7,49.0,1,0.0,8,0.0,0,0,0,0,0.0,98.0,0.0,0,NS_GREEN,hold,,,
1812.0,0,70,106.0,1.514,7,53.0,7,53.0,1,0.0,9,0.0,0,0,0,0,0.0,106.0,0.0,0,NS_YELLOW,fixed_cycle,,,
1813.0,1,70,114.0,1.629,7,57.0,7,57.0,1,0.0,9,0.0,0,0,0,0,0.0,114.0,0.0,0,NS_YELLOW,hold,,,
1814.0,1,70,122.0,1.743,7,61.0,7,61.0,1,0.0,9,0.0,0,0,0,0,0.0,122.0,0.0,0,NS_YELLOW,hold,,,
1815.0,1,70,130.0,1.857,7,65.0,7,65.0,1,0.0,9,0.0,0,0,0,0,0.0,130.0,0.0,0,EW_GREEN,fixed_cycle,,,
1816.0,2,65,58.0,0.892,6,28.0,6,29.0,1,0.0,9,0.0,0,0,0,0,0.0,57.0,1.0,0,EW_GREEN,hold,,,
1817.0,2,65,31.0,0.477,6,14.0,6,15.0,2,0.0,9,0.0,0,0,0,0,0.0,29.0,2.0,0,EW_GREEN,hold,,,
1818.0,2,61,4.0,0.066,5,0.0,5,0.0,2,0.0,10,0.0,0,0,0,0,0.0,0.0,4.0,0,EW_GREEN,hold,,,
1819.0,2,59,6.0,0.102,4,0.0,4,0.0,2,0.0,10,0.0,0,0,0,0,0.0,0.0,6.0,0,EW_GREEN,hold,,,
1820.0,2,59,10.0,0.169,4,0.0,4,0.0,3,1.0,10,0.0,0,0,0,0,0.0,1.0,9.0,0,EW_GREEN,hold,,,
1821.0,2,56,14.0,0.25,3,0.0,3,0.0,3,2.0,10,0.0,0,0,0,0,0.0,2.0,12.0,0,EW_GREEN,hold,,,
1822.0,2,54,20.0,0.37,2,0.0,2,0.0,3,3.0,10,0.0,0,0,0,0,1.0,3.0,16.0,0,EW_GREEN,hold,,,
1823.0,2,53,27.0,0.509,2,0.0,2,0.0,4,4.0,10,0.0,0,0,0,0,2.0,4.0,21.0,0,EW_GREEN,hold,,,
1824.0,2,53,35.0,0.66,2,0.0,2,0.0,4,5.0,10,0.0,0,0,0,0,4.0,5.0,26.0,0,EW_GREEN,hold,,,
1825.0,2,57,45.0,0.789,2,0.0,3,0.0,5,6.0,11,1.0,0,0,0,0,7.0,7.0,31.0,0,EW_GREEN,hold,,,
1826.0,2,56,59.0,1.054,2,0.0,2,0.0,5,7.0,11,4.0,0,0,0,1,10.0,11.0,38.0,0,EW_GREEN,hold,,,
1827.0,2,57,73.0,1.281,2,0.0,2,0.0,5,8.0,11,7.0,0,0,0,1,13.0,15.0,45.0,0,EW_GREEN,hold,,,
1828.0,2,57,89.0,1.561,2,0.0,2,0.0,5,9.0,11,10.0,0,0,1,1,17.0,19.0,53.0,0,EW_GREEN,hold,,,
1829.0,2,59,106.0,1.797,2,0.0,2,0.0,6,10.0,11,13.0,0,0,1,1,21.0,23.0,62.0,0,EW_GREEN,hold,,,
1830.0,2,59,127.0,2.153,2,0.0,2,0.0,6,11.0,11,17.0,0,0,1,1,26.0,28.0,73.0,0,EW_GREEN,hold,,,
1831.0,2,59,148.0,2.508,2,0.0,2,0.0,6,12.0,11,21.0,0,0,1,1,32.0,33.0,83.0,0,EW_GREEN,hold,,,
1832.0,2,60,168.0,2.8,2,0.0,2,0.0,6,13.0,11,25.0,0,0,1,1,38.0,38.0,92.0,0,EW_GREEN,hold,,,
1833.0,2,61,191.0,3.131,2,0.0,2,0.0,7,14.0,11,29.0,0,0,1,1,44.0,43.0,104.0,0,EW_GREEN,hold,,,
1834.0,2,62,215.0,3.468,2,0.0,2,0.0,7,15.0,11,34.0,0,0,1,1,50.0,49.0,116.0,0,EW_GREEN,hold,,,
1835.0,2,63,239.0,3.794,2,0.0,2,0.0,7,16.0,11,39.0,0,0,0,1,56.0,55.0,128.0,0,EW_GREEN,hold,,,
1836.0,2,62,265.0,4.274,2,0.0,2,0.0,7,17.0,11,44.0,0,0,0,1,63.0,61.0,141.0,0,EW_GREEN,hold,,,
1837.0,2,63,292.0,4.635,2,0.0,2,0.0,7,18.0,11,49.0,0,0,0,1,70.0,67.0,155.0,0,EW_GREEN,hold,,,
1838.0,2,62,320.0,5.161,2,0.0,2,0.0,7,19.0,11,55.0,0,0,0,0,77.0,74.0,169.0,0,EW_GREEN,hold,,,
1839.0,2,62,349.0,5.629,2,0.0,1,0.0,8,20.0,11,61.0,0,0,0,3,84.0,81.0,184.0,0,EW_GREEN,hold,,,
1840.0,2,62,380.0,6.129,2,0.0,1,0.0,8,21.0,11,68.0,0,0,0,3,91.0,89.0,200.0,0,EW_GREEN,hold,,,
1841.0,2,62,411.0,6.629,1,0.0,1,0.0,8,22.0,11,75.0,0,0,0,3,98.0,97.0,216.0,0,EW_GREEN,hold,,,
1842.0,2,61,443.0,7.262,1,0.0,1,0.0,8,23.0,11,82.0,0,0,0,3,105.0,105.0,233.0,0,EW_GREEN,hold,,,
1843.0,2,62,477.0,7.694,1,0.0,1,0.0,8,24.0,11,90.0,0,0,0,5,112.0,114.0,251.0,0,EW_GREEN,hold,,,
1844.0,2,62,511.0,8.242,1,0.0,1,0.0,8,25.0,11,98.0,0,0,0,5,119.0,123.0,269.0,0,EW_GREEN,hold,,,
1845.0,2,62,547.0,8.823,1,0.0,1,0.0,8,26.0,11,106.0,0,0,0,2,127.0,132.0,288.0,0,EW_YELLOW,fixed_cycle,,,
1846.0,3,62,583.0,9.403,1,0.0,1,0.0,8,27.0,11,114.0,0,0,0,2,135.0,141.0,307.0,0,EW_YELLOW,hold,,,
1847.0,3,61,619.0,10.148,1,0.0,1,0.0,8,28.0,11,122.0,0,0,0,2,143.0,150.0,326.0,0,EW_YELLOW,hold,,,
1848.0,3,62,657.0,10.597,1,0.0,1,0.0,9,29.0,11,131.0,0,0,0,2,151.0,160.0,346.0,0,NS_GREEN,fixed_cycle,,,
1849.0,0,57,530.0,9.298,2,0.0,2,0.0,7,0.0,8,67.0,0,0,0,2,131.0,67.0,332.0,0,NS_GREEN,hold,,,
1850.0,0,59,457.0,7.746,3,0.0,3,0.0,7,0.0,8,27.0,0,0,0,0,111.0,27.0,319.0,0,NS_GREEN,hold,,,
1851.0,0,59,401.0,6.797,3,0.0,3,0.0,7,0.0,8,4.0,0,0,0,0,90.0,4.0,307.0,0,NS_GREEN,hold,,,
1852.0,0,55,365.0,6.636,3,0.0,3,0.0,6,0.0,6,0.0,0,0,0,0,70.0,0.0,295.0,0,NS_GREEN,hold,,,
1853.0,0,62,333.0,5.371,3,0.0,3,0.0,7,0.0,6,0.0,0,0,0,0,50.0,0.0,283.0,0,NS_GREEN,hold,,,
1854.0,0,61,302.0,4.951,3,0.0,3,0.0,7,0.0,6,0.0,0,0,0,0,29.0,0.0,273.0,0,NS_GREEN,hold,,,
1855.0,0,62,274.0,4.419,3,0.0,3,0.0,8,0.0,5,1.0,0,0,0,0,12.0,1.0,261.0,0,NS_GREEN,hold,,,
1856.0,0,61,251.0,4.115,3,0.0,3,0.0,8,0.0,5,3.0,0,0,0,2,2.0,3.0,246.0,0,NS_GREEN,hold,,,
1857.0,0,60,238.0,3.967,3,0.0,3,0.0,7,0.0,3,5.0,0,0,0,2,1.0,5.0,232.0,0,NS_GREEN,hold,,,
1858.0,0,60,223.0,3.717,3,0.0,3,0.0,7,0.0,4,4.0,0,0,0,1,2.0,4.0,217.0,0,NS_GREEN,hold,,,
1859.0,0,62,211.0,3.403,3,0.0,3,0.0,7,0.0,4,5.0,0,0,0,1,3.0,5.0,203.0,0,NS_GREEN,hold,,,
1860.0,0,61,197.0,3.23,3,0.0,3,0.0,8,0.0,3,6.0,0,0,0,1,4.0,6.0,187.0,0,NS_GREEN,hold,,,
1861.0,0,61,212.0,3.475,3,0.0,3,0.0,7,0.0,4,7.0,0,0,0,0,6.0,7.0,199.0,0,NS_GREEN,hold,,,
1862.0,0,61,191.0,3.131,3,0.0,3,0.0,7,0.0,5,0.0,0,0,0,0,7.0,0.0,184.0,0,NS_GREEN,hold,,,
1863.0,0,64,177.0,2.766,3,0.0,3,0.0,7,0.0,4,0.0,0,0,0,0,9.0,0.0,168.0,0,NS_GREEN,hold,,,
1864.0,0,65,164.0,2.523,3,0.0,3,0.0,7,0.0,4,0.0,0,0,0,0,12.0,0.0,152.0,0,NS_GREEN,hold,,,
1865.0,0,64,151.0,2.359,3,0.0,3,0.0,6,0.0,4,0.0,0,0,0,0,15.0,0.0,136.0,0,NS_GREEN,hold,,,
1866.0,0,65,140.0,2.154,3,1.0,3,1.0,6,0.0,5,0.0,0,0,0,0,18.0,2.0,120.0,0,NS_GREEN,hold,,,
1867.0,0,66,129.0,1.955,3,2.0,3,2.0,6,0.0,5,0.0,2,2,0,0,22.0,4.0,103.0,0,NS_GREEN,hold,,,
1868.0,0,65,121.0,1.862,3,4.0,3,4.0,6,0.0,5,0.0,2,2,0,0,27.0,8.0,86.0,0,NS_GREEN,hold,,,
1869.0,0,66,114.0,1.727,3,6.0,3,6.0,7,0.0,5,0.0,2,2,0,0,32.0,12.0,70.0,0,NS_GREEN,hold,,,
1870.0,0,67,125.0,1.866,3,8.0,3,8.0,7,0.0,6,0.0,1,1,0,0,34.0,16.0,75.0,0,NS_GREEN,hold,,,
1871.0,0,65,106.0,1.631,3,6.0,3,6.0,6,0.0,6,0.0,0,0,0,0,36.0,12.0,58.0,0,NS_GREEN,hold,,,
1872.0,0,66,93.0,1.409,3,7.0,3,7.0,6,0.0,6,0.0,0,0,0,0,38.0,14.0,41.0,0,NS_GREEN,hold,,,
1873.0,0,69,80.0,1.159,4,8.0,4,8.0,6,0.0,6,0.0,0,0,0,0,40.0,16.0,24.0,0,NS_GREEN,hold,,,
1874.0,0,73,88.0,1.205,4,9.0,4,9.0,7,0.0,7,0.0,0,0,0,0,43.0,18.0,27.0,0,NS_GREEN,hold,,,
1875.0,0,73,96.0,1.315,4,11.0,4,10.0,7,0.0,7,0.0,0,0,0,0,45.0,21.0,30.0,0,NS_GREEN,hold,,,
1876.0,0,72,106.0,1.472,4,13.0,4,12.0,7,0.0,7,0.0,0,0,0,0,48.0,25.0,33.0,0,NS_GREEN,hold,,,
1877.0,0,74,116.0,1.568,4,15.0,4,14.0,7,0.0,8,0.0,0,0,0,0,51.0,29.0,36.0,0,NS_GREEN,hold,,,
1878.0,0,72,126.0,1.75,4,17.0,4,16.0,6,0.0,8,0.0,0,0,0,0,54.0,33.0,39.0,0,NS_YELLOW,fixed_cycle,,,
1879.0,1,74,137.0,1.851,4,19.0,4,18.0,6,0.0,9,0.0,0,0,0,0,58.0,37.0,42.0,0,NS_YELLOW,hold,,,
1880.0,1,73,148.0,2.027,4,21.0,4,20.0,6,0.0,9,0.0,0,0,0,0,62.0,41.0,45.0,0,NS_YELLOW,hold,,,
1881.0,1,75,159.0,2.12,4,23.0,4,22.0,7,0.0,10,0.0,0,0,0,0,66.0,45.0,48.0,0,EW_GREEN,fixed_cycle,,,
1882.0,2,66,27.0,0.409,2,0.0,2,0.0,7,0.0,10,0.0,0,0,0,0,26.0,0.0,1.0,0,EW_GREEN,hold,,,
1883.0,2,66,10.0,0.152,2,0.0,2,0.0,7,0.0,10,0.0,0,0,0,0,8.0,0.0,2.0,0,EW_GREEN,hold,,,
1884.0,2,69,16.0,0.232,2,0.0,2,0.0,7,0.0,10,0.0,0,0,0,0,12.0,0.0,4.0,0,EW_GREEN,hold,,,
1885.0,2,64,23.0,0.359,2,0.0,2,0.0,7,0.0,10,0.0,0,0,0,0,17.0,0.0,6.0,0,EW_GREEN,hold,,,
1886.0,2,64,31.0,0.484,2,0.0,2,0.0,7,0.0,10,0.0,0,0,0,0,23.0,0.0,8.0,0,EW_GREEN,hold,,,
1887.0,2,65,41.0,0.631,2,0.0,2,0.0,7,1.0,10,0.0,0,0,0,0,29.0,1.0,11.0,0,EW_GREEN,hold,,,
1888.0,2,61,52.0,0.852,2,0.0,2,0.0,7,2.0,10,0.0,0,0,0,0,35.0,2.0,15.0,0,EW_GREEN,hold,,,
1889.0,2,62,65.0,1.048,2,0.0,2,0.0,8,3.0,11,0.0,0,0,0,0,42.0,3.0,20.0,0,EW_GREEN,hold,,,
1890.0,2,62,80.0,1.29,2,0.0,2,1.0,8,4.0,11,0.0,0,0,0,0,50.0,5.0,25.0,0,EW_GREEN,hold,,,
1891.0,2,61,95.0,1.557,1,0.0,1,0.0,8,5.0,11,1.0,0,0,0,0,58.0,6.0,31.0,0,EW_GREEN,hold,,,
1892.0,2,60,112.0,1.867,1,0.0,1,0.0,9,6.0,11,3.0,0,0,0,0,66.0,9.0,37.0,0,EW_GREEN,hold,,,
1893.0,2,59,132.0,2.237,1,0.0,1,0.0,9,8.0,11,6.0,0,0,2,1,74.0,14.0,44.0,0,EW_GREEN,hold,,,
1894.0,2,61,153.0,2.508,1,0.0,1,0.0,9,10.0,11,10.0,0,0,2,1,82.0,20.0,51.0,0,EW_GREEN,hold,,,
1895.0,2,60,175.0,2.917,1,0.0,1,0.0,9,12.0,11,14.0,0,0,2,1,90.0,26.0,59.0,0,EW_GREEN,hold,,,
1896.0,2,60,200.0,3.333,1,0.0,1,0.0,9,16.0,11,18.0,0,0,3,1,98.0,34.0,68.0,0,EW_GREEN,hold,,,
1897.0,2,61,226.0,3.705,2,0.0,2,0.0,9,20.0,11,22.0,0,0,3,1,107.0,42.0,77.0,0,EW_GREEN,hold,,,
1898.0,2,66,253.0,3.833,3,0.0,3,0.0,9,24.0,11,26.0,0,0,3,1,116.0,50.0,87.0,0,EW_GREEN,hold,,,
1899.0,2,64,281.0,4.391,3,0.0,3,0.0,9,28.0,11,30.0,0,0,3,1,125.0,58.0,98.0,0,EW_GREEN,hold,,,
1900.0,2,65,309.0,4.754,3,0.0,3,0.0,10,32.0,11,34.0,0,0,2,1,134.0,66.0,109.0,0,EW_GREEN,hold,,,
1901.0,2,66,338.0,5.121,3,0.0,3,0.0,10,36.0,11,38.0,0,0,2,0,143.0,74.0,121.0,0,EW_GREEN,hold,,,
1902.0,2,66,370.0,5.606,3,0.0,3,0.0,10,41.0,11,42.0,0,0,2,0,153.0,83.0,134.0,0,EW_GREEN,hold,,,
1903.0,2,65,403.0,6.2,3,0.0,3,0.0,10,46.0,11,46.0,0,0,2,0,163.0,92.0,148.0,0,EW_GREEN,hold,,,
1904.0,2,67,439.0,6.552,3,0.0,3,0.0,10,51.0,11,51.0,0,0,2,0,174.0,102.0,163.0,0,EW_GREEN,hold,,,
1905.0,2,67,475.0,7.09,3,0.0,3,0.0,10,56.0,11,56.0,0,0,2,0,185.0,112.0,178.0,0,EW_GREEN,hold,,,
1906.0,2,67,512.0,7.642,3,0.0,3,0.0,10,61.0,11,62.0,0,0,2,0,196.0,123.0,193.0,0,EW_GREEN,hold,,,
1907.0,2,67,551.0,8.224,3,0.0,3,0.0,10,66.0,11,68.0,0,0,2,0,207.0,134.0,210.0,0,EW_GREEN,hold,,,
1908.0,2,66,591.0,8.955,3,0.0,3,0.0,10,71.0,11,75.0,0,0,2,0,218.0,146.0,227.0,0,EW_GREEN,hold,,,
1909.0,2,68,632.0,9.294,3,0.0,3,0.0,11,76.0,11,82.0,0,0,2,0,229.0,158.0,245.0,0,EW_GREEN,hold,,,
1910.0,2,69,673.0,9.754,3,0.0,3,0.0,11,81.0,11,89.0,0,0,2,3,240.0,170.0,263.0,0,EW_GREEN,hold,,,
1911.0,2,68,716.0,10.529,3,0.0,3,0.0,11,86.0,11,97.0,0,0,2,3,251.0,183.0,282.0,0,EW_YELLOW,fixed_cycle,,,
1912.0,3,67,760.0,11.343,2,0.0,2,0.0,12,91.0,11,105.0,0,0,2,3,262.0,196.0,302.0,0,EW_YELLOW,hold,,,
1913.0,3,67,802.0,11.97,2,0.0,2,0.0,12,96.0,11,113.0,0,0,2,7,273.0,209.0,320.0,0,EW_YELLOW,hold,,,
1914.0,3,67,847.0,12.642,2,0.0,2,0.0,12,101.0,11,122.0,0,0,2,7,284.0,223.0,340.0,0,NS_GREEN,fixed_cycle,,,
1915.0,0,62,719.0,11.597,2,0.0,2,0.0,9,38.0,8,59.0,0,0,2,5,295.0,97.0,327.0,0,NS_GREEN,hold,,,
1916.0,0,62,640.0,10.323,2,0.0,2,0.0,9,0.0,8,19.0,0,0,0,0,306.0,19.0,315.0,0,NS_GREEN,hold,,,
1917.0,0,62,629.0,10.145,2,2.0,2,1.0,9,0.0,8,4.0,2,1,0,0,318.0,7.0,304.0,0,NS_GREEN,hold,,,
1918.0,0,60,630.0,10.5,2,4.0,2,3.0,8,0.0,7,0.0,2,2,0,0,330.0,7.0,293.0,0,NS_GREEN,hold,,,
1919.0,0,60,634.0,10.567,2,6.0,2,5.0,7,0.0,6,0.0,2,2,0,0,342.0,11.0,281.0,0,NS_GREEN,hold,,,
1920.0,0,62,639.0,10.306,2,8.0,2,7.0,7,0.0,7,0.0,2,2,0,0,354.0,15.0,270.0,0,NS_GREEN,hold,,,
1921.0,0,66,601.0,9.106,4,10.0,4,9.0,7,0.0,6,0.0,0,0,0,0,323.0,19.0,259.0,0,NS_GREEN,hold,,,
1922.0,0,68,566.0,8.324,4,12.0,4,11.0,7,1.0,6,1.0,0,0,1,0,293.0,25.0,248.0,0,NS_GREEN,hold,,,
1923.0,0,67,530.0,7.91,4,14.0,4,13.0,6,2.0,5,3.0,0,0,1,3,262.0,32.0,236.0,0,NS_GREEN,hold,,,
1924.0,0,67,491.0,7.328,4,16.0,4,15.0,6,0.0,5,6.0,0,0,0,3,230.0,37.0,224.0,0,NS_GREEN,hold,,,
1925.0,0,69,494.0,7.159,4,18.0,4,17.0,6,0.0,5,9.0,0,0,0,2,238.0,44.0,212.0,0,NS_GREEN,hold,,,
1926.0,0,67,472.0,7.045,4,20.0,4,19.0,5,0.0,5,3.0,0,0,0,0,205.0,42.0,225.0,0,NS_GREEN,hold,,,
1927.0,0,69,425.0,6.159,4,22.0,4,21.0,5,0.0,4,0.0,0,0,0,0,171.0,43.0,211.0,0,NS_GREEN,hold,,,
1928.0,0,70,380.0,5.429,4,24.0,4,23.0,5,0.0,5,0.0,0,0,0,0,138.0,47.0,195.0,0,NS_GREEN,hold,,,
1929.0,0,70,335.0,4.786,4,26.0,4,25.0,5,0.0,5,0.0,0,0,0,0,105.0,51.0,179.0,0,NS_GREEN,hold,,,
1930.0,0,67,323.0,4.821,4,28.0,4,27.0,4,0.0,4,1.0,0,0,0,1,77.0,56.0,190.0,0,NS_GREEN,hold,,,
1931.0,0,70,286.0,4.086,4,30.0,4,29.0,5,0.0,5,2.0,0,0,0,1,52.0,61.0,173.0,0,NS_GREEN,hold,,,
1932.0,0,69,248.0,3.594,4,32.0,4,31.0,5,0.0,5,3.0,0,0,0,1,25.0,66.0,157.0,0,NS_GREEN,hold,,,
1933.0,0,70,234.0,3.343,4,34.0,4,33.0,5,0.0,6,0.0,0,0,0,0,28.0,67.0,139.0,0,NS_GREEN,hold,,,
1934.0,0,70,206.0,2.943,4,36.0,4,35.0,6,0.0,5,0.0,0,0,0,0,14.0,71.0,121.0,0,NS_GREEN,hold,,,
1935.0,0,71,184.0,2.592,4,38.0,4,37.0,6,0.0,5,0.0,0,0,0,0,6.0,75.0,103.0,0,NS_GREEN,hold,,,
1936.0,0,72,170.0,2.361,4,40.0,4,39.0,7,0.0,6,0.0,0,0,0,0,5.0,79.0,86.0,0,NS_GREEN,hold,,,
1937.0,0,71,180.0,2.535,4,42.0,4,41.0,7,0.0,6,0.0,0,2,0,0,6.0,83.0,91.0,0,NS_GREEN,hold,,,
1938.0,0,73,167.0,2.288,4,44.0,4,44.0,7,0.0,7,0.0,0,2,0,0,7.0,88.0,72.0,0,NS_GREEN,hold,,,
1939.0,0,73,153.0,2.096,4,46.0,4,47.0,7,0.0,7,0.0,0,1,0,0,8.0,93.0,52.0,0,NS_GREEN,hold,,,
1940.0,0,70,137.0,1.957,4,49.0,4,47.0,6,0.0,7,0.0,1,1,0,0,9.0,96.0,32.0,0,NS_GREEN,hold,,,
1941.0,0,72,122.0,1.694,4,50.0,4,49.0,7,0.0,8,0.0,1,1,0,0,11.0,99.0,12.0,0,NS_GREEN,hold,,,
1942.0,0,72,127.0,1.764,4,52.0,4,51.0,7,0.0,8,0.0,1,1,0,0,11.0,103.0,13.0,0,NS_GREEN,hold,,,
1943.0,0,73,133.0,1.822,4,54.0,4,53.0,7,0.0,9,0.0,1,1,0,0,12.0,107.0,14.0,0,NS_GREEN,hold,,,
1944.0,0,73,141.0,1.932,4,57.0,4,56.0,8,0.0,9,0.0,1,1,0,0,13.0,113.0,15.0,0,NS_YELLOW,fixed_cycle,,,
1945.0,1,79,149.0,1.886,5,60.0,5,59.0,8,0.0,10,0.0,0,0,0,0,14.0,119.0,16.0,0,NS_YELLOW,hold,,,
1946.0,1,84,157.0,1.869,6,63.0,6,62.0,9,0.0,10,0.0,0,0,0,0,15.0,125.0,17.0,0,NS_YELLOW,hold,,,
1947.0,1,85,166.0,1.953,6,66.0,6,65.0,9,1.0,11,0.0,0,0,0,0,16.0,132.0,18.0,0,EW_GREEN,fixed_cycle,,,
1948.0,2,81,13.0,0.16,5,5.0,5,5.0,9,2.0,11,0.0,0,0,0,0,0.0,12.0,1.0,0,EW_GREEN,hold,,,
1949.0,2,81,6.0,0.074,5,0.0,5,0.0,9,3.0,11,0.0,0,0,0,0,1.0,3.0,2.0,0,EW_GREEN,hold,,,
1950.0,2,76,10.0,0.132,4,0.0,4,0.0,9,4.0,11,0.0,0,0,0,0,2.0,4.0,4.0,0,EW_GREEN,hold,,,
1951.0,2,76,15.0,0.197,4,0.0,4,0.0,10,5.0,11,0.0,0,0,0,0,4.0,5.0,6.0,0,EW_GREEN,hold,,,
1952.0,2,75,23.0,0.307,4,0.0,4,0.0,10,7.0,11,0.0,0,0,0,0,7.0,7.0,9.0,0,EW_GREEN,hold,,,
1953.0,2,75,33.0,0.44,4,0.0,4,0.0,10,9.0,11,1.0,0,0,0,0,11.0,10.0,12.0,0,EW_GREEN,hold,,,
1954.0,2,76,46.0,0.605,4,1.0,4,0.0,10,11.0,11,2.0,0,0,0,0,16.0,14.0,16.0,0,EW_GREEN,hold,,,
1955.0,2,76,60.0,0.789,4,2.0,4,1.0,10,13.0,11,3.0,0,0,0,0,21.0,19.0,20.0,0,EW_GREEN,hold,,,
1956.0,2,77,76.0,0.987,4,3.0,4,2.0,10,15.0,11,4.0,0,0,0,0,27.0,24.0,25.0,0,EW_GREEN,hold,,,
1957.0,2,76,95.0,1.25,4,4.0,4,3.0,10,17.0,11,6.0,0,0,0,0,34.0,30.0,31.0,0,EW_GREEN,hold,,,
1958.0,2,75,114.0,1.52,4,5.0,4,4.0,10,19.0,11,8.0,0,0,0,0,41.0,36.0,37.0,0,EW_GREEN,hold,,,
1959.0,2,75,135.0,1.8,4,6.0,4,5.0,10,21.0,11,10.0,0,0,0,0,49.0,42.0,44.0,0,EW_GREEN,hold,,,
1960.0,2,70,145.0,2.071,3,0.0,3,0.0,10,23.0,11,12.0,0,0,0,0,58.0,35.0,52.0,0,EW_GREEN,hold,,,
1961.0,2,70,168.0,2.4,3,0.0,3,0.0,11,25.0,12,15.0,0,0,0,0,67.0,40.0,61.0,0,EW_GREEN,hold,,,
1962.0,2,67,191.0,2.851,3,0.0,3,0.0,11,27.0,12,18.0,0,0,0,0,76.0,45.0,70.0,0,EW_GREEN,hold,,,
1963.0,2,68,218.0,3.206,3,0.0,3,1.0,11,29.0,12,21.0,0,0,0,0,87.0,51.0,80.0,0,EW_GREEN,hold,,,
1964.0,2,67,248.0,3.701,3,0.0,3,3.0,12,33.0,12,25.0,0,2,1,0,97.0,61.0,90.0,0,EW_GREEN,hold,,,
1965.0,2,67,284.0,4.239,3,1.0,3,5.0,12,38.0,12,30.0,0,2,1,0,109.0,74.0,101.0,0,EW_GREEN,hold,,,
1966.0,2,70,322.0,4.6,3,3.0,3,7.0,12,43.0,12,35.0,2,2,1,0,122.0,88.0,112.0,0,EW_GREEN,hold,,,
1967.0,2,68,354.0,5.206,2,2.0,2,4.0,12,48.0,12,40.0,1,1,1,0,136.0,94.0,124.0,0,EW_GREEN,hold,,,
1968.0,2,68,384.0,5.647,2,0.0,2,0.0,12,54.0,12,45.0,0,0,1,0,148.0,99.0,137.0,0,EW_GREEN,hold,,,
1969.0,2,72,423.0,5.875,3,0.0,3,0.0,12,60.0,12,50.0,0,0,0,0,162.0,110.0,151.0,0,EW_GREEN,hold,,,
1970.0,2,72,463.0,6.431,3,0.0,3,0.0,12,66.0,12,55.0,0,0,0,0,176.0,121.0,166.0,0,EW_GREEN,hold,,,
1971.0,2,70,507.0,7.243,2,0.0,2,0.0,12,73.0,12,62.0,0,0,0,0,190.0,135.0,182.0,0,EW_GREEN,hold,,,
1972.0,2,71,552.0,7.775,2,0.0,2,0.0,13,80.0,12,69.0,0,0,0,0,204.0,149.0,199.0,0,EW_GREEN,hold,,,
1973.0,2,71,595.0,8.38,2,0.0,2,0.0,13,87.0,12,76.0,0,0,0,0,218.0,163.0,214.0,0,EW_GREEN,hold,,,
1974.0,2,71,641.0,9.028,2,0.0,2,0.0,13,94.0,12,84.0,0,0,0,0,232.0,178.0,231.0,0,EW_GREEN,hold,,,
1975.0,2,71,688.0,9.69,2,0.0,2,0.0,13,101.0,12,92.0,0,0,2,4,246.0,193.0,249.0,0,EW_GREEN,hold,,,
1976.0,2,75,739.0,9.853,2,0.0,2,0.0,13,109.0,12,102.0,0,0,2,8,261.0,211.0,267.0,0,EW_GREEN,hold,,,
1977.0,2,75,791.0,10.547,2,0.0,2,0.0,13,117.0,12,112.0,0,0,6,8,276.0,229.0,286.0,0,EW_YELLOW,fixed_cycle,,,
1978.0,3,75,845.0,11.267,2,0.0,2,0.0,13,125.0,12,123.0,0,0,6,8,291.0,248.0,306.0,0,EW_YELLOW,hold,,,
1979.0,3,75,900.0,12.0,2,0.0,2,0.0,13,134.0,12,134.0,0,0,6,7,306.0,268.0,326.0,0,EW_YELLOW,hold,,,
1980.0,3,75,951.0,12.68,2,0.0,2,0.0,13,143.0,12,140.0,0,0,6,7,321.0,283.0,347.0,0,NS_GREEN,fixed_cycle,,,
1981.0,0,69,786.0,11.391,2,0.0,2,0.0,10,69.0,9,79.0,0,0,4,5,303.0,148.0,335.0,0,NS_GREEN,hold,,,
1982.0,0,71,674.0,9.493,2,0.0,2,0.0,11,32.0,9,33.0,0,0,0,0,285.0,65.0,324.0,0,NS_GREEN,hold,,,
1983.0,0,72,593.0,8.236,2,0.0,2,0.0,11,7.0,9,6.0,0,0,0,0,266.0,13.0,314.0,0,NS_GREEN,hold,,,
1984.0,0,69,550.0,7.971,2,0.0,2,0.0,10,0.0,7,0.0,0,0,0,0,246.0,0.0,304.0,0,NS_GREEN,hold,,,
1985.0,0,72,521.0,7.236,2,0.0,2,0.0,10,0.0,8,1.0,0,0,0,0,226.0,1.0,294.0,0,NS_GREEN,hold,,,
1986.0,0,72,492.0,6.833,2,0.0,2,1.0,10,0.0,8,2.0,0,1,0,0,206.0,3.0,283.0,0,NS_GREEN,hold,,,
1987.0,0,73,462.0,6.329,2,0.0,2,2.0,8,0.0,6,3.0,0,1,0,0,185.0,5.0,272.0,0,NS_GREEN,hold,,,
1988.0,0,73,427.0,5.849,2,0.0,2,3.0,8,0.0,6,0.0,0,1,0,0,164.0,3.0,260.0,0,NS_GREEN,hold,,,
1989.0,0,73,393.0,5.384,2,0.0,2,4.0,6,0.0,5,0.0,0,1,0,0,142.0,4.0,247.0,0,NS_GREEN,hold,,,
1990.0,0,75,362.0,4.827,2,1.0,2,5.0,6,0.0,6,0.0,0,1,0,0,122.0,6.0,234.0,0,NS_GREEN,hold,,,
1991.0,0,76,359.0,4.724,2,2.0,2,6.0,6,0.0,5,0.0,0,1,0,0,103.0,8.0,248.0,0,NS_GREEN,hold,,,
1992.0,0,75,356.0,4.747,2,3.0,2,7.0,5,0.0,5,1.0,0,1,0,0,111.0,11.0,234.0,0,NS_GREEN,hold,,,
1993.0,0,79,324.0,4.101,3,4.0,3,8.0,6,0.0,5,2.0,0,0,0,0,90.0,14.0,220.0,0,NS_GREEN,hold,,,
1994.0,0,80,289.0,3.612,4,5.0,4,9.0,5,0.0,5,3.0,0,0,0,0,67.0,17.0,205.0,0,NS_GREEN,hold,,,
1995.0,0,80,276.0,3.45,4,6.0,4,10.0,5,0.0,5,0.0,0,0,0,0,44.0,16.0,216.0,0,NS_GREEN,hold,,,
1996.0,0,80,245.0,3.062,4,7.0,4,11.0,6,0.0,4,0.0,0,0,0,0,28.0,18.0,199.0,0,NS_GREEN,hold,,,
1997.0,0,83,220.0,2.651,4,8.0,4,12.0,6,0.0,5,0.0,0,0,0,0,19.0,20.0,181.0,0,NS_GREEN,hold,,,
1998.0,0,83,197.0,2.373,4,9.0,4,13.0,6,0.0,5,0.0,0,0,0,0,13.0,22.0,162.0,0,NS_GREEN,hold,,,
1999.0,0,83,200.0,2.41,4,10.0,4,14.0,6,0.0,5,0.0,0,0,0,0,6.0,24.0,170.0,0,NS_GREEN,hold,,,
2000.0,0,83,177.0,2.133,4,11.0,4,15.0,6,0.0,6,0.0,0,0,0,0,0.0,26.0,151.0,0,NS_GREEN,hold,,,
2001.0,0,81,137.0,1.691,4,12.0,4,16.0,5,0.0,6,0.0,0,0,0,0,2.0,28.0,107.0,0,NS_GREEN,hold,,,
2002.0,0,82,148.0,1.805,4,13.0,4,17.0,6,0.0,7,0.0,0,0,0,0,5.0,30.0,113.0,0,NS_GREEN,hold,,,
2003.0,0,82,134.0,1.634,4,14.0,4,18.0,6,0.0,7,0.0,0,0,0,0,9.0,32.0,93.0,0,NS_GREEN,hold,,,
2004.0,0,84,120.0,1.429,4,15.0,4,19.0,7,0.0,8,0.0,0,0,0,0,13.0,34.0,73.0,0,NS_GREEN,hold,,,
2005.0,0,84,106.0,1.262,4,16.0,4,20.0,7,0.0,8,0.0,0,0,0,0,18.0,36.0,52.0,0,NS_GREEN,hold,,,
2006.0,0,82,92.0,1.122,4,17.0,4,21.0,7,0.0,8,0.0,0,0,0,0,23.0,38.0,31.0,0,NS_GREEN,hold,,,
2007.0,0,85,78.0,0.918,4,18.0,4,22.0,7,0.0,9,0.0,0,0,0,0,29.0,40.0,9.0,0,NS_GREEN,hold,,,
2008.0,0,87,81.0,0.931,4,19.0,4,23.0,8,0.0,9,0.0,0,0,0,0,28.0,42.0,11.0,0,NS_GREEN,hold,,,
2009.0,0,86,84.0,0.977,4,20.0,4,24.0,8,0.0,10,0.0,0,0,0,0,27.0,44.0,13.0,0,NS_GREEN,hold,,,
2010.0,0,87,89.0,1.023,4,22.0,4,26.0,9,0.0,10,0.0,0,0,0,0,26.0,48.0,15.0,0,NS_YELLOW,fixed_cycle,,,
2011.0,1,87,94.0,1.08,4,24.0,4,28.0,9,0.0,10,0.0,2,0,0,0,25.0,52.0,17.0,0,NS_YELLOW,hold,,,
2012.0,1,88,102.0,1.159,4,27.0,4,31.0,9,0.0,11,0.0,2,2,0,0,25.0,58.0,19.0,0,NS_YELLOW,hold,,,
2013.0,1,89,112.0,1.258,4,30.0,4,34.0,9,0.0,11,0.0,2,2,0,0,26.0,64.0,22.0,0,EW_GREEN,fixed_cycle,,,
2014.0,2,81,22.0,0.272,2,3.0,2,3.0,9,0.0,11,0.0,1,1,0,0,5.0,6.0,11.0,0,EW_GREEN,hold,,,
2015.0,2,81,7.0,0.086,2,0.0,2,0.0,10,0.0,11,0.0,0,0,0,0,4.0,0.0,3.0,0,EW_GREEN,hold,,,
2016.0,2,81,10.0,0.123,2,0.0,2,0.0,10,1.0,11,0.0,0,0,0,0,4.0,1.0,5.0,0,EW_GREEN,hold,,,
2017.0,2,83,17.0,0.205,2,0.0,3,0.0,10,2.0,11,1.0,0,0,0,0,6.0,3.0,8.0,0,EW_GREEN,hold,,,
2018.0,2,83,24.0,0.289,2,0.0,2,0.0,11,3.0,11,2.0,0,0,0,0,8.0,5.0,11.0,0,EW_GREEN,hold,,,
2019.0,2,82,34.0,0.415,2,0.0,2,0.0,11,4.0,11,3.0,0,0,0,0,12.0,7.0,15.0,0,EW_GREEN,hold,,,
2020.0,2,80,43.0,0.537,2,0.0,2,0.0,11,6.0,11,4.0,0,0,0,0,13.0,10.0,20.0,0,EW_GREEN,hold,,,
2021.0,2,80,57.0,0.713,2,0.0,2,0.0,11,8.0,11,6.0,0,0,0,0,18.0,14.0,25.0,0,EW_GREEN,hold,,,
2022.0,2,78,72.0,0.923,2,0.0,2,0.0,11,10.0,11,9.0,0,0,0,1,23.0,19.0,30.0,0,EW_GREEN,hold,,,
2023.0,2,77,89.0,1.156,2,0.0,2,0.0,11,12.0,11,12.0,0,0,0,1,29.0,24.0,36.0,0,EW_GREEN,hold,,,
2024.0,2,75,106.0,1.413,2,0.0,2,0.0,11,14.0,11,15.0,0,0,0,1,34.0,29.0,43.0,0,EW_GREEN,hold,,,
2025.0,2,73,125.0,1.712,2,0.0,2,0.0,11,16.0,11,18.0,0,0,0,1,40.0,34.0,51.0,0,EW_GREEN,hold,,,
2026.0,2,74,145.0,1.959,2,0.0,2,0.0,12,18.0,11,21.0,0,0,0,1,47.0,39.0,59.0,0,EW_GREEN,hold,,,
2027.0,2,72,167.0,2.319,2,0.0,2,0.0,12,21.0,11,24.0,0,0,0,0,54.0,45.0,68.0,0,EW_GREEN,hold,,,
2028.0,2,75,192.0,2.56,2,0.0,2,0.0,12,25.0,11,27.0,0,0,0,0,62.0,52.0,78.0,0,EW_GREEN,hold,,,
2029.0,2,74,219.0,2.959,2,0.0,2,0.0,12,29.0,11,30.0,0,0,0,0,71.0,59.0,89.0,0,EW_GREEN,hold,,,
2030.0,2,74,248.0,3.351,2,0.0,2,0.0,12,34.0,11,33.0,0,0,2,0,81.0,67.0,100.0,0,EW_GREEN,hold,,,
2031.0,2,72,279.0,3.875,1,0.0,1,0.0,12,39.0,11,37.0,0,0,2,0,92.0,76.0,111.0,0,EW_GREEN,hold,,,
2032.0,2,69,313.0,4.536,1,0.0,1,0.0,12,44.0,11,43.0,0,0,2,2,103.0,87.0,123.0,0,EW_GREEN,hold,,,
2033.0,2,72,349.0,4.847,1,0.0,1,0.0,13,49.0,12,50.0,0,0,2,2,115.0,99.0,135.0,0,EW_GREEN,hold,,,
2034.0,2,71,386.0,5.437,1,0.0,1,0.0,13,54.0,12,58.0,0,0,2,2,126.0,112.0,148.0,0,EW_GREEN,hold,,,
2035.0,2,71,428.0,6.028,1,0.0,1,0.0,13,59.0,12,66.0,0,0,2,2,140.0,125.0,163.0,0,EW_GREEN,hold,,,
2036.0,2,71,471.0,6.634,0,0.0,1,0.0,14,64.0,12,74.0,0,0,2,2,154.0,138.0,179.0,0,EW_GREEN,hold,,,
2037.0,2,71,514.0,7.239,0,0.0,1,0.0,14,69.0,12,82.0,0,0,2,2,168.0,151.0,195.0,0,EW_GREEN,hold,,,
2038.0,2,73,559.0,7.658,0,0.0,0,0.0,14,74.0,12,90.0,0,0,2,2,184.0,164.0,211.0,0,EW_GREEN,hold,,,
2039.0,2,73,605.0,8.288,0,0.0,0,0.0,14,79.0,12,98.0,0,0,2,0,200.0,177.0,228.0,0,EW_GREEN,hold,,,
2040.0,2,73,654.0,8.959,0,0.0,0,0.0,14,85.0,12,107.0,0,0,2,0,217.0,192.0,245.0,0,EW_GREEN,hold,,,
2041.0,2,77,706.0,9.169,2,0.0,2,0.0,14,92.0,12,116.0,0,0,0,0,235.0,208.0,263.0,0,EW_GREEN,hold,,,
2042.0,2,79,758.0,9.595,3,0.0,3,0.0,14,99.0,12,125.0,0,0,0,0,253.0,224.0,281.0,0,EW_GREEN,hold,,,
2043.0,2,78,814.0,10.436,3,0.0,3,0.0,14,107.0,12,134.0,0,0,0,0,272.0,241.0,301.0,0,EW_YELLOW,fixed_cycle,,,
2044.0,3,78,872.0,11.179,3,0.0,3,0.0,14,115.0,12,144.0,0,0,0,7,292.0,259.0,321.0,0,EW_YELLOW,hold,,,
2045.0,3,79,931.0,11.785,3,0.0,3,0.0,15,124.0,12,155.0,0,0,3,7,310.0,279.0,342.0,0,EW_YELLOW,hold,,,
2046.0,3,79,992.0,12.557,3,0.0,3,0.0,15,133.0,12,166.0,0,0,3,7,330.0,299.0,363.0,0,NS_GREEN,fixed_cycle,,,
2047.0,0,75,823.0,10.973,3,0.0,3,0.0,14,62.0,11,93.0,0,0,0,2,318.0,155.0,350.0,0,NS_GREEN,hold,,,
2048.0,0,73,715.0,9.795,3,0.0,3,0.0,12,21.0,9,50.0,0,0,0,0,305.0,71.0,339.0,0,NS_GREEN,hold,,,
2049.0,0,73,637.0,8.726,3,0.0,3,0.0,12,4.0,9,15.0,0,0,0,0,291.0,19.0,327.0,0,NS_GREEN,hold,,,
2050.0,0,71,592.0,8.338,3,0.0,3,0.0,12,0.0,9,0.0,0,0,0,0,277.0,0.0,315.0,0,NS_GREEN,hold,,,
2051.0,0,72,564.0,7.833,3,0.0,3,0.0,11,0.0,10,0.0,0,0,0,0,262.0,0.0,302.0,0,NS_GREEN,hold,,,
2052.0,0,72,538.0,7.472,3,0.0,3,0.0,11,0.0,10,0.0,0,0,0,0,248.0,0.0,290.0,0,NS_GREEN,hold,,,
2053.0,0,71,516.0,7.268,3,0.0,3,0.0,10,1.0,10,1.0,0,0,0,0,236.0,2.0,278.0,0,NS_GREEN,hold,,,
2054.0,0,72,492.0,6.833,3,0.0,3,0.0,11,0.0,10,3.0,0,0,0,0,224.0,3.0,265.0,0,NS_GREEN,hold,,,
2055.0,0,72,469.0,6.514,3,0.0,3,0.0,10,0.0,10,5.0,0,0,0,3,212.0,5.0,252.0,0,NS_GREEN,hold,,,
2056.0,0,74,500.0,6.757,3,0.0,3,0.0,10,1.0,11,8.0,0,0,0,0,224.0,9.0,267.0,0,NS_GREEN,hold,,,
2057.0,0,73,474.0,6.493,3,0.0,3,0.0,9,2.0,9,11.0,0,0,0,0,209.0,13.0,252.0,0,NS_GREEN,hold,,,
2058.0,0,72,449.0,6.236,3,1.0,3,1.0,9,4.0,9,14.0,0,1,1,0,193.0,20.0,236.0,0,NS_GREEN,hold,,,
2059.0,0,76,423.0,5.566,3,3.0,3,3.0,9,0.0,8,17.0,1,1,0,0,179.0,23.0,221.0,0,NS_GREEN,hold,,,
2060.0,0,75,398.0,5.307,3,5.0,3,5.0,8,0.0,8,20.0,1,1,0,0,162.0,30.0,206.0,0,NS_GREEN,hold,,,
2061.0,0,77,354.0,4.597,3,7.0,3,7.0,8,0.0,8,6.0,1,1,0,0,144.0,20.0,190.0,0,NS_GREEN,hold,,,
2062.0,0,77,317.0,4.117,3,9.0,3,9.0,8,0.0,8,0.0,1,1,0,0,127.0,18.0,172.0,0,NS_GREEN,hold,,,
2063.0,0,78,284.0,3.641,3,11.0,3,11.0,8,1.0,8,0.0,1,1,0,0,108.0,23.0,153.0,0,NS_GREEN,hold,,,
2064.0,0,76,279.0,3.671,3,13.0,3,13.0,7,2.0,8,0.0,1,1,1,0,90.0,28.0,161.0,0,NS_GREEN,hold,,,
2065.0,0,80,243.0,3.038,4,15.0,4,15.0,7,0.0,8,0.0,0,0,0,0,71.0,30.0,142.0,0,NS_GREEN,hold,,,
2066.0,0,79,210.0,2.658,4,17.0,4,17.0,6,0.0,8,1.0,0,0,0,0,52.0,35.0,123.0,0,NS_GREEN,hold,,,
2067.0,0,77,178.0,2.312,4,19.0,4,19.0,6,0.0,7,2.0,0,0,0,0,34.0,40.0,104.0,0,NS_GREEN,hold,,,
2068.0,0,78,165.0,2.115,4,21.0,4,21.0,7,0.0,7,3.0,0,0,0,0,37.0,45.0,83.0,0,NS_GREEN,hold,,,
2069.0,0,82,136.0,1.659,4,23.0,4,23.0,7,0.0,8,4.0,0,0,0,0,23.0,50.0,63.0,0,NS_GREEN,hold,,,
2070.0,0,82,110.0,1.341,4,25.0,4,25.0,8,0.0,8,0.0,0,0,0,0,18.0,50.0,42.0,0,NS_GREEN,hold,,,
2071.0,0,83,92.0,1.108,4,27.0,4,27.0,8,0.0,7,0.0,0,0,0,0,19.0,54.0,19.0,0,NS_GREEN,hold,,,
2072.0,0,84,98.0,1.167,4,29.0,4,29.0,8,0.0,8,0.0,0,0,0,0,20.0,58.0,20.0,0,NS_GREEN,hold,,,
2073.0,0,83,104.0,1.253,4,31.0,4,31.0,8,0.0,8,0.0,0,0,0,0,21.0,62.0,21.0,0,NS_GREEN,hold,,,
2074.0,0,84,110.0,1.31,4,33.0,4,33.0,8,0.0,9,0.0,0,0,0,0,22.0,66.0,22.0,0,NS_GREEN,hold,,,
2075.0,0,86,116.0,1.349,4,35.0,4,35.0,9,0.0,9,0.0,0,0,0,0,23.0,70.0,23.0,0,NS_GREEN,hold,,,
2076.0,0,83,122.0,1.47,4,37.0,4,37.0,8,0.0,9,0.0,0,0,0,0,24.0,74.0,24.0,0,NS_YELLOW,fixed_cycle,,,
2077.0,1,84,128.0,1.524,4,39.0,4,39.0,8,0.0,10,0.0,0,0,0,0,25.0,78.0,25.0,0,NS_YELLOW,hold,,,
2078.0,1,87,134.0,1.54,4,41.0,4,41.0,9,0.0,10,0.0,0,0,0,0,26.0,82.0,26.0,0,NS_YELLOW,hold,,,
2079.0,1,90,140.0,1.556,4,43.0,4,43.0,9,0.0,11,0.0,0,0,0,0,27.0,86.0,27.0,0,EW_GREEN,fixed_cycle,,,
2080.0,2,85,1.0,0.012,2,0.0,2,1.0,10,0.0,11,0.0,0,1,0,0,0.0,1.0,0.0,0,EW_GREEN,hold,,,
2081.0,2,85,2.0,0.024,2,0.0,2,0.0,10,0.0,11,0.0,0,0,0,0,1.0,0.0,1.0,0,EW_GREEN,hold,,,
2082.0,2,86,4.0,0.047,2,0.0,2,0.0,10,0.0,11,0.0,0,0,0,0,2.0,0.0,2.0,0,EW_GREEN,hold,,,
2083.0,2,85,8.0,0.094,2,0.0,2,0.0,10,0.0,11,0.0,0,0,0,0,4.0,0.0,4.0,0,EW_GREEN,hold,,,
2084.0,2,85,15.0,0.176,2,0.0,2,0.0,10,0.0,11,1.0,0,0,0,0,7.0,1.0,7.0,0,EW_GREEN,hold,,,
2085.0,2,83,24.0,0.289,2,0.0,2,0.0,10,0.0,11,3.0,0,0,0,0,10.0,3.0,11.0,0,EW_GREEN,hold,,,
2086.0,2,83,34.0,0.41,2,0.0,2,0.0,11,0.0,11,6.0,0,0,0,1,13.0,6.0,15.0,0,EW_GREEN,hold,,,
2087.0,2,81,47.0,0.58,2,0.0,2,1.0,11,1.0,11,9.0,0,1,0,1,17.0,11.0,19.0,0,EW_GREEN,hold,,,
2088.0,2,80,62.0,0.775,1,0.0,2,2.0,11,3.0,11,12.0,0,1,0,1,21.0,17.0,24.0,0,EW_GREEN,hold,,,
2089.0,2,84,78.0,0.929,2,0.0,3,3.0,12,5.0,11,15.0,0,0,0,1,26.0,23.0,29.0,0,EW_GREEN,hold,,,
2090.0,2,89,96.0,1.079,3,0.0,4,4.0,12,7.0,11,19.0,0,0,0,1,31.0,30.0,35.0,0,EW_GREEN,hold,,,
2091.0,2,88,111.0,1.261,3,0.0,3,0.0,12,9.0,11,23.0,0,0,0,1,37.0,32.0,42.0,0,EW_GREEN,hold,,,
2092.0,2,88,133.0,1.511,3,0.0,3,0.0,12,12.0,11,27.0,0,0,0,1,44.0,39.0,50.0,0,EW_GREEN,hold,,,
2093.0,2,89,156.0,1.753,3,0.0,3,0.0,12,15.0,11,31.0,0,0,0,1,52.0,46.0,58.0,0,EW_GREEN,hold,,,
2094.0,2,87,182.0,2.092,3,0.0,3,0.0,12,18.0,11,36.0,0,0,0,1,60.0,54.0,68.0,0,EW_GREEN,hold,,,
2095.0,2,86,207.0,2.407,3,0.0,3,0.0,13,21.0,11,41.0,0,0,0,1,69.0,62.0,76.0,0,EW_GREEN,hold,,,
2096.0,2,84,235.0,2.798,3,0.0,3,0.0,13,24.0,11,46.0,0,0,0,1,78.0,70.0,87.0,0,EW_GREEN,hold,,,
2097.0,2,82,262.0,3.195,3,0.0,3,0.0,13,27.0,11,51.0,0,0,0,1,88.0,78.0,96.0,0,EW_GREEN,hold,,,
2098.0,2,80,292.0,3.65,3,0.0,3,0.0,13,30.0,11,56.0,0,0,0,1,99.0,86.0,107.0,0,EW_GREEN,hold,,,
2099.0,2,80,324.0,4.05,3,0.0,3,0.0,13,34.0,11,61.0,0,0,0,0,110.0,95.0,119.0,0,EW_GREEN,hold,,,
2100.0,2,81,359.0,4.432,3,0.0,3,0.0,13,38.0,11,67.0,0,0,0,0,122.0,105.0,132.0,0,EW_GREEN,hold,,,
2101.0,2,81,397.0,4.901,3,0.0,3,0.0,13,43.0,11,73.0,0,0,0,0,135.0,116.0,146.0,0,EW_GREEN,hold,,,
2102.0,2,82,440.0,5.366,3,0.0,3,0.0,13,49.0,11,80.0,0,0,0,0,150.0,129.0,161.0,0,EW_GREEN,hold,,,
2103.0,2,82,485.0,5.915,3,0.0,3,0.0,13,56.0,11,87.0,0,0,0,0,166.0,143.0,176.0,0,EW_GREEN,hold,,,
2104.0,2,80,530.0,6.625,3,0.0,3,0.0,13,63.0,11,95.0,0,0,0,2,180.0,158.0,192.0,0,EW_GREEN,hold,,,
2105.0,2,78,579.0,7.423,2,0.0,2,0.0,14,70.0,12,104.0,0,0,0,3,196.0,174.0,209.0,0,EW_GREEN,hold,,,
2106.0,2,77,629.0,8.169,2,0.0,2,0.0,14,77.0,12,114.0,0,0,0,4,212.0,191.0,226.0,0,EW_GREEN,hold,,,
2107.0,2,77,679.0,8.818,1,0.0,2,0.0,14,84.0,12,122.0,0,0,0,0,229.0,206.0,244.0,0,EW_GREEN,hold,,,
2108.0,2,77,732.0,9.506,1,0.0,1,0.0,15,92.0,12,131.0,0,0,0,3,247.0,223.0,262.0,0,EW_GREEN,hold,,,
2109.0,2,76,789.0,10.382,1,0.0,1,0.0,15,101.0,12,140.0,0,0,4,3,266.0,241.0,282.0,0,EW_YELLOW,fixed_cycle,,,
2110.0,3,79,845.0,10.696,1,0.0,1,0.0,15,110.0,12,150.0,0,0,4,3,285.0,260.0,300.0,0,EW_YELLOW,hold,,,
2111.0,3,79,906.0,11.468,1,0.0,1,0.0,15,120.0,12,160.0,0,0,4,3,305.0,280.0,321.0,0,EW_YELLOW,hold,,,
2112.0,3,80,965.0,12.062,1,0.0,1,0.0,15,126.0,12,171.0,0,0,4,7,326.0,297.0,342.0,0,NS_GREEN,fixed_cycle,,,
2113.0,0,74,800.0,10.811,2,0.0,2,0.0,12,60.0,9,95.0,0,0,3,5,314.0,155.0,331.0,0,NS_GREEN,hold,,,
2114.0,0,74,698.0,9.432,2,0.0,2,0.0,12,29.0,9,46.0,0,0,0,0,303.0,75.0,320.0,0,NS_GREEN,hold,,,
2115.0,0,73,623.0,8.534,2,0.0,2,0.0,12,5.0,9,18.0,0,0,0,0,291.0,23.0,309.0,0,NS_GREEN,hold,,,
2116.0,0,70,577.0,8.243,2,0.0,2,0.0,10,0.0,7,0.0,0,0,0,0,280.0,0.0,297.0,0,NS_GREEN,hold,,,
2117.0,0,73,555.0,7.603,2,0.0,2,0.0,10,0.0,8,0.0,0,0,0,0,269.0,0.0,286.0,0,NS_GREEN,hold,,,
2118.0,0,73,534.0,7.315,2,0.0,2,0.0,7,0.0,8,1.0,0,0,0,0,258.0,1.0,275.0,0,NS_GREEN,hold,,,
2119.0,0,74,511.0,6.905,2,0.0,2,0.0,8,0.0,7,2.0,0,0,0,0,246.0,2.0,263.0,0,NS_GREEN,hold,,,
2120.0,0,74,487.0,6.581,2,0.0,2,0.0,6,0.0,7,4.0,0,0,0,0,233.0,4.0,250.0,0,NS_GREEN,hold,,,
2121.0,0,76,464.0,6.105,2,0.0,2,0.0,6,0.0,6,7.0,0,0,0,0,220.0,7.0,237.0,0,NS_GREEN,hold,,,
2122.0,0,77,433.0,5.623,2,0.0,2,0.0,6,0.0,7,2.0,0,0,0,0,207.0,2.0,224.0,0,NS_GREEN,hold,,,
2123.0,0,78,456.0,5.846,2,0.0,2,0.0,6,0.0,6,0.0,0,0,0,0,219.0,0.0,237.0,0,NS_GREEN,hold,,,
2124.0,0,77,428.0,5.558,2,0.0,2,0.0,5,0.0,6,0.0,0,0,0,0,204.0,0.0,224.0,0,NS_GREEN,hold,,,
2125.0,0,78,400.0,5.128,2,0.0,2,0.0,5,0.0,7,0.0,0,0,0,0,190.0,0.0,210.0,0,NS_GREEN,hold,,,
2126.0,0,81,372.0,4.593,2,0.0,2,0.0,6,0.0,7,0.0,0,0,0,0,177.0,0.0,195.0,0,NS_GREEN,hold,,,
2127.0,0,78,341.0,4.372,2,0.0,2,0.0,6,0.0,6,1.0,0,0,0,0,161.0,1.0,179.0,0,NS_GREEN,hold,,,
2128.0,0,79,307.0,3.886,2,0.0,2,0.0,6,0.0,7,2.0,0,0,0,0,143.0,2.0,162.0,0,NS_GREEN,hold,,,
2129.0,0,79,296.0,3.747,2,0.0,2,0.0,7,0.0,7,0.0,0,0,0,0,151.0,0.0,145.0,0,NS_GREEN,hold,,,
2130.0,0,80,263.0,3.288,2,1.0,2,1.0,7,0.0,7,0.0,1,1,0,0,134.0,2.0,127.0,0,NS_GREEN,hold,,,
2131.0,0,82,229.0,2.793,2,2.0,2,2.0,8,0.0,7,0.0,1,1,0,0,116.0,4.0,109.0,0,NS_GREEN,hold,,,
2132.0,0,81,219.0,2.704,2,3.0,2,3.0,8,0.0,7,0.0,0,0,0,0,98.0,6.0,115.0,0,NS_GREEN,hold,,,
2133.0,0,82,183.0,2.232,2,4.0,2,4.0,8,0.0,8,0.0,0,0,0,0,79.0,8.0,96.0,0,NS_GREEN,hold,,,
2134.0,0,81,147.0,1.815,2,5.0,2,5.0,9,0.0,7,0.0,0,0,0,0,60.0,10.0,77.0,0,NS_GREEN,hold,,,
2135.0,0,81,109.0,1.346,2,6.0,2,6.0,8,0.0,8,0.0,0,0,0,0,41.0,12.0,56.0,0,NS_GREEN,hold,,,
2136.0,0,82,94.0,1.146,2,7.0,2,7.0,8,0.0,8,0.0,0,0,0,0,45.0,14.0,35.0,0,NS_GREEN,hold,,,
2137.0,0,83,55.0,0.663,3,8.0,3,8.0,8,0.0,8,0.0,0,0,0,0,25.0,16.0,14.0,0,NS_GREEN,hold,,,
2138.0,0,84,48.0,0.571,4,9.0,4,9.0,7,0.0,8,0.0,0,0,0,0,15.0,18.0,15.0,0,NS_GREEN,hold,,,
2139.0,0,86,50.0,0.581,4,10.0,4,10.0,8,0.0,8,0.0,0,0,0,0,13.0,20.0,17.0,0,NS_GREEN,hold,,,
2140.0,0,86,57.0,0.663,4,11.0,4,11.0,8,0.0,8,0.0,0,0,0,0,15.0,22.0,20.0,0,NS_GREEN,hold,,,
2141.0,0,89,65.0,0.73,4,12.0,4,12.0,8,0.0,9,0.0,0,0,0,0,18.0,24.0,23.0,0,NS_GREEN,hold,,,
2142.0,0,88,72.0,0.818,4,13.0,4,13.0,8,0.0,9,0.0,0,0,0,0,22.0,26.0,24.0,0,NS_YELLOW,fixed_cycle,,,
2143.0,1,89,79.0,0.888,4,14.0,4,14.0,8,0.0,9,0.0,0,0,0,0,27.0,28.0,24.0,0,NS_YELLOW,hold,,,
2144.0,1,90,87.0,0.967,4,15.0,4,15.0,8,0.0,10,0.0,0,0,0,0,32.0,30.0,25.0,0,NS_YELLOW,hold,,,
2145.0,1,90,97.0,1.078,4,16.0,4,16.0,8,0.0,10,0.0,0,0,0,0,38.0,32.0,27.0,0,EW_GREEN,fixed_cycle,,,
2146.0,2,86,33.0,0.384,3,0.0,3,0.0,8,0.0,11,0.0,0,0,0,0,26.0,0.0,7.0,0,EW_GREEN,hold,,,
2147.0,2,86,34.0,0.395,3,0.0,3,0.0,9,0.0,11,0.0,0,0,0,0,32.0,0.0,2.0,0,EW_GREEN,hold,,,
2148.0,2,84,40.0,0.476,3,0.0,3,0.0,9,0.0,11,0.0,0,0,0,0,38.0,0.0,2.0,0,EW_GREEN,hold,,,
2149.0,2,83,50.0,0.602,3,0.0,3,0.0,9,1.0,11,0.0,0,0,0,0,45.0,1.0,4.0,0,EW_GREEN,hold,,,
2150.0,2,82,63.0,0.768,3,0.0,3,0.0,9,3.0,11,1.0,0,0,0,0,53.0,4.0,6.0,0,EW_GREEN,hold,,,
2151.0,2,81,79.0,0.975,2,0.0,2,0.0,9,5.0,11,3.0,0,0,0,0,62.0,8.0,9.0,0,EW_GREEN,hold,,,
2152.0,2,79,96.0,1.215,2,0.0,2,0.0,9,8.0,11,5.0,0,0,0,0,71.0,13.0,12.0,0,EW_GREEN,hold,,,
2153.0,2,78,115.0,1.474,1,0.0,2,0.0,9,11.0,11,7.0,0,0,0,0,81.0,18.0,16.0,0,EW_GREEN,hold,,,
2154.0,2,74,136.0,1.838,1,0.0,1,0.0,9,14.0,11,10.0,0,0,0,0,91.0,24.0,21.0,0,EW_GREEN,hold,,,
2155.0,2,73,159.0,2.178,1,0.0,1,0.0,9,17.0,11,13.0,0,0,0,0,102.0,30.0,27.0,0,EW_GREEN,hold,,,
2156.0,2,70,183.0,2.614,1,0.0,1,0.0,9,20.0,11,16.0,0,0,0,0,114.0,36.0,33.0,0,EW_GREEN,hold,,,
2157.0,2,71,209.0,2.944,1,0.0,0,0.0,10,23.0,11,19.0,0,0,0,0,127.0,42.0,40.0,0,EW_GREEN,hold,,,
2158.0,2,70,236.0,3.371,1,0.0,0,0.0,10,26.0,11,22.0,0,0,0,0,140.0,48.0,48.0,0,EW_GREEN,hold,,,
2159.0,2,69,266.0,3.855,1,0.0,0,0.0,10,30.0,11,25.0,0,0,0,0,154.0,55.0,57.0,0,EW_GREEN,hold,,,
2160.0,2,68,298.0,4.382,0,0.0,0,0.0,10,35.0,11,28.0,0,0,0,0,169.0,63.0,66.0,0,EW_GREEN,hold,,,
2161.0,2,74,330.0,4.459,2,0.0,2,0.0,10,40.0,11,31.0,0,0,0,0,184.0,71.0,75.0,0,EW_GREEN,hold,,,
2162.0,2,75,365.0,4.867,2,0.0,2,0.0,10,45.0,11,35.0,0,0,0,0,200.0,80.0,85.0,0,EW_GREEN,hold,,,
2163.0,2,76,403.0,5.303,2,0.0,2,0.0,10,51.0,11,39.0,0,0,2,0,217.0,90.0,96.0,0,EW_GREEN,hold,,,
2164.0,2,78,444.0,5.692,2,0.0,2,0.0,10,58.0,11,43.0,0,0,5,0,235.0,101.0,108.0,0,EW_GREEN,hold,,,
2165.0,2,77,485.0,6.299,2,0.0,2,0.0,10,65.0,11,47.0,0,0,5,0,253.0,112.0,120.0,0,EW_GREEN,hold,,,
2166.0,2,77,528.0,6.857,2,0.0,2,0.0,10,72.0,11,52.0,0,0,5,0,271.0,124.0,133.0,0,EW_GREEN,hold,,,
2167.0,2,78,574.0,7.359,2,0.0,2,0.0,11,79.0,11,58.0,0,0,5,3,290.0,137.0,147.0,0,EW_GREEN,hold,,,
2168.0,2,79,594.0,7.519,2,0.0,2,0.0,11,86.0,11,66.0,0,0,5,3,280.0,152.0,162.0,0,EW_GREEN,hold,,,
2169.0,2,78,614.0,7.872,2,0.0,2,0.0,11,93.0,11,74.0,0,0,5,0,270.0,167.0,177.0,0,EW_GREEN,hold,,,
2170.0,2,78,635.0,8.141,2,0.0,2,0.0,11,100.0,11,82.0,0,0,5,0,261.0,182.0,192.0,0,EW_GREEN,hold,,,
2171.0,2,80,656.0,8.2,2,0.0,2,0.0,11,107.0,11,90.0,0,0,5,4,251.0,197.0,208.0,0,EW_GREEN,hold,,,
2172.0,2,82,680.0,8.293,2,0.0,2,0.0,12,114.0,11,99.0,0,0,3,4,243.0,213.0,224.0,0,EW_GREEN,hold,,,
2173.0,2,82,703.0,8.573,2,0.0,2,0.0,12,121.0,11,108.0,0,0,3,4,234.0,229.0,240.0,0,EW_GREEN,hold,,,
2174.0,2,82,754.0,9.195,2,0.0,2,0.0,12,128.0,11,117.0,0,0,0,4,252.0,245.0,257.0,0,EW_GREEN,hold,,,
2175.0,2,81,781.0,9.642,1,0.0,2,0.0,12,135.0,11,127.0,0,0,3,8,244.0,262.0,275.0,0,EW_YELLOW,fixed_cycle,,,
2176.0,3,79,809.0,10.241,1,0.0,1,0.0,12,143.0,11,137.0,0,0,3,8,236.0,280.0,293.0,0,EW_YELLOW,hold,,,
2177.0,3,79,839.0,10.62,1,0.0,1,0.0,13,151.0,11,148.0,0,0,3,11,228.0,299.0,312.0,0,EW_YELLOW,hold,,,
2178.0,3,79,870.0,11.013,1,0.0,1,0.0,13,159.0,11,159.0,0,0,3,11,220.0,318.0,332.0,0,NS_GREEN,fixed_cycle,,,
2179.0,0,71,689.0,9.704,1,0.0,1,0.0,10,78.0,9,85.0,0,0,2,5,205.0,163.0,321.0,0,NS_GREEN,hold,,,
2180.0,0,71,567.0,7.986,1,0.0,1,0.0,10,23.0,9,45.0,0,0,0,0,190.0,68.0,309.0,0,NS_GREEN,hold,,,
2181.0,0,72,515.0,7.153,1,0.0,1,0.0,11,0.0,9,17.0,0,0,0,0,199.0,17.0,299.0,0,NS_GREEN,hold,,,
2182.0,0,70,471.0,6.729,1,0.0,1,0.0,8,0.0,8,0.0,0,0,0,0,182.0,0.0,289.0,0,NS_GREEN,hold,,,
2183.0,0,73,444.0,6.082,1,0.0,1,0.0,9,0.0,8,1.0,0,0,0,0,165.0,1.0,278.0,0,NS_GREEN,hold,,,
2184.0,0,71,417.0,5.873,1,0.0,1,0.0,7,0.0,7,2.0,0,0,0,0,149.0,2.0,266.0,0,NS_GREEN,hold,,,
2185.0,0,74,391.0,5.284,2,0.0,2,0.0,6,0.0,6,4.0,0,0,0,2,133.0,4.0,254.0,0,NS_GREEN,hold,,,
2186.0,0,76,388.0,5.105,3,0.0,3,0.0,6,0.0,5,6.0,0,0,0,2,141.0,6.0,241.0,0,NS_GREEN,hold,,,
2187.0,0,80,360.0,4.5,3,0.0,3,0.0,6,0.0,6,8.0,0,0,0,2,125.0,8.0,227.0,0,NS_GREEN,hold,,,
2188.0,0,81,332.0,4.099,3,0.0,3,0.0,6,0.0,5,10.0,0,0,0,1,108.0,10.0,214.0,0,NS_GREEN,hold,,,
2189.0,0,80,295.0,3.688,3,0.0,3,0.0,6,0.0,5,0.0,0,0,0,0,95.0,0.0,200.0,0,NS_GREEN,hold,,,
2190.0,0,81,266.0,3.284,3,0.0,3,0.0,6,0.0,5,0.0,0,0,0,0,81.0,0.0,185.0,0,NS_GREEN,hold,,,
2191.0,0,81,286.0,3.531,3,0.0,3,0.0,7,0.0,5,0.0,0,0,0,0,90.0,0.0,196.0,0,NS_GREEN,hold,,,
2192.0,0,81,256.0,3.16,3,0.0,3,0.0,7,0.0,4,0.0,0,0,0,0,76.0,0.0,180.0,0,NS_GREEN,hold,,,
2193.0,0,81,224.0,2.765,3,0.0,3,0.0,8,0.0,4,0.0,0,0,0,0,61.0,0.0,163.0,0,NS_GREEN,hold,,,
2194.0,0,82,192.0,2.341,3,0.0,3,0.0,8,0.0,5,0.0,0,0,0,0,47.0,0.0,145.0,0,NS_GREEN,hold,,,
2195.0,0,82,209.0,2.549,3,0.0,3,0.0,8,0.0,5,0.0,0,0,0,0,56.0,0.0,153.0,0,NS_GREEN,hold,,,
2196.0,0,81,202.0,2.494,3,0.0,3,0.0,8,0.0,5,0.0,0,0,0,0,67.0,0.0,135.0,0,NS_GREEN,hold,,,
2197.0,0,81,194.0,2.395,3,0.0,3,0.0,7,0.0,6,0.0,0,0,0,0,76.0,0.0,118.0,0,NS_GREEN,hold,,,
2198.0,0,82,187.0,2.28,3,0.0,3,0.0,8,0.0,6,0.0,0,0,0,0,87.0,0.0,100.0,0,NS_GREEN,hold,,,
2199.0,0,83,188.0,2.265,3,0.0,3,0.0,8,0.0,7,0.0,0,0,0,0,83.0,0.0,105.0,0,NS_GREEN,hold,,,
2200.0,0,81,166.0,2.049,3,0.0,3,0.0,8,0.0,7,0.0,0,0,0,0,80.0,0.0,86.0,0,NS_GREEN,hold,,,
2201.0,0,83,143.0,1.723,3,0.0,3,0.0,9,0.0,8,0.0,0,0,0,0,77.0,0.0,66.0,0,NS_GREEN,hold,,,
2202.0,0,83,119.0,1.434,3,0.0,3,0.0,9,0.0,8,0.0,0,0,0,0,74.0,0.0,45.0,0,NS_GREEN,hold,,,
2203.0,0,82,97.0,1.183,3,1.0,3,1.0,9,0.0,8,0.0,0,0,0,0,72.0,2.0,23.0,0,NS_GREEN,hold,,,
2204.0,0,84,76.0,0.905,3,3.0,3,2.0,10,0.0,9,0.0,1,2,0,0,70.0,5.0,1.0,0,NS_GREEN,hold,,,
2205.0,0,83,76.0,0.916,3,3.0,3,4.0,10,0.0,9,0.0,0,1,0,0,67.0,7.0,2.0,0,NS_GREEN,hold,,,
2206.0,0,85,75.0,0.882,3,4.0,3,4.0,10,0.0,10,0.0,0,0,0,0,64.0,8.0,3.0,0,NS_GREEN,hold,,,
2207.0,0,84,76.0,0.905,3,5.0,3,5.0,9,0.0,10,0.0,0,0,0,0,62.0,10.0,4.0,0,NS_GREEN,hold,,,
2208.0,0,83,77.0,0.928,3,6.0,3,6.0,9,0.0,10,0.0,0,0,0,0,60.0,12.0,5.0,0,NS_YELLOW,fixed_cycle,,,
2209.0,1,86,89.0,1.035,4,8.0,4,7.0,9,0.0,11,0.0,0,0,0,0,68.0,15.0,6.0,0,NS_YELLOW,hold,,,
2210.0,1,88,92.0,1.045,4,10.0,4,9.0,9,0.0,11,0.0,0,0,0,0,66.0,19.0,7.0,0,NS_YELLOW,hold,,,
2211.0,1,89,94.0,1.056,4,12.0,4,11.0,10,0.0,11,0.0,0,0,0,0,63.0,23.0,8.0,0,EW_GREEN,fixed_cycle,,,
2212.0,2,81,38.0,0.469,2,0.0,2,0.0,10,0.0,11,0.0,0,0,0,0,38.0,0.0,0.0,0,EW_GREEN,hold,,,
2213.0,2,82,49.0,0.598,2,0.0,2,0.0,10,0.0,12,0.0,0,0,0,0,48.0,0.0,1.0,0,EW_GREEN,hold,,,
2214.0,2,81,51.0,0.63,2,0.0,2,0.0,10,0.0,12,0.0,0,0,0,0,48.0,0.0,3.0,0,EW_GREEN,hold,,,
2215.0,2,80,58.0,0.725,2,0.0,2,0.0,10,1.0,12,1.0,0,0,0,0,51.0,2.0,5.0,0,EW_GREEN,hold,,,
2216.0,2,80,65.0,0.812,2,0.0,2,0.0,10,2.0,12,2.0,0,0,0,0,54.0,4.0,7.0,0,EW_GREEN,hold,,,
2217.0,2,81,75.0,0.926,2,0.0,2,0.0,10,3.0,12,4.0,0,0,0,0,58.0,7.0,10.0,0,EW_GREEN,hold,,,
2218.0,2,78,84.0,1.077,2,0.0,2,0.0,10,4.0,12,6.0,0,0,0,0,60.0,10.0,14.0,0,EW_GREEN,hold,,,
2219.0,2,77,95.0,1.234,2,0.0,2,0.0,10,5.0,12,8.0,0,0,0,0,64.0,13.0,18.0,0,EW_GREEN,hold,,,
2220.0,2,74,107.0,1.446,2,0.0,2,0.0,10,6.0,12,10.0,0,0,0,0,68.0,16.0,23.0,0,EW_GREEN,hold,,,
2221.0,2,77,128.0,1.662,2,0.0,2,0.0,11,8.0,13,12.0,0,0,0,0,80.0,20.0,28.0,0,EW_GREEN,hold,,,
2222.0,2,75,142.0,1.893,2,0.0,2,0.0,11,10.0,13,14.0,0,0,0,0,84.0,24.0,34.0,0,EW_GREEN,hold,,,
2223.0,2,74,156.0,2.108,1,0.0,2,0.0,11,13.0,13,16.0,0,0,0,0,87.0,29.0,40.0,0,EW_GREEN,hold,,,
2224.0,2,74,170.0,2.297,1,0.0,2,0.0,11,15.0,13,18.0,0,0,0,0,90.0,33.0,47.0,0,EW_GREEN,hold,,,
2225.0,2,73,195.0,2.671,1,0.0,1,0.0,11,18.0,13,21.0,0,0,0,0,101.0,39.0,55.0,0,EW_GREEN,hold,,,
2226.0,2,72,223.0,3.097,1,0.0,1,0.0,11,22.0,13,24.0,0,0,0,0,113.0,46.0,64.0,0,EW_GREEN,hold,,,
2227.0,2,74,254.0,3.432,1,0.0,1,0.0,11,26.0,13,28.0,0,0,0,0,126.0,54.0,74.0,0,EW_GREEN,hold,,,
2228.0,2,73,286.0,3.918,1,0.0,1,0.0,11,30.0,13,32.0,0,0,0,0,140.0,62.0,84.0,0,EW_GREEN,hold,,,
2229.0,2,73,319.0,4.37,1,0.0,1,0.0,11,34.0,13,36.0,0,0,0,0,154.0,70.0,95.0,0,EW_GREEN,hold,,,
2230.0,2,73,354.0,4.849,1,0.0,1,0.0,11,38.0,13,40.0,0,0,0,0,169.0,78.0,107.0,0,EW_GREEN,hold,,,
2231.0,2,74,392.0,5.297,1,0.0,1,0.0,12,44.0,13,45.0,0,0,0,0,184.0,89.0,119.0,0,EW_GREEN,hold,,,
2232.0,2,75,432.0,5.76,1,0.0,1,0.0,12,50.0,13,51.0,0,0,0,0,200.0,101.0,131.0,0,EW_GREEN,hold,,,
2233.0,2,80,475.0,5.938,2,0.0,2,0.0,12,57.0,13,58.0,0,0,2,0,216.0,115.0,144.0,0,EW_GREEN,hold,,,
2234.0,2,83,522.0,6.289,3,0.0,3,0.0,12,65.0,13,66.0,0,0,2,0,233.0,131.0,158.0,0,EW_GREEN,hold,,,
2235.0,2,83,571.0,6.88,3,0.0,3,0.0,12,73.0,13,74.0,0,0,4,0,251.0,147.0,173.0,0,EW_GREEN,hold,,,
2236.0,2,84,621.0,7.393,3,0.0,3,0.0,12,81.0,13,82.0,0,0,4,0,270.0,163.0,188.0,0,EW_GREEN,hold,,,
2237.0,2,84,672.0,8.0,3,0.0,3,0.0,12,89.0,13,91.0,0,0,4,0,289.0,180.0,203.0,0,EW_GREEN,hold,,,
2238.0,2,84,726.0,8.643,3,0.0,3,0.0,12,97.0,13,100.0,0,0,4,0,310.0,197.0,219.0,0,EW_GREEN,hold,,,
2239.0,2,85,782.0,9.2,3,0.0,3,0.0,13,106.0,13,110.0,0,0,4,5,330.0,216.0,236.0,0,EW_GREEN,hold,,,
2240.0,2,85,842.0,9.906,3,0.0,3,0.0,13,116.0,13,121.0,0,0,7,5,352.0,237.0,253.0,0,EW_GREEN,hold,,,
2241.0,2,85,904.0,10.635,3,0.0,3,0.0,13,126.0,13,132.0,0,0,7,5,375.0,258.0,271.0,0,EW_YELLOW,fixed_cycle,,,
2242.0,3,85,964.0,11.341,3,0.0,3,0.0,13,136.0,13,143.0,0,0,7,5,396.0,279.0,289.0,0,EW_YELLOW,hold,,,
2243.0,3,85,1027.0,12.082,3,0.0,3,0.0,13,146.0,13,154.0,0,0,7,9,419.0,300.0,308.0,0,EW_YELLOW,hold,,,
2244.0,3,86,1092.0,12.698,3,0.0,3,0.0,13,156.0,13,166.0,0,0,7,9,442.0,322.0,328.0,0,NS_GREEN,fixed_cycle,,,
2245.0,0,79,940.0,11.899,3,0.0,3,0.0,10,98.0,11,97.0,0,0,5,7,429.0,195.0,316.0,0,NS_GREEN,hold,,,
2246.0,0,78,818.0,10.487,3,0.0,3,0.0,10,45.0,10,55.0,0,0,0,0,415.0,100.0,303.0,0,NS_GREEN,hold,,,
2247.0,0,78,731.0,9.372,3,0.0,3,0.0,10,15.0,10,23.0,0,0,0,0,400.0,38.0,293.0,0,NS_GREEN,hold,,,
2248.0,0,76,677.0,8.908,3,0.0,3,0.0,8,0.0,9,9.0,0,0,0,0,385.0,9.0,283.0,0,NS_GREEN,hold,,,
2249.0,0,78,643.0,8.244,3,0.0,3,1.0,9,0.0,9,0.0,0,0,0,0,369.0,1.0,273.0,0,NS_GREEN,hold,,,
2250.0,0,75,620.0,8.267,3,0.0,3,2.0,8,0.0,8,0.0,0,0,0,0,353.0,2.0,265.0,0,NS_GREEN,hold,,,
2251.0,0,77,599.0,7.779,3,0.0,3,4.0,7,0.0,7,0.0,0,2,0,0,338.0,4.0,257.0,0,NS_GREEN,hold,,,
2252.0,0,80,576.0,7.2,3,1.0,3,6.0,8,0.0,7,0.0,0,1,0,0,321.0,7.0,248.0,0,NS_GREEN,hold,,,
2253.0,0,76,549.0,7.224,3,2.0,3,5.0,5,0.0,5,0.0,0,0,0,0,304.0,7.0,238.0,0,NS_GREEN,hold,,,
2254.0,0,80,555.0,6.938,3,3.0,3,6.0,6,0.0,4,0.0,0,0,0,0,319.0,9.0,227.0,0,NS_GREEN,hold,,,
2255.0,0,79,527.0,6.671,3,4.0,3,7.0,5,0.0,3,0.0,0,0,0,0,300.0,11.0,216.0,0,NS_GREEN,hold,,,
2256.0,0,81,497.0,6.136,3,5.0,3,8.0,5,0.0,3,0.0,0,0,0,0,280.0,13.0,204.0,0,NS_GREEN,hold,,,
2257.0,0,87,469.0,5.391,4,6.0,4,9.0,6,0.0,4,0.0,0,0,0,0,261.0,15.0,193.0,0,NS_GREEN,hold,,,
2258.0,0,86,466.0,5.419,4,8.0,4,11.0,6,0.0,4,0.0,0,0,0,0,241.0,19.0,206.0,0,NS_GREEN,hold,,,
2259.0,0,86,436.0,5.07,4,10.0,4,13.0,6,0.0,5,0.0,0,0,0,0,220.0,23.0,193.0,0,NS_GREEN,hold,,,
2260.0,0,86,405.0,4.709,4,12.0,4,15.0,6,0.0,5,0.0,0,0,0,0,199.0,27.0,179.0,0,NS_GREEN,hold,,,
2261.0,0,86,375.0,4.36,4,14.0,4,17.0,7,0.0,5,0.0,0,0,0,0,178.0,31.0,166.0,0,NS_GREEN,hold,,,
2262.0,0,87,345.0,3.966,4,16.0,4,19.0,7,0.0,6,0.0,0,0,0,0,158.0,35.0,152.0,0,NS_GREEN,hold,,,
2263.0,0,85,315.0,3.706,4,18.0,4,21.0,6,0.0,6,0.0,0,0,0,0,138.0,39.0,138.0,0,NS_GREEN,hold,,,
2264.0,0,87,313.0,3.598,4,20.0,4,23.0,6,0.0,7,0.0,0,0,0,0,146.0,43.0,124.0,0,NS_GREEN,hold,,,
2265.0,0,86,302.0,3.512,4,22.0,4,25.0,6,0.0,7,0.0,0,0,0,0,124.0,47.0,131.0,0,NS_GREEN,hold,,,
2266.0,0,88,269.0,3.057,4,24.0,4,27.0,7,0.0,8,0.0,0,0,0,0,103.0,51.0,115.0,0,NS_GREEN,hold,,,
2267.0,0,88,236.0,2.682,4,26.0,4,29.0,7,0.0,8,0.0,0,0,0,0,83.0,55.0,98.0,0,NS_GREEN,hold,,,
2268.0,0,87,200.0,2.299,4,28.0,4,31.0,7,0.0,8,0.0,0,0,0,0,60.0,59.0,81.0,0,NS_GREEN,hold,,,
2269.0,0,88,165.0,1.875,4,30.0,4,33.0,6,0.0,9,0.0,0,0,0,0,39.0,63.0,63.0,0,NS_GREEN,hold,,,
2270.0,0,88,178.0,2.023,4,32.0,4,35.0,6,0.0,9,0.0,0,0,0,0,45.0,67.0,66.0,0,NS_GREEN,hold,,,
2271.0,0,88,170.0,1.932,4,34.0,4,37.0,6,0.0,10,0.0,0,0,0,0,52.0,71.0,47.0,0,NS_GREEN,hold,,,
2272.0,0,90,184.0,2.044,4,36.0,4,39.0,7,0.0,10,0.0,0,0,0,0,60.0,75.0,49.0,0,NS_GREEN,hold,,,
2273.0,0,89,188.0,2.112,4,39.0,4,41.0,7,0.0,10,0.0,4,0,0,0,57.0,80.0,51.0,0,NS_GREEN,hold,,,
2274.0,0,90,192.0,2.133,4,43.0,4,43.0,7,0.0,11,0.0,4,2,0,0,53.0,86.0,53.0,0,NS_YELLOW,fixed_cycle,,,
2275.0,1,92,201.0,2.185,4,47.0,4,47.0,8,0.0,11,0.0,4,4,0,0,52.0,94.0,55.0,0,NS_YELLOW,hold,,,
2276.0,1,93,208.0,2.237,4,51.0,4,51.0,8,0.0,12,0.0,4,4,0,0,49.0,102.0,57.0,0,NS_YELLOW,hold,,,
2277.0,1,94,217.0,2.309,4,55.0,4,55.0,8,0.0,12,0.0,4,4,0,0,47.0,110.0,60.0,0,EW_GREEN,fixed_cycle,,,
2278.0,2,88,70.0,0.795,2,11.0,2,8.0,8,0.0,12,0.0,2,2,0,0,20.0,19.0,31.0,0,EW_GREEN,hold,,,
2279.0,2,87,23.0,0.264,2,0.0,2,0.0,8,0.0,12,0.0,0,0,0,0,19.0,0.0,4.0,0,EW_GREEN,hold,,,
2280.0,2,85,25.0,0.294,2,0.0,2,0.0,8,0.0,12,0.0,0,0,0,0,18.0,0.0,7.0,0,EW_GREEN,hold,,,
2281.0,2,89,29.0,0.326,4,0.0,4,0.0,9,0.0,12,1.0,0,0,0,0,18.0,1.0,10.0,0,EW_GREEN,hold,,,
2282.0,2,90,35.0,0.389,5,0.0,5,0.0,9,1.0,12,2.0,0,0,0,0,19.0,3.0,13.0,0,EW_GREEN,hold,,,
2283.0,2,89,43.0,0.483,5,0.0,5,0.0,9,2.0,12,3.0,0,0,0,0,21.0,5.0,17.0,0,EW_GREEN,hold,,,
2284.0,2,88,54.0,0.614,5,0.0,5,1.0,9,4.0,12,4.0,0,0,0,0,23.0,9.0,22.0,0,EW_GREEN,hold,,,
2285.0,2,89,70.0,0.787,5,1.0,5,2.0,9,6.0,13,6.0,0,0,0,0,27.0,15.0,28.0,0,EW_GREEN,hold,,,
2286.0,2,88,92.0,1.045,5,2.0,4,3.0,10,9.0,13,8.0,0,0,0,0,36.0,22.0,34.0,0,EW_GREEN,hold,,,
2287.0,2,87,112.0,1.287,4,3.0,4,4.0,10,12.0,13,11.0,0,0,0,0,41.0,30.0,41.0,0,EW_GREEN,hold,,,
2288.0,2,85,132.0,1.553,4,4.0,4,5.0,10,15.0,13,14.0,0,0,0,0,46.0,38.0,48.0,0,EW_GREEN,hold,,,
2289.0,2,85,153.0,1.8,4,5.0,4,6.0,10,18.0,13,17.0,0,0,0,0,51.0,46.0,56.0,0,EW_GREEN,hold,,,
2290.0,2,80,170.0,2.125,3,0.0,4,7.0,10,21.0,13,20.0,0,0,0,0,57.0,48.0,65.0,0,EW_GREEN,hold,,,
2291.0,2,80,187.0,2.337,3,0.0,3,0.0,11,25.0,13,24.0,0,0,0,0,64.0,49.0,74.0,0,EW_GREEN,hold,,,
2292.0,2,79,217.0,2.747,3,0.0,3,0.0,11,29.0,13,29.0,0,0,0,0,76.0,58.0,83.0,0,EW_GREEN,hold,,,
2293.0,2,79,246.0,3.114,3,0.0,3,0.0,11,33.0,13,35.0,0,0,2,0,85.0,68.0,93.0,0,EW_GREEN,hold,,,
2294.0,2,77,277.0,3.597,3,0.0,3,0.0,11,37.0,13,41.0,0,0,2,0,95.0,78.0,104.0,0,EW_GREEN,hold,,,
2295.0,2,78,309.0,3.962,3,0.0,3,0.0,11,42.0,13,47.0,0,0,2,0,104.0,89.0,116.0,0,EW_GREEN,hold,,,
2296.0,2,78,343.0,4.397,3,0.0,3,0.0,11,47.0,13,54.0,0,0,2,0,114.0,101.0,128.0,0,EW_GREEN,hold,,,
2297.0,2,77,380.0,4.935,3,0.0,3,0.0,11,53.0,13,62.0,0,0,2,0,124.0,115.0,141.0,0,EW_GREEN,hold,,,
2298.0,2,77,419.0,5.442,3,0.0,3,1.0,11,59.0,13,70.0,0,0,2,0,135.0,130.0,154.0,0,EW_GREEN,hold,,,
2299.0,2,77,461.0,5.987,3,0.0,3,2.0,11,65.0,13,78.0,0,0,2,0,148.0,145.0,168.0,0,EW_GREEN,hold,,,
2300.0,2,76,505.0,6.645,3,1.0,3,3.0,11,71.0,13,86.0,0,0,2,0,162.0,161.0,182.0,0,EW_GREEN,hold,,,
2301.0,2,78,554.0,7.103,3,2.0,3,5.0,12,77.0,13,96.0,0,2,2,3,177.0,180.0,197.0,0,EW_GREEN,hold,,,
2302.0,2,77,602.0,7.818,2,0.0,3,7.0,12,83.0,13,106.0,0,2,2,3,193.0,196.0,213.0,0,EW_GREEN,hold,,,
2303.0,2,78,654.0,8.385,2,0.0,3,9.0,12,89.0,13,116.0,0,1,2,4,210.0,214.0,230.0,0,EW_GREEN,hold,,,
2304.0,2,78,697.0,8.936,2,0.0,2,0.0,12,95.0,13,127.0,0,0,2,4,228.0,222.0,247.0,0,EW_GREEN,hold,,,
2305.0,2,81,749.0,9.247,2,0.0,3,0.0,12,101.0,13,138.0,0,0,2,4,245.0,239.0,265.0,0,EW_GREEN,hold,,,
2306.0,2,82,804.0,9.805,2,0.0,3,0.0,12,107.0,13,149.0,0,0,2,4,265.0,256.0,283.0,0,EW_GREEN,hold,,,
2307.0,2,82,862.0,10.512,2,0.0,3,0.0,12,115.0,13,160.0,0,0,2,8,285.0,275.0,302.0,0,EW_YELLOW,fixed_cycle,,,
2308.0,3,82,923.0,11.256,2,0.0,3,1.0,12,123.0,13,171.0,0,0,2,8,306.0,295.0,322.0,0,EW_YELLOW,hold,,,
2309.0,3,82,987.0,12.037,2,0.0,3,2.0,12,131.0,13,183.0,0,0,2,8,328.0,316.0,343.0,0,EW_YELLOW,hold,,,
2310.0,3,82,1050.0,12.805,2,0.0,3,3.0,12,139.0,13,195.0,0,0,2,8,350.0,337.0,363.0,0,NS_GREEN,fixed_cycle,,,
2311.0,0,76,885.0,11.645,2,0.0,3,4.0,10,63.0,11,128.0,0,0,0,3,340.0,195.0,350.0,0,NS_GREEN,hold,,,
2312.0,0,76,757.0,9.961,2,0.0,3,5.0,10,12.0,10,73.0,0,0,0,0,329.0,90.0,338.0,0,NS_GREEN,hold,,,
2313.0,0,76,678.0,8.921,2,0.0,3,6.0,10,0.0,10,28.0,0,0,0,0,318.0,34.0,326.0,0,NS_GREEN,hold,,,
2314.0,0,73,629.0,8.616,2,0.0,3,7.0,8,0.0,9,0.0,0,0,0,0,307.0,7.0,315.0,0,NS_GREEN,hold,,,
2315.0,0,74,606.0,8.189,2,0.0,3,8.0,9,0.0,8,0.0,0,0,0,0,295.0,8.0,303.0,0,NS_GREEN,hold,,,
2316.0,0,75,583.0,7.773,2,0.0,3,9.0,8,1.0,8,0.0,0,0,0,0,283.0,10.0,290.0,0,NS_GREEN,hold,,,
2317.0,0,75,559.0,7.453,2,0.0,3,10.0,7,2.0,6,0.0,0,0,0,0,270.0,12.0,277.0,0,NS_GREEN,hold,,,
2318.0,0,75,536.0,7.147,2,0.0,3,11.0,6,4.0,6,0.0,0,0,1,0,257.0,15.0,264.0,0,NS_GREEN,hold,,,
2319.0,0,77,510.0,6.623,2,0.0,3,12.0,6,4.0,4,0.0,0,0,0,0,244.0,16.0,250.0,0,NS_GREEN,hold,,,
2320.0,0,74,515.0,6.959,2,0.0,3,13.0,5,5.0,4,0.0,0,1,0,0,232.0,18.0,265.0,0,NS_GREEN,hold,,,
2321.0,0,76,518.0,6.816,2,0.0,3,14.0,5,6.0,4,0.0,0,1,1,0,247.0,20.0,251.0,0,NS_GREEN,hold,,,
2322.0,0,76,494.0,6.5,2,0.0,3,15.0,5,7.0,4,0.0,0,1,0,0,236.0,22.0,236.0,0,NS_GREEN,hold,,,
2323.0,0,79,459.0,5.81,2,0.0,3,16.0,5,0.0,5,0.0,0,1,0,0,223.0,16.0,220.0,0,NS_GREEN,hold,,,
2324.0,0,78,430.0,5.513,2,1.0,3,18.0,5,0.0,4,0.0,0,1,0,0,207.0,19.0,204.0,0,NS_GREEN,hold,,,
2325.0,0,77,399.0,5.182,2,2.0,3,20.0,5,0.0,4,0.0,0,1,0,0,189.0,22.0,188.0,0,NS_GREEN,hold,,,
2326.0,0,79,367.0,4.646,2,3.0,3,22.0,6,0.0,5,0.0,0,1,0,0,170.0,25.0,172.0,0,NS_GREEN,hold,,,
2327.0,0,81,334.0,4.123,2,4.0,3,24.0,6,0.0,5,0.0,0,1,0,0,151.0,28.0,155.0,0,NS_GREEN,hold,,,
2328.0,0,81,326.0,4.025,2,5.0,3,26.0,6,0.0,5,0.0,0,1,0,0,158.0,31.0,137.0,0,NS_GREEN,hold,,,
2329.0,0,83,315.0,3.795,3,6.0,4,28.0,6,0.0,6,0.0,0,0,0,0,137.0,34.0,144.0,0,NS_GREEN,hold,,,
2330.0,0,84,304.0,3.619,4,7.0,5,30.0,5,0.0,6,0.0,0,0,0,0,142.0,37.0,125.0,0,NS_GREEN,hold,,,
2331.0,0,82,270.0,3.293,4,8.0,5,32.0,5,0.0,6,0.0,0,0,0,0,124.0,40.0,106.0,0,NS_GREEN,hold,,,
2332.0,0,85,230.0,2.706,4,9.0,5,34.0,6,0.0,7,0.0,0,0,0,0,101.0,43.0,86.0,0,NS_GREEN,hold,,,
2333.0,0,83,188.0,2.265,4,10.0,5,36.0,6,0.0,7,0.0,0,0,0,0,76.0,46.0,66.0,0,NS_GREEN,hold,,,
2334.0,0,84,169.0,2.012,4,11.0,5,38.0,6,0.0,8,0.0,0,0,0,0,51.0,49.0,69.0,0,NS_GREEN,hold,,,
2335.0,0,84,124.0,1.476,4,12.0,5,40.0,7,0.0,8,0.0,0,0,0,0,25.0,52.0,47.0,0,NS_GREEN,hold,,,
2336.0,0,85,105.0,1.235,4,13.0,5,42.0,7,0.0,9,0.0,0,0,0,0,26.0,55.0,24.0,0,NS_GREEN,hold,,,
2337.0,0,86,59.0,0.686,4,14.0,5,44.0,8,0.0,9,0.0,0,0,0,0,0.0,58.0,1.0,0,NS_GREEN,hold,,,
2338.0,0,85,63.0,0.741,4,15.0,5,46.0,8,0.0,9,0.0,0,0,0,0,0.0,61.0,2.0,0,NS_GREEN,hold,,,
2339.0,0,88,67.0,0.761,4,16.0,5,48.0,8,0.0,10,0.0,0,0,0,0,0.0,64.0,3.0,0,NS_GREEN,hold,,,
2340.0,0,87,71.0,0.816,4,17.0,5,50.0,8,0.0,10,0.0,0,0,0,0,0.0,67.0,4.0,0,NS_YELLOW,fixed_cycle,,,
2341.0,1,88,75.0,0.852,4,18.0,5,52.0,7,0.0,11,0.0,0,0,0,0,0.0,70.0,5.0,0,NS_YELLOW,hold,,,
2342.0,1,90,81.0,0.9,4,19.0,5,54.0,8,0.0,11,0.0,0,0,0,0,2.0,73.0,6.0,0,NS_YELLOW,hold,,,
2343.0,1,94,87.0,0.926,4,20.0,5,56.0,8,0.0,12,0.0,0,0,0,0,4.0,76.0,7.0,0,EW_GREEN,fixed_cycle,,,
2344.0,2,88,5.0,0.057,3,0.0,3,0.0,8,0.0,12,0.0,0,0,0,0,4.0,0.0,1.0,0,EW_GREEN,hold,,,
2345.0,2,86,8.0,0.093,2,0.0,3,0.0,9,0.0,12,0.0,0,0,0,0,6.0,0.0,2.0,0,EW_GREEN,hold,,,
2346.0,2,86,13.0,0.151,2,0.0,3,0.0,9,0.0,12,0.0,0,0,0,0,9.0,0.0,4.0,0,EW_GREEN,hold,,,
2347.0,2,84,20.0,0.238,1,0.0,3,0.0,9,0.0,12,1.0,0,0,0,0,13.0,1.0,6.0,0,EW_GREEN,hold,,,
2348.0,2,82,27.0,0.329,1,0.0,3,0.0,9,0.0,12,2.0,0,0,0,0,17.0,2.0,8.0,0,EW_GREEN,hold,,,
2349.0,2,81,35.0,0.432,1,0.0,3,0.0,9,0.0,12,3.0,0,0,0,0,21.0,3.0,11.0,0,EW_GREEN,hold,,,
2350.0,2,79,47.0,0.595,1,0.0,2,0.0,9,0.0,12,5.0,0,0,0,0,27.0,5.0,15.0,0,EW_GREEN,hold,,,
2351.0,2,76,60.0,0.789,1,0.0,2,0.0,9,0.0,12,7.0,0,0,0,0,34.0,7.0,19.0,0,EW_GREEN,hold,,,
2352.0,2,74,76.0,1.027,1,0.0,2,0.0,9,1.0,12,9.0,0,0,0,0,42.0,10.0,24.0,0,EW_GREEN,hold,,,
2353.0,2,77,94.0,1.221,2,0.0,2,0.0,10,2.0,12,11.0,0,0,0,0,51.0,13.0,30.0,0,EW_GREEN,hold,,,
2354.0,2,75,113.0,1.507,2,0.0,2,0.0,10,4.0,12,14.0,0,0,0,0,58.0,18.0,37.0,0,EW_GREEN,hold,,,
2355.0,2,73,135.0,1.849,2,0.0,2,0.0,10,6.0,12,17.0,0,0,0,0,68.0,23.0,44.0,0,EW_GREEN,hold,,,
2356.0,2,74,158.0,2.135,2,0.0,2,0.0,11,8.0,12,20.0,0,0,0,0,78.0,28.0,52.0,0,EW_GREEN,hold,,,
2357.0,2,75,182.0,2.427,2,0.0,2,0.0,11,10.0,12,23.0,0,0,0,0,89.0,33.0,60.0,0,EW_GREEN,hold,,,
2358.0,2,78,208.0,2.667,2,0.0,2,0.0,11,13.0,13,26.0,0,0,0,0,101.0,39.0,68.0,0,EW_GREEN,hold,,,
2359.0,2,78,236.0,3.026,2,0.0,2,0.0,11,16.0,13,29.0,0,0,0,0,114.0,45.0,77.0,0,EW_GREEN,hold,,,
2360.0,2,76,265.0,3.487,2,0.0,2,0.0,11,19.0,13,32.0,0,0,0,0,127.0,51.0,87.0,0,EW_GREEN,hold,,,
2361.0,2,77,296.0,3.844,2,0.0,2,0.0,12,23.0,13,35.0,0,0,1,0,140.0,58.0,98.0,0,EW_GREEN,hold,,,
2362.0,2,78,330.0,4.231,2,0.0,2,0.0,12,27.0,13,38.0,0,0,1,0,155.0,65.0,110.0,0,EW_GREEN,hold,,,
2363.0,2,77,365.0,4.74,2,0.0,2,0.0,12,31.0,13,43.0,0,0,0,0,169.0,74.0,122.0,0,EW_GREEN,hold,,,
2364.0,2,79,402.0,5.089,2,0.0,2,0.0,12,35.0,13,49.0,0,0,0,0,183.0,84.0,135.0,0,EW_GREEN,hold,,,
2365.0,2,80,444.0,5.55,2,0.0,2,0.0,13,40.0,13,56.0,0,0,0,0,200.0,96.0,148.0,0,EW_GREEN,hold,,,
2366.0,2,80,488.0,6.1,2,0.0,2,0.0,13,45.0,13,64.0,0,0,0,0,217.0,109.0,162.0,0,EW_GREEN,hold,,,
2367.0,2,81,535.0,6.605,2,0.0,1,0.0,13,51.0,13,72.0,0,0,0,0,235.0,123.0,177.0,0,EW_GREEN,hold,,,
2368.0,2,81,581.0,7.173,2,0.0,1,0.0,13,57.0,13,80.0,0,0,0,3,251.0,137.0,193.0,0,EW_GREEN,hold,,,
2369.0,2,80,631.0,7.888,1,0.0,1,0.0,13,63.0,13,89.0,0,0,0,3,269.0,152.0,210.0,0,EW_GREEN,hold,,,
2370.0,2,81,684.0,8.444,1,0.0,1,0.0,13,69.0,13,99.0,0,0,0,4,289.0,168.0,227.0,0,EW_GREEN,hold,,,
2371.0,2,81,740.0,9.136,1,0.0,1,0.0,13,75.0,13,110.0,0,0,3,5,310.0,185.0,245.0,0,EW_GREEN,hold,,,
2372.0,2,80,797.0,9.963,1,0.0,1,0.0,13,82.0,13,119.0,0,0,3,0,332.0,201.0,264.0,0,EW_GREEN,hold,,,
2373.0,2,81,857.0,10.58,1,0.0,1,0.0,13,90.0,13,130.0,0,0,3,9,354.0,220.0,283.0,0,EW_YELLOW,fixed_cycle,,,
2374.0,3,80,920.0,11.5,1,0.0,1,0.0,13,98.0,13,142.0,0,0,3,9,377.0,240.0,303.0,0,EW_YELLOW,hold,,,
2375.0,3,80,982.0,12.275,1,0.0,1,0.0,13,106.0,13,154.0,0,0,3,9,400.0,260.0,322.0,0,EW_YELLOW,hold,,,
2376.0,3,81,1045.0,12.901,1,0.0,1,0.0,14,114.0,13,166.0,0,0,3,9,423.0,280.0,342.0,0,NS_GREEN,fixed_cycle,,,
2377.0,0,77,899.0,11.675,2,0.0,2,0.0,11,56.0,10,104.0,0,0,2,7,410.0,160.0,329.0,0,NS_GREEN,hold,,,
2378.0,0,80,788.0,9.85,3,0.0,3,0.0,11,15.0,10,59.0,0,0,0,0,397.0,74.0,317.0,0,NS_GREEN,hold,,,
2379.0,0,80,713.0,8.912,3,0.0,3,0.0,11,0.0,10,23.0,0,0,0,0,384.0,23.0,306.0,0,NS_GREEN,hold,,,
2380.0,0,73,672.0,9.205,3,0.0,3,0.0,8,0.0,7,7.0,0,0,0,0,370.0,7.0,295.0,0,NS_GREEN,hold,,,
2381.0,0,79,642.0,8.127,3,0.0,3,0.0,8,0.0,8,0.0,0,0,0,0,357.0,0.0,285.0,0,NS_GREEN,hold,,,
2382.0,0,76,616.0,8.105,3,0.0,3,0.0,6,0.0,8,0.0,0,0,0,0,342.0,0.0,274.0,0,NS_GREEN,hold,,,
2383.0,0,79,590.0,7.468,3,0.0,3,0.0,6,0.0,6,0.0,0,0,0,0,327.0,0.0,263.0,0,NS_GREEN,hold,,,
2384.0,0,79,562.0,7.114,3,0.0,3,0.0,5,0.0,6,0.0,0,0,0,0,310.0,0.0,252.0,0,NS_GREEN,hold,,,
2385.0,0,78,535.0,6.859,3,0.0,3,0.0,4,0.0,5,0.0,0,0,0,0,293.0,0.0,242.0,0,NS_GREEN,hold,,,
2386.0,0,81,506.0,6.247,3,0.0,3,0.0,5,0.0,6,0.0,0,0,0,0,275.0,0.0,231.0,0,NS_GREEN,hold,,,
2387.0,0,83,535.0,6.446,3,0.0,3,0.0,5,0.0,5,1.0,0,0,0,0,288.0,1.0,246.0,0,NS_GREEN,hold,,,
2388.0,0,83,505.0,6.084,3,0.0,3,0.0,6,0.0,5,2.0,0,0,0,0,270.0,2.0,233.0,0,NS_GREEN,hold,,,
2389.0,0,84,473.0,5.631,3,0.0,3,0.0,6,0.0,5,3.0,0,0,0,0,251.0,3.0,219.0,0,NS_GREEN,hold,,,
2390.0,0,84,436.0,5.19,3,0.0,3,0.0,6,0.0,5,0.0,0,0,0,0,231.0,0.0,205.0,0,NS_GREEN,hold,,,
2391.0,0,84,404.0,4.81,3,0.0,3,0.0,7,0.0,4,0.0,0,0,0,0,213.0,0.0,191.0,0,NS_GREEN,hold,,,
2392.0,0,84,372.0,4.429,3,0.0,3,0.0,7,0.0,4,0.0,0,0,0,0,195.0,0.0,177.0,0,NS_GREEN,hold,,,
2393.0,0,83,365.0,4.398,3,0.0,3,1.0,7,0.0,4,0.0,0,0,0,0,176.0,1.0,188.0,0,NS_GREEN,hold,,,
2394.0,0,83,332.0,4.0,3,1.0,3,2.0,6,0.0,5,0.0,0,0,0,0,155.0,3.0,174.0,0,NS_GREEN,hold,,,
2395.0,0,82,298.0,3.634,3,3.0,3,3.0,6,0.0,5,0.0,2,0,0,0,137.0,6.0,155.0,0,NS_GREEN,hold,,,
2396.0,0,84,292.0,3.476,3,5.0,3,5.0,7,0.0,5,0.0,2,2,0,0,145.0,10.0,137.0,0,NS_GREEN,hold,,,
2397.0,0,83,261.0,3.145,3,8.0,3,8.0,6,0.0,6,0.0,3,3,0,0,126.0,16.0,119.0,0,NS_GREEN,hold,,,
2398.0,0,85,226.0,2.659,3,11.0,3,9.0,7,0.0,6,0.0,3,2,0,0,105.0,20.0,101.0,0,NS_GREEN,hold,,,
2399.0,0,86,223.0,2.593,3,14.0,3,12.0,7,0.0,7,0.0,3,3,0,0,113.0,26.0,84.0,0,NS_GREEN,hold,,,
2400.0,0,86,189.0,2.198,3,17.0,3,15.0,7,0.0,7,0.0,3,3,0,0,91.0,32.0,66.0,0,NS_GREEN,hold,,,
2401.0,0,89,177.0,1.989,5,20.0,5,18.0,7,0.0,7,0.0,0,0,0,0,69.0,38.0,70.0,0,NS_GREEN,hold,,,
2402.0,0,90,143.0,1.589,5,23.0,5,21.0,7,0.0,8,0.0,0,0,0,0,48.0,44.0,51.0,0,NS_GREEN,hold,,,
2403.0,0,88,137.0,1.557,5,26.0,5,24.0,7,0.0,8,0.0,0,0,0,0,56.0,50.0,31.0,0,NS_GREEN,hold,,,
2404.0,0,91,131.0,1.44,5,29.0,5,27.0,8,0.0,9,0.0,0,0,0,0,64.0,56.0,11.0,0,NS_GREEN,hold,,,
2405.0,0,90,137.0,1.522,5,32.0,5,30.0,8,0.0,9,0.0,0,0,0,0,63.0,62.0,12.0,0,NS_GREEN,hold,,,
2406.0,0,89,142.0,1.596,5,35.0,5,33.0,8,0.0,9,0.0,0,0,0,0,61.0,68.0,13.0,0,NS_YELLOW,fixed_cycle,,,
2407.0,1,91,148.0,1.626,5,38.0,5,36.0,9,0.0,10,0.0,2,2,0,0,60.0,74.0,14.0,0,NS_YELLOW,hold,,,
2408.0,1,93,155.0,1.667,5,41.0,5,39.0,9,0.0,10,0.0,2,2,0,0,60.0,80.0,15.0,1,NS_YELLOW,hold,,,
2409.0,1,95,161.0,1.695,5,44.0,5,42.0,10,0.0,11,0.0,2,2,0,0,59.0,86.0,16.0,1,EW_GREEN,fixed_cycle,,,
2410.0,2,91,46.0,0.505,4,16.0,4,15.0,10,0.0,11,0.0,1,1,0,0,15.0,31.0,0.0,1,EW_GREEN,hold,,,
2411.0,2,89,16.0,0.18,3,0.0,3,0.0,10,0.0,11,0.0,0,0,0,0,14.0,0.0,2.0,1,EW_GREEN,hold,,,
2412.0,2,89,16.0,0.18,3,0.0,3,0.0,10,1.0,11,0.0,0,0,0,0,13.0,1.0,2.0,1,EW_GREEN,hold,,,
2413.0,2,84,19.0,0.226,2,0.0,2,0.0,10,2.0,11,0.0,0,0,0,0,13.0,2.0,4.0,1,EW_GREEN,hold,,,
2414.0,2,83,23.0,0.277,2,0.0,2,0.0,10,3.0,11,0.0,0,0,0,0,14.0,3.0,6.0,1,EW_GREEN,hold,,,
2415.0,2,83,35.0,0.422,2,0.0,2,0.0,11,5.0,11,0.0,0,0,0,0,21.0,5.0,9.0,1,EW_GREEN,hold,,,
2416.0,2,81,43.0,0.531,2,0.0,2,0.0,11,7.0,11,1.0,0,0,0,0,23.0,8.0,12.0,1,EW_GREEN,hold,,,
2417.0,2,78,51.0,0.654,1,0.0,1,0.0,11,9.0,11,2.0,0,0,0,0,24.0,11.0,16.0,1,EW_GREEN,hold,,,
2418.0,2,75,62.0,0.827,1,0.0,1,0.0,11,11.0,11,3.0,0,0,0,0,28.0,14.0,20.0,1,EW_GREEN,hold,,,
2419.0,2,77,72.0,0.935,1,0.0,1,0.0,11,13.0,11,5.0,0,0,0,0,29.0,18.0,25.0,1,EW_GREEN,hold,,,
2420.0,2,74,88.0,1.189,1,0.0,1,0.0,11,15.0,11,7.0,0,0,0,0,35.0,22.0,31.0,1,EW_GREEN,hold,,,
2421.0,2,73,107.0,1.466,1,0.0,1,0.0,11,18.0,11,10.0,0,0,0,0,41.0,28.0,38.0,1,EW_GREEN,hold,,,
2422.0,2,71,130.0,1.831,1,0.0,1,0.0,11,22.0,11,13.0,0,0,0,0,49.0,35.0,46.0,1,EW_GREEN,hold,,,
2423.0,2,71,155.0,2.183,1,0.0,1,0.0,11,26.0,11,17.0,0,0,0,0,58.0,43.0,54.0,1,EW_GREEN,hold,,,
2424.0,2,71,180.0,2.535,1,0.0,1,0.0,12,31.0,11,21.0,0,0,2,0,65.0,52.0,63.0,1,EW_GREEN,hold,,,
2425.0,2,72,206.0,2.861,2,0.0,2,0.0,12,36.0,11,25.0,0,0,2,0,73.0,61.0,72.0,1,EW_GREEN,hold,,,
2426.0,2,74,235.0,3.176,3,0.0,3,0.0,12,41.0,11,29.0,0,0,0,0,83.0,70.0,82.0,1,EW_GREEN,hold,,,
2427.0,2,75,266.0,3.547,3,0.0,3,0.0,12,46.0,11,33.0,0,0,0,0,94.0,79.0,93.0,1,EW_GREEN,hold,,,
2428.0,2,74,299.0,4.041,3,0.0,3,0.0,12,51.0,11,38.0,0,0,0,0,105.0,89.0,105.0,1,EW_GREEN,hold,,,
2429.0,2,78,335.0,4.295,3,0.0,3,0.0,12,57.0,12,43.0,0,0,0,0,117.0,100.0,118.0,1,EW_GREEN,hold,,,
2430.0,2,78,374.0,4.795,3,0.0,3,0.0,12,64.0,12,49.0,0,0,0,0,130.0,113.0,131.0,1,EW_GREEN,hold,,,
2431.0,2,80,415.0,5.188,3,0.0,3,0.0,12,71.0,12,56.0,0,0,0,0,143.0,127.0,145.0,1,EW_GREEN,hold,,,
2432.0,2,80,458.0,5.725,3,0.0,3,0.0,12,78.0,12,63.0,0,0,0,0,157.0,141.0,160.0,1,EW_GREEN,hold,,,
2433.0,2,80,502.0,6.275,3,0.0,3,0.0,12,85.0,12,70.0,0,0,0,3,171.0,155.0,176.0,1,EW_GREEN,hold,,,
2434.0,2,79,548.0,6.937,3,0.0,3,0.0,12,92.0,12,78.0,0,0,0,3,186.0,170.0,192.0,1,EW_GREEN,hold,,,
2435.0,2,79,597.0,7.557,3,0.0,3,0.0,12,99.0,12,86.0,0,0,0,3,203.0,185.0,209.0,1,EW_GREEN,hold,,,
2436.0,2,80,646.0,8.075,3,0.0,3,0.0,13,106.0,12,94.0,0,0,0,3,220.0,200.0,226.0,1,EW_GREEN,hold,,,
2437.0,2,80,697.0,8.713,3,0.0,3,0.0,13,114.0,12,102.0,0,0,0,0,237.0,216.0,244.0,1,EW_GREEN,hold,,,
2438.0,2,80,750.0,9.375,3,0.0,3,0.0,13,122.0,12,110.0,0,0,0,3,255.0,232.0,263.0,1,EW_GREEN,hold,,,
2439.0,2,80,807.0,10.088,2,0.0,3,0.0,13,130.0,12,119.0,0,0,0,3,274.0,249.0,284.0,1,EW_YELLOW,fixed_cycle,,,
2440.0,3,79,866.0,10.962,2,0.0,2,0.0,13,139.0,12,128.0,0,0,3,3,294.0,267.0,305.0,1,EW_YELLOW,hold,,,
2441.0,3,79,928.0,11.747,2,0.0,2,0.0,13,148.0,12,139.0,0,0,7,7,314.0,287.0,327.0,1,EW_YELLOW,hold,,,
2442.0,3,79,992.0,12.557,2,0.0,2,0.0,13,158.0,12,150.0,0,0,7,7,335.0,308.0,349.0,1,NS_GREEN,fixed_cycle,,,
2443.0,0,71,831.0,11.704,2,1.0,2,0.0,10,84.0,9,85.0,1,0,5,5,323.0,170.0,338.0,1,NS_GREEN,hold,,,
2444.0,0,71,713.0,10.042,2,2.0,2,1.0,10,32.0,9,39.0,1,1,0,0,312.0,74.0,327.0,1,NS_GREEN,hold,,,
2445.0,0,69,637.0,9.232,2,3.0,2,2.0,10,4.0,8,10.0,1,1,0,0,302.0,19.0,316.0,1,NS_GREEN,hold,,,
2446.0,0,66,603.0,9.136,2,4.0,2,3.0,8,0.0,7,0.0,1,1,0,0,291.0,7.0,305.0,1,NS_GREEN,hold,,,
2447.0,0,71,583.0,8.211,2,5.0,2,4.0,9,0.0,7,0.0,1,1,0,0,280.0,9.0,294.0,1,NS_GREEN,hold,,,
2448.0,0,69,564.0,8.174,2,6.0,2,5.0,8,1.0,7,0.0,1,1,0,0,270.0,12.0,282.0,1,NS_GREEN,hold,,,
2449.0,0,75,544.0,7.253,3,7.0,3,6.0,8,2.0,6,0.0,0,0,0,0,260.0,15.0,269.0,1,NS_GREEN,hold,,,
2450.0,0,76,520.0,6.842,3,8.0,3,7.0,8,4.0,6,0.0,0,0,0,0,246.0,19.0,255.0,1,NS_GREEN,hold,,,
2451.0,0,76,498.0,6.553,3,9.0,3,8.0,7,6.0,5,1.0,0,0,1,0,233.0,24.0,241.0,1,NS_GREEN,hold,,,
2452.0,0,78,467.0,5.987,3,10.0,3,9.0,8,0.0,6,2.0,0,0,0,0,219.0,21.0,227.0,1,NS_GREEN,hold,,,
2453.0,0,79,469.0,5.937,3,11.0,3,10.0,7,0.0,6,4.0,0,0,0,1,232.0,25.0,212.0,1,NS_GREEN,hold,,,
2454.0,0,77,437.0,5.675,3,12.0,3,11.0,6,0.0,6,0.0,0,0,0,0,217.0,23.0,197.0,1,NS_GREEN,hold,,,
2455.0,0,76,408.0,5.368,3,13.0,3,12.0,6,0.0,6,0.0,0,0,0,0,202.0,25.0,181.0,1,NS_GREEN,hold,,,
2456.0,0,77,380.0,4.935,3,14.0,3,13.0,6,1.0,6,0.0,0,0,0,0,187.0,28.0,165.0,1,NS_GREEN,hold,,,
2457.0,0,78,375.0,4.808,3,15.0,3,14.0,6,2.0,7,0.0,0,0,0,0,170.0,31.0,174.0,1,NS_GREEN,hold,,,
2458.0,0,78,342.0,4.385,3,16.0,3,15.0,6,0.0,6,1.0,0,0,0,1,154.0,32.0,156.0,1,NS_GREEN,hold,,,
2459.0,0,77,309.0,4.013,3,17.0,3,16.0,6,0.0,6,2.0,0,0,0,0,137.0,35.0,137.0,1,NS_GREEN,hold,,,
2460.0,0,80,271.0,3.388,3,18.0,3,17.0,6,0.0,7,0.0,0,0,0,0,118.0,35.0,118.0,1,NS_GREEN,hold,,,
2461.0,0,80,237.0,2.962,3,19.0,4,18.0,6,0.0,6,0.0,0,0,0,0,101.0,37.0,99.0,2,NS_GREEN,hold,,,
2462.0,0,81,201.0,2.481,3,20.0,4,19.0,6,0.0,6,0.0,0,0,0,0,83.0,39.0,79.0,2,NS_GREEN,hold,,,
2463.0,0,81,188.0,2.321,3,21.0,4,20.0,6,0.0,6,0.0,0,0,0,0,89.0,41.0,58.0,2,NS_GREEN,hold,,,
2464.0,0,80,200.0,2.5,3,22.0,4,21.0,6,0.0,6,0.0,1,0,0,0,94.0,43.0,63.0,2,NS_GREEN,hold,,,
2465.0,0,82,160.0,1.951,3,23.0,4,22.0,7,0.0,7,0.0,1,0,0,0,74.0,45.0,41.0,2,NS_GREEN,hold,,,
2466.0,0,79,119.0,1.506,3,24.0,4,24.0,6,0.0,7,0.0,1,0,0,0,55.0,48.0,16.0,2,NS_GREEN,hold,,,
2467.0,0,80,92.0,1.15,3,25.0,4,26.0,7,0.0,7,0.0,1,0,0,0,37.0,51.0,4.0,2,NS_GREEN,hold,,,
2468.0,0,81,73.0,0.901,3,27.0,4,28.0,7,0.0,8,0.0,1,0,0,0,13.0,55.0,5.0,2,NS_GREEN,hold,,,
2469.0,0,80,79.0,0.988,3,29.0,4,30.0,7,0.0,8,0.0,1,0,0,0,14.0,59.0,6.0,2,NS_GREEN,hold,,,
2470.0,0,83,84.0,1.012,3,31.0,4,32.0,8,0.0,9,0.0,1,0,0,0,14.0,63.0,7.0,2,NS_GREEN,hold,,,
2471.0,0,83,90.0,1.084,3,33.0,4,34.0,8,0.0,9,0.0,1,0,0,0,15.0,67.0,8.0,2,NS_GREEN,hold,,,
2472.0,0,83,95.0,1.145,3,35.0,4,36.0,9,0.0,9,0.0,1,0,0,0,15.0,71.0,9.0,2,NS_YELLOW,fixed_cycle,,,
2473.0,1,86,101.0,1.174,4,37.0,5,39.0,9,0.0,10,0.0,0,0,0,0,15.0,76.0,10.0,2,NS_YELLOW,hold,,,
2474.0,1,89,107.0,1.202,5,39.0,6,42.0,10,0.0,10,0.0,0,0,0,0,15.0,81.0,11.0,2,NS_YELLOW,hold,,,
2475.0,1,90,114.0,1.267,5,41.0,6,45.0,10,0.0,11,0.0,0,0,0,0,16.0,86.0,12.0,2,EW_GREEN,fixed_cycle,,,
2476.0,2,82,9.0,0.11,3,0.0,4,4.0,10,0.0,11,0.0,0,0,0,0,4.0,4.0,1.0,2,EW_GREEN,hold,,,
2477.0,2,81,6.0,0.074,3,0.0,4,0.0,10,0.0,11,0.0,0,0,0,0,4.0,0.0,2.0,2,EW_GREEN,hold,,,
2478.0,2,82,11.0,0.134,3,0.0,4,0.0,11,0.0,11,1.0,0,0,0,0,6.0,1.0,4.0,2,EW_GREEN,hold,,,
2479.0,2,81,18.0,0.222,3,0.0,4,0.0,11,0.0,11,2.0,0,0,0,0,10.0,2.0,6.0,2,EW_GREEN,hold,,,
2480.0,2,79,25.0,0.316,3,0.0,4,1.0,11,0.0,11,3.0,0,0,0,0,12.0,4.0,9.0,2,EW_GREEN,hold,,,
2481.0,2,78,35.0,0.449,3,0.0,4,2.0,11,0.0,11,5.0,0,0,0,0,16.0,7.0,12.0,2,EW_GREEN,hold,,,
2482.0,2,76,45.0,0.592,3,0.0,3,0.0,11,0.0,11,7.0,0,0,0,0,22.0,7.0,16.0,1,EW_GREEN,hold,,,
2483.0,2,75,57.0,0.76,3,0.0,3,0.0,11,1.0,11,9.0,0,0,0,0,26.0,10.0,21.0,1,EW_GREEN,hold,,,
2484.0,2,75,74.0,0.987,3,0.0,3,0.0,11,3.0,11,12.0,0,0,0,0,32.0,15.0,27.0,1,EW_GREEN,hold,,,
2485.0,2,76,90.0,1.184,3,0.0,3,0.0,11,5.0,11,15.0,0,0,0,0,37.0,20.0,33.0,1,EW_GREEN,hold,,,
2486.0,2,77,109.0,1.416,3,0.0,3,0.0,12,7.0,11,18.0,0,0,0,0,44.0,25.0,40.0,1,EW_GREEN,hold,,,
2487.0,2,76,130.0,1.711,3,0.0,2,0.0,12,9.0,11,21.0,0,0,0,0,52.0,30.0,48.0,1,EW_GREEN,hold,,,
2488.0,2,74,151.0,2.041,2,0.0,2,0.0,12,11.0,11,24.0,0,0,0,0,60.0,35.0,56.0,1,EW_GREEN,hold,,,
2489.0,2,71,176.0,2.479,2,0.0,1,0.0,12,15.0,11,28.0,0,0,0,0,69.0,43.0,64.0,1,EW_GREEN,hold,,,
2490.0,2,69,204.0,2.957,1,0.0,1,0.0,12,19.0,11,33.0,0,0,0,0,79.0,52.0,73.0,1,EW_GREEN,hold,,,
2491.0,2,69,235.0,3.406,1,0.0,1,0.0,12,24.0,11,39.0,0,0,0,2,89.0,63.0,83.0,1,EW_GREEN,hold,,,
2492.0,2,68,268.0,3.941,1,0.0,1,0.0,12,29.0,11,45.0,0,0,0,2,100.0,74.0,94.0,1,EW_GREEN,hold,,,
2493.0,2,70,303.0,4.329,1,0.0,1,0.0,12,34.0,11,51.0,0,0,0,2,112.0,85.0,106.0,1,EW_GREEN,hold,,,
2494.0,2,69,338.0,4.899,1,0.0,1,0.0,12,39.0,11,57.0,0,0,0,2,124.0,96.0,118.0,1,EW_GREEN,hold,,,
2495.0,2,67,375.0,5.597,1,0.0,1,0.0,12,45.0,11,64.0,0,0,0,2,136.0,109.0,130.0,1,EW_GREEN,hold,,,
2496.0,2,69,415.0,6.014,1,0.0,1,0.0,13,51.0,11,71.0,0,0,0,2,149.0,122.0,144.0,1,EW_GREEN,hold,,,
2497.0,2,71,455.0,6.408,2,0.0,2,0.0,13,57.0,11,78.0,0,0,0,2,162.0,135.0,158.0,1,EW_GREEN,hold,,,
2498.0,2,70,497.0,7.1,2,0.0,2,0.0,13,64.0,11,85.0,0,0,0,2,176.0,149.0,172.0,1,EW_GREEN,hold,,,
2499.0,2,70,540.0,7.714,2,0.0,2,0.0,13,71.0,11,92.0,0,0,0,2,191.0,163.0,186.0,1,EW_GREEN,hold,,,
2500.0,2,70,583.0,8.329,2,0.0,2,0.0,13,78.0,11,99.0,0,0,0,2,206.0,177.0,200.0,1,EW_GREEN,hold,,,
2501.0,2,70,629.0,8.986,2,0.0,2,0.0,13,86.0,11,107.0,0,0,0,3,222.0,193.0,214.0,1,EW_GREEN,hold,,,
2502.0,2,71,676.0,9.521,2,0.0,2,0.0,13,94.0,12,116.0,0,0,0,3,238.0,210.0,228.0,1,EW_GREEN,hold,,,
2503.0,2,72,724.0,10.056,2,0.0,2,0.0,13,102.0,12,125.0,0,0,3,4,255.0,227.0,242.0,1,EW_GREEN,hold,,,
2504.0,2,72,774.0,10.75,2,0.0,2,0.0,13,111.0,12,134.0,0,0,3,4,273.0,245.0,256.0,1,EW_GREEN,hold,,,
2505.0,2,72,825.0,11.458,2,0.0,2,0.0,13,121.0,12,143.0,0,0,7,7,291.0,264.0,270.0,1,EW_YELLOW,fixed_cycle,,,
2506.0,3,71,878.0,12.366,2,0.0,2,0.0,13,131.0,12,153.0,0,0,7,7,310.0,284.0,284.0,1,EW_YELLOW,hold,,,
2507.0,3,72,932.0,12.944,2,0.0,2,0.0,14,141.0,12,163.0,0,0,7,7,330.0,304.0,298.0,1,EW_YELLOW,hold,,,
2508.0,3,72,987.0,13.708,2,0.0,2,0.0,14,151.0,12,173.0,0,0,7,7,351.0,324.0,312.0,1,NS_GREEN,fixed_cycle,,,
2509.0,0,64,818.0,12.781,2,0.0,2,0.0,11,87.0,9,101.0,0,0,5,5,338.0,188.0,292.0,1,NS_GREEN,hold,,,
2510.0,0,64,680.0,10.625,2,0.0,2,0.0,11,42.0,9,41.0,0,0,0,0,325.0,83.0,272.0,1,NS_GREEN,hold,,,
2511.0,0,65,585.0,9.0,2,0.0,2,0.0,11,7.0,9,13.0,0,0,0,0,313.0,20.0,252.0,1,NS_GREEN,hold,,,
2512.0,0,61,533.0,8.738,2,0.0,2,0.0,9,0.0,6,0.0,0,0,0,0,301.0,0.0,232.0,1,NS_GREEN,hold,,,
2513.0,0,65,499.0,7.677,2,0.0,2,0.0,8,0.0,7,0.0,0,0,0,0,288.0,0.0,211.0,1,NS_GREEN,hold,,,
2514.0,0,66,466.0,7.061,2,1.0,2,0.0,7,0.0,6,0.0,1,0,0,0,276.0,1.0,189.0,1,NS_GREEN,hold,,,
2515.0,0,64,434.0,6.781,2,2.0,2,1.0,5,0.0,4,0.0,1,1,0,0,264.0,3.0,167.0,1,NS_GREEN,hold,,,
2516.0,0,65,430.0,6.615,2,3.0,2,2.0,5,0.0,5,0.0,1,1,0,0,281.0,5.0,144.0,1,NS_GREEN,hold,,,
2517.0,0,63,398.0,6.317,2,4.0,2,3.0,3,0.0,3,0.0,1,1,0,0,268.0,7.0,123.0,1,NS_GREEN,hold,,,
2518.0,0,64,367.0,5.734,2,6.0,2,5.0,2,0.0,4,0.0,2,2,0,0,255.0,11.0,101.0,1,NS_GREEN,hold,,,
2519.0,0,68,359.0,5.279,2,8.0,2,7.0,3,0.0,4,0.0,2,2,0,0,238.0,15.0,106.0,1,NS_GREEN,hold,,,
2520.0,0,67,323.0,4.821,2,10.0,2,9.0,3,0.0,4,0.0,2,2,0,0,222.0,19.0,82.0,1,NS_GREEN,hold,,,
2521.0,0,76,285.0,3.75,4,12.0,4,11.0,3,0.0,5,0.0,0,0,0,0,205.0,23.0,57.0,1,NS_GREEN,hold,,,
2522.0,0,78,249.0,3.192,5,14.0,5,13.0,4,0.0,5,0.0,0,0,0,0,189.0,27.0,33.0,0,NS_GREEN,hold,,,
2523.0,0,79,212.0,2.684,5,16.0,5,15.0,4,0.0,6,0.0,0,0,0,0,174.0,31.0,7.0,0,NS_GREEN,hold,,,
2524.0,0,81,228.0,2.815,5,18.0,5,17.0,4,0.0,7,0.0,0,0,0,0,184.0,35.0,9.0,1,NS_GREEN,hold,,,
2525.0,0,79,218.0,2.759,5,20.0,5,19.0,3,0.0,7,0.0,0,0,0,0,168.0,39.0,11.0,1,NS_GREEN,hold,,,
2526.0,0,79,208.0,2.633,5,22.0,5,21.0,3,0.0,7,0.0,0,0,0,0,152.0,43.0,13.0,1,NS_GREEN,hold,,,
2527.0,0,79,199.0,2.519,5,24.0,5,23.0,3,0.0,7,0.0,0,0,0,0,137.0,47.0,15.0,1,NS_GREEN,hold,,,
2528.0,0,80,189.0,2.362,5,26.0,5,25.0,3,0.0,8,0.0,0,0,0,0,121.0,51.0,17.0,1,NS_GREEN,hold,,,
2529.0,0,80,180.0,2.25,5,28.0,5,27.0,3,0.0,8,0.0,0,0,0,0,106.0,55.0,19.0,1,NS_GREEN,hold,,,
2530.0,0,81,166.0,2.049,5,30.0,5,29.0,4,0.0,8,0.0,0,0,0,0,86.0,59.0,21.0,1,NS_GREEN,hold,,,
2531.0,0,82,152.0,1.854,5,32.0,5,31.0,4,0.0,9,0.0,0,0,0,0,66.0,63.0,23.0,1,NS_GREEN,hold,,,
2532.0,0,82,161.0,1.963,5,34.0,5,33.0,4,0.0,9,0.0,0,0,0,0,69.0,67.0,25.0,1,NS_GREEN,hold,,,
2533.0,0,84,146.0,1.738,5,36.0,5,35.0,5,0.0,10,0.0,0,0,0,0,48.0,71.0,27.0,1,NS_GREEN,hold,,,
2534.0,0,82,131.0,1.598,5,38.0,5,37.0,5,0.0,9,0.0,0,0,0,0,27.0,75.0,29.0,1,NS_GREEN,hold,,,
2535.0,0,83,139.0,1.675,5,40.0,5,39.0,5,0.0,9,0.0,0,0,0,0,29.0,79.0,31.0,1,NS_GREEN,hold,,,
2536.0,0,81,147.0,1.815,5,42.0,5,41.0,5,0.0,9,0.0,0,0,0,0,31.0,83.0,33.0,1,NS_GREEN,hold,,,
2537.0,0,82,157.0,1.915,5,45.0,5,43.0,5,0.0,10,0.0,0,0,0,0,33.0,88.0,36.0,1,NS_GREEN,hold,,,
2538.0,0,83,165.0,1.988,5,48.0,5,45.0,5,0.0,10,0.0,0,0,0,0,35.0,93.0,37.0,1,NS_YELLOW,fixed_cycle,,,
2539.0,1,82,174.0,2.122,5,51.0,5,47.0,5,0.0,10,0.0,0,0,0,0,37.0,98.0,39.0,1,NS_YELLOW,hold,,,
2540.0,1,83,179.0,2.157,5,50.0,5,49.0,5,0.0,11,0.0,0,0,0,0,39.0,99.0,41.0,1,NS_YELLOW,hold,,,
2541.0,1,84,187.0,2.226,5,52.0,5,51.0,6,0.0,11,0.0,0,0,0,0,41.0,103.0,43.0,1,EW_GREEN,fixed_cycle,,,
2542.0,2,81,21.0,0.259,4,1.0,4,0.0,6,0.0,12,0.0,0,0,0,0,1.0,1.0,19.0,1,EW_GREEN,hold,,,
2543.0,2,78,3.0,0.038,4,0.0,3,0.0,6,0.0,12,0.0,0,0,0,0,3.0,0.0,0.0,1,EW_GREEN,hold,,,
2544.0,2,77,6.0,0.078,3,0.0,3,0.0,6,0.0,12,0.0,0,0,0,0,5.0,0.0,1.0,1,EW_GREEN,hold,,,
2545.0,2,75,10.0,0.133,3,0.0,4,0.0,7,0.0,12,1.0,0,0,0,0,7.0,1.0,2.0,1,EW_GREEN,hold,,,
2546.0,2,71,16.0,0.225,3,0.0,3,0.0,7,0.0,12,2.0,0,0,0,0,10.0,2.0,4.0,1,EW_GREEN,hold,,,
2547.0,2,68,24.0,0.353,3,0.0,3,0.0,7,0.0,12,3.0,0,0,0,0,14.0,3.0,7.0,1,EW_GREEN,hold,,,
2548.0,2,66,35.0,0.53,2,0.0,2,0.0,8,0.0,12,5.0,0,0,0,0,19.0,5.0,11.0,1,EW_GREEN,hold,,,
2549.0,2,65,47.0,0.723,2,0.0,2,0.0,8,0.0,12,8.0,0,0,0,0,24.0,8.0,15.0,1,EW_GREEN,hold,,,
2550.0,2,61,61.0,1.0,2,0.0,2,0.0,8,0.0,12,12.0,0,0,0,2,30.0,12.0,19.0,1,EW_GREEN,hold,,,
2551.0,2,62,75.0,1.21,2,0.0,2,0.0,9,0.0,12,16.0,0,0,0,2,36.0,16.0,23.0,1,EW_GREEN,hold,,,
2552.0,2,60,90.0,1.5,2,0.0,2,0.0,9,0.0,12,21.0,0,0,0,2,42.0,21.0,27.0,1,EW_GREEN,hold,,,
2553.0,2,59,106.0,1.797,2,0.0,2,0.0,9,0.0,12,26.0,0,0,0,2,49.0,26.0,31.0,1,EW_GREEN,hold,,,
2554.0,2,56,125.0,2.232,2,0.0,2,0.0,9,1.0,12,32.0,0,0,0,2,57.0,33.0,35.0,1,EW_GREEN,hold,,,
2555.0,2,56,145.0,2.589,2,0.0,2,0.0,9,2.0,12,38.0,0,0,0,0,66.0,40.0,39.0,1,EW_GREEN,hold,,,
2556.0,2,57,166.0,2.912,2,0.0,2,0.0,10,3.0,12,44.0,0,0,0,0,76.0,47.0,43.0,1,EW_GREEN,hold,,,
2557.0,2,57,188.0,3.298,2,0.0,2,0.0,10,4.0,12,50.0,0,0,0,3,87.0,54.0,47.0,1,EW_GREEN,hold,,,
2558.0,2,58,210.0,3.621,2,0.0,2,0.0,11,5.0,12,56.0,0,0,0,3,98.0,61.0,51.0,1,EW_GREEN,hold,,,
2559.0,2,58,233.0,4.017,2,0.0,2,0.0,11,6.0,12,63.0,0,0,0,3,109.0,69.0,55.0,1,EW_GREEN,hold,,,
2560.0,2,58,258.0,4.448,2,0.0,2,0.0,11,7.0,12,70.0,0,0,0,0,122.0,77.0,59.0,1,EW_GREEN,hold,,,
2561.0,2,58,285.0,4.914,2,0.0,1,0.0,12,9.0,12,77.0,0,0,0,0,136.0,86.0,63.0,1,EW_GREEN,hold,,,
2562.0,2,57,313.0,5.491,1,0.0,1,0.0,12,11.0,12,85.0,0,0,0,2,150.0,96.0,67.0,1,EW_GREEN,hold,,,
2563.0,2,60,341.0,5.683,1,0.0,1,0.0,13,13.0,12,93.0,0,0,0,2,164.0,106.0,71.0,1,EW_GREEN,hold,,,
2564.0,2,60,370.0,6.167,1,0.0,1,0.0,13,15.0,12,101.0,0,0,0,2,179.0,116.0,75.0,1,EW_GREEN,hold,,,
2565.0,2,60,400.0,6.667,1,0.0,1,0.0,13,17.0,12,109.0,0,0,0,2,195.0,126.0,79.0,1,EW_GREEN,hold,,,
2566.0,2,60,432.0,7.2,1,0.0,1,0.0,13,19.0,12,118.0,0,0,0,2,212.0,137.0,83.0,1,EW_GREEN,hold,,,
2567.0,2,60,466.0,7.767,1,0.0,1,0.0,13,22.0,12,127.0,0,0,0,0,230.0,149.0,87.0,1,EW_GREEN,hold,,,
2568.0,2,60,502.0,8.367,1,0.0,1,0.0,13,26.0,12,136.0,0,0,0,0,249.0,162.0,91.0,1,EW_GREEN,hold,,,
2569.0,2,62,538.0,8.677,2,0.0,2,0.0,13,30.0,12,145.0,0,0,0,0,268.0,175.0,95.0,1,EW_GREEN,hold,,,
2570.0,2,65,575.0,8.846,3,0.0,3,0.0,14,34.0,12,155.0,0,0,0,3,287.0,189.0,99.0,1,EW_GREEN,hold,,,
2571.0,2,65,613.0,9.431,3,0.0,3,0.0,14,38.0,12,165.0,0,0,0,8,307.0,203.0,103.0,1,EW_YELLOW,fixed_cycle,,,
2572.0,3,64,654.0,10.219,3,0.0,3,0.0,14,42.0,12,177.0,0,0,0,12,328.0,219.0,107.0,1,EW_YELLOW,hold,,,
2573.0,3,66,696.0,10.545,3,0.0,3,0.0,14,47.0,13,189.0,0,0,0,7,349.0,236.0,111.0,1,EW_YELLOW,hold,,,
2574.0,3,66,741.0,11.227,3,0.0,3,0.0,14,52.0,13,201.0,0,0,2,7,372.0,253.0,116.0,1,NS_GREEN,fixed_cycle,,,
2575.0,0,58,589.0,10.155,3,0.0,3,0.0,11,12.0,10,127.0,0,0,1,5,361.0,139.0,89.0,0,NS_GREEN,hold,,,
2576.0,0,58,473.0,8.155,3,0.0,3,0.0,11,0.0,10,61.0,0,0,0,0,350.0,61.0,62.0,0,NS_GREEN,hold,,,
2577.0,0,58,398.0,6.862,3,0.0,3,0.0,11,0.0,10,24.0,0,0,0,0,340.0,24.0,34.0,0,NS_GREEN,hold,,,
2578.0,0,53,342.0,6.453,3,0.0,3,0.0,10,0.0,8,8.0,0,0,0,0,329.0,8.0,5.0,0,NS_GREEN,hold,,,
2579.0,0,58,319.0,5.5,3,0.0,3,0.0,10,0.0,9,2.0,0,0,0,0,317.0,2.0,0.0,0,NS_GREEN,hold,,,
2580.0,0,57,309.0,5.421,3,0.0,3,0.0,10,0.0,8,4.0,0,0,0,2,305.0,4.0,0.0,0,NS_GREEN,hold,,,
2581.0,0,57,300.0,5.263,3,0.0,3,0.0,9,0.0,7,6.0,0,0,0,2,294.0,6.0,0.0,0,NS_GREEN,hold,,,
2582.0,0,60,290.0,4.833,3,0.0,3,0.0,10,0.0,8,8.0,0,0,0,2,282.0,8.0,0.0,0,NS_GREEN,hold,,,
2583.0,0,59,279.0,4.729,3,0.0,3,0.0,10,0.0,6,10.0,0,0,0,2,269.0,10.0,0.0,0,NS_GREEN,hold,,,
2584.0,0,60,296.0,4.933,3,0.0,3,0.0,10,0.0,7,12.0,0,0,0,1,284.0,12.0,0.0,0,NS_GREEN,hold,,,
2585.0,0,61,277.0,4.541,3,0.0,3,0.0,10,0.0,6,8.0,0,0,0,1,269.0,8.0,0.0,0,NS_GREEN,hold,,,
2586.0,0,61,262.0,4.295,3,0.0,3,0.0,9,0.0,6,9.0,0,0,0,1,253.0,9.0,0.0,0,NS_GREEN,hold,,,
2587.0,0,61,250.0,4.098,3,1.0,3,1.0,9,0.0,6,10.0,0,0,0,1,238.0,12.0,0.0,0,NS_GREEN,hold,,,
2588.0,0,59,236.0,4.0,3,2.0,3,2.0,7,0.0,6,11.0,0,0,0,0,221.0,15.0,0.0,0,NS_GREEN,hold,,,
2589.0,0,61,211.0,3.459,3,3.0,3,4.0,8,0.0,7,0.0,0,2,0,0,204.0,7.0,0.0,0,NS_GREEN,hold,,,
2590.0,0,62,223.0,3.597,3,4.0,3,6.0,7,0.0,6,0.0,0,2,0,0,213.0,10.0,0.0,0,NS_GREEN,hold,,,
2591.0,0,61,208.0,3.41,3,5.0,3,8.0,7,0.0,6,0.0,0,1,0,0,195.0,13.0,0.0,0,NS_GREEN,hold,,,
2592.0,0,63,188.0,2.984,3,6.0,3,6.0,8,0.0,6,0.0,0,0,0,0,176.0,12.0,0.0,0,NS_GREEN,hold,,,
2593.0,0,68,170.0,2.5,4,7.0,4,7.0,7,0.0,6,0.0,0,0,0,0,156.0,14.0,0.0,0,NS_GREEN,hold,,,
2594.0,0,70,152.0,2.171,4,9.0,4,8.0,8,0.0,6,0.0,0,0,0,0,135.0,17.0,0.0,0,NS_GREEN,hold,,,
2595.0,0,69,133.0,1.928,4,11.0,4,9.0,7,0.0,6,0.0,0,0,0,0,113.0,20.0,0.0,0,NS_GREEN,hold,,,
2596.0,0,69,115.0,1.667,4,13.0,4,10.0,7,0.0,6,0.0,0,0,0,0,92.0,23.0,0.0,0,NS_GREEN,hold,,,
2597.0,0,70,123.0,1.757,4,15.0,4,12.0,7,0.0,6,0.0,0,0,0,0,96.0,27.0,0.0,0,NS_GREEN,hold,,,
2598.0,0,69,104.0,1.507,4,17.0,4,14.0,7,0.0,6,0.0,0,0,0,0,73.0,31.0,0.0,0,NS_GREEN,hold,,,
2599.0,0,69,86.0,1.246,4,19.0,4,16.0,7,0.0,6,0.0,0,0,0,0,51.0,35.0,0.0,0,NS_GREEN,hold,,,
2600.0,0,69,65.0,0.942,4,21.0,4,18.0,8,0.0,6,0.0,0,0,0,0,26.0,39.0,0.0,0,NS_GREEN,hold,,,
2601.0,0,69,44.0,0.638,4,23.0,4,20.0,8,0.0,6,0.0,0,0,0,0,1.0,43.0,0.0,0,NS_GREEN,hold,,,
2602.0,0,70,49.0,0.7,4,25.0,4,22.0,9,0.0,6,0.0,0,0,0,0,2.0,47.0,0.0,0,NS_GREEN,hold,,,
2603.0,0,70,54.0,0.771,4,27.0,4,24.0,9,0.0,5,0.0,0,0,0,0,3.0,51.0,0.0,0,NS_GREEN,hold,,,
2604.0,0,70,60.0,0.857,4,29.0,4,26.0,8,0.0,5,0.0,0,0,0,0,5.0,55.0,0.0,0,NS_YELLOW,fixed_cycle,,,
2605.0,1,71,64.0,0.901,4,31.0,4,28.0,9,0.0,5,0.0,0,0,0,0,5.0,59.0,0.0,0,NS_YELLOW,hold,,,
2606.0,1,72,69.0,0.958,4,33.0,4,30.0,9,0.0,5,0.0,0,0,0,0,6.0,63.0,0.0,0,NS_YELLOW,hold,,,
2607.0,1,72,74.0,1.028,4,35.0,4,32.0,9,0.0,5,0.0,0,0,0,0,7.0,67.0,0.0,0,EW_GREEN,fixed_cycle,,,
2608.0,2,66,1.0,0.015,2,0.0,2,0.0,9,0.0,5,0.0,0,0,0,0,1.0,0.0,0.0,0,EW_GREEN,hold,,,
2609.0,2,66,2.0,0.03,2,0.0,2,0.0,10,0.0,5,0.0,0,0,0,0,2.0,0.0,0.0,0,EW_GREEN,hold,,,
2610.0,2,64,4.0,0.062,2,0.0,2,0.0,10,0.0,6,1.0,0,0,0,0,3.0,1.0,0.0,0,EW_GREEN,hold,,,
2611.0,2,63,7.0,0.111,2,0.0,2,0.0,10,1.0,6,2.0,0,0,0,0,4.0,3.0,0.0,0,EW_GREEN,hold,,,
2612.0,2,64,12.0,0.188,2,0.0,2,0.0,11,2.0,6,3.0,0,0,0,0,6.0,5.0,1.0,0,EW_GREEN,hold,,,
2613.0,2,63,19.0,0.302,2,0.0,2,0.0,11,3.0,6,5.0,0,0,0,1,9.0,8.0,2.0,0,EW_GREEN,hold,,,
2614.0,2,63,28.0,0.444,2,1.0,2,1.0,11,4.0,6,7.0,1,1,0,1,12.0,13.0,3.0,0,EW_GREEN,hold,,,
2615.0,2,59,34.0,0.576,1,0.0,1,0.0,11,5.0,6,9.0,0,0,0,1,16.0,14.0,4.0,0,EW_GREEN,hold,,,
2616.0,2,58,44.0,0.759,1,0.0,1,0.0,11,6.0,6,12.0,0,0,0,1,21.0,18.0,5.0,0,EW_GREEN,hold,,,
2617.0,2,61,54.0,0.885,2,0.0,2,0.0,11,7.0,6,15.0,0,0,0,2,26.0,22.0,6.0,0,EW_GREEN,hold,,,
2618.0,2,61,65.0,1.066,3,0.0,3,0.0,11,8.0,6,18.0,0,0,0,2,32.0,26.0,7.0,0,EW_GREEN,hold,,,
2619.0,2,58,78.0,1.345,3,0.0,3,0.0,11,9.0,6,22.0,0,0,0,3,39.0,31.0,8.0,0,EW_GREEN,hold,,,
2620.0,2,59,92.0,1.559,3,0.0,3,0.0,12,11.0,6,26.0,0,0,0,3,46.0,37.0,9.0,0,EW_GREEN,hold,,,
2621.0,2,58,107.0,1.845,3,0.0,3,0.0,12,13.0,6,30.0,0,0,0,3,54.0,43.0,10.0,0,EW_GREEN,hold,,,
2622.0,2,56,123.0,2.196,3,0.0,3,0.0,12,16.0,6,34.0,0,0,0,3,62.0,50.0,11.0,0,EW_GREEN,hold,,,
2623.0,2,56,140.0,2.5,3,0.0,3,0.0,12,19.0,6,38.0,0,0,0,3,71.0,57.0,12.0,0,EW_GREEN,hold,,,
2624.0,2,58,159.0,2.741,3,0.0,3,0.0,13,22.0,6,43.0,0,0,0,3,81.0,65.0,13.0,0,EW_GREEN,hold,,,
2625.0,2,58,179.0,3.086,3,0.0,3,0.0,13,26.0,6,48.0,0,0,0,3,91.0,74.0,14.0,0,EW_GREEN,hold,,,
2626.0,2,58,198.0,3.414,3,0.0,3,0.0,13,28.0,6,53.0,0,0,0,3,102.0,81.0,15.0,0,EW_GREEN,hold,,,
2627.0,2,55,219.0,3.982,3,0.0,3,0.0,13,31.0,6,58.0,0,0,0,3,114.0,89.0,16.0,0,EW_GREEN,hold,,,
2628.0,2,56,241.0,4.304,3,0.0,3,0.0,14,35.0,6,63.0,0,0,0,3,126.0,98.0,17.0,0,EW_GREEN,hold,,,
2629.0,2,58,264.0,4.552,3,0.0,3,0.0,14,40.0,6,68.0,0,0,0,3,138.0,108.0,18.0,0,EW_GREEN,hold,,,
2630.0,2,58,289.0,4.983,3,0.0,3,0.0,14,45.0,6,73.0,0,0,0,3,152.0,118.0,19.0,0,EW_GREEN,hold,,,
2631.0,2,57,315.0,5.526,2,0.0,2,0.0,15,51.0,6,78.0,0,0,0,3,166.0,129.0,20.0,0,EW_GREEN,hold,,,
2632.0,2,57,341.0,5.982,2,0.0,2,0.0,15,57.0,6,83.0,0,0,0,3,180.0,140.0,21.0,0,EW_GREEN,hold,,,
2633.0,2,56,370.0,6.607,2,0.0,1,0.0,15,64.0,6,88.0,0,0,0,3,196.0,152.0,22.0,0,EW_GREEN,hold,,,
2634.0,2,55,398.0,7.236,1,0.0,1,0.0,15,72.0,6,93.0,0,0,0,3,210.0,165.0,23.0,0,EW_GREEN,hold,,,
2635.0,2,56,429.0,7.661,1,0.0,1,0.0,15,80.0,6,98.0,0,0,3,3,227.0,178.0,24.0,0,EW_GREEN,hold,,,
2636.0,2,55,462.0,8.4,1,0.0,1,0.0,15,89.0,6,103.0,0,0,6,3,245.0,192.0,25.0,0,EW_GREEN,hold,,,
2637.0,2,56,496.0,8.857,1,0.0,1,0.0,15,98.0,6,108.0,0,0,6,3,264.0,206.0,26.0,0,EW_YELLOW,fixed_cycle,,,
2638.0,3,57,532.0,9.333,1,0.0,1,1.0,15,107.0,6,113.0,0,1,6,3,284.0,221.0,27.0,0,EW_YELLOW,hold,,,
2639.0,3,56,570.0,10.179,1,0.0,1,2.0,15,117.0,6,118.0,0,1,3,3,305.0,237.0,28.0,0,EW_YELLOW,hold,,,
2640.0,3,57,607.0,10.649,1,1.0,1,3.0,16,127.0,6,123.0,1,1,3,3,324.0,254.0,29.0,0,NS_GREEN,fixed_cycle,,,
2641.0,0,54,431.0,7.981,3,2.0,3,4.0,13,70.0,3,44.0,0,0,2,3,310.0,120.0,1.0,0,NS_GREEN,hold,,,
2642.0,0,54,340.0,6.296,3,3.0,3,5.0,13,30.0,3,1.0,0,0,0,0,299.0,39.0,2.0,0,NS_GREEN,hold,,,
2643.0,0,54,307.0,5.685,3,4.0,3,6.0,13,6.0,3,0.0,0,0,0,0,288.0,16.0,3.0,0,NS_GREEN,hold,,,
2644.0,0,48,295.0,6.146,3,5.0,3,7.0,11,0.0,1,0.0,0,0,0,0,279.0,12.0,4.0,0,NS_GREEN,hold,,,
2645.0,0,56,286.0,5.107,3,6.0,3,8.0,11,0.0,2,0.0,0,0,0,0,267.0,14.0,5.0,0,NS_GREEN,hold,,,
2646.0,0,53,280.0,5.283,3,7.0,3,9.0,10,0.0,2,0.0,0,0,0,0,258.0,16.0,6.0,0,NS_GREEN,hold,,,
2647.0,0,55,273.0,4.964,3,8.0,3,10.0,9,0.0,1,0.0,0,0,0,0,248.0,18.0,7.0,0,NS_GREEN,hold,,,
2648.0,0,57,266.0,4.667,3,9.0,3,11.0,9,0.0,2,0.0,0,0,0,0,238.0,20.0,8.0,0,NS_GREEN,hold,,,
2649.0,0,57,259.0,4.544,3,10.0,3,12.0,7,0.0,2,0.0,0,0,0,0,228.0,22.0,9.0,0,NS_GREEN,hold,,,
2650.0,0,58,251.0,4.328,3,11.0,3,13.0,7,0.0,3,0.0,0,0,0,0,217.0,24.0,10.0,0,NS_GREEN,hold,,,
2651.0,0,59,269.0,4.559,3,12.0,3,14.0,7,0.0,3,0.0,0,0,0,0,232.0,26.0,11.0,0,NS_GREEN,hold,,,
2652.0,0,58,260.0,4.483,3,13.0,3,15.0,7,0.0,3,0.0,0,0,0,0,220.0,28.0,12.0,0,NS_GREEN,hold,,,
2653.0,0,59,251.0,4.254,3,14.0,3,16.0,7,0.0,3,0.0,0,0,0,0,208.0,30.0,13.0,0,NS_GREEN,hold,,,
2654.0,0,60,243.0,4.05,3,15.0,3,17.0,8,0.0,3,0.0,0,0,0,0,197.0,32.0,14.0,0,NS_GREEN,hold,,,
2655.0,0,60,233.0,3.883,3,16.0,3,18.0,8,0.0,3,0.0,0,0,0,0,184.0,34.0,15.0,0,NS_GREEN,hold,,,
2656.0,0,61,225.0,3.689,3,17.0,3,19.0,9,0.0,3,0.0,0,0,0,0,172.0,36.0,17.0,0,NS_GREEN,hold,,,
2657.0,0,60,240.0,4.0,3,18.0,3,20.0,8,0.0,3,0.0,0,0,0,0,183.0,38.0,19.0,0,NS_GREEN,hold,,,
2658.0,0,59,232.0,3.932,3,19.0,3,22.0,8,0.0,3,0.0,0,1,0,0,170.0,41.0,21.0,0,NS_GREEN,hold,,,
2659.0,0,60,222.0,3.7,3,20.0,3,24.0,8,0.0,3,0.0,0,1,0,0,155.0,44.0,23.0,0,NS_GREEN,hold,,,
2660.0,0,61,212.0,3.475,3,22.0,3,26.0,8,0.0,3,0.0,1,1,0,0,139.0,48.0,25.0,0,NS_GREEN,hold,,,
2661.0,0,59,201.0,3.407,3,24.0,3,28.0,7,0.0,3,0.0,1,1,0,0,122.0,52.0,27.0,0,NS_GREEN,hold,,,
2662.0,0,60,189.0,3.15,3,26.0,3,30.0,7,0.0,3,0.0,1,1,0,0,104.0,56.0,29.0,0,NS_GREEN,hold,,,
2663.0,0,60,201.0,3.35,3,28.0,3,32.0,8,0.0,3,0.0,1,1,0,0,110.0,60.0,31.0,0,NS_GREEN,hold,,,
2664.0,0,60,190.0,3.167,3,30.0,3,34.0,8,0.0,3,0.0,1,1,0,0,93.0,64.0,33.0,0,NS_GREEN,hold,,,
2665.0,0,66,178.0,2.697,4,32.0,4,36.0,9,0.0,3,0.0,0,0,0,0,75.0,68.0,35.0,0,NS_GREEN,hold,,,
2666.0,0,68,165.0,2.426,5,34.0,5,38.0,9,0.0,3,0.0,0,0,0,0,56.0,72.0,37.0,0,NS_GREEN,hold,,,
2667.0,0,69,152.0,2.203,5,36.0,5,40.0,10,0.0,3,0.0,0,0,0,0,37.0,76.0,39.0,0,NS_GREEN,hold,,,
2668.0,0,69,137.0,1.986,5,38.0,5,42.0,10,0.0,3,0.0,0,0,0,0,16.0,80.0,41.0,0,NS_GREEN,hold,,,
2669.0,0,68,145.0,2.132,5,40.0,5,44.0,9,0.0,3,0.0,0,0,0,0,18.0,84.0,43.0,0,NS_GREEN,hold,,,
2670.0,0,68,153.0,2.25,5,42.0,5,46.0,9,0.0,3,0.0,0,0,0,0,20.0,88.0,45.0,0,NS_YELLOW,fixed_cycle,,,
2671.0,1,69,161.0,2.333,5,44.0,5,48.0,9,0.0,3,0.0,0,0,0,0,22.0,92.0,47.0,0,NS_YELLOW,hold,,,
2672.0,1,70,170.0,2.429,5,46.0,5,50.0,10,0.0,3,0.0,0,0,0,0,25.0,96.0,49.0,0,NS_YELLOW,hold,,,
2673.0,1,70,179.0,2.557,5,48.0,5,52.0,10,0.0,3,0.0,0,0,0,0,28.0,100.0,51.0,0,EW_GREEN,fixed_cycle,,,
2674.0,2,66,4.0,0.061,4,0.0,4,0.0,10,0.0,3,0.0,0,0,0,0,4.0,0.0,0.0,0,EW_GREEN,hold,,,
2675.0,2,62,6.0,0.097,4,0.0,3,0.0,10,0.0,3,0.0,0,0,0,0,6.0,0.0,0.0,0,EW_GREEN,hold,,,
2676.0,2,64,9.0,0.141,3,0.0,3,0.0,11,0.0,3,0.0,0,0,0,0,9.0,0.0,0.0,0,EW_GREEN,hold,,,
2677.0,2,63,13.0,0.206,3,0.0,3,0.0,11,0.0,3,1.0,0,0,0,0,12.0,1.0,0.0,0,EW_GREEN,hold,,,
2678.0,2,60,18.0,0.3,3,0.0,3,0.0,11,0.0,3,2.0,0,0,0,0,16.0,2.0,0.0,0,EW_GREEN,hold,,,
2679.0,2,58,23.0,0.397,2,0.0,3,0.0,11,0.0,3,3.0,0,0,0,0,20.0,3.0,0.0,0,EW_GREEN,hold,,,
2680.0,2,53,31.0,0.585,2,0.0,2,0.0,11,2.0,3,4.0,0,0,0,0,25.0,6.0,0.0,0,EW_GREEN,hold,,,
2681.0,2,53,39.0,0.736,1,0.0,2,0.0,12,4.0,4,5.0,0,0,0,0,30.0,9.0,0.0,0,EW_GREEN,hold,,,
2682.0,2,49,49.0,1.0,1,0.0,1,0.0,12,6.0,4,7.0,0,0,0,0,36.0,13.0,0.0,0,EW_GREEN,hold,,,
2683.0,2,47,61.0,1.298,1,0.0,1,0.0,12,9.0,4,9.0,0,0,0,0,43.0,18.0,0.0,0,EW_GREEN,hold,,,
2684.0,2,48,76.0,1.583,1,0.0,1,0.0,13,13.0,4,12.0,0,0,0,1,50.0,25.0,1.0,0,EW_GREEN,hold,,,
2685.0,2,48,92.0,1.917,1,0.0,1,0.0,13,17.0,4,15.0,0,0,0,1,58.0,32.0,2.0,0,EW_GREEN,hold,,,
2686.0,2,48,109.0,2.271,1,0.0,1,0.0,13,21.0,4,18.0,0,0,0,1,67.0,39.0,3.0,0,EW_GREEN,hold,,,
2687.0,2,48,128.0,2.667,1,0.0,1,0.0,13,26.0,4,21.0,0,0,0,2,77.0,47.0,4.0,0,EW_GREEN,hold,,,
2688.0,2,48,147.0,3.062,1,0.0,1,0.0,13,31.0,4,24.0,0,0,0,2,87.0,55.0,5.0,0,EW_GREEN,hold,,,
2689.0,2,50,160.0,3.2,2,0.0,2,0.0,13,37.0,4,19.0,0,0,0,1,98.0,56.0,6.0,0,EW_GREEN,hold,,,
2690.0,2,51,180.0,3.529,2,0.0,2,0.0,13,43.0,4,21.0,0,0,2,1,109.0,64.0,7.0,0,EW_GREEN,hold,,,
2691.0,2,50,201.0,4.02,2,0.0,2,0.0,13,49.0,4,23.0,0,0,0,1,121.0,72.0,8.0,0,EW_GREEN,hold,,,
2692.0,2,50,223.0,4.46,2,0.0,2,0.0,14,55.0,4,25.0,0,0,0,1,134.0,80.0,9.0,0,EW_GREEN,hold,,,
2693.0,2,50,246.0,4.92,2,0.0,2,0.0,14,61.0,4,28.0,0,0,0,2,147.0,89.0,10.0,0,EW_GREEN,hold,,,
2694.0,2,50,270.0,5.4,2,0.0,2,0.0,14,67.0,4,31.0,0,0,0,2,161.0,98.0,11.0,0,EW_GREEN,hold,,,
2695.0,2,50,294.0,5.88,2,0.0,2,0.0,14,73.0,4,34.0,0,0,0,2,175.0,107.0,12.0,0,EW_GREEN,hold,,,
2696.0,2,52,319.0,6.135,2,0.0,2,0.0,14,79.0,4,37.0,0,0,0,2,190.0,116.0,13.0,0,EW_GREEN,hold,,,
2697.0,2,52,345.0,6.635,2,0.0,2,0.0,14,85.0,4,40.0,0,0,3,2,206.0,125.0,14.0,0,EW_GREEN,hold,,,
2698.0,2,52,373.0,7.173,2,0.0,2,0.0,14,93.0,4,43.0,0,0,3,2,222.0,136.0,15.0,0,EW_GREEN,hold,,,
2699.0,2,52,402.0,7.731,2,0.0,2,0.0,14,102.0,4,46.0,0,0,3,2,238.0,148.0,16.0,0,EW_GREEN,hold,,,
2700.0,2,51,432.0,8.471,2,0.0,2,0.0,14,111.0,4,49.0,0,0,3,2,255.0,160.0,17.0,0,EW_GREEN,hold,,,
2701.0,2,54,463.0,8.574,2,0.0,2,0.0,14,120.0,4,52.0,0,0,3,2,273.0,172.0,18.0,0,EW_GREEN,hold,,,
2702.0,2,54,495.0,9.167,2,0.0,2,0.0,14,129.0,4,55.0,0,0,3,2,292.0,184.0,19.0,0,EW_GREEN,hold,,,
2703.0,2,52,528.0,10.154,1,0.0,1,0.0,14,138.0,4,58.0,0,0,3,2,312.0,196.0,20.0,0,EW_YELLOW,fixed_cycle,,,
2704.0,3,53,562.0,10.604,1,0.0,1,0.0,15,147.0,4,61.0,0,0,3,2,333.0,208.0,21.0,0,EW_YELLOW,hold,,,
2705.0,3,53,597.0,11.264,1,0.0,1,0.0,15,156.0,4,64.0,0,0,3,2,355.0,220.0,22.0,0,EW_YELLOW,hold,,,
2706.0,3,53,634.0,11.962,1,0.0,1,0.0,15,167.0,4,67.0,0,0,8,2,377.0,234.0,23.0,0,NS_GREEN,fixed_cycle,,,
2707.0,0,46,461.0,10.022,1,0.0,1,0.0,12,97.0,1,0.0,0,0,6,0,364.0,97.0,0.0,0,NS_GREEN,hold,,,
2708.0,0,46,399.0,8.674,1,0.0,1,0.0,12,47.0,1,0.0,0,0,0,0,352.0,47.0,0.0,0,NS_GREEN,hold,,,
2709.0,0,46,355.0,7.717,1,0.0,1,0.0,12,15.0,1,0.0,0,0,0,0,340.0,15.0,0.0,0,NS_GREEN,hold,,,
2710.0,0,45,333.0,7.4,1,0.0,1,0.0,9,5.0,1,0.0,0,0,0,0,328.0,5.0,0.0,0,NS_GREEN,hold,,,
2711.0,0,47,316.0,6.723,1,0.0,1,0.0,9,0.0,0,0.0,0,0,0,0,316.0,0.0,0.0,0,NS_GREEN,hold,,,
2712.0,0,48,304.0,6.333,1,0.0,1,0.0,8,0.0,1,0.0,0,0,0,0,304.0,0.0,0.0,0,NS_GREEN,hold,,,
2713.0,0,52,292.0,5.615,2,0.0,2,0.0,7,0.0,1,0.0,0,0,0,0,292.0,0.0,0.0,0,NS_GREEN,hold,,,
2714.0,0,54,280.0,5.185,3,0.0,3,0.0,6,0.0,1,0.0,0,0,0,0,280.0,0.0,0.0,0,NS_GREEN,hold,,,
2715.0,0,53,298.0,5.623,3,0.0,3,0.0,4,0.0,1,0.0,0,0,0,0,298.0,0.0,0.0,0,NS_GREEN,hold,,,
2716.0,0,52,286.0,5.5,3,0.0,3,0.0,3,0.0,1,0.0,0,0,0,0,286.0,0.0,0.0,0,NS_GREEN,hold,,,
2717.0,0,55,273.0,4.964,3,0.0,3,0.0,4,0.0,2,0.0,0,0,0,0,273.0,0.0,0.0,0,NS_GREEN,hold,,,
2718.0,0,55,261.0,4.745,3,0.0,3,0.0,4,0.0,2,0.0,0,0,0,0,261.0,0.0,0.0,0,NS_GREEN,hold,,,
2719.0,0,56,250.0,4.464,3,0.0,3,0.0,4,0.0,3,0.0,0,0,0,0,250.0,0.0,0.0,0,NS_GREEN,hold,,,
2720.0,0,55,239.0,4.345,3,0.0,3,0.0,4,0.0,3,0.0,0,0,0,0,239.0,0.0,0.0,0,NS_GREEN,hold,,,
2721.0,0,54,228.0,4.222,3,0.0,3,0.0,3,0.0,3,0.0,0,0,0,0,228.0,0.0,0.0,0,NS_GREEN,hold,,,
2722.0,0,55,219.0,3.982,3,0.0,3,0.0,4,0.0,3,0.0,0,0,0,0,218.0,0.0,1.0,0,NS_GREEN,hold,,,
2723.0,0,56,210.0,3.75,3,0.0,3,0.0,4,0.0,3,0.0,0,0,0,0,208.0,0.0,2.0,0,NS_GREEN,hold,,,
2724.0,0,55,228.0,4.145,3,0.0,3,0.0,4,0.0,3,0.0,0,0,0,0,225.0,0.0,3.0,0,NS_GREEN,hold,,,
2725.0,0,55,222.0,4.036,3,0.0,3,0.0,4,0.0,3,0.0,0,0,0,0,218.0,0.0,4.0,0,NS_GREEN,hold,,,
2726.0,0,56,199.0,3.554,3,0.0,3,0.0,5,0.0,3,0.0,0,0,0,0,194.0,0.0,5.0,0,NS_GREEN,hold,,,
2727.0,0,56,203.0,3.625,3,0.0,3,0.0,5,0.0,3,0.0,0,0,0,0,197.0,0.0,6.0,0,NS_GREEN,hold,,,
2728.0,0,57,180.0,3.158,3,0.0,3,0.0,6,0.0,3,0.0,0,0,0,0,173.0,0.0,7.0,0,NS_GREEN,hold,,,
2729.0,0,57,156.0,2.737,3,0.0,3,0.0,6,0.0,3,0.0,0,0,0,0,148.0,0.0,8.0,0,NS_GREEN,hold,,,
2730.0,0,57,130.0,2.281,3,0.0,3,0.0,7,0.0,3,0.0,0,0,0,0,121.0,0.0,9.0,0,NS_GREEN,hold,,,
2731.0,0,57,104.0,1.825,3,0.0,3,1.0,7,0.0,3,0.0,0,0,0,0,93.0,1.0,10.0,0,NS_GREEN,hold,,,
2732.0,0,57,80.0,1.404,3,1.0,3,2.0,7,0.0,3,0.0,0,2,0,0,66.0,3.0,11.0,0,NS_GREEN,hold,,,
2733.0,0,57,83.0,1.456,3,2.0,3,4.0,7,0.0,3,0.0,0,2,0,0,65.0,6.0,12.0,0,NS_GREEN,hold,,,
2734.0,0,57,57.0,1.0,3,3.0,3,6.0,7,0.0,3,0.0,0,1,0,0,35.0,9.0,13.0,0,NS_GREEN,hold,,,
2735.0,0,57,66.0,1.158,3,4.0,3,5.0,7,0.0,3,0.0,0,0,0,0,43.0,9.0,14.0,0,NS_GREEN,hold,,,
2736.0,0,57,68.0,1.193,3,5.0,3,6.0,7,0.0,3,0.0,0,0,0,0,42.0,11.0,15.0,0,NS_YELLOW,fixed_cycle,,,
2737.0,1,63,67.0,1.063,4,6.0,4,7.0,8,0.0,3,0.0,0,0,0,0,38.0,13.0,16.0,0,NS_YELLOW,hold,,,
2738.0,1,64,68.0,1.062,4,7.0,4,8.0,8,0.0,3,0.0,0,0,0,0,36.0,15.0,17.0,0,NS_YELLOW,hold,,,
2739.0,1,65,73.0,1.123,4,8.0,4,10.0,9,0.0,3,0.0,0,0,0,0,37.0,18.0,18.0,0,EW_GREEN,fixed_cycle,,,
2740.0,2,58,21.0,0.362,2,0.0,2,0.0,9,0.0,3,0.0,0,0,0,0,21.0,0.0,0.0,0,EW_GREEN,hold,,,
2741.0,2,57,22.0,0.386,2,0.0,2,0.0,9,0.0,3,0.0,0,0,0,0,22.0,0.0,0.0,0,EW_GREEN,hold,,,
2742.0,2,56,30.0,0.536,2,0.0,2,0.0,9,1.0,3,0.0,0,0,0,0,29.0,1.0,0.0,0,EW_GREEN,hold,,,
2743.0,2,53,33.0,0.623,2,0.0,2,0.0,10,2.0,3,0.0,0,0,0,0,31.0,2.0,0.0,0,EW_GREEN,hold,,,
2744.0,2,53,38.0,0.717,2,0.0,2,0.0,10,3.0,3,0.0,0,0,0,0,35.0,3.0,0.0,0,EW_GREEN,hold,,,
2745.0,2,51,45.0,0.882,2,0.0,2,0.0,10,5.0,3,0.0,0,0,0,0,40.0,5.0,0.0,0,EW_GREEN,hold,,,
2746.0,2,50,52.0,1.04,2,0.0,2,0.0,10,7.0,3,0.0,0,0,0,0,45.0,7.0,0.0,0,EW_GREEN,hold,,,
2747.0,2,49,61.0,1.245,2,0.0,2,0.0,10,9.0,3,0.0,0,0,0,0,52.0,9.0,0.0,0,EW_GREEN,hold,,,
2748.0,2,51,72.0,1.412,2,0.0,2,0.0,10,11.0,3,1.0,0,0,0,0,60.0,12.0,0.0,0,EW_GREEN,hold,,,
2749.0,2,50,88.0,1.76,2,0.0,2,0.0,10,14.0,3,2.0,0,0,0,0,72.0,16.0,0.0,0,EW_GREEN,hold,,,
2750.0,2,50,100.0,2.0,2,0.0,2,0.0,10,17.0,3,3.0,0,0,0,0,80.0,20.0,0.0,0,EW_GREEN,hold,,,
2751.0,2,47,118.0,2.511,1,0.0,1,0.0,10,20.0,3,5.0,0,0,0,2,93.0,25.0,0.0,0,EW_GREEN,hold,,,
2752.0,2,45,131.0,2.911,1,0.0,1,0.0,10,23.0,3,8.0,0,0,0,3,100.0,31.0,0.0,0,EW_GREEN,hold,,,
2753.0,2,45,144.0,3.2,1,0.0,1,0.0,10,26.0,4,11.0,0,0,0,1,107.0,37.0,0.0,0,EW_GREEN,hold,,,
2754.0,2,45,163.0,3.622,1,0.0,1,0.0,10,29.0,4,14.0,0,0,0,1,119.0,43.0,1.0,0,EW_GREEN,hold,,,
2755.0,2,45,184.0,4.089,1,0.0,1,0.0,11,32.0,4,17.0,0,0,0,1,133.0,49.0,2.0,0,EW_GREEN,hold,,,
2756.0,2,44,204.0,4.636,1,0.0,1,0.0,11,35.0,4,20.0,0,0,0,1,146.0,55.0,3.0,0,EW_GREEN,hold,,,
2757.0,2,42,226.0,5.381,0,0.0,0,0.0,11,38.0,4,23.0,0,0,0,1,161.0,61.0,4.0,0,EW_GREEN,hold,,,
2758.0,2,44,249.0,5.659,0,0.0,0,0.0,12,42.0,4,26.0,0,0,0,1,176.0,68.0,5.0,0,EW_GREEN,hold,,,
2759.0,2,44,273.0,6.205,0,0.0,0,0.0,12,46.0,4,29.0,0,0,0,1,192.0,75.0,6.0,0,EW_GREEN,hold,,,
2760.0,2,45,298.0,6.622,0,0.0,0,0.0,12,51.0,4,32.0,0,0,0,1,208.0,83.0,7.0,0,EW_GREEN,hold,,,
2761.0,2,49,324.0,6.612,2,0.0,2,0.0,12,56.0,4,35.0,0,0,0,1,225.0,91.0,8.0,0,EW_GREEN,hold,,,
2762.0,2,51,352.0,6.902,3,0.0,3,0.0,12,62.0,4,38.0,0,0,0,1,243.0,100.0,9.0,0,EW_GREEN,hold,,,
2763.0,2,50,379.0,7.58,3,0.0,3,0.0,12,68.0,4,41.0,0,0,0,1,260.0,109.0,10.0,0,EW_GREEN,hold,,,
2764.0,2,52,408.0,7.846,3,0.0,3,0.0,13,74.0,4,44.0,0,0,2,1,279.0,118.0,11.0,0,EW_GREEN,hold,,,
2765.0,2,52,439.0,8.442,3,0.0,3,0.0,13,81.0,4,47.0,0,0,2,1,299.0,128.0,12.0,0,EW_GREEN,hold,,,
2766.0,2,52,471.0,9.058,3,0.0,3,0.0,13,88.0,4,50.0,0,0,2,1,320.0,138.0,13.0,0,EW_GREEN,hold,,,
2767.0,2,52,504.0,9.692,3,0.0,3,0.0,13,95.0,4,53.0,0,0,2,1,342.0,148.0,14.0,0,EW_GREEN,hold,,,
2768.0,2,53,537.0,10.132,3,0.0,3,0.0,13,102.0,4,56.0,0,0,2,1,364.0,158.0,15.0,0,EW_GREEN,hold,,,
2769.0,2,53,571.0,10.774,3,0.0,3,0.0,13,109.0,4,59.0,0,0,2,1,387.0,168.0,16.0,0,EW_YELLOW,fixed_cycle,,,
2770.0,3,53,606.0,11.434,3,0.0,3,0.0,13,116.0,4,62.0,0,0,2,1,411.0,178.0,17.0,0,EW_YELLOW,hold,,,
2771.0,3,53,641.0,12.094,3,0.0,3,0.0,13,123.0,4,65.0,0,0,0,1,435.0,188.0,18.0,0,EW_YELLOW,hold,,,
2772.0,3,53,677.0,12.774,3,0.0,3,0.0,13,130.0,4,68.0,0,0,0,1,460.0,198.0,19.0,0,NS_GREEN,fixed_cycle,,,
2773.0,0,47,537.0,11.426,3,0.0,3,0.0,10,65.0,2,23.0,0,0,0,0,449.0,88.0,0.0,0,NS_GREEN,hold,,,
2774.0,0,48,452.0,9.417,3,0.0,3,0.0,11,15.0,2,0.0,0,0,0,0,437.0,15.0,0.0,0,NS_GREEN,hold,,,
2775.0,0,48,424.0,8.833,3,0.0,3,0.0,11,0.0,2,0.0,0,0,0,0,424.0,0.0,0.0,0,NS_GREEN,hold,,,
2776.0,0,43,412.0,9.581,3,0.0,3,0.0,8,0.0,1,0.0,0,0,0,0,412.0,0.0,0.0,0,NS_GREEN,hold,,,
2777.0,0,50,398.0,7.96,3,1.0,3,0.0,9,0.0,2,0.0,1,0,0,0,397.0,1.0,0.0,0,NS_GREEN,hold,,,
2778.0,0,49,385.0,7.857,3,2.0,3,1.0,8,0.0,2,0.0,1,0,0,0,382.0,3.0,0.0,0,NS_GREEN,hold,,,
2779.0,0,52,371.0,7.135,3,3.0,3,2.0,7,0.0,2,0.0,1,0,0,0,366.0,5.0,0.0,0,NS_GREEN,hold,,,
2780.0,0,53,358.0,6.755,3,5.0,3,3.0,7,0.0,2,0.0,1,0,0,0,350.0,8.0,0.0,0,NS_GREEN,hold,,,
2781.0,0,53,347.0,6.547,3,7.0,3,5.0,6,0.0,2,0.0,1,1,0,0,335.0,12.0,0.0,0,NS_GREEN,hold,,,
2782.0,0,54,367.0,6.796,3,9.0,3,7.0,6,0.0,2,0.0,1,1,0,0,351.0,16.0,0.0,0,NS_GREEN,hold,,,
2783.0,0,54,353.0,6.537,3,11.0,3,9.0,6,0.0,1,0.0,1,1,0,0,333.0,20.0,0.0,0,NS_GREEN,hold,,,
2784.0,0,54,340.0,6.296,3,13.0,3,11.0,6,0.0,1,0.0,1,1,0,0,316.0,24.0,0.0,0,NS_GREEN,hold,,,
2785.0,0,56,327.0,5.839,4,15.0,4,13.0,6,0.0,1,0.0,0,0,0,0,299.0,28.0,0.0,0,NS_GREEN,hold,,,
2786.0,0,57,311.0,5.456,4,17.0,4,15.0,7,0.0,1,0.0,0,0,0,0,278.0,32.0,1.0,0,NS_GREEN,hold,,,
2787.0,0,57,297.0,5.211,4,19.0,4,17.0,7,0.0,1,0.0,0,0,0,0,259.0,36.0,2.0,0,NS_GREEN,hold,,,
2788.0,0,56,282.0,5.036,4,21.0,4,19.0,7,0.0,1,0.0,0,0,0,0,239.0,40.0,3.0,0,NS_GREEN,hold,,,
2789.0,0,55,267.0,4.855,4,23.0,4,21.0,7,0.0,1,0.0,0,0,0,0,219.0,44.0,4.0,0,NS_GREEN,hold,,,
2790.0,0,55,252.0,4.582,4,25.0,4,23.0,6,0.0,2,0.0,0,0,0,0,199.0,48.0,5.0,0,NS_GREEN,hold,,,
2791.0,0,56,237.0,4.232,4,27.0,4,25.0,6,0.0,2,0.0,0,0,0,0,179.0,52.0,6.0,0,NS_GREEN,hold,,,
2792.0,0,58,221.0,3.81,4,29.0,4,27.0,6,0.0,3,0.0,0,0,0,0,158.0,56.0,7.0,0,NS_GREEN,hold,,,
2793.0,0,57,233.0,4.088,4,31.0,4,29.0,5,0.0,3,0.0,0,0,0,0,165.0,60.0,8.0,0,NS_GREEN,hold,,,
2794.0,0,56,246.0,4.393,4,33.0,4,31.0,5,0.0,3,0.0,0,0,0,0,173.0,64.0,9.0,0,NS_GREEN,hold,,,
2795.0,0,58,228.0,3.931,4,35.0,4,33.0,6,0.0,3,0.0,0,0,0,0,150.0,68.0,10.0,0,NS_GREEN,hold,,,
2796.0,0,57,207.0,3.632,4,37.0,4,35.0,6,0.0,3,0.0,0,0,0,0,124.0,72.0,11.0,0,NS_GREEN,hold,,,
2797.0,0,57,185.0,3.246,4,39.0,4,37.0,6,0.0,3,0.0,0,0,0,0,97.0,76.0,12.0,0,NS_GREEN,hold,,,
2798.0,0,58,164.0,2.828,4,41.0,4,39.0,7,0.0,3,0.0,0,0,0,0,71.0,80.0,13.0,0,NS_GREEN,hold,,,
2799.0,0,58,172.0,2.966,4,43.0,4,41.0,7,0.0,3,0.0,0,0,0,0,74.0,84.0,14.0,0,NS_GREEN,hold,,,
2800.0,0,59,149.0,2.525,4,45.0,4,43.0,8,0.0,3,0.0,0,0,0,0,46.0,88.0,15.0,0,NS_GREEN,hold,,,
2801.0,0,59,126.0,2.136,4,47.0,4,45.0,8,0.0,3,0.0,0,0,0,0,18.0,92.0,16.0,0,NS_GREEN,hold,,,
2802.0,0,59,133.0,2.254,4,49.0,4,48.0,8,0.0,3,0.0,2,2,0,0,19.0,97.0,17.0,0,NS_YELLOW,fixed_cycle,,,
2803.0,1,59,141.0,2.39,4,52.0,4,51.0,8,0.0,3,0.0,2,2,0,0,20.0,103.0,18.0,0,NS_YELLOW,hold,,,
2804.0,1,58,150.0,2.586,4,55.0,4,54.0,8,0.0,3,0.0,2,2,0,0,22.0,109.0,19.0,0,NS_YELLOW,hold,,,
2805.0,1,59,161.0,2.729,4,58.0,4,57.0,9,1.0,3,0.0,2,2,0,0,25.0,116.0,20.0,0,EW_GREEN,fixed_cycle,,,
2806.0,2,51,17.0,0.333,2,4.0,2,5.0,9,2.0,3,0.0,1,1,0,0,6.0,11.0,0.0,0,EW_GREEN,hold,,,
2807.0,2,51,12.0,0.235,2,0.0,2,0.0,9,3.0,3,0.0,0,0,0,0,9.0,3.0,0.0,0,EW_GREEN,hold,,,
2808.0,2,52,16.0,0.308,2,0.0,2,0.0,10,4.0,3,0.0,0,0,0,0,12.0,4.0,0.0,0,EW_GREEN,hold,,,
2809.0,2,56,23.0,0.411,3,0.0,3,0.0,10,6.0,3,1.0,0,0,0,0,16.0,7.0,0.0,0,EW_GREEN,hold,,,
2810.0,2,59,31.0,0.525,4,0.0,4,0.0,11,8.0,3,2.0,0,0,0,0,21.0,10.0,0.0,0,EW_GREEN,hold,,,
2811.0,2,55,39.0,0.709,4,0.0,4,0.0,11,10.0,3,3.0,0,0,0,0,26.0,13.0,0.0,0,EW_GREEN,hold,,,
2812.0,2,54,50.0,0.926,4,1.0,4,1.0,11,12.0,3,4.0,0,0,0,0,32.0,18.0,0.0,0,EW_GREEN,hold,,,
2813.0,2,51,56.0,1.098,3,0.0,3,0.0,11,14.0,3,5.0,0,0,0,0,37.0,19.0,0.0,0,EW_GREEN,hold,,,
2814.0,2,50,66.0,1.32,3,0.0,3,0.0,11,16.0,3,6.0,0,0,0,0,44.0,22.0,0.0,0,EW_GREEN,hold,,,
2815.0,2,50,77.0,1.54,3,0.0,3,0.0,11,18.0,3,7.0,0,0,0,0,52.0,25.0,0.0,0,EW_GREEN,hold,,,
2816.0,2,51,88.0,1.725,3,0.0,3,0.0,12,20.0,3,8.0,0,0,0,0,60.0,28.0,0.0,0,EW_GREEN,hold,,,
2817.0,2,50,100.0,2.0,3,0.0,3,0.0,12,22.0,3,9.0,0,0,0,0,69.0,31.0,0.0,0,EW_GREEN,hold,,,
2818.0,2,49,113.0,2.306,3,0.0,3,0.0,12,24.0,3,10.0,0,0,0,0,79.0,34.0,0.0,0,EW_GREEN,hold,,,
2819.0,2,49,126.0,2.571,3,0.0,3,0.0,12,26.0,3,11.0,0,0,0,0,89.0,37.0,0.0,0,EW_GREEN,hold,,,
2820.0,2,51,139.0,2.725,3,0.0,3,0.0,12,28.0,3,12.0,0,0,0,0,99.0,40.0,0.0,0,EW_GREEN,hold,,,
2821.0,2,51,156.0,3.059,3,0.0,3,0.0,12,32.0,3,13.0,0,0,0,0,111.0,45.0,0.0,0,EW_GREEN,hold,,,
2822.0,2,51,174.0,3.412,3,0.0,3,0.0,12,36.0,3,14.0,0,0,0,0,124.0,50.0,0.0,0,EW_GREEN,hold,,,
2823.0,2,50,193.0,3.86,3,0.0,3,0.0,12,40.0,3,16.0,0,0,0,1,137.0,56.0,0.0,0,EW_GREEN,hold,,,
2824.0,2,48,212.0,4.417,3,0.0,3,0.0,12,44.0,3,18.0,0,0,0,1,150.0,62.0,0.0,0,EW_GREEN,hold,,,
2825.0,2,49,233.0,4.755,2,0.0,3,0.0,13,48.0,4,21.0,0,0,0,1,164.0,69.0,0.0,0,EW_GREEN,hold,,,
2826.0,2,48,254.0,5.292,2,0.0,2,0.0,13,52.0,4,24.0,0,0,0,1,178.0,76.0,0.0,0,EW_GREEN,hold,,,
2827.0,2,46,276.0,6.0,1,0.0,2,0.0,13,56.0,4,27.0,0,0,0,2,193.0,83.0,0.0,0,EW_GREEN,hold,,,
2828.0,2,47,301.0,6.404,1,0.0,1,0.0,14,61.0,4,30.0,0,0,0,2,209.0,91.0,1.0,0,EW_GREEN,hold,,,
2829.0,2,47,322.0,6.851,1,0.0,1,0.0,14,67.0,4,28.0,0,0,0,1,225.0,95.0,2.0,0,EW_GREEN,hold,,,
2830.0,2,48,348.0,7.25,1,0.0,1,0.0,14,73.0,4,30.0,0,0,0,1,242.0,103.0,3.0,0,EW_GREEN,hold,,,
2831.0,2,50,374.0,7.48,1,0.0,1,0.0,14,79.0,4,32.0,0,0,0,1,259.0,111.0,4.0,0,EW_GREEN,hold,,,
2832.0,2,50,402.0,8.04,1,0.0,1,0.0,14,85.0,4,35.0,0,0,0,2,277.0,120.0,5.0,0,EW_GREEN,hold,,,
2833.0,2,52,432.0,8.308,2,0.0,2,0.0,14,92.0,4,38.0,0,0,0,2,296.0,130.0,6.0,0,EW_GREEN,hold,,,
2834.0,2,52,463.0,8.904,2,0.0,2,0.0,14,99.0,4,41.0,0,0,0,2,316.0,140.0,7.0,0,EW_GREEN,hold,,,
2835.0,2,51,495.0,9.706,2,0.0,2,0.0,14,106.0,4,44.0,0,0,0,2,337.0,150.0,8.0,0,EW_YELLOW,fixed_cycle,,,
2836.0,3,52,528.0,10.154,2,0.0,2,0.0,15,114.0,4,47.0,0,0,0,2,358.0,161.0,9.0,0,EW_YELLOW,hold,,,
2837.0,3,52,560.0,10.769,2,0.0,2,0.0,15,120.0,4,50.0,0,0,0,2,380.0,170.0,10.0,0,EW_YELLOW,hold,,,
2838.0,3,52,594.0,11.423,2,0.0,2,0.0,15,127.0,4,53.0,0,0,0,2,403.0,180.0,11.0,0,NS_GREEN,fixed_cycle,,,
2839.0,0,44,441.0,10.023,2,0.0,2,0.0,12,51.0,1,0.0,0,0,3,0,390.0,51.0,0.0,0,NS_GREEN,hold,,,
2840.0,0,45,388.0,8.622,2,0.0,2,0.0,12,12.0,1,0.0,0,0,0,0,376.0,12.0,0.0,0,NS_GREEN,hold,,,
2841.0,0,44,365.0,8.295,2,0.0,2,0.0,11,4.0,1,0.0,0,0,0,0,361.0,4.0,0.0,0,NS_GREEN,hold,,,
2842.0,0,45,347.0,7.711,2,0.0,2,0.0,10,0.0,1,0.0,0,0,0,0,347.0,0.0,0.0,0,NS_GREEN,hold,,,
2843.0,0,49,332.0,6.776,2,0.0,2,0.0,9,0.0,2,0.0,0,0,0,0,332.0,0.0,0.0,0,NS_GREEN,hold,,,
2844.0,0,49,318.0,6.49,2,0.0,2,0.0,8,0.0,2,0.0,0,0,0,0,318.0,0.0,0.0,0,NS_GREEN,hold,,,
2845.0,0,50,303.0,6.06,2,0.0,2,0.0,7,0.0,2,0.0,0,0,0,0,303.0,0.0,0.0,0,NS_GREEN,hold,,,
2846.0,0,51,288.0,5.647,2,0.0,2,0.0,7,0.0,2,0.0,0,0,0,0,288.0,0.0,0.0,0,NS_GREEN,hold,,,
2847.0,0,50,273.0,5.46,2,0.0,2,0.0,5,0.0,2,0.0,0,0,0,0,272.0,0.0,1.0,0,NS_GREEN,hold,,,
2848.0,0,51,256.0,5.02,2,0.0,2,0.0,5,0.0,2,0.0,0,0,0,0,254.0,0.0,2.0,0,NS_GREEN,hold,,,
2849.0,0,53,241.0,4.547,2,0.0,2,0.0,5,0.0,2,0.0,0,0,0,0,238.0,0.0,3.0,0,NS_GREEN,hold,,,
2850.0,0,53,226.0,4.264,2,1.0,2,1.0,5,0.0,2,0.0,1,1,0,0,220.0,2.0,4.0,0,NS_GREEN,hold,,,
2851.0,0,55,241.0,4.382,2,2.0,2,2.0,6,0.0,2,0.0,1,1,0,0,232.0,4.0,5.0,0,NS_GREEN,hold,,,
2852.0,0,55,225.0,4.091,2,3.0,2,3.0,6,0.0,2,0.0,0,0,0,0,213.0,6.0,6.0,0,NS_GREEN,hold,,,
2853.0,0,55,210.0,3.818,2,4.0,2,4.0,6,0.0,2,0.0,0,0,0,0,195.0,8.0,7.0,0,NS_GREEN,hold,,,
2854.0,0,55,195.0,3.545,2,5.0,2,5.0,6,0.0,2,0.0,0,0,0,0,177.0,10.0,8.0,0,NS_GREEN,hold,,,
2855.0,0,52,179.0,3.442,2,6.0,2,6.0,5,0.0,1,0.0,0,0,0,0,158.0,12.0,9.0,0,NS_GREEN,hold,,,
2856.0,0,54,191.0,3.537,2,7.0,2,7.0,6,0.0,1,0.0,0,0,0,0,167.0,14.0,10.0,0,NS_GREEN,hold,,,
2857.0,0,55,174.0,3.164,3,8.0,3,8.0,6,0.0,1,0.0,0,0,0,0,147.0,16.0,11.0,0,NS_GREEN,hold,,,
2858.0,0,57,157.0,2.754,4,9.0,4,9.0,6,0.0,1,0.0,0,0,0,0,127.0,18.0,12.0,0,NS_GREEN,hold,,,
2859.0,0,57,138.0,2.421,4,10.0,4,10.0,7,0.0,1,0.0,0,0,0,0,105.0,20.0,13.0,0,NS_GREEN,hold,,,
2860.0,0,55,119.0,2.164,4,11.0,4,11.0,6,0.0,1,0.0,0,0,0,0,83.0,22.0,14.0,0,NS_GREEN,hold,,,
2861.0,0,57,100.0,1.754,4,12.0,4,12.0,7,0.0,1,0.0,0,0,0,0,61.0,24.0,15.0,0,NS_GREEN,hold,,,
2862.0,0,57,107.0,1.877,4,13.0,4,13.0,7,0.0,1,0.0,0,0,0,0,65.0,26.0,16.0,0,NS_GREEN,hold,,,
2863.0,0,58,87.0,1.5,4,14.0,4,14.0,7,0.0,2,0.0,0,0,0,0,42.0,28.0,17.0,0,NS_GREEN,hold,,,
2864.0,0,58,66.0,1.138,4,15.0,4,15.0,7,0.0,2,0.0,0,0,0,0,18.0,30.0,18.0,0,NS_GREEN,hold,,,
2865.0,0,58,72.0,1.241,4,16.0,4,16.0,7,0.0,2,0.0,0,0,0,0,20.0,32.0,20.0,0,NS_GREEN,hold,,,
2866.0,0,57,78.0,1.368,4,17.0,4,17.0,6,0.0,3,0.0,0,0,0,0,22.0,34.0,22.0,0,NS_GREEN,hold,,,
2867.0,0,59,85.0,1.441,4,18.0,4,18.0,7,0.0,3,0.0,0,0,0,0,25.0,36.0,24.0,0,NS_GREEN,hold,,,
2868.0,0,59,91.0,1.542,4,19.0,4,19.0,7,0.0,3,0.0,0,0,0,0,27.0,38.0,26.0,0,NS_YELLOW,fixed_cycle,,,
2869.0,1,59,96.0,1.627,4,20.0,4,20.0,7,0.0,3,0.0,0,0,0,0,28.0,40.0,28.0,0,NS_YELLOW,hold,,,
2870.0,1,60,102.0,1.7,4,21.0,4,21.0,8,0.0,3,0.0,0,0,0,0,30.0,42.0,30.0,0,NS_YELLOW,hold,,,
2871.0,1,61,108.0,1.77,4,22.0,4,22.0,8,0.0,3,0.0,0,0,0,0,32.0,44.0,32.0,0,EW_GREEN,fixed_cycle,,,
2872.0,2,55,8.0,0.145,2,0.0,2,0.0,9,0.0,3,0.0,0,0,0,0,0.0,0.0,8.0,0,EW_GREEN,hold,,,
2873.0,2,54,2.0,0.037,2,0.0,2,0.0,9,0.0,3,0.0,0,0,0,0,1.0,0.0,1.0,0,EW_GREEN,hold,,,
2874.0,2,50,3.0,0.06,1,0.0,1,0.0,9,0.0,3,0.0,0,0,0,0,3.0,0.0,0.0,0,EW_GREEN,hold,,,
2875.0,2,50,5.0,0.1,1,0.0,1,0.0,9,0.0,3,0.0,0,0,0,0,5.0,0.0,0.0,0,EW_GREEN,hold,,,
2876.0,2,46,8.0,0.174,1,0.0,1,0.0,9,0.0,3,0.0,0,0,0,0,8.0,0.0,0.0,0,EW_GREEN,hold,,,
2877.0,2,46,12.0,0.261,1,0.0,1,0.0,10,0.0,3,1.0,0,0,0,0,11.0,1.0,0.0,0,EW_GREEN,hold,,,
2878.0,2,44,16.0,0.364,1,0.0,0,0.0,10,0.0,3,2.0,0,0,0,0,14.0,2.0,0.0,0,EW_GREEN,hold,,,
2879.0,2,42,21.0,0.5,0,0.0,0,0.0,10,0.0,3,3.0,0,0,0,0,18.0,3.0,0.0,0,EW_GREEN,hold,,,
2880.0,2,42,27.0,0.643,0,0.0,0,0.0,10,0.0,3,4.0,0,0,0,0,23.0,4.0,0.0,0,EW_GREEN,hold,,,
2881.0,2,49,34.0,0.694,2,0.0,2,0.0,10,1.0,3,5.0,0,0,0,0,28.0,6.0,0.0,0,EW_GREEN,hold,,,
2882.0,2,49,43.0,0.878,2,0.0,2,0.0,10,2.0,3,6.0,0,0,0,0,35.0,8.0,0.0,0,EW_GREEN,hold,,,
2883.0,2,49,53.0,1.082,2,0.0,2,0.0,10,4.0,3,7.0,0,0,0,0,42.0,11.0,0.0,0,EW_GREEN,hold,,,
2884.0,2,49,64.0,1.306,2,0.0,2,0.0,10,6.0,3,8.0,0,0,1,0,50.0,14.0,0.0,0,EW_GREEN,hold,,,
2885.0,2,49,77.0,1.571,2,0.0,2,0.0,10,9.0,3,9.0,0,0,0,0,59.0,18.0,0.0,0,EW_GREEN,hold,,,
2886.0,2,47,90.0,1.915,2,0.0,2,0.0,10,12.0,3,10.0,0,0,0,0,68.0,22.0,0.0,0,EW_GREEN,hold,,,
2887.0,2,49,105.0,2.143,2,0.0,2,0.0,11,16.0,3,11.0,0,0,0,0,78.0,27.0,0.0,0,EW_GREEN,hold,,,
2888.0,2,49,121.0,2.469,2,0.0,2,0.0,11,20.0,3,12.0,0,0,0,0,89.0,32.0,0.0,0,EW_GREEN,hold,,,
2889.0,2,49,138.0,2.816,2,0.0,2,0.0,11,24.0,3,13.0,0,0,0,0,101.0,37.0,0.0,0,EW_GREEN,hold,,,
2890.0,2,49,155.0,3.163,2,0.0,2,0.0,11,28.0,3,14.0,0,0,0,0,113.0,42.0,0.0,0,EW_GREEN,hold,,,
2891.0,2,49,172.0,3.51,2,0.0,2,0.0,11,32.0,3,15.0,0,0,0,0,125.0,47.0,0.0,0,EW_GREEN,hold,,,
2892.0,2,51,190.0,3.725,2,0.0,2,0.0,11,36.0,3,16.0,0,0,0,0,138.0,52.0,0.0,0,EW_GREEN,hold,,,
2893.0,2,51,210.0,4.118,2,0.0,2,0.0,11,41.0,3,17.0,0,0,0,0,152.0,58.0,0.0,0,EW_GREEN,hold,,,
2894.0,2,51,230.0,4.51,2,0.0,2,0.0,11,46.0,3,18.0,0,0,0,0,166.0,64.0,0.0,0,EW_GREEN,hold,,,
2895.0,2,50,252.0,5.04,2,0.0,1,0.0,11,52.0,3,19.0,0,0,0,0,181.0,71.0,0.0,0,EW_GREEN,hold,,,
2896.0,2,49,275.0,5.612,2,0.0,1,0.0,11,58.0,3,20.0,0,0,2,0,197.0,78.0,0.0,0,EW_GREEN,hold,,,
2897.0,2,49,299.0,6.102,1,0.0,1,0.0,12,64.0,4,21.0,0,0,2,0,214.0,85.0,0.0,0,EW_GREEN,hold,,,
2898.0,2,48,325.0,6.771,1,0.0,1,0.0,12,70.0,4,23.0,0,0,2,0,232.0,93.0,0.0,0,EW_GREEN,hold,,,
2899.0,2,48,354.0,7.375,1,0.0,1,0.0,12,77.0,4,26.0,0,0,0,1,250.0,103.0,1.0,0,EW_GREEN,hold,,,
2900.0,2,49,384.0,7.837,1,0.0,1,0.0,13,84.0,4,29.0,0,0,0,1,269.0,113.0,2.0,0,EW_GREEN,hold,,,
2901.0,2,49,414.0,8.449,1,0.0,1,0.0,13,91.0,4,32.0,0,0,0,1,288.0,123.0,3.0,0,EW_YELLOW,fixed_cycle,,,
2902.0,3,49,445.0,9.082,1,0.0,1,0.0,13,98.0,4,35.0,0,0,0,1,308.0,133.0,4.0,0,EW_YELLOW,hold,,,
2903.0,3,50,479.0,9.58,1,0.0,1,0.0,14,106.0,4,38.0,0,0,3,1,330.0,144.0,5.0,0,EW_YELLOW,hold,,,
2904.0,3,50,515.0,10.3,1,0.0,1,0.0,14,115.0,4,41.0,0,0,6,1,353.0,156.0,6.0,0,NS_GREEN,fixed_cycle,,,
2905.0,0,44,406.0,9.227,2,0.0,2,0.0,11,55.0,2,8.0,0,0,4,0,343.0,63.0,0.0,0,NS_GREEN,hold,,,
2906.0,0,47,347.0,7.383,3,0.0,3,0.0,12,15.0,2,0.0,0,0,0,0,332.0,15.0,0.0,0,NS_GREEN,hold,,,
2907.0,0,47,321.0,6.83,3,0.0,3,0.0,12,0.0,2,0.0,0,0,0,0,321.0,0.0,0.0,0,NS_GREEN,hold,,,
2908.0,0,44,311.0,7.068,3,0.0,3,0.0,10,0.0,1,0.0,0,0,0,0,311.0,0.0,0.0,0,NS_GREEN,hold,,,
2909.0,0,48,300.0,6.25,3,0.0,3,0.0,10,0.0,2,0.0,0,0,0,0,300.0,0.0,0.0,0,NS_GREEN,hold,,,
2910.0,0,48,290.0,6.042,3,0.0,3,0.0,9,0.0,2,0.0,0,0,0,0,290.0,0.0,0.0,0,NS_GREEN,hold,,,
2911.0,0,50,279.0,5.58,3,0.0,3,0.0,9,1.0,2,0.0,0,0,0,0,278.0,1.0,0.0,0,NS_GREEN,hold,,,
2912.0,0,50,267.0,5.34,3,0.0,3,0.0,9,1.0,2,0.0,0,0,0,0,266.0,1.0,0.0,0,NS_GREEN,hold,,,
2913.0,0,51,254.0,4.98,3,0.0,3,0.0,8,0.0,2,0.0,0,0,0,0,254.0,0.0,0.0,0,NS_GREEN,hold,,,
2914.0,0,50,238.0,4.76,3,0.0,3,0.0,8,0.0,2,0.0,0,0,0,0,238.0,0.0,0.0,0,NS_GREEN,hold,,,
2915.0,0,51,222.0,4.353,3,0.0,3,0.0,8,0.0,2,0.0,0,0,0,0,222.0,0.0,0.0,0,NS_GREEN,hold,,,
2916.0,0,52,205.0,3.942,3,0.0,3,0.0,8,0.0,2,0.0,0,0,0,0,205.0,0.0,0.0,0,NS_GREEN,hold,,,
2917.0,0,52,216.0,4.154,3,0.0,3,0.0,7,0.0,2,0.0,0,0,0,0,216.0,0.0,0.0,0,NS_GREEN,hold,,,
2918.0,0,54,199.0,3.685,3,0.0,3,0.0,7,0.0,2,0.0,0,0,0,0,199.0,0.0,0.0,0,NS_GREEN,hold,,,
2919.0,0,53,182.0,3.434,3,0.0,3,0.0,7,0.0,2,0.0,0,0,0,0,182.0,0.0,0.0,0,NS_GREEN,hold,,,
2920.0,0,54,165.0,3.056,3,0.0,3,0.0,8,0.0,2,0.0,0,0,0,0,165.0,0.0,0.0,0,NS_GREEN,hold,,,
2921.0,0,54,148.0,2.741,3,0.0,3,1.0,8,0.0,2,0.0,0,0,0,0,147.0,1.0,0.0,0,NS_GREEN,hold,,,
2922.0,0,54,131.0,2.426,3,1.0,3,2.0,8,0.0,2,0.0,0,0,0,0,128.0,3.0,0.0,0,NS_GREEN,hold,,,
2923.0,0,56,113.0,2.018,3,2.0,3,3.0,9,0.0,2,0.0,0,0,0,0,108.0,5.0,0.0,0,NS_GREEN,hold,,,
2924.0,0,56,122.0,2.179,3,3.0,3,5.0,10,0.0,2,0.0,0,2,0,0,113.0,8.0,1.0,0,NS_GREEN,hold,,,
2925.0,0,56,106.0,1.893,3,5.0,3,7.0,10,0.0,2,0.0,1,1,0,0,92.0,12.0,2.0,0,NS_GREEN,hold,,,
2926.0,0,56,85.0,1.518,3,5.0,3,6.0,10,0.0,2,0.0,0,0,0,0,71.0,11.0,3.0,0,NS_GREEN,hold,,,
2927.0,0,54,67.0,1.241,3,6.0,3,7.0,9,0.0,1,0.0,0,0,0,0,50.0,13.0,4.0,0,NS_GREEN,hold,,,
2928.0,0,54,47.0,0.87,3,7.0,3,8.0,8,0.0,1,0.0,0,0,0,0,27.0,15.0,5.0,0,NS_GREEN,hold,,,
2929.0,0,56,27.0,0.482,4,8.0,4,9.0,8,0.0,1,0.0,0,0,0,0,4.0,17.0,6.0,0,NS_GREEN,hold,,,
2930.0,0,57,34.0,0.596,4,9.0,4,11.0,9,0.0,1,0.0,0,0,0,0,7.0,20.0,7.0,0,NS_GREEN,hold,,,
2931.0,0,56,39.0,0.696,4,11.0,4,13.0,9,0.0,1,0.0,0,0,0,0,7.0,24.0,8.0,0,NS_GREEN,hold,,,
2932.0,0,55,43.0,0.782,4,13.0,4,15.0,9,0.0,1,0.0,0,0,0,0,6.0,28.0,9.0,0,NS_GREEN,hold,,,
2933.0,0,57,49.0,0.86,4,15.0,4,17.0,10,0.0,1,0.0,0,0,0,0,7.0,32.0,10.0,0,NS_GREEN,hold,,,
2934.0,0,58,56.0,0.966,4,17.0,4,19.0,10,0.0,2,0.0,0,0,0,0,9.0,36.0,11.0,0,NS_YELLOW,fixed_cycle,,,
2935.0,1,59,61.0,1.034,4,19.0,4,21.0,11,0.0,2,0.0,0,0,0,0,9.0,40.0,12.0,0,NS_YELLOW,hold,,,
2936.0,1,59,67.0,1.136,4,21.0,4,23.0,11,0.0,2,0.0,0,0,0,0,10.0,44.0,13.0,0,NS_YELLOW,hold,,,
2937.0,1,60,74.0,1.233,4,23.0,4,25.0,11,0.0,3,0.0,0,0,0,0,12.0,48.0,14.0,0,EW_GREEN,fixed_cycle,,,
2938.0,2,53,3.0,0.057,2,0.0,2,0.0,11,0.0,3,0.0,0,0,0,0,3.0,0.0,0.0,0,EW_GREEN,hold,,,
2939.0,2,51,5.0,0.098,2,0.0,2,0.0,11,0.0,3,0.0,0,0,0,0,5.0,0.0,0.0,0,EW_GREEN,hold,,,
2940.0,2,52,8.0,0.154,2,0.0,2,0.0,12,0.0,3,0.0,0,0,0,0,8.0,0.0,0.0,0,EW_GREEN,hold,,,
2941.0,2,50,14.0,0.28,2,0.0,2,0.0,12,1.0,3,1.0,0,0,0,0,12.0,2.0,0.0,1,EW_GREEN,hold,,,
2942.0,2,50,20.0,0.4,2,0.0,2,0.0,12,2.0,3,2.0,0,0,0,0,16.0,4.0,0.0,1,EW_GREEN,hold,,,
2943.0,2,50,26.0,0.52,2,0.0,2,0.0,12,3.0,3,3.0,0,0,0,0,20.0,6.0,0.0,1,EW_GREEN,hold,,,
2944.0,2,48,35.0,0.729,2,0.0,2,0.0,12,5.0,3,4.0,0,0,0,0,26.0,9.0,0.0,1,EW_GREEN,hold,,,
2945.0,2,48,46.0,0.958,2,0.0,2,0.0,12,8.0,3,5.0,0,0,0,0,33.0,13.0,0.0,1,EW_GREEN,hold,,,
2946.0,2,46,57.0,1.239,1,0.0,1,0.0,12,11.0,3,6.0,0,0,0,0,40.0,17.0,0.0,1,EW_GREEN,hold,,,
2947.0,2,44,68.0,1.545,1,0.0,1,0.0,12,14.0,3,7.0,0,0,0,0,47.0,21.0,0.0,1,EW_GREEN,hold,,,
2948.0,2,45,81.0,1.8,1,0.0,1,0.0,12,18.0,3,8.0,0,0,0,0,55.0,26.0,0.0,1,EW_GREEN,hold,,,
2949.0,2,43,96.0,2.233,1,0.0,1,0.0,12,23.0,3,9.0,0,0,0,0,64.0,32.0,0.0,1,EW_GREEN,hold,,,
2950.0,2,44,111.0,2.523,1,0.0,1,0.0,13,28.0,3,10.0,0,0,0,0,73.0,38.0,0.0,1,EW_GREEN,hold,,,
2951.0,2,43,127.0,2.953,1,0.0,1,0.0,13,33.0,3,11.0,0,0,0,0,83.0,44.0,0.0,1,EW_GREEN,hold,,,
2952.0,2,44,145.0,3.295,1,0.0,1,0.0,13,39.0,3,12.0,0,0,0,0,94.0,51.0,0.0,1,EW_GREEN,hold,,,
2953.0,2,50,164.0,3.28,2,0.0,2,0.0,13,45.0,3,13.0,0,0,0,0,106.0,58.0,0.0,1,EW_GREEN,hold,,,
2954.0,2,54,184.0,3.407,3,0.0,3,0.0,13,51.0,3,14.0,0,0,0,0,118.0,65.0,1.0,1,EW_GREEN,hold,,,
2955.0,2,54,205.0,3.796,3,0.0,3,0.0,13,57.0,3,15.0,0,0,0,0,131.0,72.0,2.0,1,EW_GREEN,hold,,,
2956.0,2,53,228.0,4.302,3,0.0,3,0.0,13,64.0,3,16.0,0,0,0,0,145.0,80.0,3.0,1,EW_GREEN,hold,,,
2957.0,2,52,250.0,4.808,3,0.0,3,0.0,13,72.0,3,17.0,0,0,0,0,157.0,89.0,4.0,1,EW_GREEN,hold,,,
2958.0,2,51,274.0,5.373,3,0.0,3,0.0,13,80.0,3,18.0,0,0,0,0,171.0,98.0,5.0,1,EW_GREEN,hold,,,
2959.0,2,52,299.0,5.75,3,0.0,3,0.0,14,88.0,3,19.0,0,0,0,0,186.0,107.0,6.0,1,EW_GREEN,hold,,,
2960.0,2,53,324.0,6.113,3,0.0,3,0.0,14,96.0,3,20.0,0,0,0,0,201.0,116.0,7.0,1,EW_GREEN,hold,,,
2961.0,2,53,350.0,6.604,3,0.0,3,0.0,14,104.0,3,21.0,0,0,0,0,217.0,125.0,8.0,1,EW_GREEN,hold,,,
2962.0,2,53,377.0,7.113,3,0.0,3,0.0,14,112.0,3,22.0,0,0,0,0,234.0,134.0,9.0,1,EW_GREEN,hold,,,
2963.0,2,53,405.0,7.642,3,0.0,3,0.0,14,120.0,3,23.0,0,0,0,0,252.0,143.0,10.0,1,EW_GREEN,hold,,,
2964.0,2,54,433.0,8.019,3,0.0,3,0.0,14,128.0,3,24.0,0,0,0,0,270.0,152.0,11.0,1,EW_GREEN,hold,,,
2965.0,2,54,461.0,8.537,3,0.0,3,0.0,14,136.0,3,25.0,0,0,4,0,288.0,161.0,12.0,1,EW_GREEN,hold,,,
2966.0,2,54,492.0,9.111,3,0.0,3,0.0,14,146.0,3,26.0,0,0,4,0,307.0,172.0,13.0,1,EW_GREEN,hold,,,
2967.0,2,53,524.0,9.887,3,0.0,2,0.0,14,156.0,3,27.0,0,0,9,0,327.0,183.0,14.0,1,EW_YELLOW,fixed_cycle,,,
2968.0,3,50,557.0,11.14,2,0.0,2,0.0,14,166.0,3,28.0,0,0,9,0,348.0,194.0,15.0,1,EW_YELLOW,hold,,,
2969.0,3,52,595.0,11.442,2,0.0,2,0.0,15,177.0,4,31.0,0,0,9,1,370.0,208.0,17.0,1,EW_YELLOW,hold,,,
2970.0,3,51,633.0,12.412,2,0.0,2,0.0,15,188.0,4,34.0,0,0,5,1,392.0,222.0,19.0,1,NS_GREEN,fixed_cycle,,,
2971.0,0,45,504.0,11.2,2,0.0,2,1.0,12,118.0,2,3.0,0,1,4,0,379.0,122.0,3.0,0,NS_GREEN,hold,,,
2972.0,0,46,420.0,9.13,2,1.0,2,2.0,13,51.0,2,0.0,1,1,0,0,366.0,54.0,0.0,0,NS_GREEN,hold,,,
2973.0,0,46,380.0,8.261,2,2.0,2,3.0,13,22.0,2,0.0,1,1,0,0,353.0,27.0,0.0,0,NS_GREEN,hold,,,
2974.0,0,43,354.0,8.233,2,3.0,2,4.0,11,8.0,2,0.0,1,1,0,0,339.0,15.0,0.0,1,NS_GREEN,hold,,,
2975.0,0,48,335.0,6.979,2,4.0,2,5.0,12,0.0,2,0.0,1,1,0,0,326.0,9.0,0.0,1,NS_GREEN,hold,,,
2976.0,0,48,322.0,6.708,2,5.0,2,6.0,12,0.0,2,0.0,1,1,0,0,311.0,11.0,0.0,1,NS_GREEN,hold,,,
2977.0,0,50,308.0,6.16,3,6.0,3,7.0,9,0.0,2,0.0,0,0,0,0,295.0,13.0,0.0,1,NS_GREEN,hold,,,
2978.0,0,52,295.0,5.673,3,7.0,3,8.0,10,0.0,3,0.0,0,0,0,0,280.0,15.0,0.0,1,NS_GREEN,hold,,,
2979.0,0,52,281.0,5.404,3,8.0,3,9.0,8,0.0,3,0.0,0,0,0,0,264.0,17.0,0.0,1,NS_GREEN,hold,,,
2980.0,0,53,267.0,5.038,3,9.0,3,10.0,8,0.0,3,0.0,0,0,0,0,248.0,19.0,0.0,1,NS_GREEN,hold,,,
2981.0,0,50,282.0,5.64,3,10.0,3,11.0,5,0.0,3,0.0,0,0,0,0,261.0,21.0,0.0,1,NS_GREEN,hold,,,
2982.0,0,52,266.0,5.115,3,11.0,3,12.0,6,0.0,3,0.0,0,0,0,0,243.0,23.0,0.0,1,NS_GREEN,hold,,,
2983.0,0,54,249.0,4.611,3,12.0,3,13.0,6,0.0,3,0.0,0,0,0,0,224.0,25.0,0.0,1,NS_GREEN,hold,,,
2984.0,0,54,232.0,4.296,3,13.0,3,14.0,6,0.0,3,0.0,0,0,0,0,205.0,27.0,0.0,1,NS_GREEN,hold,,,
2985.0,0,55,216.0,3.927,3,14.0,3,15.0,7,0.0,3,0.0,0,0,0,0,187.0,29.0,0.0,1,NS_GREEN,hold,,,
2986.0,0,55,200.0,3.636,3,15.0,3,16.0,7,0.0,3,0.0,0,0,0,0,169.0,31.0,0.0,1,NS_GREEN,hold,,,
2987.0,0,55,185.0,3.364,3,16.0,3,17.0,8,0.0,3,0.0,0,0,0,0,151.0,33.0,1.0,1,NS_GREEN,hold,,,
2988.0,0,55,196.0,3.564,3,17.0,3,18.0,8,0.0,3,0.0,0,0,0,0,159.0,35.0,2.0,1,NS_GREEN,hold,,,
2989.0,0,55,179.0,3.255,3,18.0,3,19.0,7,0.0,3,0.0,0,0,0,0,139.0,37.0,3.0,1,NS_GREEN,hold,,,
2990.0,0,57,161.0,2.825,3,19.0,3,20.0,8,0.0,3,0.0,0,0,0,0,118.0,39.0,4.0,1,NS_GREEN,hold,,,
2991.0,0,57,144.0,2.526,3,20.0,3,21.0,8,0.0,3,0.0,0,0,0,0,98.0,41.0,5.0,1,NS_GREEN,hold,,,
2992.0,0,56,152.0,2.714,3,21.0,3,22.0,8,0.0,3,0.0,0,0,0,0,103.0,43.0,6.0,1,NS_GREEN,hold,,,
2993.0,0,56,134.0,2.393,3,23.0,3,23.0,8,0.0,3,0.0,2,0,0,0,81.0,46.0,7.0,1,NS_GREEN,hold,,,
2994.0,0,56,117.0,2.089,3,25.0,3,25.0,9,0.0,3,0.0,2,2,0,0,59.0,50.0,8.0,1,NS_GREEN,hold,,,
2995.0,0,57,99.0,1.737,3,27.0,3,27.0,9,0.0,3,0.0,2,2,0,0,36.0,54.0,9.0,1,NS_GREEN,hold,,,
2996.0,0,57,82.0,1.439,3,29.0,3,29.0,10,0.0,2,0.0,2,2,0,0,14.0,58.0,10.0,0,NS_GREEN,hold,,,
2997.0,0,58,91.0,1.569,3,32.0,3,31.0,10,0.0,2,0.0,3,2,0,0,17.0,63.0,11.0,1,NS_GREEN,hold,,,
2998.0,0,58,101.0,1.741,3,35.0,3,33.0,10,0.0,2,0.0,3,2,0,0,21.0,68.0,12.0,1,NS_GREEN,hold,,,
2999.0,0,56,111.0,1.982,3,38.0,3,35.0,9,0.0,1,0.0,3,2,0,0,25.0,73.0,13.0,1,NS_GREEN,hold,,,
3000.0,0,58,116.0,2.0,3,33.0,3,38.0,10,0.0,1,0.0,1,3,0,0,31.0,71.0,14.0,1,NS_YELLOW,fixed_cycle,,,
3001.0,1,61,120.0,1.967,5,35.0,5,41.0,9,0.0,1,0.0,0,0,0,0,29.0,76.0,15.0,1,NS_YELLOW,hold,,,
3002.0,1,64,127.0,1.984,6,37.0,6,44.0,9,0.0,1,0.0,0,0,0,0,30.0,81.0,16.0,1,NS_YELLOW,hold,,,
3003.0,1,66,125.0,1.894,6,40.0,6,37.0,10,0.0,1,0.0,0,0,0,0,31.0,77.0,17.0,1,EW_GREEN,fixed_cycle,,,
3004.0,2,61,17.0,0.279,5,2.0,5,0.0,10,0.0,1,0.0,0,0,0,0,15.0,2.0,0.0,1,EW_GREEN,hold,,,
3005.0,2,61,16.0,0.262,5,0.0,5,0.0,10,0.0,1,0.0,0,0,0,0,16.0,0.0,0.0,1,EW_GREEN,hold,,,
3006.0,2,61,20.0,0.328,4,0.0,4,0.0,10,0.0,2,0.0,0,0,0,0,19.0,0.0,1.0,1,EW_GREEN,hold,,,
3007.0,2,58,28.0,0.483,4,0.0,4,0.0,10,1.0,2,0.0,0,0,0,0,25.0,1.0,2.0,1,EW_GREEN,hold,,,
3008.0,2,56,35.0,0.625,4,0.0,4,0.0,10,2.0,2,0.0,0,0,0,0,30.0,2.0,3.0,1,EW_GREEN,hold,,,
3009.0,2,56,48.0,0.857,4,0.0,4,1.0,10,3.0,2,0.0,0,0,0,0,40.0,4.0,4.0,1,EW_GREEN,hold,,,
3010.0,2,55,58.0,1.055,4,0.0,4,2.0,10,4.0,2,0.0,0,0,0,0,47.0,6.0,5.0,1,EW_GREEN,hold,,,
3011.0,2,56,71.0,1.268,4,1.0,4,3.0,10,5.0,2,1.0,0,0,0,0,55.0,10.0,6.0,1,EW_GREEN,hold,,,
3012.0,2,54,86.0,1.593,4,2.0,4,4.0,10,6.0,2,2.0,0,0,0,0,65.0,14.0,7.0,1,EW_GREEN,hold,,,
3013.0,2,52,102.0,1.962,4,3.0,4,5.0,10,8.0,2,3.0,0,0,0,0,75.0,19.0,8.0,1,EW_GREEN,hold,,,
3014.0,2,53,122.0,2.302,4,4.0,4,6.0,11,10.0,2,4.0,0,0,0,0,89.0,24.0,9.0,1,EW_GREEN,hold,,,
3015.0,2,53,140.0,2.642,4,5.0,4,7.0,11,12.0,2,5.0,0,0,0,0,101.0,29.0,10.0,1,EW_GREEN,hold,,,
3016.0,2,51,161.0,3.157,4,6.0,3,8.0,11,14.0,2,6.0,0,0,0,0,116.0,34.0,11.0,1,EW_GREEN,hold,,,
3017.0,2,50,178.0,3.56,3,0.0,3,9.0,11,18.0,2,7.0,0,0,0,0,132.0,34.0,12.0,1,EW_GREEN,hold,,,
3018.0,2,48,192.0,4.0,3,0.0,2,0.0,11,22.0,2,8.0,0,0,0,0,149.0,30.0,13.0,1,EW_GREEN,hold,,,
3019.0,2,48,216.0,4.5,3,0.0,2,0.0,11,27.0,2,9.0,0,0,0,0,166.0,36.0,14.0,0,EW_GREEN,hold,,,
3020.0,2,45,237.0,5.267,3,0.0,2,0.0,11,32.0,2,10.0,0,0,0,0,180.0,42.0,15.0,0,EW_GREEN,hold,,,
3021.0,2,46,262.0,5.696,3,0.0,2,0.0,12,37.0,2,11.0,0,0,2,0,198.0,48.0,16.0,0,EW_GREEN,hold,,,
3022.0,2,46,289.0,6.283,3,1.0,2,0.0,12,43.0,2,12.0,0,0,0,0,216.0,56.0,17.0,0,EW_GREEN,hold,,,
3023.0,2,46,317.0,6.891,3,2.0,2,0.0,12,49.0,2,13.0,2,0,0,0,235.0,64.0,18.0,0,EW_GREEN,hold,,,
3024.0,2,45,346.0,7.689,3,4.0,1,0.0,12,55.0,2,14.0,2,0,0,0,254.0,73.0,19.0,0,EW_GREEN,hold,,,
3025.0,2,50,375.0,7.5,4,6.0,2,0.0,12,61.0,2,15.0,0,0,0,0,273.0,82.0,20.0,0,EW_GREEN,hold,,,
3026.0,2,50,400.0,8.0,3,3.0,2,0.0,12,67.0,2,16.0,0,0,0,0,293.0,86.0,21.0,0,EW_GREEN,hold,,,
3027.0,2,51,426.0,8.353,3,0.0,2,0.0,12,73.0,2,17.0,0,0,0,0,314.0,90.0,22.0,0,EW_GREEN,hold,,,
3028.0,2,52,455.0,8.75,3,0.0,2,0.0,12,79.0,2,18.0,0,0,0,0,335.0,97.0,23.0,0,EW_GREEN,hold,,,
3029.0,2,51,486.0,9.529,3,0.0,2,0.0,12,86.0,2,19.0,0,0,0,0,357.0,105.0,24.0,0,EW_GREEN,hold,,,
3030.0,2,50,518.0,10.36,2,0.0,2,0.0,12,93.0,2,20.0,0,0,0,0,380.0,113.0,25.0,0,EW_GREEN,hold,,,
3031.0,2,50,548.0,10.96,2,0.0,2,0.0,12,100.0,2,21.0,0,0,3,0,401.0,121.0,26.0,0,EW_GREEN,hold,,,
3032.0,2,49,581.0,11.857,2,0.0,2,0.0,12,108.0,2,22.0,0,0,3,0,424.0,130.0,27.0,0,EW_GREEN,hold,,,
3033.0,2,49,615.0,12.551,2,0.0,2,0.0,12,117.0,2,23.0,0,0,6,0,447.0,140.0,28.0,0,EW_YELLOW,fixed_cycle,,,
3034.0,3,50,649.0,12.98,2,0.0,2,0.0,13,126.0,2,24.0,0,0,6,0,470.0,150.0,29.0,0,EW_YELLOW,hold,,,
3035.0,3,50,684.0,13.68,2,0.0,2,0.0,13,136.0,2,25.0,0,0,6,1,493.0,161.0,30.0,0,EW_YELLOW,hold,,,
3036.0,3,52,719.0,13.827,2,0.0,2,0.0,13,146.0,2,26.0,0,0,6,1,516.0,172.0,31.0,0,NS_GREEN,fixed_cycle,,,
3037.0,0,45,582.0,12.933,2,0.0,2,0.0,10,79.0,0,0.0,0,0,4,0,503.0,79.0,0.0,0,NS_GREEN,hold,,,
3038.0,0,45,516.0,11.467,2,0.0,2,0.0,10,27.0,0,0.0,0,0,0,0,489.0,27.0,0.0,0,NS_GREEN,hold,,,
3039.0,0,46,479.0,10.413,2,0.0,2,0.0,10,5.0,0,0.0,0,0,0,0,474.0,5.0,0.0,0,NS_GREEN,hold,,,
3040.0,0,43,458.0,10.651,2,0.0,2,0.0,7,0.0,0,0.0,0,0,0,0,458.0,0.0,0.0,0,NS_GREEN,hold,,,
3041.0,0,46,441.0,9.587,2,0.0,2,0.0,7,0.0,1,0.0,0,0,0,0,441.0,0.0,0.0,0,NS_GREEN,hold,,,
3042.0,0,44,425.0,9.659,2,1.0,2,1.0,6,0.0,1,0.0,1,1,0,0,423.0,2.0,0.0,0,NS_GREEN,hold,,,
3043.0,0,46,410.0,8.913,2,2.0,2,2.0,5,0.0,1,0.0,1,1,0,0,406.0,4.0,0.0,0,NS_GREEN,hold,,,
3044.0,0,46,394.0,8.565,2,3.0,2,3.0,5,0.0,2,0.0,1,1,0,0,388.0,6.0,0.0,0,NS_GREEN,hold,,,
3045.0,0,48,378.0,7.875,2,4.0,2,4.0,4,0.0,2,0.0,1,1,0,0,370.0,8.0,0.0,0,NS_GREEN,hold,,,
3046.0,0,51,358.0,7.02,2,5.0,2,5.0,5,0.0,3,0.0,1,1,0,0,348.0,10.0,0.0,0,NS_GREEN,hold,,,
3047.0,0,51,371.0,7.275,2,6.0,2,6.0,5,0.0,3,0.0,1,0,0,0,359.0,12.0,0.0,0,NS_GREEN,hold,,,
3048.0,0,51,349.0,6.843,2,7.0,2,7.0,5,0.0,3,0.0,0,0,0,0,335.0,14.0,0.0,0,NS_GREEN,hold,,,
3049.0,0,52,326.0,6.269,3,8.0,3,8.0,5,0.0,3,0.0,0,0,0,0,310.0,16.0,0.0,0,NS_GREEN,hold,,,
3050.0,0,54,300.0,5.556,4,9.0,4,9.0,4,0.0,3,0.0,0,0,0,0,282.0,18.0,0.0,0,NS_GREEN,hold,,,
3051.0,0,53,277.0,5.226,4,10.0,4,10.0,4,0.0,3,0.0,0,0,0,0,257.0,20.0,0.0,0,NS_GREEN,hold,,,
3052.0,0,55,250.0,4.545,4,11.0,4,11.0,5,0.0,3,0.0,0,0,0,0,228.0,22.0,0.0,0,NS_GREEN,hold,,,
3053.0,0,55,223.0,4.055,4,12.0,4,12.0,5,0.0,3,0.0,0,0,0,0,199.0,24.0,0.0,0,NS_GREEN,hold,,,
3054.0,0,55,199.0,3.618,4,13.0,4,13.0,5,0.0,3,0.0,0,0,0,0,173.0,26.0,0.0,0,NS_GREEN,hold,,,
3055.0,0,56,206.0,3.679,4,14.0,4,14.0,6,0.0,3,0.0,0,0,0,0,178.0,28.0,0.0,0,NS_GREEN,hold,,,
3056.0,0,57,178.0,3.123,4,15.0,4,15.0,6,0.0,3,0.0,0,0,0,0,148.0,30.0,0.0,0,NS_GREEN,hold,,,
3057.0,0,57,150.0,2.632,4,16.0,4,16.0,6,0.0,3,0.0,0,0,0,0,118.0,32.0,0.0,0,NS_GREEN,hold,,,
3058.0,0,57,124.0,2.175,4,17.0,4,17.0,6,0.0,3,0.0,0,0,0,0,90.0,34.0,0.0,0,NS_GREEN,hold,,,
3059.0,0,57,97.0,1.702,4,18.0,4,18.0,6,0.0,3,0.0,0,0,0,0,61.0,36.0,0.0,0,NS_GREEN,hold,,,
3060.0,0,57,72.0,1.263,4,19.0,4,19.0,6,0.0,3,0.0,0,0,0,0,33.0,38.0,1.0,0,NS_GREEN,hold,,,
3061.0,0,59,50.0,0.847,4,20.0,4,20.0,6,0.0,3,0.0,0,0,0,0,8.0,40.0,2.0,0,NS_GREEN,hold,,,
3062.0,0,61,58.0,0.951,4,21.0,4,21.0,7,0.0,3,0.0,0,0,0,0,13.0,42.0,3.0,0,NS_GREEN,hold,,,
3063.0,0,61,60.0,0.984,4,22.0,4,22.0,7,0.0,3,0.0,0,0,0,0,12.0,44.0,4.0,0,NS_GREEN,hold,,,
3064.0,0,61,64.0,1.049,4,23.0,4,23.0,7,0.0,3,0.0,0,0,0,0,12.0,46.0,6.0,0,NS_GREEN,hold,,,
3065.0,0,62,68.0,1.097,4,25.0,4,24.0,7,0.0,3,0.0,0,0,0,0,11.0,49.0,8.0,0,NS_GREEN,hold,,,
3066.0,0,62,73.0,1.177,4,27.0,4,26.0,7,0.0,3,0.0,0,0,0,0,10.0,53.0,10.0,0,NS_YELLOW,fixed_cycle,,,
3067.0,1,63,80.0,1.27,4,30.0,4,28.0,8,0.0,3,0.0,2,2,0,0,10.0,58.0,12.0,0,NS_YELLOW,hold,,,
3068.0,1,63,88.0,1.397,4,33.0,4,31.0,8,0.0,3,0.0,2,2,0,0,10.0,64.0,14.0,0,NS_YELLOW,hold,,,
3069.0,1,63,99.0,1.571,4,36.0,4,34.0,8,0.0,3,0.0,2,2,0,0,13.0,70.0,16.0,0,EW_GREEN,fixed_cycle,,,
3070.0,2,56,16.0,0.286,2,4.0,2,3.0,8,0.0,3,0.0,1,1,0,0,2.0,7.0,7.0,0,EW_GREEN,hold,,,
3071.0,2,54,3.0,0.056,2,0.0,2,0.0,8,1.0,3,0.0,0,0,0,0,1.0,1.0,1.0,0,EW_GREEN,hold,,,
3072.0,2,55,3.0,0.055,2,0.0,2,0.0,9,2.0,3,0.0,0,0,0,0,1.0,2.0,0.0,0,EW_GREEN,hold,,,
3073.0,2,54,6.0,0.111,2,0.0,2,0.0,9,3.0,3,0.0,0,0,0,0,3.0,3.0,0.0,0,EW_GREEN,hold,,,
3074.0,2,54,10.0,0.185,2,0.0,2,0.0,9,4.0,3,1.0,0,0,0,0,5.0,5.0,0.0,0,EW_GREEN,hold,,,
3075.0,2,52,16.0,0.308,2,0.0,2,0.0,9,5.0,3,3.0,0,0,0,1,8.0,8.0,0.0,0,EW_GREEN,hold,,,
3076.0,2,52,23.0,0.442,2,0.0,2,0.0,10,6.0,3,5.0,0,0,0,1,12.0,11.0,0.0,0,EW_GREEN,hold,,,
3077.0,2,54,33.0,0.611,2,0.0,2,0.0,10,8.0,3,7.0,0,0,0,1,17.0,15.0,1.0,0,EW_GREEN,hold,,,
3078.0,2,52,45.0,0.865,2,0.0,2,0.0,10,11.0,3,10.0,0,0,0,3,22.0,21.0,2.0,0,EW_GREEN,hold,,,
3079.0,2,51,58.0,1.137,2,0.0,2,0.0,10,14.0,3,13.0,0,0,0,3,28.0,27.0,3.0,0,EW_GREEN,hold,,,
3080.0,2,49,72.0,1.469,2,0.0,2,0.0,10,17.0,3,16.0,0,0,0,3,35.0,33.0,4.0,0,EW_GREEN,hold,,,
3081.0,2,51,86.0,1.686,2,0.0,2,0.0,11,20.0,4,19.0,0,0,0,1,42.0,39.0,5.0,0,EW_GREEN,hold,,,
3082.0,2,50,101.0,2.02,2,0.0,2,0.0,11,23.0,4,22.0,0,0,0,1,50.0,45.0,6.0,0,EW_GREEN,hold,,,
3083.0,2,50,117.0,2.34,2,0.0,2,0.0,11,27.0,4,25.0,0,0,0,1,58.0,52.0,7.0,0,EW_GREEN,hold,,,
3084.0,2,46,132.0,2.87,2,0.0,2,0.0,11,29.0,4,28.0,0,0,0,1,67.0,57.0,8.0,0,EW_GREEN,hold,,,
3085.0,2,47,151.0,3.213,2,0.0,2,0.0,12,34.0,4,31.0,0,0,0,1,77.0,65.0,9.0,0,EW_GREEN,hold,,,
3086.0,2,47,156.0,3.319,2,0.0,2,0.0,12,39.0,4,34.0,0,0,0,1,73.0,73.0,10.0,1,EW_GREEN,hold,,,
3087.0,2,48,160.0,3.333,2,0.0,2,0.0,12,44.0,4,37.0,0,0,2,1,68.0,81.0,11.0,1,EW_GREEN,hold,,,
3088.0,2,47,166.0,3.532,2,0.0,2,0.0,12,50.0,4,40.0,0,0,2,1,64.0,90.0,12.0,1,EW_GREEN,hold,,,
3089.0,2,45,169.0,3.756,1,0.0,1,0.0,12,56.0,4,43.0,0,0,0,1,57.0,99.0,13.0,1,EW_GREEN,hold,,,
3090.0,2,46,174.0,3.783,1,0.0,1,0.0,13,62.0,4,46.0,0,0,0,1,52.0,108.0,14.0,1,EW_GREEN,hold,,,
3091.0,2,46,192.0,4.174,1,0.0,1,0.0,13,68.0,4,49.0,0,0,0,1,60.0,117.0,15.0,1,EW_GREEN,hold,,,
3092.0,2,47,198.0,4.213,1,0.0,1,0.0,13,74.0,4,52.0,0,0,0,1,56.0,126.0,16.0,1,EW_GREEN,hold,,,
3093.0,2,47,203.0,4.319,1,0.0,1,0.0,13,80.0,4,55.0,0,0,0,1,51.0,135.0,17.0,1,EW_GREEN,hold,,,
3094.0,2,47,210.0,4.468,1,0.0,1,0.0,13,86.0,4,58.0,0,0,0,1,48.0,144.0,18.0,1,EW_GREEN,hold,,,
3095.0,2,46,220.0,4.783,1,0.0,1,0.0,13,93.0,4,61.0,0,0,0,1,47.0,154.0,19.0,1,EW_GREEN,hold,,,
3096.0,2,46,230.0,5.0,1,0.0,1,0.0,13,100.0,4,64.0,0,0,0,1,46.0,164.0,20.0,1,EW_GREEN,hold,,,
3097.0,2,52,241.0,4.635,2,0.0,2,0.0,14,107.0,4,67.0,0,0,0,1,46.0,174.0,21.0,1,EW_GREEN,hold,,,
3098.0,2,55,255.0,4.636,3,0.0,3,0.0,14,114.0,4,70.0,0,0,0,1,49.0,184.0,22.0,1,EW_GREEN,hold,,,
3099.0,2,55,278.0,5.055,3,0.0,3,0.0,14,121.0,4,73.0,0,0,0,1,61.0,194.0,23.0,1,EW_YELLOW,fixed_cycle,,,
3100.0,3,55,292.0,5.309,3,0.0,3,0.0,14,128.0,4,76.0,0,0,0,1,64.0,204.0,24.0,1,EW_YELLOW,hold,,,
3101.0,3,55,307.0,5.582,3,0.0,3,0.0,14,135.0,4,79.0,0,0,0,1,68.0,214.0,25.0,1,EW_YELLOW,hold,,,
3102.0,3,55,324.0,5.891,3,0.0,3,0.0,14,142.0,4,82.0,0,0,0,1,74.0,224.0,26.0,1,NS_GREEN,fixed_cycle,,,
3103.0,0,47,166.0,3.532,3,0.0,3,0.0,11,72.0,2,26.0,0,0,3,0,68.0,98.0,0.0,1,NS_GREEN,hold,,,
3104.0,0,48,74.0,1.542,3,0.0,3,0.0,12,12.0,2,0.0,0,0,0,0,62.0,12.0,0.0,1,NS_GREEN,hold,,,
3105.0,0,48,58.0,1.208,3,0.0,3,0.0,12,3.0,2,0.0,0,0,0,0,55.0,3.0,0.0,1,NS_GREEN,hold,,,
3106.0,0,46,49.0,1.065,3,0.0,3,0.0,11,0.0,1,0.0,0,0,0,0,49.0,0.0,0.0,1,NS_GREEN,hold,,,
3107.0,0,49,41.0,0.837,3,0.0,3,0.0,11,0.0,1,0.0,0,0,0,0,41.0,0.0,0.0,1,NS_GREEN,hold,,,
3108.0,0,51,42.0,0.824,3,0.0,3,0.0,11,1.0,2,0.0,0,0,0,0,41.0,1.0,0.0,1,NS_GREEN,hold,,,
3109.0,0,50,35.0,0.7,3,0.0,3,0.0,9,2.0,2,0.0,0,0,0,0,33.0,2.0,0.0,1,NS_GREEN,hold,,,
3110.0,0,51,26.0,0.51,3,0.0,3,0.0,10,1.0,2,0.0,0,0,0,0,25.0,1.0,0.0,1,NS_GREEN,hold,,,
3111.0,0,51,23.0,0.451,3,0.0,3,0.0,8,0.0,2,0.0,0,0,0,0,22.0,0.0,1.0,1,NS_GREEN,hold,,,
3112.0,0,49,22.0,0.449,3,0.0,3,0.0,8,0.0,2,0.0,0,0,0,0,20.0,0.0,2.0,1,NS_GREEN,hold,,,
3113.0,0,50,23.0,0.46,3,0.0,3,1.0,9,0.0,2,0.0,0,0,0,0,19.0,1.0,3.0,1,NS_GREEN,hold,,,
3114.0,0,49,26.0,0.531,3,0.0,3,2.0,8,0.0,2,0.0,0,2,0,0,20.0,2.0,4.0,1,NS_GREEN,hold,,,
3115.0,0,51,31.0,0.608,3,1.0,3,4.0,9,0.0,3,0.0,2,2,0,0,21.0,5.0,5.0,1,NS_GREEN,hold,,,
3116.0,0,52,35.0,0.673,3,3.0,3,6.0,9,0.0,3,0.0,2,2,0,0,20.0,9.0,6.0,1,NS_GREEN,hold,,,
3117.0,0,51,39.0,0.765,3,5.0,3,8.0,8,0.0,3,0.0,2,2,0,0,19.0,13.0,7.0,1,NS_GREEN,hold,,,
3118.0,0,55,47.0,0.855,3,7.0,3,10.0,9,0.0,4,0.0,2,2,0,0,22.0,17.0,8.0,1,NS_GREEN,hold,,,
3119.0,0,52,51.0,0.981,3,10.0,3,12.0,8,0.0,3,0.0,3,2,0,0,20.0,22.0,9.0,1,NS_GREEN,hold,,,
3120.0,0,53,58.0,1.094,3,13.0,3,15.0,9,0.0,3,0.0,3,3,0,0,20.0,28.0,10.0,1,NS_GREEN,hold,,,
3121.0,0,59,64.0,1.085,5,16.0,5,18.0,9,0.0,3,0.0,0,0,0,0,19.0,34.0,11.0,1,NS_GREEN,hold,,,
3122.0,0,59,71.0,1.203,5,19.0,5,21.0,9,0.0,3,0.0,0,0,0,0,19.0,40.0,12.0,1,NS_GREEN,hold,,,
3123.0,0,58,78.0,1.345,5,22.0,5,24.0,9,0.0,3,0.0,0,0,0,0,19.0,46.0,13.0,1,NS_GREEN,hold,,,
3124.0,0,59,84.0,1.424,5,25.0,5,27.0,10,0.0,3,0.0,0,0,0,0,18.0,52.0,14.0,1,NS_GREEN,hold,,,
3125.0,0,58,93.0,1.603,5,28.0,5,30.0,10,0.0,3,0.0,0,0,0,0,20.0,58.0,15.0,1,NS_GREEN,hold,,,
3126.0,0,57,103.0,1.807,5,31.0,5,33.0,9,0.0,3,0.0,0,0,0,0,23.0,64.0,16.0,1,NS_GREEN,hold,,,
3127.0,0,58,109.0,1.879,5,34.0,5,36.0,10,0.0,3,0.0,2,2,0,0,22.0,70.0,17.0,1,NS_GREEN,hold,,,
3128.0,0,59,118.0,2.0,5,37.0,5,39.0,10,0.0,3,0.0,2,2,0,0,24.0,76.0,18.0,1,NS_GREEN,hold,,,
3129.0,0,60,123.0,2.05,5,40.0,5,42.0,11,0.0,3,0.0,2,2,0,0,22.0,82.0,19.0,1,NS_GREEN,hold,,,
3130.0,0,60,131.0,2.183,5,43.0,5,45.0,11,0.0,3,0.0,2,2,0,0,23.0,88.0,20.0,1,NS_GREEN,hold,,,
3131.0,0,60,139.0,2.317,5,46.0,5,48.0,11,0.0,3,0.0,2,2,0,0,24.0,94.0,21.0,1,NS_GREEN,hold,,,
3132.0,0,60,147.0,2.45,5,49.0,5,51.0,10,0.0,3,0.0,2,2,0,0,25.0,100.0,22.0,1,NS_YELLOW,fixed_cycle,,,
3133.0,1,61,155.0,2.541,5,52.0,5,54.0,10,0.0,3,0.0,2,2,0,0,26.0,106.0,23.0,1,NS_YELLOW,hold,,,
3134.0,1,63,164.0,2.603,5,55.0,5,57.0,11,0.0,3,0.0,2,2,0,0,28.0,112.0,24.0,1,NS_YELLOW,hold,,,
3135.0,1,63,173.0,2.746,5,58.0,5,60.0,11,0.0,3,0.0,2,2,0,0,30.0,118.0,25.0,1,EW_GREEN,fixed_cycle,,,
3136.0,2,59,47.0,0.797,4,21.0,4,22.0,11,0.0,3,0.0,1,1,0,0,4.0,43.0,0.0,1,EW_GREEN,hold,,,
3137.0,2,57,6.0,0.105,4,0.0,3,0.0,12,0.0,3,0.0,0,0,0,0,6.0,0.0,0.0,1,EW_GREEN,hold,,,
3138.0,2,56,9.0,0.161,3,0.0,3,0.0,12,0.0,3,0.0,0,0,0,0,9.0,0.0,0.0,1,EW_GREEN,hold,,,
3139.0,2,53,15.0,0.283,2,0.0,2,0.0,12,2.0,3,0.0,0,0,0,0,13.0,2.0,0.0,1,EW_GREEN,hold,,,
3140.0,2,53,22.0,0.415,2,0.0,2,0.0,12,4.0,3,0.0,0,0,0,0,18.0,4.0,0.0,1,EW_GREEN,hold,,,
3141.0,2,53,31.0,0.585,2,0.0,2,0.0,12,7.0,3,1.0,0,0,0,0,23.0,8.0,0.0,1,EW_GREEN,hold,,,
3142.0,2,51,40.0,0.784,2,0.0,1,0.0,12,10.0,3,2.0,0,0,0,0,28.0,12.0,0.0,1,EW_GREEN,hold,,,
3143.0,2,49,50.0,1.02,1,0.0,1,0.0,12,13.0,3,3.0,0,0,0,0,34.0,16.0,0.0,1,EW_GREEN,hold,,,
3144.0,2,49,63.0,1.286,1,0.0,1,0.0,12,17.0,3,4.0,0,0,0,0,42.0,21.0,0.0,1,EW_GREEN,hold,,,
3145.0,2,50,74.0,1.48,2,0.0,2,0.0,12,21.0,3,5.0,0,0,0,0,48.0,26.0,0.0,1,EW_GREEN,hold,,,
3146.0,2,52,87.0,1.673,3,0.0,3,0.0,12,25.0,3,6.0,0,0,0,0,56.0,31.0,0.0,1,EW_GREEN,hold,,,
3147.0,2,52,102.0,1.962,3,0.0,3,0.0,13,30.0,3,7.0,0,0,0,0,65.0,37.0,0.0,1,EW_GREEN,hold,,,
3148.0,2,51,117.0,2.294,3,0.0,3,0.0,13,35.0,3,8.0,0,0,0,0,74.0,43.0,0.0,1,EW_GREEN,hold,,,
3149.0,2,53,134.0,2.528,3,0.0,3,0.0,13,41.0,4,9.0,0,0,2,0,84.0,50.0,0.0,1,EW_GREEN,hold,,,
3150.0,2,53,154.0,2.906,3,0.0,3,0.0,13,47.0,4,11.0,0,0,2,0,95.0,58.0,1.0,1,EW_GREEN,hold,,,
3151.0,2,54,176.0,3.259,3,0.0,3,0.0,13,54.0,4,13.0,0,0,2,0,107.0,67.0,2.0,1,EW_GREEN,hold,,,
3152.0,2,54,200.0,3.704,3,0.0,3,0.0,13,61.0,4,16.0,0,0,0,1,120.0,77.0,3.0,1,EW_GREEN,hold,,,
3153.0,2,54,225.0,4.167,3,0.0,3,0.0,13,68.0,4,19.0,0,0,0,1,134.0,87.0,4.0,1,EW_GREEN,hold,,,
3154.0,2,53,251.0,4.736,3,0.0,3,0.0,13,75.0,4,22.0,0,0,0,1,149.0,97.0,5.0,1,EW_GREEN,hold,,,
3155.0,2,53,278.0,5.245,3,0.0,3,0.0,13,83.0,4,25.0,0,0,0,1,164.0,108.0,6.0,1,EW_GREEN,hold,,,
3156.0,2,52,305.0,5.865,3,0.0,3,0.0,13,91.0,4,28.0,0,0,0,1,179.0,119.0,7.0,1,EW_GREEN,hold,,,
3157.0,2,56,333.0,5.946,3,0.0,3,0.0,14,99.0,4,31.0,0,0,0,1,195.0,130.0,8.0,1,EW_GREEN,hold,,,
3158.0,2,55,362.0,6.582,3,0.0,3,0.0,14,107.0,4,34.0,0,0,3,1,212.0,141.0,9.0,1,EW_GREEN,hold,,,
3159.0,2,55,393.0,7.145,3,0.0,2,0.0,14,116.0,4,37.0,0,0,3,1,230.0,153.0,10.0,1,EW_GREEN,hold,,,
3160.0,2,55,424.0,7.709,3,0.0,2,0.0,14,125.0,4,40.0,0,0,3,1,248.0,165.0,11.0,1,EW_GREEN,hold,,,
3161.0,2,53,455.0,8.585,2,0.0,1,0.0,14,134.0,4,43.0,0,0,3,1,266.0,177.0,12.0,1,EW_GREEN,hold,,,
3162.0,2,53,488.0,9.208,2,0.0,1,0.0,14,144.0,4,46.0,0,0,4,1,285.0,190.0,13.0,1,EW_GREEN,hold,,,
3163.0,2,51,522.0,10.235,1,0.0,1,0.0,14,154.0,4,49.0,0,0,4,1,305.0,203.0,14.0,1,EW_GREEN,hold,,,
3164.0,2,50,556.0,11.12,1,0.0,1,0.0,14,164.0,4,52.0,0,0,4,1,325.0,216.0,15.0,1,EW_GREEN,hold,,,
3165.0,2,51,592.0,11.608,1,0.0,1,0.0,15,175.0,4,55.0,0,0,4,1,346.0,230.0,16.0,1,EW_YELLOW,fixed_cycle,,,
3166.0,3,50,629.0,12.58,1,0.0,1,0.0,15,186.0,4,58.0,0,0,4,1,368.0,244.0,17.0,1,EW_YELLOW,hold,,,
3167.0,3,52,667.0,12.827,1,0.0,1,0.0,15,197.0,4,61.0,0,0,4,1,391.0,258.0,18.0,1,EW_YELLOW,hold,,,
3168.0,3,53,706.0,13.321,1,0.0,1,0.0,16,208.0,4,64.0,0,0,8,1,415.0,272.0,19.0,1,NS_GREEN,fixed_cycle,,,
3169.0,0,51,552.0,10.824,2,0.0,2,0.0,13,129.0,2,20.0,0,0,6,0,403.0,149.0,0.0,1,NS_GREEN,hold,,,
3170.0,0,52,456.0,8.769,2,0.0,2,0.0,13,65.0,2,0.0,0,0,0,0,391.0,65.0,0.0,1,NS_GREEN,hold,,,
3171.0,0,52,400.0,7.692,2,0.0,2,0.0,13,20.0,2,0.0,0,0,0,0,379.0,20.0,1.0,1,NS_GREEN,hold,,,
3172.0,0,51,368.0,7.216,2,0.0,2,0.0,10,0.0,1,0.0,0,0,0,0,366.0,0.0,2.0,1,NS_GREEN,hold,,,
3173.0,0,54,355.0,6.574,2,0.0,2,0.0,10,0.0,2,0.0,0,0,0,0,352.0,0.0,3.0,1,NS_GREEN,hold,,,
3174.0,0,53,343.0,6.472,2,0.0,2,0.0,9,0.0,2,0.0,0,0,0,0,339.0,0.0,4.0,1,NS_GREEN,hold,,,
3175.0,0,54,330.0,6.111,2,0.0,2,0.0,8,0.0,2,0.0,0,0,0,0,325.0,0.0,5.0,1,NS_GREEN,hold,,,
3176.0,0,54,317.0,5.87,2,0.0,2,0.0,8,0.0,2,0.0,0,0,0,0,311.0,0.0,6.0,1,NS_GREEN,hold,,,
3177.0,0,53,303.0,5.717,2,0.0,2,0.0,5,0.0,2,0.0,0,0,0,0,296.0,0.0,7.0,1,NS_GREEN,hold,,,
3178.0,0,55,289.0,5.255,2,0.0,2,0.0,6,0.0,2,0.0,0,0,0,0,281.0,0.0,8.0,1,NS_GREEN,hold,,,
3179.0,0,56,274.0,4.893,2,0.0,2,0.0,6,0.0,1,0.0,0,0,0,0,265.0,0.0,9.0,1,NS_GREEN,hold,,,
3180.0,0,57,288.0,5.053,2,0.0,2,0.0,6,0.0,1,0.0,0,0,0,0,278.0,0.0,10.0,1,NS_GREEN,hold,,,
3181.0,0,57,271.0,4.754,2,0.0,2,0.0,6,0.0,1,0.0,0,0,0,0,260.0,0.0,11.0,1,NS_GREEN,hold,,,
3182.0,0,57,253.0,4.439,2,0.0,2,0.0,6,0.0,1,0.0,0,0,0,0,241.0,0.0,12.0,1,NS_GREEN,hold,,,
3183.0,0,57,234.0,4.105,2,0.0,2,0.0,7,0.0,1,0.0,0,0,0,0,221.0,0.0,13.0,1,NS_GREEN,hold,,,
3184.0,0,56,214.0,3.821,2,0.0,2,0.0,7,0.0,1,0.0,0,0,0,0,200.0,0.0,14.0,1,NS_GREEN,hold,,,
3185.0,0,55,224.0,4.073,2,0.0,2,0.0,7,0.0,2,0.0,0,0,0,0,209.0,0.0,15.0,1,NS_GREEN,hold,,,
3186.0,0,55,205.0,3.727,2,0.0,2,1.0,7,0.0,2,0.0,0,1,0,0,188.0,1.0,16.0,1,NS_GREEN,hold,,,
3187.0,0,57,185.0,3.246,2,0.0,2,2.0,8,0.0,3,0.0,0,1,0,0,166.0,2.0,17.0,1,NS_GREEN,hold,,,
3188.0,0,56,166.0,2.964,2,1.0,2,3.0,8,0.0,3,0.0,1,1,0,0,144.0,4.0,18.0,1,NS_GREEN,hold,,,
3189.0,0,56,149.0,2.661,2,2.0,2,4.0,8,0.0,3,0.0,0,1,0,0,124.0,6.0,19.0,1,NS_GREEN,hold,,,
3190.0,0,58,131.0,2.259,2,3.0,2,5.0,9,0.0,3,0.0,0,0,0,0,103.0,8.0,20.0,1,NS_GREEN,hold,,,
3191.0,0,59,138.0,2.339,2,4.0,2,6.0,10,0.0,3,0.0,0,0,0,0,106.0,10.0,22.0,1,NS_GREEN,hold,,,
3192.0,0,58,119.0,2.052,2,5.0,2,7.0,9,0.0,3,0.0,0,0,0,0,83.0,12.0,24.0,1,NS_GREEN,hold,,,
3193.0,0,61,99.0,1.623,3,6.0,3,8.0,9,0.0,3,0.0,0,0,0,0,59.0,14.0,26.0,1,NS_GREEN,hold,,,
3194.0,0,63,78.0,1.238,4,7.0,4,9.0,9,0.0,3,0.0,0,0,0,0,34.0,16.0,28.0,1,NS_GREEN,hold,,,
3195.0,0,61,57.0,0.934,4,8.0,4,10.0,8,0.0,3,0.0,0,0,0,0,9.0,18.0,30.0,1,NS_GREEN,hold,,,
3196.0,0,62,63.0,1.016,4,9.0,4,11.0,8,0.0,3,0.0,0,0,0,0,11.0,20.0,32.0,1,NS_GREEN,hold,,,
3197.0,0,62,66.0,1.065,4,10.0,4,12.0,8,0.0,3,0.0,0,0,0,0,10.0,22.0,34.0,1,NS_GREEN,hold,,,
3198.0,0,63,72.0,1.143,4,11.0,4,13.0,8,0.0,3,0.0,0,0,0,0,11.0,24.0,37.0,1,NS_YELLOW,fixed_cycle,,,
3199.0,1,64,80.0,1.25,4,12.0,4,14.0,9,0.0,3,0.0,0,0,0,0,14.0,26.0,40.0,1,NS_YELLOW,hold,,,
3200.0,1,65,86.0,1.323,4,13.0,4,15.0,9,0.0,3,0.0,0,0,0,0,15.0,28.0,43.0,1,NS_YELLOW,hold,,,
3201.0,1,66,93.0,1.409,4,14.0,4,16.0,10,0.0,3,0.0,0,0,0,0,17.0,30.0,46.0,1,EW_GREEN,fixed_cycle,,,
3202.0,2,60,6.0,0.1,3,0.0,3,0.0,10,0.0,3,0.0,0,0,0,0,0.0,0.0,6.0,1,EW_GREEN,hold,,,
3203.0,2,60,3.0,0.05,3,0.0,3,0.0,10,0.0,3,0.0,0,0,0,0,1.0,0.0,2.0,1,EW_GREEN,hold,,,
3204.0,2,59,4.0,0.068,3,0.0,3,0.0,10,0.0,3,1.0,0,0,0,0,3.0,1.0,0.0,1,EW_GREEN,hold,,,
3205.0,2,57,7.0,0.123,3,0.0,3,0.0,10,0.0,3,2.0,0,0,0,0,5.0,2.0,0.0,1,EW_GREEN,hold,,,
3206.0,2,57,11.0,0.193,3,0.0,3,0.0,11,0.0,3,3.0,0,0,0,0,8.0,3.0,0.0,1,EW_GREEN,hold,,,
3207.0,2,55,16.0,0.291,3,0.0,2,0.0,11,0.0,3,4.0,0,0,0,0,12.0,4.0,0.0,1,EW_GREEN,hold,,,
3208.0,2,52,23.0,0.442,2,0.0,2,0.0,11,1.0,3,5.0,0,0,0,0,17.0,6.0,0.0,1,EW_GREEN,hold,,,
3209.0,2,51,30.0,0.588,2,0.0,1,0.0,11,2.0,3,6.0,0,0,0,0,22.0,8.0,0.0,1,EW_GREEN,hold,,,
3210.0,2,49,39.0,0.796,1,0.0,1,0.0,11,4.0,3,7.0,0,0,0,0,28.0,11.0,0.0,1,EW_GREEN,hold,,,
3211.0,2,51,49.0,0.961,1,0.0,1,0.0,11,6.0,3,8.0,0,0,0,0,35.0,14.0,0.0,1,EW_GREEN,hold,,,
3212.0,2,50,59.0,1.18,1,0.0,1,0.0,11,8.0,3,9.0,0,0,0,0,42.0,17.0,0.0,1,EW_GREEN,hold,,,
3213.0,2,52,70.0,1.346,1,0.0,1,0.0,11,10.0,3,10.0,0,0,0,0,50.0,20.0,0.0,1,EW_GREEN,hold,,,
3214.0,2,51,83.0,1.627,1,0.0,1,0.0,11,13.0,3,11.0,0,0,0,0,59.0,24.0,0.0,1,EW_GREEN,hold,,,
3215.0,2,49,97.0,1.98,1,0.0,1,0.0,11,17.0,3,12.0,0,0,0,0,68.0,29.0,0.0,1,EW_GREEN,hold,,,
3216.0,2,49,112.0,2.286,1,0.0,1,0.0,12,21.0,3,13.0,0,0,0,2,78.0,34.0,0.0,1,EW_GREEN,hold,,,
3217.0,2,51,129.0,2.529,2,0.0,2,0.0,12,25.0,3,15.0,0,0,0,2,89.0,40.0,0.0,1,EW_GREEN,hold,,,
3218.0,2,51,146.0,2.863,2,0.0,2,0.0,12,29.0,3,17.0,0,0,0,2,100.0,46.0,0.0,1,EW_GREEN,hold,,,
3219.0,2,51,165.0,3.235,2,0.0,2,0.0,12,33.0,3,20.0,0,0,0,3,112.0,53.0,0.0,1,EW_GREEN,hold,,,
3220.0,2,49,185.0,3.776,2,0.0,2,0.0,12,37.0,3,23.0,0,0,0,3,125.0,60.0,0.0,1,EW_GREEN,hold,,,
3221.0,2,50,205.0,4.1,2,0.0,2,0.0,12,41.0,3,26.0,0,0,0,3,138.0,67.0,0.0,1,EW_GREEN,hold,,,
3222.0,2,51,226.0,4.431,2,0.0,2,0.0,12,45.0,4,29.0,0,0,0,1,152.0,74.0,0.0,1,EW_GREEN,hold,,,
3223.0,2,51,250.0,4.902,2,0.0,2,0.0,12,51.0,4,32.0,0,0,0,1,167.0,83.0,0.0,1,EW_GREEN,hold,,,
3224.0,2,51,275.0,5.392,2,0.0,2,0.0,12,57.0,4,35.0,0,0,0,1,183.0,92.0,0.0,1,EW_GREEN,hold,,,
3225.0,2,50,301.0,6.02,2,0.0,2,0.0,12,64.0,4,38.0,0,0,0,1,199.0,102.0,0.0,1,EW_GREEN,hold,,,
3226.0,2,50,330.0,6.6,2,0.0,2,0.0,12,71.0,4,41.0,0,0,0,1,217.0,112.0,1.0,1,EW_GREEN,hold,,,
3227.0,2,50,358.0,7.16,2,0.0,2,0.0,13,78.0,4,44.0,0,0,0,1,234.0,122.0,2.0,1,EW_GREEN,hold,,,
3228.0,2,49,387.0,7.898,2,0.0,2,0.0,13,86.0,4,47.0,0,0,0,1,251.0,133.0,3.0,1,EW_GREEN,hold,,,
3229.0,2,49,418.0,8.531,2,0.0,2,0.0,13,94.0,4,50.0,0,0,4,1,270.0,144.0,4.0,1,EW_GREEN,hold,,,
3230.0,2,49,451.0,9.204,2,0.0,2,0.0,13,103.0,4,53.0,0,0,4,1,290.0,156.0,5.0,1,EW_GREEN,hold,,,
3231.0,2,48,483.0,10.062,1,0.0,1,0.0,13,112.0,4,56.0,0,0,7,1,309.0,168.0,6.0,1,EW_YELLOW,fixed_cycle,,,
3232.0,3,48,517.0,10.771,1,0.0,1,0.0,13,122.0,4,59.0,0,0,7,1,329.0,181.0,7.0,1,EW_YELLOW,hold,,,
3233.0,3,48,552.0,11.5,1,0.0,1,0.0,13,132.0,4,62.0,0,0,7,1,350.0,194.0,8.0,1,EW_YELLOW,hold,,,
3234.0,3,48,589.0,12.271,1,0.0,1,0.0,13,142.0,4,65.0,0,0,7,1,373.0,207.0,9.0,1,NS_GREEN,fixed_cycle,,,
3235.0,0,41,459.0,11.195,1,0.0,1,0.0,10,77.0,2,19.0,0,0,5,0,363.0,96.0,0.0,1,NS_GREEN,hold,,,
3236.0,0,40,386.0,9.65,1,0.0,1,0.0,10,33.0,2,0.0,0,0,0,0,353.0,33.0,0.0,1,NS_GREEN,hold,,,
3237.0,0,41,352.0,8.585,1,1.0,1,1.0,11,9.0,2,0.0,1,1,0,0,341.0,11.0,0.0,1,NS_GREEN,hold,,,
3238.0,0,38,334.0,8.789,1,2.0,1,2.0,10,0.0,1,0.0,1,1,0,0,330.0,4.0,0.0,1,NS_GREEN,hold,,,
3239.0,0,43,324.0,7.535,1,3.0,1,3.0,10,0.0,2,0.0,1,1,0,0,318.0,6.0,0.0,1,NS_GREEN,hold,,,
3240.0,0,43,315.0,7.326,1,4.0,1,4.0,10,1.0,2,0.0,1,1,0,0,306.0,9.0,0.0,1,NS_GREEN,hold,,,
3241.0,0,49,305.0,6.224,3,5.0,3,5.0,8,2.0,2,0.0,0,0,0,0,293.0,12.0,0.0,1,NS_GREEN,hold,,,
3242.0,0,53,292.0,5.509,4,6.0,4,6.0,9,0.0,2,0.0,0,0,0,0,280.0,12.0,0.0,1,NS_GREEN,hold,,,
3243.0,0,52,280.0,5.385,4,7.0,4,7.0,6,0.0,2,0.0,0,0,0,0,266.0,14.0,0.0,1,NS_GREEN,hold,,,
3244.0,0,53,269.0,5.075,4,8.0,4,8.0,6,0.0,2,0.0,0,0,0,0,252.0,16.0,1.0,1,NS_GREEN,hold,,,
3245.0,0,53,258.0,4.868,4,9.0,4,9.0,4,0.0,2,0.0,0,0,0,0,238.0,18.0,2.0,1,NS_GREEN,hold,,,
3246.0,0,53,248.0,4.679,4,10.0,4,10.0,4,0.0,2,0.0,0,0,0,0,225.0,20.0,3.0,1,NS_GREEN,hold,,,
3247.0,0,55,238.0,4.327,4,11.0,4,11.0,5,0.0,2,0.0,0,0,0,0,212.0,22.0,4.0,1,NS_GREEN,hold,,,
3248.0,0,57,225.0,3.947,4,12.0,4,12.0,5,0.0,2,0.0,0,0,0,0,196.0,24.0,5.0,1,NS_GREEN,hold,,,
3249.0,0,56,238.0,4.25,4,13.0,4,13.0,5,0.0,2,0.0,0,0,0,0,206.0,26.0,6.0,1,NS_GREEN,hold,,,
3250.0,0,58,223.0,3.845,4,14.0,4,14.0,6,0.0,2,0.0,0,0,0,0,188.0,28.0,7.0,1,NS_GREEN,hold,,,
3251.0,0,58,208.0,3.586,4,15.0,4,15.0,6,0.0,2,0.0,0,0,0,0,170.0,30.0,8.0,1,NS_GREEN,hold,,,
3252.0,0,59,220.0,3.729,4,16.0,4,16.0,7,0.0,2,0.0,0,0,0,0,179.0,32.0,9.0,1,NS_GREEN,hold,,,
3253.0,0,58,204.0,3.517,4,17.0,4,17.0,7,0.0,1,0.0,0,0,0,0,160.0,34.0,10.0,1,NS_GREEN,hold,,,
3254.0,0,58,188.0,3.241,4,18.0,4,18.0,7,0.0,1,0.0,0,0,0,0,141.0,36.0,11.0,1,NS_GREEN,hold,,,
3255.0,0,59,171.0,2.898,4,19.0,4,19.0,8,0.0,1,0.0,0,0,0,0,121.0,38.0,12.0,1,NS_GREEN,hold,,,
3256.0,0,58,154.0,2.655,4,20.0,4,20.0,8,0.0,1,0.0,0,0,0,0,101.0,40.0,13.0,1,NS_GREEN,hold,,,
3257.0,0,57,137.0,2.404,4,21.0,4,21.0,7,0.0,1,0.0,0,0,0,0,81.0,42.0,14.0,1,NS_GREEN,hold,,,
3258.0,0,58,120.0,2.069,4,23.0,4,22.0,7,0.0,2,0.0,0,0,0,0,60.0,45.0,15.0,1,NS_GREEN,hold,,,
3259.0,0,57,101.0,1.772,4,25.0,4,23.0,7,0.0,2,0.0,2,0,0,0,37.0,48.0,16.0,1,NS_GREEN,hold,,,
3260.0,0,58,86.0,1.483,4,28.0,4,24.0,8,0.0,2,0.0,2,0,0,0,17.0,52.0,17.0,1,NS_GREEN,hold,,,
3261.0,0,57,94.0,1.649,4,31.0,4,26.0,8,0.0,2,0.0,2,0,0,0,19.0,57.0,18.0,1,NS_GREEN,hold,,,
3262.0,0,59,104.0,1.763,4,34.0,4,29.0,8,0.0,3,0.0,2,2,0,0,22.0,63.0,19.0,1,NS_GREEN,hold,,,
3263.0,0,61,115.0,1.885,4,37.0,4,32.0,9,0.0,3,0.0,2,2,0,0,26.0,69.0,20.0,1,NS_GREEN,hold,,,
3264.0,0,60,126.0,2.1,4,40.0,4,35.0,9,0.0,3,0.0,2,2,0,0,30.0,75.0,21.0,1,NS_YELLOW,fixed_cycle,,,
3265.0,1,63,131.0,2.079,5,43.0,5,38.0,10,0.0,3,0.0,0,0,0,0,28.0,81.0,22.0,1,NS_YELLOW,hold,,,
3266.0,1,63,138.0,2.19,5,46.0,5,41.0,10,0.0,3,0.0,0,0,0,0,28.0,87.0,23.0,1,NS_YELLOW,hold,,,
3267.0,1,63,146.0,2.317,5,49.0,5,44.0,10,0.0,3,0.0,0,0,0,0,29.0,93.0,24.0,1,EW_GREEN,fixed_cycle,,,
3268.0,2,59,25.0,0.424,4,9.0,4,7.0,10,0.0,3,0.0,0,0,0,0,9.0,16.0,0.0,1,EW_GREEN,hold,,,
3269.0,2,57,13.0,0.228,3,0.0,4,0.0,11,1.0,3,0.0,0,0,0,0,12.0,1.0,0.0,1,EW_GREEN,hold,,,
3270.0,2,56,21.0,0.375,3,0.0,3,0.0,11,2.0,3,0.0,0,0,0,0,19.0,2.0,0.0,1,EW_GREEN,hold,,,
3271.0,2,51,29.0,0.569,2,0.0,2,0.0,11,3.0,3,0.0,0,0,0,0,26.0,3.0,0.0,1,EW_GREEN,hold,,,
3272.0,2,50,37.0,0.74,2,0.0,2,0.0,11,4.0,3,0.0,0,0,0,0,33.0,4.0,0.0,1,EW_GREEN,hold,,,
3273.0,2,51,46.0,0.902,2,0.0,2,0.0,12,5.0,3,0.0,0,0,0,0,41.0,5.0,0.0,1,EW_GREEN,hold,,,
3274.0,2,49,57.0,1.163,2,0.0,2,0.0,12,7.0,3,0.0,0,0,0,0,50.0,7.0,0.0,1,EW_GREEN,hold,,,
3275.0,2,49,70.0,1.429,2,0.0,2,0.0,13,10.0,3,0.0,0,0,0,0,60.0,10.0,0.0,1,EW_GREEN,hold,,,
3276.0,2,49,85.0,1.735,2,0.0,2,0.0,13,13.0,3,1.0,0,0,0,0,71.0,14.0,0.0,1,EW_GREEN,hold,,,
3277.0,2,50,100.0,2.0,2,0.0,2,0.0,13,16.0,3,2.0,0,0,0,0,82.0,18.0,0.0,1,EW_GREEN,hold,,,
3278.0,2,48,113.0,2.354,2,0.0,2,0.0,13,19.0,3,3.0,0,0,0,0,91.0,22.0,0.0,1,EW_GREEN,hold,,,
3279.0,2,47,131.0,2.787,2,0.0,2,0.0,13,23.0,3,4.0,0,0,0,0,104.0,27.0,0.0,1,EW_GREEN,hold,,,
3280.0,2,49,147.0,3.0,2,0.0,2,0.0,14,27.0,3,5.0,0,0,0,0,115.0,32.0,0.0,1,EW_GREEN,hold,,,
3281.0,2,49,166.0,3.388,2,0.0,2,0.0,14,32.0,3,6.0,0,0,0,0,128.0,38.0,0.0,1,EW_GREEN,hold,,,
3282.0,2,49,186.0,3.796,1,0.0,2,0.0,15,37.0,3,7.0,0,0,0,0,142.0,44.0,0.0,1,EW_GREEN,hold,,,
3283.0,2,50,207.0,4.14,1,0.0,2,0.0,15,43.0,3,8.0,0,0,0,0,156.0,51.0,0.0,1,EW_GREEN,hold,,,
3284.0,2,50,229.0,4.58,1,0.0,2,0.0,15,49.0,3,9.0,0,0,0,0,171.0,58.0,0.0,1,EW_GREEN,hold,,,
3285.0,2,50,253.0,5.06,1,0.0,2,0.0,15,55.0,3,10.0,0,0,0,0,188.0,65.0,0.0,1,EW_GREEN,hold,,,
3286.0,2,49,276.0,5.633,1,0.0,1,0.0,15,61.0,3,11.0,0,0,0,0,204.0,72.0,0.0,1,EW_GREEN,hold,,,
3287.0,2,48,301.0,6.271,1,0.0,1,0.0,15,67.0,3,12.0,0,0,0,0,222.0,79.0,0.0,1,EW_GREEN,hold,,,
3288.0,2,48,327.0,6.812,1,0.0,1,0.0,16,73.0,3,13.0,0,0,0,0,241.0,86.0,0.0,1,EW_GREEN,hold,,,
3289.0,2,50,354.0,7.08,2,0.0,2,0.0,16,80.0,3,14.0,0,0,3,0,260.0,94.0,0.0,1,EW_GREEN,hold,,,
3290.0,2,53,382.0,7.208,3,0.0,3,0.0,16,87.0,3,15.0,0,0,3,0,280.0,102.0,0.0,1,EW_GREEN,hold,,,
3291.0,2,53,411.0,7.755,3,0.0,3,0.0,16,94.0,3,16.0,0,0,3,0,301.0,110.0,0.0,1,EW_GREEN,hold,,,
3292.0,2,52,442.0,8.5,3,0.0,3,0.0,16,102.0,3,18.0,0,0,3,1,322.0,120.0,0.0,1,EW_GREEN,hold,,,
3293.0,2,55,474.0,8.618,3,0.0,3,0.0,16,110.0,4,20.0,0,0,3,1,344.0,130.0,0.0,1,EW_GREEN,hold,,,
3294.0,2,55,507.0,9.218,3,0.0,3,0.0,16,118.0,4,22.0,0,0,3,1,367.0,140.0,0.0,1,EW_GREEN,hold,,,
3295.0,2,55,541.0,9.836,3,0.0,3,0.0,16,126.0,4,24.0,0,0,3,1,390.0,150.0,1.0,1,EW_GREEN,hold,,,
3296.0,2,55,576.0,10.473,3,0.0,3,0.0,16,134.0,4,26.0,0,0,3,1,414.0,160.0,2.0,1,EW_GREEN,hold,,,
3297.0,2,55,612.0,11.127,3,0.0,3,0.0,16,143.0,4,28.0,0,0,3,1,438.0,171.0,3.0,1,EW_YELLOW,fixed_cycle,,,
3298.0,3,54,648.0,12.0,3,0.0,3,0.0,16,152.0,4,30.0,0,0,3,1,462.0,182.0,4.0,1,EW_YELLOW,hold,,,
3299.0,3,55,684.0,12.436,3,0.0,3,0.0,17,161.0,4,32.0,0,0,3,1,486.0,193.0,5.0,1,EW_YELLOW,hold,,,
3300.0,3,55,721.0,13.109,3,0.0,3,0.0,17,170.0,4,35.0,0,0,3,1,510.0,205.0,6.0,1,NS_GREEN,fixed_cycle,,,
3301.0,0,48,591.0,12.312,3,0.0,3,0.0,14,91.0,2,2.0,0,0,2,1,498.0,93.0,0.0,1,NS_GREEN,hold,,,
3302.0,0,48,517.0,10.771,3,0.0,3,0.0,14,32.0,2,0.0,0,0,0,0,485.0,32.0,0.0,1,NS_GREEN,hold,,,
3303.0,0,49,473.0,9.653,3,0.0,3,0.0,14,2.0,2,0.0,0,0,0,0,471.0,2.0,0.0,1,NS_GREEN,hold,,,
3304.0,0,44,456.0,10.364,3,0.0,3,0.0,11,0.0,1,0.0,0,0,0,0,456.0,0.0,0.0,1,NS_GREEN,hold,,,
3305.0,0,51,440.0,8.627,3,0.0,3,0.0,12,0.0,2,0.0,0,0,0,0,440.0,0.0,0.0,1,NS_GREEN,hold,,,
3306.0,0,51,420.0,8.235,3,0.0,3,0.0,12,0.0,2,0.0,0,0,0,0,420.0,0.0,0.0,1,NS_GREEN,hold,,,
3307.0,0,52,402.0,7.731,3,1.0,3,1.0,10,0.0,2,0.0,0,0,0,0,400.0,2.0,0.0,1,NS_GREEN,hold,,,
3308.0,0,51,386.0,7.569,3,2.0,3,3.0,10,0.0,2,0.0,0,2,0,0,381.0,5.0,0.0,1,NS_GREEN,hold,,,
3309.0,0,51,371.0,7.275,3,4.0,3,5.0,9,0.0,2,0.0,2,2,0,0,362.0,9.0,0.0,1,NS_GREEN,hold,,,
3310.0,0,50,354.0,7.08,3,6.0,3,7.0,8,0.0,2,0.0,2,2,0,0,341.0,13.0,0.0,0,NS_GREEN,hold,,,
3311.0,0,49,338.0,6.898,3,8.0,3,9.0,7,0.0,2,0.0,2,2,0,0,321.0,17.0,0.0,0,NS_GREEN,hold,,,
3312.0,0,51,320.0,6.275,3,10.0,3,11.0,7,0.0,2,0.0,2,2,0,0,299.0,21.0,0.0,0,NS_GREEN,hold,,,
3313.0,0,56,303.0,5.411,4,12.0,4,13.0,6,0.0,2,0.0,0,0,0,0,278.0,25.0,0.0,0,NS_GREEN,hold,,,
3314.0,0,56,278.0,4.964,4,14.0,4,8.0,6,0.0,2,0.0,0,0,0,0,256.0,22.0,0.0,1,NS_GREEN,hold,,,
3315.0,0,58,252.0,4.345,4,9.0,4,9.0,6,0.0,2,0.0,0,0,0,0,234.0,18.0,0.0,1,NS_GREEN,hold,,,
3316.0,0,59,231.0,3.915,4,10.0,4,10.0,6,0.0,2,0.0,0,0,0,0,211.0,20.0,0.0,1,NS_GREEN,hold,,,
3317.0,0,58,241.0,4.155,4,11.0,4,11.0,6,0.0,2,0.0,0,0,0,0,219.0,22.0,0.0,1,NS_GREEN,hold,,,
3318.0,0,56,218.0,3.893,4,12.0,4,12.0,5,0.0,2,0.0,0,0,0,0,194.0,24.0,0.0,1,NS_GREEN,hold,,,
3319.0,0,58,196.0,3.379,4,14.0,4,14.0,6,0.0,2,0.0,0,0,0,0,168.0,28.0,0.0,1,NS_GREEN,hold,,,
3320.0,0,58,174.0,3.0,4,16.0,4,16.0,6,0.0,2,0.0,0,0,0,0,142.0,32.0,0.0,1,NS_GREEN,hold,,,
3321.0,0,58,150.0,2.586,4,18.0,4,18.0,6,0.0,2,0.0,0,0,0,0,114.0,36.0,0.0,1,NS_GREEN,hold,,,
3322.0,0,59,127.0,2.153,4,20.0,4,20.0,7,0.0,2,0.0,0,0,0,0,87.0,40.0,0.0,1,NS_GREEN,hold,,,
3323.0,0,58,104.0,1.793,4,22.0,4,22.0,7,0.0,1,0.0,0,0,0,0,60.0,44.0,0.0,1,NS_GREEN,hold,,,
3324.0,0,60,80.0,1.333,4,24.0,4,24.0,7,0.0,1,0.0,0,0,0,0,32.0,48.0,0.0,1,NS_GREEN,hold,,,
3325.0,0,60,87.0,1.45,4,26.0,4,26.0,7,0.0,1,0.0,0,0,0,0,35.0,52.0,0.0,1,NS_GREEN,hold,,,
3326.0,0,60,93.0,1.55,4,28.0,4,28.0,7,0.0,1,0.0,0,0,0,0,37.0,56.0,0.0,1,NS_GREEN,hold,,,
3327.0,0,60,69.0,1.15,4,30.0,4,30.0,7,0.0,1,0.0,0,0,0,0,8.0,60.0,1.0,1,NS_GREEN,hold,,,
3328.0,0,58,77.0,1.328,4,32.0,4,32.0,6,0.0,1,0.0,0,0,0,0,11.0,64.0,2.0,1,NS_GREEN,hold,,,
3329.0,0,57,86.0,1.509,4,35.0,4,34.0,6,0.0,1,0.0,2,2,0,0,14.0,69.0,3.0,1,NS_GREEN,hold,,,
3330.0,0,59,97.0,1.644,4,38.0,4,37.0,6,0.0,2,0.0,2,2,0,0,18.0,75.0,4.0,1,NS_YELLOW,fixed_cycle,,,
3331.0,1,61,109.0,1.787,4,41.0,4,40.0,7,0.0,2,0.0,2,2,0,0,23.0,81.0,5.0,1,NS_YELLOW,hold,,,
3332.0,1,61,122.0,2.0,4,44.0,4,43.0,7,0.0,3,0.0,2,2,0,0,29.0,87.0,6.0,1,NS_YELLOW,hold,,,
3333.0,1,62,135.0,2.177,4,47.0,4,46.0,8,0.0,3,0.0,2,2,0,0,35.0,93.0,7.0,1,EW_GREEN,fixed_cycle,,,
3334.0,2,58,39.0,0.672,2,6.0,2,5.0,8,0.0,3,0.0,1,1,0,0,28.0,11.0,0.0,1,EW_GREEN,hold,,,
3335.0,2,55,34.0,0.618,2,0.0,2,0.0,8,0.0,3,0.0,0,0,0,0,34.0,0.0,0.0,1,EW_GREEN,hold,,,
3336.0,2,55,42.0,0.764,2,0.0,2,0.0,8,1.0,3,0.0,0,0,1,0,41.0,1.0,0.0,1,EW_GREEN,hold,,,
3337.0,2,55,50.0,0.909,3,0.0,3,0.0,8,2.0,3,0.0,0,0,1,0,48.0,2.0,0.0,1,EW_GREEN,hold,,,
3338.0,2,58,60.0,1.034,4,0.0,4,0.0,8,3.0,3,1.0,0,0,1,0,56.0,4.0,0.0,1,EW_GREEN,hold,,,
3339.0,2,57,72.0,1.263,4,0.0,4,1.0,8,4.0,3,2.0,0,0,1,0,65.0,7.0,0.0,1,EW_GREEN,hold,,,
3340.0,2,55,85.0,1.545,4,0.0,4,2.0,9,6.0,3,3.0,0,0,1,0,74.0,11.0,0.0,1,EW_GREEN,hold,,,
3341.0,2,54,98.0,1.815,3,0.0,4,3.0,9,8.0,3,4.0,0,0,1,0,83.0,15.0,0.0,1,EW_GREEN,hold,,,
3342.0,2,53,114.0,2.151,3,0.0,4,4.0,9,11.0,3,5.0,0,0,1,0,94.0,20.0,0.0,1,EW_GREEN,hold,,,
3343.0,2,52,130.0,2.5,3,0.0,4,5.0,9,14.0,3,6.0,0,0,1,0,105.0,25.0,0.0,1,EW_GREEN,hold,,,
3344.0,2,53,147.0,2.774,3,0.0,4,6.0,9,17.0,3,7.0,0,0,1,0,117.0,30.0,0.0,1,EW_GREEN,hold,,,
3345.0,2,52,158.0,3.038,3,0.0,3,0.0,9,20.0,3,8.0,0,0,1,0,130.0,28.0,0.0,1,EW_GREEN,hold,,,
3346.0,2,51,173.0,3.392,3,0.0,3,0.0,9,23.0,3,9.0,0,0,1,0,141.0,32.0,0.0,1,EW_GREEN,hold,,,
3347.0,2,52,190.0,3.654,3,0.0,3,0.0,9,26.0,3,10.0,0,0,1,0,154.0,36.0,0.0,1,EW_GREEN,hold,,,
3348.0,2,49,210.0,4.286,3,0.0,3,0.0,9,30.0,3,11.0,0,0,1,0,169.0,41.0,0.0,1,EW_GREEN,hold,,,
3349.0,2,52,230.0,4.423,3,0.0,3,0.0,10,34.0,3,12.0,0,0,1,0,184.0,46.0,0.0,1,EW_GREEN,hold,,,
3350.0,2,52,252.0,4.846,3,0.0,3,0.0,10,39.0,3,13.0,0,0,1,0,200.0,52.0,0.0,1,EW_GREEN,hold,,,
3351.0,2,49,274.0,5.592,3,0.0,2,0.0,10,44.0,3,14.0,0,0,1,0,216.0,58.0,0.0,1,EW_GREEN,hold,,,
3352.0,2,49,270.0,5.51,2,0.0,2,0.0,11,49.0,3,15.0,0,0,1,0,206.0,64.0,0.0,1,EW_GREEN,hold,,,
3353.0,2,48,267.0,5.562,2,0.0,2,0.0,11,54.0,3,16.0,0,0,1,0,197.0,70.0,0.0,1,EW_GREEN,hold,,,
3354.0,2,46,264.0,5.739,1,0.0,2,0.0,11,59.0,3,17.0,0,0,1,0,188.0,76.0,0.0,1,EW_GREEN,hold,,,
3355.0,2,47,261.0,5.553,1,0.0,1,0.0,12,64.0,3,18.0,0,0,0,0,179.0,82.0,0.0,1,EW_GREEN,hold,,,
3356.0,2,47,258.0,5.489,1,0.0,1,0.0,12,69.0,3,19.0,0,0,0,0,170.0,88.0,0.0,1,EW_GREEN,hold,,,
3357.0,2,46,258.0,5.609,1,0.0,0,0.0,12,74.0,3,20.0,0,0,0,0,164.0,94.0,0.0,1,EW_GREEN,hold,,,
3358.0,2,45,257.0,5.711,0,0.0,0,0.0,12,79.0,3,21.0,0,0,0,0,157.0,100.0,0.0,1,EW_GREEN,hold,,,
3359.0,2,44,279.0,6.341,0,0.0,0,0.0,12,84.0,3,22.0,0,0,0,0,173.0,106.0,0.0,1,EW_GREEN,hold,,,
3360.0,2,43,279.0,6.488,0,0.0,0,0.0,12,89.0,3,23.0,0,0,0,0,167.0,112.0,0.0,1,EW_GREEN,hold,,,
3361.0,2,48,280.0,5.833,2,0.0,2,0.0,13,94.0,3,24.0,0,0,0,0,162.0,118.0,0.0,1,EW_GREEN,hold,,,
3362.0,2,48,282.0,5.875,2,0.0,2,0.0,13,99.0,3,25.0,0,0,0,0,158.0,124.0,0.0,1,EW_GREEN,hold,,,
3363.0,2,48,283.0,5.896,2,0.0,2,0.0,13,105.0,3,26.0,0,0,2,0,152.0,131.0,0.0,1,EW_YELLOW,fixed_cycle,,,
3364.0,3,47,289.0,6.149,2,0.0,2,0.0,13,113.0,3,28.0,0,0,2,1,148.0,141.0,0.0,1,EW_YELLOW,hold,,,
3365.0,3,48,294.0,6.125,2,0.0,2,0.0,13,121.0,3,30.0,0,0,3,3,143.0,151.0,0.0,1,EW_YELLOW,hold,,,
3366.0,3,49,299.0,6.102,2,0.0,2,0.0,13,126.0,4,33.0,0,0,0,1,139.0,159.0,1.0,1,NS_GREEN,fixed_cycle,,,
3367.0,0,46,192.0,4.174,2,0.0,2,0.0,12,47.0,4,2.0,0,0,0,0,143.0,49.0,0.0,0,NS_GREEN,hold,,,
3368.0,0,46,134.0,2.913,2,0.0,2,0.0,12,6.0,4,0.0,0,0,0,0,128.0,6.0,0.0,0,NS_GREEN,hold,,,
3369.0,0,43,113.0,2.628,2,0.0,2,0.0,10,0.0,3,1.0,0,0,0,1,112.0,1.0,0.0,0,NS_GREEN,hold,,,
3370.0,0,41,98.0,2.39,2,0.0,2,0.0,10,0.0,2,0.0,0,0,0,0,98.0,0.0,0.0,0,NS_GREEN,hold,,,
3371.0,0,43,85.0,1.977,2,0.0,2,0.0,10,0.0,2,0.0,0,0,0,0,85.0,0.0,0.0,0,NS_GREEN,hold,,,
3372.0,0,44,71.0,1.614,2,0.0,2,0.0,11,1.0,2,0.0,0,0,0,0,70.0,1.0,0.0,0,NS_GREEN,hold,,,
3373.0,0,43,57.0,1.326,2,0.0,2,0.0,11,2.0,2,0.0,0,0,2,0,55.0,2.0,0.0,0,NS_GREEN,hold,,,
3374.0,0,45,61.0,1.356,2,0.0,2,0.0,11,4.0,2,0.0,0,0,0,0,57.0,4.0,0.0,0,NS_GREEN,hold,,,
3375.0,0,47,45.0,0.957,2,0.0,2,0.0,11,6.0,2,0.0,0,0,0,0,39.0,6.0,0.0,0,NS_GREEN,hold,,,
3376.0,0,48,30.0,0.625,2,0.0,2,0.0,12,8.0,2,0.0,0,0,0,0,21.0,8.0,1.0,0,NS_GREEN,hold,,,
3377.0,0,47,26.0,0.553,2,0.0,2,0.0,10,4.0,2,0.0,0,0,0,0,20.0,4.0,2.0,0,NS_GREEN,hold,,,
3378.0,0,46,9.0,0.196,2,0.0,2,0.0,9,0.0,2,0.0,0,0,0,0,6.0,0.0,3.0,0,NS_GREEN,hold,,,
3379.0,0,48,11.0,0.229,2,1.0,2,1.0,10,0.0,2,0.0,0,0,0,0,5.0,2.0,4.0,0,NS_GREEN,hold,,,
3380.0,0,48,13.0,0.271,2,2.0,2,2.0,8,0.0,2,0.0,0,0,0,0,4.0,4.0,5.0,0,NS_GREEN,hold,,,
3381.0,0,48,15.0,0.312,2,3.0,2,3.0,8,0.0,2,0.0,0,0,0,0,3.0,6.0,6.0,0,NS_GREEN,hold,,,
3382.0,0,46,17.0,0.37,2,4.0,2,4.0,7,0.0,2,0.0,0,0,0,0,2.0,8.0,7.0,0,NS_GREEN,hold,,,
3383.0,0,47,22.0,0.468,2,5.0,2,5.0,7,0.0,2,0.0,0,0,0,0,4.0,10.0,8.0,0,NS_GREEN,hold,,,
3384.0,0,47,24.0,0.511,2,6.0,2,6.0,7,0.0,2,0.0,0,0,0,0,3.0,12.0,9.0,0,NS_GREEN,hold,,,
3385.0,0,53,29.0,0.547,3,7.0,3,7.0,7,0.0,2,0.0,0,0,0,0,5.0,14.0,10.0,0,NS_GREEN,hold,,,
3386.0,0,57,33.0,0.579,4,8.0,4,8.0,8,0.0,2,0.0,0,0,0,0,6.0,16.0,11.0,0,NS_GREEN,hold,,,
3387.0,0,57,37.0,0.649,4,9.0,4,9.0,8,0.0,2,0.0,0,0,0,0,7.0,18.0,12.0,0,NS_GREEN,hold,,,
3388.0,0,57,40.0,0.702,4,10.0,4,10.0,8,0.0,2,0.0,0,0,0,0,7.0,20.0,13.0,0,NS_GREEN,hold,,,
3389.0,0,57,45.0,0.789,4,11.0,4,11.0,8,0.0,2,0.0,0,0,0,0,9.0,22.0,14.0,0,NS_GREEN,hold,,,
3390.0,0,56,50.0,0.893,4,12.0,4,12.0,8,0.0,2,0.0,0,0,0,0,11.0,24.0,15.0,0,NS_GREEN,hold,,,
3391.0,0,56,56.0,1.0,4,13.0,4,13.0,8,0.0,2,0.0,0,0,0,0,14.0,26.0,16.0,0,NS_GREEN,hold,,,
3392.0,0,54,59.0,1.093,4,14.0,4,14.0,7,0.0,2,0.0,0,0,0,0,14.0,28.0,17.0,0,NS_GREEN,hold,,,
3393.0,0,55,62.0,1.127,4,15.0,4,15.0,7,0.0,2,0.0,0,0,0,0,14.0,30.0,18.0,0,NS_GREEN,hold,,,
3394.0,0,57,65.0,1.14,4,16.0,4,16.0,8,0.0,2,0.0,0,0,0,0,14.0,32.0,19.0,0,NS_GREEN,hold,,,
3395.0,0,57,69.0,1.211,4,17.0,4,17.0,8,0.0,2,0.0,0,0,0,0,15.0,34.0,20.0,0,NS_GREEN,hold,,,
3396.0,0,59,73.0,1.237,4,18.0,4,18.0,9,0.0,2,0.0,0,0,0,0,16.0,36.0,21.0,0,NS_YELLOW,fixed_cycle,,,
3397.0,1,58,76.0,1.31,4,19.0,4,19.0,9,0.0,1,0.0,0,0,0,0,16.0,38.0,22.0,0,NS_YELLOW,hold,,,
3398.0,1,58,80.0,1.379,4,20.0,4,20.0,9,0.0,1,0.0,0,0,0,0,17.0,40.0,23.0,0,NS_YELLOW,hold,,,
3399.0,1,61,85.0,1.393,4,21.0,4,21.0,10,0.0,1,0.0,0,0,0,0,19.0,42.0,24.0,0,EW_GREEN,fixed_cycle,,,
3400.0,2,54,2.0,0.037,2,0.0,2,0.0,10,0.0,1,0.0,0,0,0,0,2.0,0.0,0.0,0,EW_GREEN,hold,,,
3401.0,2,54,4.0,0.074,2,0.0,2,0.0,10,0.0,2,0.0,0,0,0,0,3.0,0.0,1.0,0,EW_GREEN,hold,,,
3402.0,2,54,7.0,0.13,1,0.0,2,0.0,10,0.0,2,0.0,0,0,0,0,5.0,0.0,2.0,0,EW_GREEN,hold,,,
3403.0,2,54,11.0,0.204,1,0.0,1,0.0,11,0.0,2,1.0,0,0,0,0,7.0,1.0,3.0,0,EW_GREEN,hold,,,
3404.0,2,52,16.0,0.308,1,0.0,1,0.0,11,0.0,2,2.0,0,0,0,0,10.0,2.0,4.0,0,EW_GREEN,hold,,,
3405.0,2,51,23.0,0.451,1,0.0,1,0.0,12,1.0,2,3.0,0,0,0,0,14.0,4.0,5.0,0,EW_GREEN,hold,,,
3406.0,2,52,30.0,0.577,1,0.0,1,0.0,12,2.0,2,4.0,0,0,0,0,18.0,6.0,6.0,0,EW_GREEN,hold,,,
3407.0,2,51,39.0,0.765,1,0.0,1,0.0,12,3.0,2,5.0,0,0,0,0,24.0,8.0,7.0,0,EW_GREEN,hold,,,
3408.0,2,50,50.0,1.0,1,0.0,1,0.0,12,5.0,2,6.0,0,0,0,0,31.0,11.0,8.0,0,EW_GREEN,hold,,,
3409.0,2,51,61.0,1.196,2,0.0,2,0.0,12,7.0,2,7.0,0,0,0,0,38.0,14.0,9.0,0,EW_GREEN,hold,,,
3410.0,2,50,74.0,1.48,2,0.0,2,0.0,12,10.0,2,8.0,0,0,0,0,46.0,18.0,10.0,0,EW_GREEN,hold,,,
3411.0,2,50,87.0,1.74,2,0.0,2,0.0,12,13.0,2,9.0,0,0,0,0,54.0,22.0,11.0,0,EW_GREEN,hold,,,
3412.0,2,49,100.0,2.041,2,0.0,2,0.0,12,16.0,2,10.0,0,0,0,0,62.0,26.0,12.0,0,EW_GREEN,hold,,,
3413.0,2,49,115.0,2.347,2,0.0,2,0.0,12,20.0,2,11.0,0,0,0,0,71.0,31.0,13.0,0,EW_GREEN,hold,,,
3414.0,2,49,131.0,2.673,2,0.0,2,0.0,13,24.0,2,12.0,0,0,0,0,81.0,36.0,14.0,0,EW_GREEN,hold,,,
3415.0,2,49,148.0,3.02,2,0.0,2,0.0,13,28.0,2,13.0,0,0,0,0,92.0,41.0,15.0,0,EW_GREEN,hold,,,
3416.0,2,50,165.0,3.3,2,0.0,2,0.0,13,32.0,2,14.0,0,0,0,0,103.0,46.0,16.0,0,EW_GREEN,hold,,,
3417.0,2,49,183.0,3.735,2,0.0,2,0.0,13,36.0,2,15.0,0,0,0,0,115.0,51.0,17.0,0,EW_GREEN,hold,,,
3418.0,2,48,202.0,4.208,2,0.0,2,0.0,13,40.0,2,16.0,0,0,0,0,128.0,56.0,18.0,0,EW_GREEN,hold,,,
3419.0,2,48,222.0,4.625,2,0.0,2,0.0,13,45.0,2,17.0,0,0,0,0,141.0,62.0,19.0,0,EW_GREEN,hold,,,
3420.0,2,49,244.0,4.98,2,0.0,2,0.0,13,51.0,2,18.0,0,0,0,0,155.0,69.0,20.0,0,EW_GREEN,hold,,,
3421.0,2,51,267.0,5.235,2,0.0,2,0.0,13,57.0,2,19.0,0,0,0,0,170.0,76.0,21.0,1,EW_GREEN,hold,,,
3422.0,2,53,292.0,5.509,2,0.0,2,0.0,14,64.0,2,20.0,0,0,0,0,186.0,84.0,22.0,1,EW_GREEN,hold,,,
3423.0,2,53,317.0,5.981,2,0.0,1,0.0,14,71.0,2,21.0,0,0,0,0,202.0,92.0,23.0,1,EW_GREEN,hold,,,
3424.0,2,53,343.0,6.472,2,0.0,1,0.0,14,78.0,2,22.0,0,0,0,0,219.0,100.0,24.0,1,EW_GREEN,hold,,,
3425.0,2,52,370.0,7.115,1,0.0,1,0.0,14,85.0,2,23.0,0,0,0,0,237.0,108.0,25.0,1,EW_GREEN,hold,,,
3426.0,2,52,397.0,7.635,1,0.0,1,0.0,14,92.0,2,24.0,0,0,0,0,255.0,116.0,26.0,1,EW_GREEN,hold,,,
3427.0,2,53,425.0,8.019,1,0.0,1,0.0,14,99.0,2,25.0,0,0,0,0,274.0,124.0,27.0,1,EW_GREEN,hold,,,
3428.0,2,52,455.0,8.75,1,0.0,1,0.0,14,107.0,2,26.0,0,0,0,1,294.0,133.0,28.0,1,EW_GREEN,hold,,,
3429.0,2,51,487.0,9.549,1,0.0,1,0.0,14,116.0,2,27.0,0,0,3,1,315.0,143.0,29.0,1,EW_YELLOW,fixed_cycle,,,
3430.0,3,51,521.0,10.216,1,0.0,1,0.0,14,126.0,2,28.0,0,0,3,1,337.0,154.0,30.0,1,EW_YELLOW,hold,,,
3431.0,3,50,555.0,11.1,1,0.0,1,0.0,14,136.0,3,29.0,0,0,3,0,359.0,165.0,31.0,1,EW_YELLOW,hold,,,
3432.0,3,51,590.0,11.569,1,0.0,1,0.0,15,146.0,3,30.0,0,0,3,0,382.0,176.0,32.0,1,NS_GREEN,fixed_cycle,,,
3433.0,0,46,450.0,9.783,2,0.0,2,0.0,12,80.0,1,0.0,0,0,2,0,370.0,80.0,0.0,1,NS_GREEN,hold,,,
3434.0,0,48,391.0,8.146,3,0.0,3,0.0,12,32.0,1,0.0,0,0,0,0,359.0,32.0,0.0,1,NS_GREEN,hold,,,
3435.0,0,48,354.0,7.375,3,0.0,3,0.0,12,6.0,1,0.0,0,0,0,0,348.0,6.0,0.0,1,NS_GREEN,hold,,,
3436.0,0,47,336.0,7.149,3,0.0,3,0.0,9,0.0,1,0.0,0,0,0,0,336.0,0.0,0.0,1,NS_GREEN,hold,,,
3437.0,0,50,324.0,6.48,3,0.0,3,0.0,9,0.0,1,0.0,0,0,0,0,324.0,0.0,0.0,1,NS_GREEN,hold,,,
3438.0,0,49,311.0,6.347,3,0.0,3,0.0,7,0.0,2,0.0,0,0,0,0,311.0,0.0,0.0,1,NS_GREEN,hold,,,
3439.0,0,49,297.0,6.061,3,0.0,3,0.0,7,0.0,2,0.0,0,0,0,0,297.0,0.0,0.0,1,NS_GREEN,hold,,,
3440.0,0,49,285.0,5.816,3,0.0,3,0.0,6,0.0,2,0.0,0,0,0,0,284.0,0.0,1.0,1,NS_GREEN,hold,,,
3441.0,0,49,274.0,5.592,3,0.0,3,0.0,4,0.0,3,0.0,0,0,0,0,272.0,0.0,2.0,1,NS_GREEN,hold,,,
3442.0,0,51,263.0,5.157,3,0.0,3,0.0,5,0.0,3,0.0,0,0,0,0,260.0,0.0,3.0,1,NS_GREEN,hold,,,
3443.0,0,53,252.0,4.755,3,0.0,3,0.0,5,0.0,4,0.0,0,0,0,0,248.0,0.0,4.0,1,NS_GREEN,hold,,,
3444.0,0,52,270.0,5.192,3,0.0,3,0.0,5,0.0,4,0.0,0,0,0,0,265.0,0.0,5.0,1,NS_GREEN,hold,,,
3445.0,0,52,259.0,4.981,3,0.0,3,0.0,5,0.0,4,0.0,0,0,0,0,253.0,0.0,6.0,1,NS_GREEN,hold,,,
3446.0,0,52,239.0,4.596,3,0.0,3,0.0,6,0.0,4,0.0,0,0,0,0,232.0,0.0,7.0,1,NS_GREEN,hold,,,
3447.0,0,52,220.0,4.231,3,0.0,3,0.0,5,0.0,4,0.0,0,0,0,0,212.0,0.0,8.0,1,NS_GREEN,hold,,,
3448.0,0,53,201.0,3.792,3,0.0,3,0.0,6,0.0,4,0.0,0,0,0,0,192.0,0.0,9.0,1,NS_GREEN,hold,,,
3449.0,0,54,209.0,3.87,3,0.0,3,0.0,6,0.0,4,0.0,0,0,0,0,199.0,0.0,10.0,1,NS_GREEN,hold,,,
3450.0,0,54,189.0,3.5,3,0.0,3,1.0,6,0.0,4,0.0,0,0,0,0,177.0,1.0,11.0,1,NS_GREEN,hold,,,
3451.0,0,53,170.0,3.208,3,1.0,3,2.0,6,0.0,3,0.0,0,0,0,0,155.0,3.0,12.0,0,NS_GREEN,hold,,,
3452.0,0,51,154.0,3.02,3,2.0,3,4.0,5,0.0,3,0.0,0,1,0,0,135.0,6.0,13.0,0,NS_GREEN,hold,,,
3453.0,0,53,137.0,2.585,3,3.0,3,4.0,6,0.0,3,0.0,0,0,0,0,116.0,7.0,14.0,0,NS_GREEN,hold,,,
3454.0,0,52,116.0,2.231,3,4.0,3,5.0,6,0.0,3,0.0,0,0,0,0,92.0,9.0,15.0,0,NS_GREEN,hold,,,
3455.0,0,52,122.0,2.346,3,6.0,3,6.0,6,0.0,3,0.0,1,0,0,0,94.0,12.0,16.0,0,NS_GREEN,hold,,,
3456.0,0,53,101.0,1.906,3,8.0,3,7.0,7,0.0,3,0.0,1,0,0,0,69.0,15.0,17.0,0,NS_GREEN,hold,,,
3457.0,0,58,80.0,1.379,4,10.0,4,9.0,7,0.0,3,0.0,0,0,0,0,43.0,19.0,18.0,0,NS_GREEN,hold,,,
3458.0,0,58,60.0,1.034,4,12.0,4,11.0,7,0.0,3,0.0,0,0,0,0,18.0,23.0,19.0,0,NS_GREEN,hold,,,
3459.0,0,59,65.0,1.102,4,14.0,4,13.0,8,0.0,3,0.0,0,0,0,0,18.0,27.0,20.0,0,NS_GREEN,hold,,,
3460.0,0,58,71.0,1.224,4,16.0,4,15.0,8,0.0,3,0.0,0,0,0,0,19.0,31.0,21.0,0,NS_GREEN,hold,,,
3461.0,0,59,77.0,1.305,4,18.0,4,17.0,8,0.0,3,0.0,0,0,0,0,20.0,35.0,22.0,0,NS_GREEN,hold,,,
3462.0,0,57,83.0,1.456,4,20.0,4,19.0,7,0.0,3,0.0,0,0,0,0,21.0,39.0,23.0,0,NS_YELLOW,fixed_cycle,,,
3463.0,1,59,89.0,1.508,4,22.0,4,21.0,8,0.0,3,0.0,0,0,0,0,22.0,43.0,24.0,0,NS_YELLOW,hold,,,
3464.0,1,59,95.0,1.61,4,24.0,4,23.0,8,0.0,3,0.0,0,0,0,0,23.0,47.0,25.0,0,NS_YELLOW,hold,,,
3465.0,1,59,101.0,1.712,4,26.0,4,25.0,8,0.0,3,0.0,0,0,0,0,24.0,51.0,26.0,0,EW_GREEN,fixed_cycle,,,
3466.0,2,52,0.0,0.0,2,0.0,2,0.0,9,0.0,3,0.0,0,0,0,0,0.0,0.0,0.0,0,EW_GREEN,hold,,,
3467.0,2,51,0.0,0.0,2,0.0,2,0.0,9,0.0,3,0.0,0,0,0,0,0.0,0.0,0.0,0,EW_GREEN,hold,,,
3468.0,2,53,0.0,0.0,2,0.0,2,0.0,10,0.0,3,0.0,0,0,0,0,0.0,0.0,0.0,0,EW_GREEN,hold,,,
3469.0,2,52,1.0,0.019,2,0.0,2,0.0,10,0.0,3,0.0,0,0,0,0,1.0,0.0,0.0,0,EW_GREEN,hold,,,
3470.0,2,52,2.0,0.038,2,0.0,2,0.0,10,0.0,3,0.0,0,0,0,0,2.0,0.0,0.0,0,EW_GREEN,hold,,,
3471.0,2,51,6.0,0.118,2,0.0,2,0.0,10,0.0,3,1.0,0,0,0,0,5.0,1.0,0.0,0,EW_GREEN,hold,,,
3472.0,2,47,10.0,0.213,2,0.0,2,0.0,10,0.0,3,2.0,0,0,0,0,8.0,2.0,0.0,0,EW_GREEN,hold,,,
3473.0,2,47,14.0,0.298,2,0.0,2,0.0,11,0.0,3,3.0,0,0,0,0,11.0,3.0,0.0,0,EW_GREEN,hold,,,
3474.0,2,48,21.0,0.438,2,0.0,2,0.0,11,0.0,4,5.0,0,0,0,1,15.0,5.0,1.0,0,EW_GREEN,hold,,,
3475.0,2,47,29.0,0.617,2,0.0,2,0.0,11,0.0,4,7.0,0,0,0,1,20.0,7.0,2.0,0,EW_GREEN,hold,,,
3476.0,2,46,39.0,0.848,2,0.0,1,1.0,12,1.0,4,9.0,0,1,0,1,25.0,11.0,3.0,0,EW_GREEN,hold,,,
3477.0,2,45,52.0,1.156,2,1.0,1,2.0,12,2.0,4,12.0,1,1,0,2,31.0,17.0,4.0,0,EW_GREEN,hold,,,
3478.0,2,46,65.0,1.413,2,2.0,1,3.0,12,3.0,4,15.0,1,1,0,2,37.0,23.0,5.0,0,EW_GREEN,hold,,,
3479.0,2,44,73.0,1.659,1,3.0,0,0.0,12,5.0,4,15.0,1,0,0,1,44.0,23.0,6.0,0,EW_GREEN,hold,,,
3480.0,2,43,88.0,2.047,1,4.0,0,0.0,12,8.0,4,17.0,1,0,0,1,52.0,29.0,7.0,0,EW_GREEN,hold,,,
3481.0,2,46,105.0,2.283,3,5.0,2,0.0,12,12.0,4,19.0,0,0,0,1,61.0,36.0,8.0,0,EW_GREEN,hold,,,
3482.0,2,48,117.0,2.438,3,0.0,3,0.0,12,16.0,4,21.0,0,0,0,1,71.0,37.0,9.0,0,EW_GREEN,hold,,,
3483.0,2,46,134.0,2.913,3,0.0,3,0.0,12,20.0,4,23.0,0,0,0,1,81.0,43.0,10.0,0,EW_GREEN,hold,,,
3484.0,2,47,153.0,3.255,3,0.0,3,0.0,13,24.0,4,26.0,0,0,0,2,92.0,50.0,11.0,0,EW_GREEN,hold,,,
3485.0,2,47,172.0,3.66,3,0.0,3,0.0,13,29.0,4,29.0,0,0,0,2,102.0,58.0,12.0,0,EW_GREEN,hold,,,
3486.0,2,47,193.0,4.106,3,0.0,3,0.0,13,34.0,4,32.0,0,0,0,2,114.0,66.0,13.0,0,EW_GREEN,hold,,,
3487.0,2,48,215.0,4.479,3,0.0,3,0.0,13,39.0,4,35.0,0,0,0,2,127.0,74.0,14.0,0,EW_GREEN,hold,,,
3488.0,2,49,239.0,4.878,3,0.0,3,0.0,13,45.0,4,38.0,0,0,0,2,141.0,83.0,15.0,0,EW_GREEN,hold,,,
3489.0,2,49,264.0,5.388,3,0.0,3,0.0,13,51.0,4,41.0,0,0,0,2,156.0,92.0,16.0,0,EW_GREEN,hold,,,
3490.0,2,50,289.0,5.78,3,0.0,3,0.0,13,57.0,4,44.0,0,0,0,2,171.0,101.0,17.0,0,EW_GREEN,hold,,,
3491.0,2,50,316.0,6.32,3,0.0,3,0.0,13,64.0,4,47.0,0,0,0,2,187.0,111.0,18.0,0,EW_GREEN,hold,,,
3492.0,2,49,344.0,7.02,3,0.0,3,0.0,13,71.0,4,50.0,0,0,0,2,204.0,121.0,19.0,0,EW_GREEN,hold,,,
3493.0,2,50,373.0,7.46,3,0.0,3,0.0,13,78.0,4,53.0,0,0,0,2,222.0,131.0,20.0,0,EW_GREEN,hold,,,
3494.0,2,50,402.0,8.04,3,0.0,3,0.0,13,85.0,4,56.0,0,0,0,2,240.0,141.0,21.0,0,EW_GREEN,hold,,,
3495.0,2,50,434.0,8.68,3,0.0,2,0.0,14,93.0,4,59.0,0,0,0,2,260.0,152.0,22.0,0,EW_YELLOW,fixed_cycle,,,
3496.0,3,50,465.0,9.3,3,0.0,2,0.0,14,101.0,4,62.0,0,0,4,2,279.0,163.0,23.0,0,EW_YELLOW,hold,,,
3497.0,3,50,499.0,9.98,3,0.0,2,0.0,14,110.0,4,65.0,0,0,8,2,300.0,175.0,24.0,0,EW_YELLOW,hold,,,
3498.0,3,50,536.0,10.72,3,0.0,2,1.0,14,120.0,4,68.0,0,1,8,2,322.0,189.0,25.0,0,NS_GREEN,fixed_cycle,,,
3499.0,0,47,381.0,8.106,3,1.0,2,2.0,12,65.0,3,0.0,0,1,3,0,313.0,68.0,0.0,0,NS_GREEN,hold,,,
3500.0,0,44,333.0,7.568,3,2.0,2,3.0,11,23.0,1,0.0,2,1,0,0,305.0,28.0,0.0,0,NS_GREEN,hold,,,
3501.0,0,45,311.0,6.911,3,3.0,2,4.0,11,9.0,1,0.0,2,1,0,0,295.0,16.0,0.0,0,NS_GREEN,hold,,,
3502.0,0,44,296.0,6.727,3,5.0,2,5.0,9,0.0,1,0.0,2,1,0,0,286.0,10.0,0.0,0,NS_GREEN,hold,,,
3503.0,0,46,289.0,6.283,3,7.0,2,6.0,8,0.0,2,0.0,2,1,0,0,276.0,13.0,0.0,0,NS_GREEN,hold,,,
3504.0,0,46,282.0,6.13,3,9.0,2,7.0,7,0.0,2,0.0,2,1,0,0,266.0,16.0,0.0,0,NS_GREEN,hold,,,
3505.0,0,49,275.0,5.612,4,11.0,3,8.0,7,0.0,1,0.0,0,0,0,0,256.0,19.0,0.0,0,NS_GREEN,hold,,,
3506.0,0,50,267.0,5.34,4,13.0,3,9.0,5,0.0,1,0.0,0,0,0,0,245.0,22.0,0.0,0,NS_GREEN,hold,,,
3507.0,0,50,258.0,5.16,4,15.0,3,10.0,5,0.0,1,0.0,0,0,0,0,233.0,25.0,0.0,0,NS_GREEN,hold,,,
3508.0,0,48,248.0,5.167,4,17.0,3,11.0,4,0.0,1,0.0,0,0,0,0,220.0,28.0,0.0,0,NS_GREEN,hold,,,
3509.0,0,52,240.0,4.615,4,19.0,3,12.0,5,0.0,2,0.0,0,0,0,0,209.0,31.0,0.0,0,NS_GREEN,hold,,,
3510.0,0,53,229.0,4.321,4,21.0,3,13.0,5,0.0,2,0.0,0,0,0,0,195.0,34.0,0.0,0,NS_GREEN,hold,,,
3511.0,0,54,243.0,4.5,4,23.0,3,14.0,5,0.0,3,0.0,0,0,0,0,206.0,37.0,0.0,0,NS_GREEN,hold,,,
3512.0,0,55,231.0,4.2,4,25.0,3,15.0,6,0.0,3,0.0,0,0,0,0,191.0,40.0,0.0,0,NS_GREEN,hold,,,
3513.0,0,54,218.0,4.037,4,27.0,3,16.0,5,0.0,3,0.0,0,0,0,0,175.0,43.0,0.0,0,NS_GREEN,hold,,,
3514.0,0,53,204.0,3.849,4,29.0,3,17.0,5,0.0,3,0.0,0,0,0,0,158.0,46.0,0.0,0,NS_GREEN,hold,,,
3515.0,0,54,190.0,3.519,4,31.0,3,18.0,5,0.0,3,0.0,0,0,0,0,141.0,49.0,0.0,0,NS_GREEN,hold,,,
3516.0,0,54,160.0,2.963,4,18.0,3,19.0,6,0.0,3,0.0,0,0,0,0,123.0,37.0,0.0,0,NS_GREEN,hold,,,
3517.0,0,54,143.0,2.648,4,19.0,3,20.0,6,0.0,3,0.0,0,0,0,0,104.0,39.0,0.0,0,NS_GREEN,hold,,,
3518.0,0,55,126.0,2.291,4,20.0,3,21.0,7,0.0,3,0.0,0,0,0,0,85.0,41.0,0.0,0,NS_GREEN,hold,,,
3519.0,0,55,109.0,1.982,4,22.0,3,22.0,7,0.0,3,0.0,0,1,0,0,65.0,44.0,0.0,0,NS_GREEN,hold,,,
3520.0,0,56,115.0,2.054,4,24.0,3,23.0,8,0.0,3,0.0,0,1,0,0,68.0,47.0,0.0,0,NS_GREEN,hold,,,
3521.0,0,56,96.0,1.714,4,26.0,3,24.0,8,0.0,3,0.0,0,1,0,0,46.0,50.0,0.0,0,NS_GREEN,hold,,,
3522.0,0,56,77.0,1.375,4,28.0,3,26.0,8,0.0,3,0.0,0,1,0,0,23.0,54.0,0.0,0,NS_GREEN,hold,,,
3523.0,0,56,82.0,1.464,4,30.0,3,28.0,8,0.0,3,0.0,0,1,0,0,24.0,58.0,0.0,0,NS_GREEN,hold,,,
3524.0,0,55,62.0,1.127,4,32.0,3,30.0,8,0.0,3,0.0,0,1,0,0,0.0,62.0,0.0,0,NS_GREEN,hold,,,
3525.0,0,56,67.0,1.196,4,34.0,3,32.0,9,0.0,3,0.0,0,1,0,0,1.0,66.0,0.0,0,NS_GREEN,hold,,,
3526.0,0,55,73.0,1.327,4,36.0,3,34.0,8,0.0,3,0.0,2,1,0,0,3.0,70.0,0.0,0,NS_GREEN,hold,,,
3527.0,0,55,81.0,1.473,4,39.0,3,36.0,8,0.0,3,0.0,2,1,0,0,6.0,75.0,0.0,0,NS_GREEN,hold,,,
3528.0,0,57,89.0,1.561,4,42.0,3,38.0,9,0.0,3,0.0,2,1,0,0,9.0,80.0,0.0,0,NS_YELLOW,fixed_cycle,,,
3529.0,1,62,92.0,1.484,5,45.0,4,40.0,9,0.0,3,0.0,0,0,0,0,7.0,85.0,0.0,0,NS_YELLOW,hold,,,
3530.0,1,65,96.0,1.477,6,48.0,5,42.0,9,0.0,3,0.0,0,0,0,0,6.0,90.0,0.0,0,NS_YELLOW,hold,,,
3531.0,1,66,101.0,1.53,6,51.0,5,44.0,10,0.0,3,0.0,0,0,0,0,6.0,95.0,0.0,0,EW_GREEN,fixed_cycle,,,
3532.0,2,60,14.0,0.233,4,6.0,3,0.0,10,0.0,3,0.0,0,0,0,0,8.0,6.0,0.0,0,EW_GREEN,hold,,,
3533.0,2,58,11.0,0.19,4,0.0,3,0.0,10,0.0,3,0.0,0,0,0,0,11.0,0.0,0.0,0,EW_GREEN,hold,,,
3534.0,2,57,18.0,0.316,4,0.0,3,0.0,10,0.0,3,0.0,0,0,0,0,18.0,0.0,0.0,0,EW_GREEN,hold,,,
3535.0,2,54,27.0,0.5,4,0.0,3,0.0,10,0.0,3,1.0,0,0,0,0,26.0,1.0,0.0,0,EW_GREEN,hold,,,
3536.0,2,53,31.0,0.585,4,0.0,3,0.0,10,0.0,3,2.0,0,0,0,0,29.0,2.0,0.0,0,EW_GREEN,hold,,,
3537.0,2,51,40.0,0.784,3,0.0,3,0.0,11,0.0,3,3.0,0,0,0,0,37.0,3.0,0.0,0,EW_GREEN,hold,,,
3538.0,2,51,50.0,0.98,3,0.0,3,0.0,11,1.0,3,4.0,0,0,0,0,45.0,5.0,0.0,0,EW_GREEN,hold,,,
3539.0,2,50,61.0,1.22,3,0.0,3,0.0,11,3.0,3,5.0,0,0,0,0,53.0,8.0,0.0,0,EW_GREEN,hold,,,
3540.0,2,52,74.0,1.423,3,0.0,3,0.0,11,5.0,3,6.0,0,0,0,0,63.0,11.0,0.0,0,EW_GREEN,hold,,,
3541.0,2,51,89.0,1.745,3,0.0,3,0.0,11,7.0,3,8.0,0,0,0,2,74.0,15.0,0.0,0,EW_GREEN,hold,,,
3542.0,2,50,104.0,2.08,3,0.0,3,0.0,11,10.0,3,10.0,0,0,0,2,84.0,20.0,0.0,0,EW_GREEN,hold,,,
3543.0,2,49,122.0,2.49,2,0.0,3,0.0,11,13.0,3,13.0,0,0,0,3,96.0,26.0,0.0,0,EW_GREEN,hold,,,
3544.0,2,48,142.0,2.958,2,0.0,3,0.0,11,17.0,3,16.0,0,0,2,3,109.0,33.0,0.0,0,EW_GREEN,hold,,,
3545.0,2,46,163.0,3.543,1,0.0,3,0.0,11,21.0,3,19.0,0,0,2,3,123.0,40.0,0.0,0,EW_GREEN,hold,,,
3546.0,2,45,184.0,4.089,1,0.0,2,0.0,11,25.0,4,22.0,0,0,2,1,137.0,47.0,0.0,0,EW_GREEN,hold,,,
3547.0,2,45,207.0,4.6,1,0.0,1,0.0,12,29.0,4,25.0,0,0,2,1,152.0,54.0,1.0,0,EW_GREEN,hold,,,
3548.0,2,45,232.0,5.156,1,0.0,1,0.0,12,34.0,4,28.0,0,0,2,1,168.0,62.0,2.0,0,EW_GREEN,hold,,,
3549.0,2,46,258.0,5.609,1,0.0,1,0.0,12,39.0,4,31.0,0,0,2,1,185.0,70.0,3.0,0,EW_GREEN,hold,,,
3550.0,2,48,286.0,5.958,1,0.0,1,0.0,13,45.0,4,34.0,0,0,2,1,203.0,79.0,4.0,0,EW_GREEN,hold,,,
3551.0,2,49,314.0,6.408,1,0.0,1,0.0,13,51.0,4,37.0,0,0,2,1,221.0,88.0,5.0,0,EW_GREEN,hold,,,
3552.0,2,49,343.0,7.0,1,0.0,1,0.0,13,57.0,4,40.0,0,0,2,1,240.0,97.0,6.0,0,EW_GREEN,hold,,,
3553.0,2,52,373.0,7.173,2,0.0,2,0.0,13,63.0,4,43.0,0,0,0,1,260.0,106.0,7.0,0,EW_GREEN,hold,,,
3554.0,2,52,404.0,7.769,2,0.0,2,0.0,13,69.0,4,46.0,0,0,3,1,281.0,115.0,8.0,0,EW_GREEN,hold,,,
3555.0,2,52,435.0,8.365,2,0.0,2,0.0,13,75.0,4,49.0,0,0,3,1,302.0,124.0,9.0,0,EW_GREEN,hold,,,
3556.0,2,51,467.0,9.157,2,0.0,2,0.0,13,82.0,4,52.0,0,0,3,1,323.0,134.0,10.0,0,EW_GREEN,hold,,,
3557.0,2,52,501.0,9.635,2,0.0,2,0.0,14,90.0,4,55.0,0,0,3,1,345.0,145.0,11.0,0,EW_GREEN,hold,,,
3558.0,2,51,535.0,10.49,2,0.0,2,0.0,14,98.0,4,58.0,0,0,3,1,367.0,156.0,12.0,0,EW_GREEN,hold,,,
3559.0,2,51,570.0,11.176,2,0.0,2,0.0,14,106.0,4,61.0,0,0,3,1,390.0,167.0,13.0,0,EW_GREEN,hold,,,
3560.0,2,52,605.0,11.635,2,0.0,2,0.0,14,114.0,4,64.0,0,0,3,1,413.0,178.0,14.0,0,EW_GREEN,hold,,,
3561.0,2,52,640.0,12.308,2,0.0,2,0.0,14,122.0,4,67.0,0,0,3,1,436.0,189.0,15.0,0,EW_YELLOW,fixed_cycle,,,
3562.0,3,52,676.0,13.0,2,0.0,2,0.0,14,131.0,4,70.0,0,0,3,1,459.0,201.0,16.0,0,EW_YELLOW,hold,,,
3563.0,3,52,712.0,13.692,2,0.0,2,0.0,14,140.0,4,73.0,0,0,3,1,482.0,213.0,17.0,0,EW_YELLOW,hold,,,
3564.0,3,52,748.0,14.385,2,0.0,2,0.0,14,149.0,4,76.0,0,0,3,1,505.0,225.0,18.0,0,NS_GREEN,fixed_cycle,,,
3565.0,0,46,596.0,12.957,2,0.0,2,0.0,11,79.0,2,25.0,0,0,2,0,492.0,104.0,0.0,0,NS_GREEN,hold,,,
3566.0,0,47,505.0,10.745,2,0.0,2,0.0,12,27.0,2,0.0,0,0,0,0,478.0,27.0,0.0,0,NS_GREEN,hold,,,
3567.0,0,47,465.0,9.894,2,0.0,2,0.0,12,2.0,2,0.0,0,0,0,0,463.0,2.0,0.0,0,NS_GREEN,hold,,,
3568.0,0,43,447.0,10.395,2,0.0,2,0.0,10,0.0,1,0.0,0,0,0,0,447.0,0.0,0.0,0,NS_GREEN,hold,,,
3569.0,0,49,430.0,8.776,2,0.0,2,0.0,11,0.0,2,0.0,0,0,0,0,430.0,0.0,0.0,0,NS_GREEN,hold,,,
3570.0,0,49,411.0,8.388,2,1.0,2,0.0,11,0.0,2,0.0,1,0,0,0,410.0,1.0,0.0,0,NS_GREEN,hold,,,
3571.0,0,50,396.0,7.92,2,2.0,2,1.0,9,1.0,2,0.0,1,1,0,0,392.0,4.0,0.0,0,NS_GREEN,hold,,,
3572.0,0,51,379.0,7.431,2,3.0,2,2.0,10,1.0,2,0.0,0,0,0,0,373.0,6.0,0.0,0,NS_GREEN,hold,,,
3573.0,0,50,361.0,7.22,2,4.0,2,3.0,7,0.0,2,0.0,0,0,0,0,353.0,7.0,1.0,0,NS_GREEN,hold,,,
3574.0,0,51,343.0,6.725,2,5.0,2,4.0,7,0.0,2,0.0,0,0,0,0,332.0,9.0,2.0,0,NS_GREEN,hold,,,
3575.0,0,51,325.0,6.373,2,6.0,2,5.0,7,0.0,2,0.0,0,0,0,0,311.0,11.0,3.0,0,NS_GREEN,hold,,,
3576.0,0,52,307.0,5.904,2,7.0,2,6.0,7,0.0,2,0.0,0,0,0,0,290.0,13.0,4.0,0,NS_GREEN,hold,,,
3577.0,0,54,320.0,5.926,3,8.0,3,7.0,7,0.0,2,0.0,0,0,0,0,300.0,15.0,5.0,0,NS_GREEN,hold,,,
3578.0,0,56,299.0,5.339,4,9.0,4,8.0,7,0.0,2,0.0,0,0,0,0,276.0,17.0,6.0,0,NS_GREEN,hold,,,
3579.0,0,54,277.0,5.13,4,10.0,4,9.0,7,0.0,1,0.0,0,0,0,0,251.0,19.0,7.0,0,NS_GREEN,hold,,,
3580.0,0,54,255.0,4.722,4,11.0,4,10.0,7,0.0,1,0.0,0,0,0,0,226.0,21.0,8.0,0,NS_GREEN,hold,,,
3581.0,0,55,233.0,4.236,4,12.0,4,11.0,7,0.0,1,0.0,0,0,0,0,201.0,23.0,9.0,0,NS_GREEN,hold,,,
3582.0,0,56,210.0,3.75,4,13.0,4,12.0,7,0.0,2,0.0,0,0,0,0,175.0,25.0,10.0,0,NS_GREEN,hold,,,
3583.0,0,57,187.0,3.281,4,14.0,4,13.0,7,0.0,3,0.0,0,0,0,0,149.0,27.0,11.0,0,NS_GREEN,hold,,,
3584.0,0,57,165.0,2.895,4,15.0,4,14.0,7,0.0,3,0.0,0,0,0,0,123.0,29.0,13.0,0,NS_GREEN,hold,,,
3585.0,0,57,142.0,2.491,4,16.0,4,15.0,7,0.0,3,0.0,0,0,0,0,96.0,31.0,15.0,0,NS_GREEN,hold,,,
3586.0,0,56,152.0,2.714,4,17.0,4,16.0,7,0.0,3,0.0,0,0,0,0,102.0,33.0,17.0,0,NS_GREEN,hold,,,
3587.0,0,57,129.0,2.263,4,18.0,4,17.0,8,0.0,3,0.0,0,0,0,0,75.0,35.0,19.0,0,NS_GREEN,hold,,,
3588.0,0,56,104.0,1.857,4,19.0,4,18.0,7,0.0,3,0.0,0,0,0,0,46.0,37.0,21.0,0,NS_GREEN,hold,,,
3589.0,0,56,79.0,1.411,4,20.0,4,19.0,7,0.0,3,0.0,0,0,0,0,17.0,39.0,23.0,0,NS_GREEN,hold,,,
3590.0,0,57,84.0,1.474,4,21.0,4,20.0,7,0.0,3,0.0,0,0,0,0,18.0,41.0,25.0,0,NS_GREEN,hold,,,
3591.0,0,58,90.0,1.552,4,22.0,4,21.0,7,0.0,3,0.0,0,0,0,0,20.0,43.0,27.0,0,NS_GREEN,hold,,,
3592.0,0,59,97.0,1.644,4,24.0,4,22.0,8,0.0,3,0.0,2,0,0,0,22.0,46.0,29.0,0,NS_GREEN,hold,,,
3593.0,0,59,104.0,1.763,4,26.0,4,23.0,8,0.0,3,0.0,2,0,0,0,24.0,49.0,31.0,0,NS_GREEN,hold,,,
3594.0,0,59,112.0,1.898,4,28.0,4,25.0,8,0.0,3,0.0,2,2,0,0,26.0,53.0,33.0,0,NS_YELLOW,fixed_cycle,,,
3595.0,1,59,122.0,2.068,4,31.0,4,28.0,8,0.0,3,0.0,2,2,0,0,28.0,59.0,35.0,0,NS_YELLOW,hold,,,
3596.0,1,60,134.0,2.233,4,34.0,4,32.0,8,0.0,3,0.0,2,4,0,0,31.0,66.0,37.0,0,NS_YELLOW,hold,,,
3597.0,1,59,146.0,2.475,4,37.0,4,36.0,8,0.0,3,0.0,2,4,0,0,34.0,73.0,39.0,0,EW_GREEN,fixed_cycle,,,
3598.0,2,53,36.0,0.679,2,8.0,2,8.0,9,1.0,3,0.0,2,2,0,0,4.0,17.0,15.0,0,EW_GREEN,hold,,,
3599.0,2,52,4.0,0.077,2,0.0,2,0.0,9,2.0,3,0.0,0,0,0,0,2.0,2.0,0.0,0,EW_GREEN,hold,,,
3600.0,2,52,4.0,0.077,2,0.0,2,0.0,9,3.0,3,0.0,0,0,0,0,1.0,3.0,0.0,0,EW_GREEN,hold,,,
3601.0,2,49,5.0,0.102,1,0.0,1,0.0,9,4.0,3,1.0,0,0,0,0,0.0,5.0,0.0,0,EW_GREEN,hold,,,
3602.0,2,47,8.0,0.17,1,0.0,1,0.0,10,6.0,3,2.0,0,0,0,0,0.0,8.0,0.0,0,EW_GREEN,hold,,,
3603.0,2,45,11.0,0.244,1,0.0,1,0.0,10,8.0,3,3.0,0,0,0,0,0.0,11.0,0.0,0,EW_GREEN,hold,,,
3604.0,2,44,15.0,0.341,1,0.0,1,0.0,10,10.0,3,4.0,0,0,0,0,1.0,14.0,0.0,0,EW_GREEN,hold,,,
3605.0,2,42,20.0,0.476,1,0.0,0,0.0,10,13.0,3,5.0,0,0,0,0,2.0,18.0,0.0,0,EW_GREEN,hold,,,
3606.0,2,42,26.0,0.619,0,0.0,0,0.0,10,16.0,3,6.0,0,0,0,0,4.0,22.0,0.0,0,EW_GREEN,hold,,,
3607.0,2,42,33.0,0.786,0,0.0,0,0.0,10,19.0,3,7.0,0,0,0,0,7.0,26.0,0.0,0,EW_GREEN,hold,,,
3608.0,2,39,41.0,1.051,0,0.0,0,0.0,10,23.0,3,8.0,0,0,0,0,10.0,31.0,0.0,0,EW_GREEN,hold,,,
3609.0,2,40,50.0,1.25,0,0.0,0,0.0,11,27.0,3,9.0,0,0,0,0,14.0,36.0,0.0,0,EW_GREEN,hold,,,
3610.0,2,38,59.0,1.553,0,0.0,0,0.0,11,31.0,3,10.0,0,0,0,0,18.0,41.0,0.0,0,EW_GREEN,hold,,,
3611.0,2,39,69.0,1.769,0,0.0,0,0.0,11,36.0,3,11.0,0,0,2,0,22.0,47.0,0.0,0,EW_GREEN,hold,,,
3612.0,2,37,80.0,2.162,0,0.0,0,0.0,11,41.0,3,12.0,0,0,2,0,27.0,53.0,0.0,0,EW_GREEN,hold,,,
3613.0,2,37,93.0,2.514,0,0.0,0,0.0,11,47.0,3,13.0,0,0,2,2,33.0,60.0,0.0,0,EW_GREEN,hold,,,
3614.0,2,37,108.0,2.919,0,0.0,0,0.0,11,53.0,3,16.0,0,0,2,3,39.0,69.0,0.0,0,EW_GREEN,hold,,,
3615.0,2,37,125.0,3.378,0,0.0,0,0.0,11,59.0,3,19.0,0,0,2,3,47.0,78.0,0.0,0,EW_GREEN,hold,,,
3616.0,2,37,140.0,3.784,0,0.0,0,0.0,11,65.0,3,22.0,0,0,2,3,53.0,87.0,0.0,0,EW_GREEN,hold,,,
3617.0,2,37,158.0,4.27,0,0.0,0,0.0,11,71.0,3,25.0,0,0,2,3,62.0,96.0,0.0,0,EW_GREEN,hold,,,
3618.0,2,37,176.0,4.757,0,0.0,0,0.0,11,77.0,3,28.0,0,0,2,3,71.0,105.0,0.0,0,EW_GREEN,hold,,,
3619.0,2,38,195.0,5.132,0,0.0,0,0.0,11,83.0,3,31.0,0,0,2,3,81.0,114.0,0.0,0,EW_GREEN,hold,,,
3620.0,2,38,216.0,5.684,0,0.0,0,0.0,11,90.0,3,34.0,0,0,2,3,92.0,124.0,0.0,0,EW_GREEN,hold,,,
3621.0,2,38,237.0,6.237,0,0.0,0,0.0,11,97.0,3,37.0,0,0,2,3,103.0,134.0,0.0,0,EW_GREEN,hold,,,
3622.0,2,39,258.0,6.615,0,0.0,0,0.0,11,104.0,3,40.0,0,0,2,3,114.0,144.0,0.0,0,EW_GREEN,hold,,,
3623.0,2,39,280.0,7.179,0,0.0,0,0.0,11,111.0,3,43.0,0,0,2,3,126.0,154.0,0.0,0,EW_GREEN,hold,,,
3624.0,2,39,303.0,7.769,0,0.0,0,0.0,11,118.0,3,46.0,0,0,0,3,139.0,164.0,0.0,0,EW_GREEN,hold,,,
3625.0,2,39,326.0,8.359,0,0.0,0,0.0,11,125.0,3,49.0,0,0,0,3,152.0,174.0,0.0,0,EW_GREEN,hold,,,
3626.0,2,39,351.0,9.0,0,0.0,0,0.0,11,132.0,3,52.0,0,0,0,3,167.0,184.0,0.0,0,EW_GREEN,hold,,,
3627.0,2,39,376.0,9.641,0,0.0,0,0.0,11,139.0,3,55.0,0,0,0,3,182.0,194.0,0.0,0,EW_YELLOW,fixed_cycle,,,
3628.0,3,40,401.0,10.025,0,0.0,0,0.0,11,146.0,3,58.0,0,0,0,3,197.0,204.0,0.0,0,EW_YELLOW,hold,,,
3629.0,3,40,428.0,10.7,0,0.0,0,0.0,11,154.0,3,61.0,0,0,3,3,213.0,215.0,0.0,0,EW_YELLOW,hold,,,
3630.0,3,40,455.0,11.375,0,0.0,0,0.0,11,162.0,3,64.0,0,0,3,3,229.0,226.0,0.0,0,NS_GREEN,fixed_cycle,,,
3631.0,0,34,316.0,9.294,0,0.0,0,0.0,8,80.0,1,18.0,0,0,2,1,218.0,98.0,0.0,0,NS_GREEN,hold,,,
3632.0,0,34,227.0,6.676,0,0.0,0,0.0,8,19.0,1,0.0,0,0,0,0,208.0,19.0,0.0,0,NS_GREEN,hold,,,
3633.0,0,34,198.0,5.824,0,0.0,0,0.0,8,0.0,1,0.0,0,0,0,0,198.0,0.0,0.0,0,NS_GREEN,hold,,,
3634.0,0,30,188.0,6.267,0,0.0,0,0.0,5,0.0,0,0.0,0,0,0,0,188.0,0.0,0.0,0,NS_GREEN,hold,,,
3635.0,0,35,181.0,5.171,0,0.0,0,0.0,6,0.0,0,0.0,0,0,0,0,181.0,0.0,0.0,0,NS_GREEN,hold,,,
3636.0,0,35,174.0,4.971,0,0.0,0,0.0,6,0.0,0,0.0,0,0,0,0,174.0,0.0,0.0,0,NS_GREEN,hold,,,
3637.0,0,35,167.0,4.771,0,0.0,0,0.0,4,0.0,0,0.0,0,0,0,0,167.0,0.0,0.0,0,NS_GREEN,hold,,,
3638.0,0,36,160.0,4.444,0,0.0,0,0.0,5,0.0,0,0.0,0,0,0,0,160.0,0.0,0.0,0,NS_GREEN,hold,,,
3639.0,0,36,152.0,4.222,0,0.0,0,0.0,4,0.0,0,0.0,0,0,0,0,152.0,0.0,0.0,0,NS_GREEN,hold,,,
3640.0,0,36,144.0,4.0,0,0.0,0,0.0,4,0.0,0,0.0,0,0,0,0,144.0,0.0,0.0,0,NS_GREEN,hold,,,
3641.0,0,37,136.0,3.676,0,0.0,0,0.0,4,0.0,0,0.0,0,0,0,0,136.0,0.0,0.0,0,NS_GREEN,hold,,,
3642.0,0,36,149.0,4.139,0,0.0,0,0.0,4,0.0,0,0.0,0,0,0,0,149.0,0.0,0.0,0,NS_GREEN,hold,,,
3643.0,0,36,141.0,3.917,0,0.0,0,0.0,4,0.0,0,0.0,0,0,0,0,141.0,0.0,0.0,0,NS_GREEN,hold,,,
3644.0,0,37,132.0,3.568,0,0.0,0,0.0,4,0.0,0,0.0,0,0,0,0,132.0,0.0,0.0,0,NS_GREEN,hold,,,
3645.0,0,37,123.0,3.324,0,0.0,0,0.0,4,0.0,0,0.0,0,0,0,0,123.0,0.0,0.0,0,NS_GREEN,hold,,,
3646.0,0,38,133.0,3.5,0,0.0,0,0.0,5,0.0,0,0.0,0,0,0,0,133.0,0.0,0.0,0,NS_GREEN,hold,,,
3647.0,0,37,121.0,3.27,0,0.0,0,0.0,5,0.0,0,0.0,0,0,0,0,121.0,0.0,0.0,0,NS_GREEN,hold,,,
3648.0,0,38,110.0,2.895,0,0.0,0,0.0,6,0.0,0,0.0,0,0,0,0,110.0,0.0,0.0,0,NS_GREEN,hold,,,
3649.0,0,37,99.0,2.676,0,0.0,0,0.0,6,0.0,0,0.0,0,0,0,0,99.0,0.0,0.0,0,NS_GREEN,hold,,,
3650.0,0,38,87.0,2.289,0,0.0,0,0.0,7,0.0,0,0.0,0,0,0,0,87.0,0.0,0.0,0,NS_GREEN,hold,,,
3651.0,0,37,74.0,2.0,0,0.0,0,0.0,7,0.0,0,0.0,0,0,0,0,74.0,0.0,0.0,0,NS_GREEN,hold,,,
3652.0,0,38,62.0,1.632,0,0.0,0,0.0,8,0.0,0,0.0,0,0,0,0,62.0,0.0,0.0,0,NS_GREEN,hold,,,
3653.0,0,38,48.0,1.263,0,0.0,0,0.0,8,0.0,0,0.0,0,0,0,0,48.0,0.0,0.0,0,NS_GREEN,hold,,,
3654.0,0,37,53.0,1.432,0,0.0,0,0.0,8,0.0,0,0.0,0,0,0,0,52.0,0.0,1.0,0,NS_GREEN,hold,,,
3655.0,0,38,21.0,0.553,0,0.0,0,0.0,9,0.0,0,0.0,0,0,0,0,19.0,0.0,2.0,0,NS_GREEN,hold,,,
3656.0,0,37,24.0,0.649,0,0.0,0,0.0,9,0.0,0,0.0,0,0,0,0,21.0,0.0,3.0,0,NS_GREEN,hold,,,
3657.0,0,38,10.0,0.263,0,0.0,0,0.0,10,0.0,0,0.0,0,0,0,0,6.0,0.0,4.0,0,NS_GREEN,hold,,,
3658.0,0,39,12.0,0.308,0,0.0,0,0.0,10,0.0,0,0.0,0,0,0,0,7.0,0.0,5.0,0,NS_GREEN,hold,,,
3659.0,0,38,15.0,0.395,0,0.0,0,0.0,10,0.0,0,0.0,0,0,0,0,9.0,0.0,6.0,0,NS_GREEN,hold,,,
3660.0,0,39,16.0,0.41,0,0.0,0,0.0,11,0.0,0,0.0,0,0,0,0,9.0,0.0,7.0,0,NS_YELLOW,fixed_cycle,,,
3661.0,1,39,18.0,0.462,0,0.0,0,0.0,11,0.0,0,0.0,0,0,0,0,10.0,0.0,8.0,0,NS_YELLOW,hold,,,
3662.0,1,40,20.0,0.5,0,0.0,0,0.0,12,0.0,0,0.0,0,0,0,0,11.0,0.0,9.0,0,NS_YELLOW,hold,,,
3663.0,1,41,23.0,0.561,0,0.0,0,0.0,12,0.0,0,0.0,0,0,0,0,13.0,0.0,10.0,0,EW_GREEN,fixed_cycle,,,
3664.0,2,39,2.0,0.051,0,0.0,0,0.0,12,0.0,0,0.0,0,0,0,0,2.0,0.0,0.0,0,EW_GREEN,hold,,,
3665.0,2,37,4.0,0.108,0,0.0,0,0.0,12,0.0,0,0.0,0,0,0,0,4.0,0.0,0.0,0,EW_GREEN,hold,,,
3666.0,2,37,7.0,0.189,0,0.0,0,0.0,12,0.0,0,0.0,0,0,0,0,7.0,0.0,0.0,0,EW_GREEN,hold,,,
3667.0,2,36,11.0,0.306,0,0.0,0,0.0,12,1.0,0,0.0,0,0,0,0,10.0,1.0,0.0,0,EW_GREEN,hold,,,
3668.0,2,33,15.0,0.455,0,0.0,0,0.0,12,2.0,0,0.0,0,0,1,0,13.0,2.0,0.0,0,EW_GREEN,hold,,,
3669.0,2,34,20.0,0.588,0,0.0,0,0.0,12,3.0,0,0.0,0,0,1,0,17.0,3.0,0.0,0,EW_GREEN,hold,,,
3670.0,2,32,25.0,0.781,0,0.0,0,0.0,12,4.0,0,0.0,0,0,1,0,21.0,4.0,0.0,0,EW_GREEN,hold,,,
3671.0,2,33,31.0,0.939,0,0.0,0,0.0,12,5.0,0,0.0,0,0,1,0,26.0,5.0,0.0,0,EW_GREEN,hold,,,
3672.0,2,32,39.0,1.219,0,0.0,0,0.0,12,7.0,0,0.0,0,0,1,0,32.0,7.0,0.0,0,EW_GREEN,hold,,,
3673.0,2,33,49.0,1.485,0,0.0,0,0.0,12,10.0,0,0.0,0,0,1,0,39.0,10.0,0.0,0,EW_GREEN,hold,,,
3674.0,2,33,60.0,1.818,0,0.0,0,0.0,12,14.0,0,0.0,0,0,0,0,46.0,14.0,0.0,0,EW_GREEN,hold,,,
3675.0,2,34,72.0,2.118,0,0.0,0,0.0,12,18.0,0,0.0,0,0,0,0,54.0,18.0,0.0,0,EW_GREEN,hold,,,
3676.0,2,33,84.0,2.545,0,0.0,0,0.0,12,22.0,0,0.0,0,0,0,0,62.0,22.0,0.0,0,EW_GREEN,hold,,,
3677.0,2,33,97.0,2.939,0,0.0,0,0.0,12,26.0,0,0.0,0,0,0,0,71.0,26.0,0.0,0,EW_GREEN,hold,,,
3678.0,2,33,112.0,3.394,0,0.0,0,0.0,12,31.0,0,0.0,0,0,0,0,81.0,31.0,0.0,0,EW_GREEN,hold,,,
3679.0,2,33,128.0,3.879,0,0.0,0,0.0,12,37.0,0,0.0,0,0,0,0,91.0,37.0,0.0,0,EW_GREEN,hold,,,
3680.0,2,32,145.0,4.531,0,0.0,0,0.0,12,43.0,0,0.0,0,0,0,0,102.0,43.0,0.0,0,EW_GREEN,hold,,,
3681.0,2,33,163.0,4.939,0,0.0,0,0.0,12,49.0,0,0.0,0,0,0,0,114.0,49.0,0.0,0,EW_GREEN,hold,,,
3682.0,2,33,182.0,5.515,0,0.0,0,0.0,12,55.0,0,0.0,0,0,0,0,127.0,55.0,0.0,0,EW_GREEN,hold,,,
3683.0,2,34,201.0,5.912,0,0.0,0,0.0,12,61.0,0,0.0,0,0,4,0,140.0,61.0,0.0,0,EW_GREEN,hold,,,
3684.0,2,34,222.0,6.529,0,0.0,0,0.0,12,68.0,0,0.0,0,0,6,0,154.0,68.0,0.0,0,EW_GREEN,hold,,,
3685.0,2,34,243.0,7.147,0,0.0,0,0.0,12,74.0,0,0.0,0,0,4,0,169.0,74.0,0.0,0,EW_GREEN,hold,,,
3686.0,2,35,266.0,7.6,0,0.0,0,0.0,12,81.0,0,0.0,0,0,4,0,185.0,81.0,0.0,0,EW_GREEN,hold,,,
3687.0,2,35,289.0,8.257,0,0.0,0,0.0,12,88.0,0,0.0,0,0,0,0,201.0,88.0,0.0,0,EW_GREEN,hold,,,
3688.0,2,35,313.0,8.943,0,0.0,0,0.0,12,95.0,0,0.0,0,0,0,0,218.0,95.0,0.0,0,EW_GREEN,hold,,,
3689.0,2,36,338.0,9.389,0,0.0,0,0.0,12,103.0,0,0.0,0,0,2,0,235.0,103.0,0.0,0,EW_GREEN,hold,,,
3690.0,2,36,366.0,10.167,0,0.0,0,0.0,12,113.0,0,0.0,0,0,3,0,253.0,113.0,0.0,0,EW_GREEN,hold,,,
3691.0,2,36,392.0,10.889,0,0.0,0,0.0,12,121.0,0,0.0,0,0,5,0,271.0,121.0,0.0,0,EW_GREEN,hold,,,
3692.0,2,36,420.0,11.667,0,0.0,0,0.0,12,131.0,0,0.0,0,0,5,0,289.0,131.0,0.0,0,EW_GREEN,hold,,,
3693.0,2,36,450.0,12.5,0,0.0,0,0.0,12,141.0,0,0.0,0,0,4,0,309.0,141.0,0.0,0,EW_YELLOW,fixed_cycle,,,
3694.0,3,36,478.0,13.278,0,0.0,0,0.0,12,148.0,0,0.0,0,0,0,0,330.0,148.0,0.0,0,EW_YELLOW,hold,,,
3695.0,3,36,509.0,14.139,0,0.0,0,0.0,12,157.0,0,0.0,0,0,3,0,352.0,157.0,0.0,0,EW_YELLOW,hold,,,
3696.0,3,36,540.0,15.0,0,0.0,0,0.0,12,166.0,0,0.0,0,0,3,0,374.0,166.0,0.0,0,NS_GREEN,fixed_cycle,,,
3697.0,0,32,457.0,14.281,0,0.0,0,0.0,9,95.0,0,0.0,0,0,9,0,362.0,95.0,0.0,0,NS_GREEN,hold,,,
3698.0,0,32,400.0,12.5,0,0.0,0,0.0,9,50.0,0,0.0,0,0,0,0,350.0,50.0,0.0,0,NS_GREEN,hold,,,
3699.0,0,32,358.0,11.188,0,0.0,0,0.0,9,20.0,0,0.0,0,0,0,0,338.0,20.0,0.0,0,NS_GREEN,hold,,,
3700.0,0,29,330.0,11.379,0,0.0,0,0.0,6,3.0,0,0.0,0,0,0,0,327.0,3.0,0.0,0,NS_GREEN,hold,,,
3701.0,0,32,316.0,9.875,0,0.0,0,0.0,7,0.0,0,0.0,0,0,0,0,316.0,0.0,0.0,0,NS_GREEN,hold,,,
3702.0,0,32,304.0,9.5,0,0.0,0,0.0,7,0.0,0,0.0,0,0,0,0,304.0,0.0,0.0,0,NS_GREEN,hold,,,
3703.0,0,31,291.0,9.387,0,0.0,0,0.0,4,0.0,0,0.0,0,0,0,0,291.0,0.0,0.0,0,NS_GREEN,hold,,,
3704.0,0,32,278.0,8.688,0,0.0,0,0.0,5,0.0,0,0.0,0,0,0,0,278.0,0.0,0.0,0,NS_GREEN,hold,,,
3705.0,0,32,265.0,8.281,0,0.0,0,0.0,3,0.0,0,0.0,0,0,0,0,265.0,0.0,0.0,0,NS_GREEN,hold,,,
3706.0,0,33,251.0,7.606,0,0.0,0,0.0,4,0.0,0,0.0,0,0,0,0,251.0,0.0,0.0,0,NS_GREEN,hold,,,
3707.0,0,32,237.0,7.406,0,0.0,0,0.0,3,0.0,0,0.0,0,0,0,0,237.0,0.0,0.0,0,NS_GREEN,hold,,,
3708.0,0,33,250.0,7.576,0,0.0,0,0.0,4,0.0,0,0.0,0,0,0,0,250.0,0.0,0.0,0,NS_GREEN,hold,,,
3709.0,0,34,234.0,6.882,0,0.0,0,0.0,4,0.0,0,0.0,0,0,0,0,234.0,0.0,0.0,0,NS_GREEN,hold,,,
3710.0,0,33,217.0,6.576,0,0.0,0,0.0,4,0.0,0,0.0,0,0,0,0,217.0,0.0,0.0,0,NS_GREEN,hold,,,
3711.0,0,34,200.0,5.882,0,0.0,0,0.0,5,0.0,0,0.0,0,0,0,0,200.0,0.0,0.0,0,NS_GREEN,hold,,,
3712.0,0,33,182.0,5.515,0,0.0,0,0.0,5,0.0,0,0.0,0,0,0,0,182.0,0.0,0.0,0,NS_GREEN,hold,,,
3713.0,0,34,163.0,4.794,0,0.0,0,0.0,6,0.0,0,0.0,0,0,0,0,163.0,0.0,0.0,0,NS_GREEN,hold,,,
3714.0,0,34,144.0,4.235,0,0.0,0,0.0,6,0.0,0,0.0,0,0,0,0,144.0,0.0,0.0,0,NS_GREEN,hold,,,
3715.0,0,33,125.0,3.788,0,0.0,0,0.0,6,0.0,0,0.0,0,0,0,0,125.0,0.0,0.0,0,NS_GREEN,hold,,,
3716.0,0,34,107.0,3.147,0,0.0,0,0.0,7,0.0,0,0.0,0,0,0,0,107.0,0.0,0.0,0,NS_GREEN,hold,,,
3717.0,0,33,87.0,2.636,0,0.0,0,0.0,7,0.0,0,0.0,0,0,0,0,87.0,0.0,0.0,0,NS_GREEN,hold,,,
3718.0,0,34,66.0,1.941,0,0.0,0,0.0,8,0.0,0,0.0,0,0,0,0,66.0,0.0,0.0,0,NS_GREEN,hold,,,
3719.0,0,33,45.0,1.364,0,0.0,0,0.0,8,0.0,0,0.0,0,0,0,0,45.0,0.0,0.0,0,NS_GREEN,hold,,,
3720.0,0,34,47.0,1.382,0,0.0,0,0.0,9,0.0,0,0.0,0,0,0,0,47.0,0.0,0.0,0,NS_GREEN,hold,,,
3721.0,0,34,48.0,1.412,0,0.0,0,0.0,9,0.0,0,0.0,0,0,0,0,48.0,0.0,0.0,0,NS_GREEN,hold,,,
3722.0,0,33,24.0,0.727,0,0.0,0,0.0,9,0.0,0,0.0,0,0,0,0,24.0,0.0,0.0,0,NS_GREEN,hold,,,
3723.0,0,34,25.0,0.735,0,0.0,0,0.0,10,0.0,0,0.0,0,0,0,0,25.0,0.0,0.0,0,NS_GREEN,hold,,,
3724.0,0,34,0.0,0.0,0,0.0,0,0.0,10,0.0,0,0.0,0,0,0,0,0.0,0.0,0.0,0,NS_GREEN,hold,,,
3725.0,0,36,0.0,0.0,0,0.0,0,0.0,11,0.0,0,0.0,0,0,0,0,0.0,0.0,0.0,0,NS_GREEN,hold,,,
3726.0,0,35,0.0,0.0,0,0.0,0,0.0,11,0.0,0,0.0,0,0,0,0,0.0,0.0,0.0,0,NS_YELLOW,fixed_cycle,,,
3727.0,1,35,0.0,0.0,0,0.0,0,0.0,11,0.0,0,0.0,0,0,0,0,0.0,0.0,0.0,0,NS_YELLOW,hold,,,
3728.0,1,35,0.0,0.0,0,0.0,0,0.0,11,0.0,0,0.0,0,0,0,0,0.0,0.0,0.0,0,NS_YELLOW,hold,,,
3729.0,1,37,0.0,0.0,0,0.0,0,0.0,12,0.0,0,0.0,0,0,0,0,0.0,0.0,0.0,0,EW_GREEN,fixed_cycle,,,
3730.0,2,37,0.0,0.0,0,0.0,0,0.0,12,0.0,0,0.0,0,0,0,0,0.0,0.0,0.0,0,EW_GREEN,hold,,,
3731.0,2,36,1.0,0.028,0,0.0,0,0.0,12,0.0,0,0.0,0,0,0,0,1.0,0.0,0.0,0,EW_GREEN,hold,,,
3732.0,2,35,2.0,0.057,0,0.0,0,0.0,12,0.0,0,0.0,0,0,0,0,2.0,0.0,0.0,0,EW_GREEN,hold,,,
3733.0,2,36,3.0,0.083,0,0.0,0,0.0,12,0.0,0,0.0,0,0,0,0,3.0,0.0,0.0,1,EW_GREEN,hold,,,
3734.0,2,36,5.0,0.139,0,0.0,0,0.0,12,0.0,0,0.0,0,0,0,0,5.0,0.0,0.0,1,EW_GREEN,hold,,,
3735.0,2,36,8.0,0.222,0,0.0,0,0.0,12,0.0,0,0.0,0,0,0,0,8.0,0.0,0.0,1,EW_GREEN,hold,,,
3736.0,2,36,10.0,0.278,0,0.0,0,0.0,12,0.0,0,0.0,0,0,0,0,10.0,0.0,0.0,1,EW_GREEN,hold,,,
3737.0,2,36,14.0,0.389,0,0.0,0,0.0,12,0.0,0,0.0,0,0,0,0,14.0,0.0,0.0,1,EW_GREEN,hold,,,
3738.0,2,36,19.0,0.528,0,0.0,0,0.0,12,0.0,0,0.0,0,0,0,0,19.0,0.0,0.0,1,EW_GREEN,hold,,,
3739.0,2,36,25.0,0.694,0,0.0,0,0.0,12,1.0,0,0.0,0,0,0,0,24.0,1.0,0.0,1,EW_GREEN,hold,,,
3740.0,2,36,33.0,0.917,0,0.0,0,0.0,12,3.0,0,0.0,0,0,1,0,30.0,3.0,0.0,1,EW_GREEN,hold,,,
3741.0,2,36,43.0,1.194,0,0.0,0,0.0,12,6.0,0,0.0,0,0,1,0,37.0,6.0,0.0,1,EW_GREEN,hold,,,
3742.0,2,36,54.0,1.5,0,0.0,0,0.0,12,9.0,0,0.0,0,0,1,0,45.0,9.0,0.0,1,EW_GREEN,hold,,,
3743.0,2,35,67.0,1.914,0,0.0,0,0.0,12,13.0,0,0.0,0,0,1,0,54.0,13.0,0.0,1,EW_GREEN,hold,,,
3744.0,2,36,81.0,2.25,0,0.0,0,0.0,12,17.0,0,0.0,0,0,0,0,64.0,17.0,0.0,1,EW_GREEN,hold,,,
3745.0,2,35,96.0,2.743,0,0.0,0,0.0,12,22.0,0,0.0,0,0,1,0,74.0,22.0,0.0,1,EW_GREEN,hold,,,
3746.0,2,35,111.0,3.171,0,0.0,0,0.0,12,27.0,0,0.0,0,0,1,0,84.0,27.0,0.0,1,EW_GREEN,hold,,,
3747.0,2,35,127.0,3.629,0,0.0,0,0.0,12,32.0,0,0.0,0,0,1,0,95.0,32.0,0.0,1,EW_GREEN,hold,,,
3748.0,2,36,146.0,4.056,0,0.0,0,0.0,12,39.0,0,0.0,0,0,1,0,107.0,39.0,0.0,1,EW_GREEN,hold,,,
3749.0,2,35,165.0,4.714,0,0.0,0,0.0,12,46.0,0,0.0,0,0,1,0,119.0,46.0,0.0,1,EW_GREEN,hold,,,
3750.0,2,35,185.0,5.286,0,0.0,0,0.0,12,53.0,0,0.0,0,0,0,0,132.0,53.0,0.0,1,EW_GREEN,hold,,,
3751.0,2,34,206.0,6.059,0,0.0,0,0.0,12,61.0,0,0.0,0,0,0,0,145.0,61.0,0.0,1,EW_GREEN,hold,,,
3752.0,2,35,228.0,6.514,0,0.0,0,0.0,12,69.0,0,0.0,0,0,0,0,159.0,69.0,0.0,1,EW_GREEN,hold,,,
3753.0,2,35,251.0,7.171,0,0.0,0,0.0,12,77.0,0,0.0,0,0,0,0,174.0,77.0,0.0,1,EW_GREEN,hold,,,
3754.0,2,35,274.0,7.829,0,0.0,0,0.0,12,85.0,0,0.0,0,0,0,0,189.0,85.0,0.0,1,EW_GREEN,hold,,,
3755.0,2,35,298.0,8.514,0,0.0,0,0.0,12,93.0,0,0.0,0,0,0,0,205.0,93.0,0.0,1,EW_GREEN,hold,,,
3756.0,2,35,324.0,9.257,0,0.0,0,0.0,12,102.0,0,0.0,0,0,3,0,222.0,102.0,0.0,1,EW_GREEN,hold,,,
3757.0,2,35,351.0,10.029,0,0.0,0,0.0,12,111.0,0,0.0,0,0,0,0,240.0,111.0,0.0,1,EW_GREEN,hold,,,
3758.0,2,35,378.0,10.8,0,0.0,0,0.0,12,120.0,0,0.0,0,0,0,0,258.0,120.0,0.0,1,EW_GREEN,hold,,,
3759.0,2,35,407.0,11.629,0,0.0,0,0.0,12,130.0,0,0.0,0,0,5,0,277.0,130.0,0.0,1,EW_YELLOW,fixed_cycle,,,
3760.0,3,35,437.0,12.486,0,0.0,0,0.0,12,140.0,0,0.0,0,0,12,0,297.0,140.0,0.0,1,EW_YELLOW,hold,,,
3761.0,3,35,469.0,13.4,0,0.0,0,0.0,12,151.0,0,0.0,0,0,12,0,318.0,151.0,0.0,1,EW_YELLOW,hold,,,
3762.0,3,35,501.0,14.314,0,0.0,0,0.0,12,162.0,0,0.0,0,0,12,0,339.0,162.0,0.0,1,NS_GREEN,fixed_cycle,,,
3763.0,0,31,429.0,13.839,0,0.0,0,0.0,9,102.0,0,0.0,0,0,9,0,327.0,102.0,0.0,1,NS_GREEN,hold,,,
3764.0,0,31,380.0,12.258,0,0.0,0,0.0,9,63.0,0,0.0,0,0,0,0,317.0,63.0,0.0,1,NS_GREEN,hold,,,
3765.0,0,31,338.0,10.903,0,0.0,0,0.0,9,30.0,0,0.0,0,0,0,0,308.0,30.0,0.0,1,NS_GREEN,hold,,,
3766.0,0,29,306.0,10.552,0,0.0,0,0.0,7,8.0,0,0.0,0,0,0,0,298.0,8.0,0.0,1,NS_GREEN,hold,,,
3767.0,0,30,287.0,9.567,0,0.0,0,0.0,7,0.0,0,0.0,0,0,0,0,287.0,0.0,0.0,1,NS_GREEN,hold,,,
3768.0,0,29,276.0,9.517,0,0.0,0,0.0,5,0.0,0,0.0,0,0,0,0,276.0,0.0,0.0,1,NS_GREEN,hold,,,
3769.0,0,30,264.0,8.8,0,0.0,0,0.0,5,0.0,0,0.0,0,0,0,0,264.0,0.0,0.0,1,NS_GREEN,hold,,,
3770.0,0,29,251.0,8.655,0,0.0,0,0.0,4,0.0,0,0.0,0,0,0,0,251.0,0.0,0.0,1,NS_GREEN,hold,,,
3771.0,0,30,237.0,7.9,0,0.0,0,0.0,4,0.0,0,0.0,0,0,0,0,237.0,0.0,0.0,1,NS_GREEN,hold,,,
3772.0,0,30,222.0,7.4,0,0.0,0,0.0,3,0.0,0,0.0,0,0,0,0,222.0,0.0,0.0,1,NS_GREEN,hold,,,
3773.0,0,29,208.0,7.172,0,0.0,0,0.0,3,0.0,0,0.0,0,0,0,0,208.0,0.0,0.0,1,NS_GREEN,hold,,,
3774.0,0,32,220.0,6.875,0,0.0,0,0.0,4,0.0,0,0.0,0,0,0,0,220.0,0.0,0.0,1,NS_GREEN,hold,,,
3775.0,0,33,204.0,6.182,0,0.0,0,0.0,4,0.0,0,0.0,0,0,0,0,204.0,0.0,0.0,1,NS_GREEN,hold,,,
3776.0,0,32,188.0,5.875,0,0.0,0,0.0,4,0.0,0,0.0,0,0,0,0,188.0,0.0,0.0,1,NS_GREEN,hold,,,
3777.0,0,33,172.0,5.212,0,0.0,0,0.0,5,0.0,0,0.0,0,0,0,0,172.0,0.0,0.0,1,NS_GREEN,hold,,,
3778.0,0,33,155.0,4.697,0,0.0,0,0.0,5,0.0,0,0.0,0,0,0,0,155.0,0.0,0.0,1,NS_GREEN,hold,,,
3779.0,0,33,138.0,4.182,0,0.0,0,0.0,6,0.0,0,0.0,0,0,0,0,138.0,0.0,0.0,1,NS_GREEN,hold,,,
3780.0,0,33,120.0,3.636,0,0.0,0,0.0,6,0.0,0,0.0,0,0,0,0,120.0,0.0,0.0,1,NS_GREEN,hold,,,
3781.0,0,32,101.0,3.156,0,0.0,0,0.0,6,0.0,0,0.0,0,0,0,0,101.0,0.0,0.0,1,NS_GREEN,hold,,,
3782.0,0,33,106.0,3.212,0,0.0,0,0.0,7,0.0,0,0.0,0,0,0,0,106.0,0.0,0.0,1,NS_GREEN,hold,,,
3783.0,0,33,86.0,2.606,0,0.0,0,0.0,7,0.0,0,0.0,0,0,0,0,86.0,0.0,0.0,1,NS_GREEN,hold,,,
3784.0,0,32,65.0,2.031,0,0.0,0,0.0,7,0.0,0,0.0,0,0,0,0,65.0,0.0,0.0,1,NS_GREEN,hold,,,
3785.0,0,33,43.0,1.303,0,0.0,0,0.0,8,0.0,0,0.0,0,0,0,0,43.0,0.0,0.0,1,NS_GREEN,hold,,,
3786.0,0,33,22.0,0.667,0,0.0,0,0.0,8,0.0,0,0.0,0,0,0,0,22.0,0.0,0.0,1,NS_GREEN,hold,,,
3787.0,0,32,0.0,0.0,0,0.0,0,0.0,8,0.0,0,0.0,0,0,0,0,0.0,0.0,0.0,1,NS_GREEN,hold,,,
3788.0,0,33,0.0,0.0,0,0.0,0,0.0,9,0.0,0,0.0,0,0,0,0,0.0,0.0,0.0,1,NS_GREEN,hold,,,
3789.0,0,32,0.0,0.0,0,0.0,0,0.0,9,0.0,0,0.0,0,0,0,0,0.0,0.0,0.0,1,NS_GREEN,hold,,,
3790.0,0,33,0.0,0.0,0,0.0,0,0.0,10,0.0,0,0.0,0,0,0,0,0.0,0.0,0.0,1,NS_GREEN,hold,,,
3791.0,0,33,0.0,0.0,0,0.0,0,0.0,10,0.0,0,0.0,0,0,0,0,0.0,0.0,0.0,1,NS_GREEN,hold,,,
3792.0,0,34,0.0,0.0,0,0.0,0,0.0,11,0.0,0,0.0,0,0,0,0,0.0,0.0,0.0,1,NS_YELLOW,fixed_cycle,,,
3793.0,1,34,0.0,0.0,0,0.0,0,0.0,11,0.0,0,0.0,0,0,0,0,0.0,0.0,0.0,1,NS_YELLOW,hold,,,
3794.0,1,34,0.0,0.0,0,0.0,0,0.0,11,0.0,0,0.0,0,0,0,0,0.0,0.0,0.0,1,NS_YELLOW,hold,,,
3795.0,1,35,0.0,0.0,0,0.0,0,0.0,12,0.0,0,0.0,0,0,0,0,0.0,0.0,0.0,1,EW_GREEN,fixed_cycle,,,
3796.0,2,36,1.0,0.028,0,0.0,0,0.0,12,0.0,0,0.0,0,0,0,0,1.0,0.0,0.0,1,EW_GREEN,hold,,,
3797.0,2,36,3.0,0.083,0,0.0,0,0.0,12,0.0,0,0.0,0,0,0,0,3.0,0.0,0.0,1,EW_GREEN,hold,,,
3798.0,2,35,5.0,0.143,0,0.0,0,0.0,12,0.0,0,0.0,0,0,0,0,5.0,0.0,0.0,1,EW_GREEN,hold,,,
3799.0,2,36,9.0,0.25,0,0.0,0,0.0,12,1.0,0,0.0,0,0,0,0,8.0,1.0,0.0,1,EW_GREEN,hold,,,
3800.0,2,35,14.0,0.4,0,0.0,0,0.0,12,2.0,0,0.0,0,0,0,0,12.0,2.0,0.0,1,EW_GREEN,hold,,,
3801.0,2,36,19.0,0.528,0,0.0,0,0.0,12,3.0,0,0.0,0,0,0,0,16.0,3.0,0.0,1,EW_GREEN,hold,,,
3802.0,2,35,25.0,0.714,0,0.0,0,0.0,12,4.0,0,0.0,0,0,0,0,21.0,4.0,0.0,1,EW_GREEN,hold,,,
3803.0,2,36,32.0,0.889,0,0.0,0,0.0,12,5.0,0,0.0,0,0,0,0,27.0,5.0,0.0,1,EW_GREEN,hold,,,
3804.0,2,35,42.0,1.2,0,0.0,0,0.0,12,8.0,0,0.0,0,0,0,0,34.0,8.0,0.0,1,EW_GREEN,hold,,,
3805.0,2,36,52.0,1.444,0,0.0,0,0.0,12,11.0,0,0.0,0,0,1,0,41.0,11.0,0.0,1,EW_GREEN,hold,,,
3806.0,2,35,63.0,1.8,0,0.0,0,0.0,12,14.0,0,0.0,0,0,1,0,49.0,14.0,0.0,1,EW_GREEN,hold,,,
3807.0,2,35,74.0,2.114,0,0.0,0,0.0,12,17.0,0,0.0,0,0,1,0,57.0,17.0,0.0,1,EW_GREEN,hold,,,
3808.0,2,35,87.0,2.486,0,0.0,0,0.0,12,21.0,0,0.0,0,0,1,0,66.0,21.0,0.0,1,EW_GREEN,hold,,,
3809.0,2,35,100.0,2.857,0,0.0,0,0.0,12,25.0,0,0.0,0,0,1,0,75.0,25.0,0.0,1,EW_GREEN,hold,,,
3810.0,2,35,114.0,3.257,0,0.0,0,0.0,12,29.0,0,0.0,0,0,1,0,85.0,29.0,0.0,1,EW_GREEN,hold,,,
3811.0,2,35,129.0,3.686,0,0.0,0,0.0,12,33.0,0,0.0,0,0,1,0,96.0,33.0,0.0,1,EW_GREEN,hold,,,
3812.0,2,36,146.0,4.056,0,0.0,0,0.0,12,38.0,0,0.0,0,0,1,0,108.0,38.0,0.0,1,EW_GREEN,hold,,,
3813.0,2,35,164.0,4.686,0,0.0,0,0.0,12,44.0,0,0.0,0,0,1,0,120.0,44.0,0.0,1,EW_GREEN,hold,,,
3814.0,2,36,182.0,5.056,0,0.0,0,0.0,12,50.0,0,0.0,0,0,1,0,132.0,50.0,0.0,1,EW_GREEN,hold,,,
3815.0,2,35,201.0,5.743,0,0.0,0,0.0,12,56.0,0,0.0,0,0,1,0,145.0,56.0,0.0,1,EW_GREEN,hold,,,
3816.0,2,35,221.0,6.314,0,0.0,0,0.0,12,62.0,0,0.0,0,0,1,0,159.0,62.0,0.0,1,EW_GREEN,hold,,,
3817.0,2,36,241.0,6.694,0,0.0,0,0.0,12,68.0,0,0.0,0,0,1,0,173.0,68.0,0.0,1,EW_GREEN,hold,,,
3818.0,2,35,263.0,7.514,0,0.0,0,0.0,12,75.0,0,0.0,0,0,1,0,188.0,75.0,0.0,1,EW_GREEN,hold,,,
3819.0,2,35,286.0,8.171,0,0.0,0,0.0,12,82.0,0,0.0,0,0,2,0,204.0,82.0,0.0,1,EW_GREEN,hold,,,
3820.0,2,34,307.0,9.029,0,0.0,0,0.0,12,86.0,0,0.0,0,0,0,0,221.0,86.0,0.0,1,EW_GREEN,hold,,,
3821.0,2,35,331.0,9.457,0,0.0,0,0.0,12,93.0,0,0.0,0,0,0,0,238.0,93.0,0.0,1,EW_GREEN,hold,,,
3822.0,2,35,356.0,10.171,0,0.0,0,0.0,12,100.0,0,0.0,0,0,0,0,256.0,100.0,0.0,1,EW_GREEN,hold,,,
3823.0,2,35,382.0,10.914,0,0.0,0,0.0,12,108.0,0,0.0,0,0,2,0,274.0,108.0,0.0,1,EW_GREEN,hold,,,
3824.0,2,35,411.0,11.743,0,0.0,0,0.0,12,118.0,0,0.0,0,0,12,0,293.0,118.0,0.0,1,EW_GREEN,hold,,,
3825.0,2,35,441.0,12.6,0,0.0,0,0.0,12,128.0,0,0.0,0,0,9,0,313.0,128.0,0.0,1,EW_YELLOW,fixed_cycle,,,
3826.0,3,35,471.0,13.457,0,0.0,0,0.0,12,139.0,0,0.0,0,0,9,0,332.0,139.0,0.0,1,EW_YELLOW,hold,,,
3827.0,3,35,502.0,14.343,0,0.0,0,0.0,12,150.0,0,0.0,0,0,9,0,352.0,150.0,0.0,1,EW_YELLOW,hold,,,
3828.0,3,35,536.0,15.314,0,0.0,0,0.0,12,162.0,0,0.0,0,0,12,0,374.0,162.0,0.0,1,NS_GREEN,fixed_cycle,,,
3829.0,0,31,443.0,14.29,0,0.0,0,0.0,9,81.0,0,0.0,0,0,2,0,362.0,81.0,0.0,1,NS_GREEN,hold,,,
3830.0,0,31,389.0,12.548,0,0.0,0,0.0,9,39.0,0,0.0,0,0,0,0,350.0,39.0,0.0,1,NS_GREEN,hold,,,
3831.0,0,31,349.0,11.258,0,0.0,0,0.0,9,11.0,0,0.0,0,0,0,0,338.0,11.0,0.0,1,NS_GREEN,hold,,,
3832.0,0,29,325.0,11.207,0,0.0,0,0.0,7,0.0,0,0.0,0,0,0,0,325.0,0.0,0.0,1,NS_GREEN,hold,,,
3833.0,0,30,312.0,10.4,0,0.0,0,0.0,7,0.0,0,0.0,0,0,0,0,312.0,0.0,0.0,1,NS_GREEN,hold,,,
3834.0,0,30,298.0,9.933,0,0.0,0,0.0,6,0.0,0,0.0,0,0,0,0,298.0,0.0,0.0,1,NS_GREEN,hold,,,
3835.0,0,28,283.0,10.107,0,0.0,0,0.0,4,0.0,0,0.0,0,0,0,0,283.0,0.0,0.0,0,NS_GREEN,hold,,,
3836.0,0,29,268.0,9.241,0,0.0,0,0.0,5,0.0,0,0.0,0,0,0,0,268.0,0.0,0.0,0,NS_GREEN,hold,,,
3837.0,0,30,253.0,8.433,0,0.0,0,0.0,4,0.0,0,0.0,0,0,0,0,253.0,0.0,0.0,0,NS_GREEN,hold,,,
3838.0,0,30,267.0,8.9,0,0.0,0,0.0,4,0.0,0,0.0,0,0,0,0,267.0,0.0,0.0,1,NS_GREEN,hold,,,
3839.0,0,30,251.0,8.367,0,0.0,0,0.0,4,0.0,0,0.0,0,0,0,0,251.0,0.0,0.0,1,NS_GREEN,hold,,,
3840.0,0,31,234.0,7.548,0,0.0,0,0.0,4,0.0,0,0.0,0,0,0,0,234.0,0.0,0.0,1,NS_GREEN,hold,,,
3841.0,0,31,216.0,6.968,0,0.0,0,0.0,4,0.0,0,0.0,0,0,0,0,216.0,0.0,0.0,1,NS_GREEN,hold,,,
3842.0,0,32,199.0,6.219,0,0.0,0,0.0,4,0.0,0,0.0,0,0,0,0,199.0,0.0,0.0,1,NS_GREEN,hold,,,
3843.0,0,31,181.0,5.839,0,0.0,0,0.0,4,0.0,0,0.0,0,0,0,0,181.0,0.0,0.0,1,NS_GREEN,hold,,,
3844.0,0,32,163.0,5.094,0,0.0,0,0.0,5,0.0,0,0.0,0,0,0,0,163.0,0.0,0.0,1,NS_GREEN,hold,,,
3845.0,0,31,144.0,4.645,0,0.0,0,0.0,5,0.0,0,0.0,0,0,0,0,144.0,0.0,0.0,1,NS_GREEN,hold,,,
3846.0,0,32,124.0,3.875,0,0.0,0,0.0,6,0.0,0,0.0,0,0,0,0,124.0,0.0,0.0,1,NS_GREEN,hold,,,
3847.0,0,31,104.0,3.355,0,0.0,0,0.0,6,0.0,0,0.0,0,0,0,0,104.0,0.0,0.0,1,NS_GREEN,hold,,,
3848.0,0,32,84.0,2.625,0,0.0,0,0.0,7,0.0,0,0.0,0,0,0,0,84.0,0.0,0.0,1,NS_GREEN,hold,,,
3849.0,0,32,66.0,2.062,0,0.0,0,0.0,7,0.0,0,0.0,0,0,0,0,66.0,0.0,0.0,1,NS_GREEN,hold,,,
3850.0,0,31,46.0,1.484,0,0.0,0,0.0,7,0.0,0,0.0,0,0,0,0,46.0,0.0,0.0,1,NS_GREEN,hold,,,
3851.0,0,32,48.0,1.5,0,0.0,0,0.0,8,0.0,0,0.0,0,0,0,0,48.0,0.0,0.0,1,NS_GREEN,hold,,,
3852.0,0,31,49.0,1.581,0,0.0,0,0.0,8,0.0,0,0.0,0,0,0,0,49.0,0.0,0.0,1,NS_GREEN,hold,,,
3853.0,0,32,24.0,0.75,0,0.0,0,0.0,9,0.0,0,0.0,0,0,0,0,24.0,0.0,0.0,1,NS_GREEN,hold,,,
3854.0,0,31,0.0,0.0,0,0.0,0,0.0,9,0.0,0,0.0,0,0,0,0,0.0,0.0,0.0,1,NS_GREEN,hold,,,
3855.0,0,32,0.0,0.0,0,0.0,0,0.0,10,0.0,0,0.0,0,0,0,0,0.0,0.0,0.0,1,NS_GREEN,hold,,,
3856.0,0,32,0.0,0.0,0,0.0,0,0.0,10,0.0,0,0.0,0,0,0,0,0.0,0.0,0.0,1,NS_GREEN,hold,,,
3857.0,0,33,0.0,0.0,0,0.0,0,0.0,10,0.0,0,0.0,0,0,0,0,0.0,0.0,0.0,1,NS_GREEN,hold,,,
3858.0,0,33,0.0,0.0,0,0.0,0,0.0,11,0.0,0,0.0,0,0,0,0,0.0,0.0,0.0,1,NS_YELLOW,fixed_cycle,,,
3859.0,1,33,0.0,0.0,0,0.0,0,0.0,11,0.0,0,0.0,0,0,0,0,0.0,0.0,0.0,1,NS_YELLOW,hold,,,
3860.0,1,34,0.0,0.0,0,0.0,0,0.0,11,0.0,0,0.0,0,0,0,0,0.0,0.0,0.0,1,NS_YELLOW,hold,,,
3861.0,1,35,0.0,0.0,0,0.0,0,0.0,12,0.0,0,0.0,0,0,0,0,0.0,0.0,0.0,1,EW_GREEN,fixed_cycle,,,
3862.0,2,35,0.0,0.0,0,0.0,0,0.0,12,0.0,0,0.0,0,0,0,0,0.0,0.0,0.0,1,EW_GREEN,hold,,,
3863.0,2,35,1.0,0.029,0,0.0,0,0.0,12,1.0,0,0.0,0,0,0,0,0.0,1.0,0.0,1,EW_GREEN,hold,,,
3864.0,2,35,3.0,0.086,0,0.0,0,0.0,12,2.0,0,0.0,0,0,0,0,1.0,2.0,0.0,1,EW_GREEN,hold,,,
3865.0,2,34,5.0,0.147,0,0.0,0,0.0,12,3.0,0,0.0,0,0,0,0,2.0,3.0,0.0,1,EW_GREEN,hold,,,
3866.0,2,35,7.0,0.2,0,0.0,0,0.0,12,4.0,0,0.0,0,0,0,0,3.0,4.0,0.0,1,EW_GREEN,hold,,,
3867.0,2,34,10.0,0.294,0,0.0,0,0.0,12,5.0,0,0.0,0,0,0,0,5.0,5.0,0.0,1,EW_GREEN,hold,,,
3868.0,2,35,15.0,0.429,0,0.0,0,0.0,12,8.0,0,0.0,0,0,0,0,7.0,8.0,0.0,1,EW_GREEN,hold,,,
3869.0,2,35,21.0,0.6,0,0.0,0,0.0,12,11.0,0,0.0,0,0,0,0,10.0,11.0,0.0,1,EW_GREEN,hold,,,
3870.0,2,35,27.0,0.771,0,0.0,0,0.0,12,14.0,0,0.0,0,0,0,0,13.0,14.0,0.0,1,EW_GREEN,hold,,,
3871.0,2,35,34.0,0.971,0,0.0,0,0.0,12,17.0,0,0.0,0,0,0,0,17.0,17.0,0.0,1,EW_GREEN,hold,,,
3872.0,2,34,42.0,1.235,0,0.0,0,0.0,12,20.0,0,0.0,0,0,0,0,22.0,20.0,0.0,1,EW_GREEN,hold,,,
3873.0,2,35,50.0,1.429,0,0.0,0,0.0,12,23.0,0,0.0,0,0,0,0,27.0,23.0,0.0,1,EW_GREEN,hold,,,
3874.0,2,34,59.0,1.735,0,0.0,0,0.0,12,26.0,0,0.0,0,0,0,0,33.0,26.0,0.0,1,EW_GREEN,hold,,,
3875.0,2,35,70.0,2.0,0,0.0,0,0.0,12,30.0,0,0.0,0,0,0,0,40.0,30.0,0.0,1,EW_GREEN,hold,,,
3876.0,2,35,82.0,2.343,0,0.0,0,0.0,12,34.0,0,0.0,0,0,1,0,48.0,34.0,0.0,1,EW_GREEN,hold,,,
3877.0,2,35,95.0,2.714,0,0.0,0,0.0,12,39.0,0,0.0,0,0,1,0,56.0,39.0,0.0,1,EW_GREEN,hold,,,
3878.0,2,35,109.0,3.114,0,0.0,0,0.0,12,44.0,0,0.0,0,0,1,0,65.0,44.0,0.0,1,EW_GREEN,hold,,,
3879.0,2,35,124.0,3.543,0,0.0,0,0.0,12,49.0,0,0.0,0,0,1,0,75.0,49.0,0.0,1,EW_GREEN,hold,,,
3880.0,2,34,140.0,4.118,0,0.0,0,0.0,12,55.0,0,0.0,0,0,2,0,85.0,55.0,0.0,1,EW_GREEN,hold,,,
3881.0,2,35,155.0,4.429,0,0.0,0,0.0,12,59.0,0,0.0,0,0,0,0,96.0,59.0,0.0,1,EW_GREEN,hold,,,
3882.0,2,35,172.0,4.914,0,0.0,0,0.0,12,64.0,0,0.0,0,0,0,0,108.0,64.0,0.0,1,EW_GREEN,hold,,,
3883.0,2,35,189.0,5.4,0,0.0,0,0.0,12,69.0,0,0.0,0,0,0,0,120.0,69.0,0.0,1,EW_GREEN,hold,,,
3884.0,2,34,208.0,6.118,0,0.0,0,0.0,12,76.0,0,0.0,0,0,0,0,132.0,76.0,0.0,1,EW_GREEN,hold,,,
3885.0,2,34,229.0,6.735,0,0.0,0,0.0,12,84.0,0,0.0,0,0,2,0,145.0,84.0,0.0,1,EW_GREEN,hold,,,
3886.0,2,34,252.0,7.412,0,0.0,0,0.0,12,93.0,0,0.0,0,0,2,0,159.0,93.0,0.0,1,EW_GREEN,hold,,,
3887.0,2,35,276.0,7.886,0,0.0,0,0.0,12,102.0,0,0.0,0,0,3,0,174.0,102.0,0.0,1,EW_GREEN,hold,,,
3888.0,2,35,300.0,8.571,0,0.0,0,0.0,12,111.0,0,0.0,0,0,0,0,189.0,111.0,0.0,1,EW_GREEN,hold,,,
3889.0,2,35,325.0,9.286,0,0.0,0,0.0,12,120.0,0,0.0,0,0,0,0,205.0,120.0,0.0,1,EW_GREEN,hold,,,
3890.0,2,36,351.0,9.75,0,0.0,0,0.0,12,129.0,0,0.0,0,0,0,0,222.0,129.0,0.0,1,EW_GREEN,hold,,,
3891.0,2,36,379.0,10.528,0,0.0,0,0.0,12,139.0,0,0.0,0,0,3,0,240.0,139.0,0.0,1,EW_YELLOW,fixed_cycle,,,
3892.0,3,36,407.0,11.306,0,0.0,0,0.0,12,149.0,0,0.0,0,0,3,0,258.0,149.0,0.0,1,EW_YELLOW,hold,,,
3893.0,3,36,436.0,12.111,0,0.0,0,0.0,12,159.0,0,0.0,0,0,3,0,277.0,159.0,0.0,1,EW_YELLOW,hold,,,
3894.0,3,36,466.0,12.944,0,0.0,0,0.0,12,170.0,0,0.0,0,0,7,0,296.0,170.0,0.0,1,NS_GREEN,fixed_cycle,,,
3895.0,0,32,384.0,12.0,0,0.0,0,0.0,9,99.0,0,0.0,0,0,5,0,285.0,99.0,0.0,0,NS_GREEN,hold,,,
3896.0,0,32,323.0,10.094,0,0.0,0,0.0,9,47.0,0,0.0,0,0,0,0,276.0,47.0,0.0,0,NS_GREEN,hold,,,
3897.0,0,32,285.0,8.906,0,0.0,0,0.0,9,18.0,0,0.0,0,0,0,0,267.0,18.0,0.0,0,NS_GREEN,hold,,,
3898.0,0,29,262.0,9.034,0,0.0,0,0.0,6,3.0,0,0.0,0,0,0,0,259.0,3.0,0.0,1,NS_GREEN,hold,,,
3899.0,0,32,251.0,7.844,0,0.0,0,0.0,7,0.0,0,0.0,0,0,0,0,251.0,0.0,0.0,1,NS_GREEN,hold,,,
3900.0,0,31,243.0,7.839,0,0.0,0,0.0,6,0.0,0,0.0,0,0,0,0,243.0,0.0,0.0,1,NS_GREEN,hold,,,
3901.0,0,30,234.0,7.8,0,0.0,0,0.0,4,0.0,0,0.0,0,0,0,0,234.0,0.0,0.0,1,NS_GREEN,hold,,,
3902.0,0,31,224.0,7.226,0,0.0,0,0.0,4,0.0,0,0.0,0,0,0,0,224.0,0.0,0.0,1,NS_GREEN,hold,,,
3903.0,0,33,214.0,6.485,0,0.0,0,0.0,4,0.0,0,0.0,0,0,0,0,214.0,0.0,0.0,1,NS_GREEN,hold,,,
3904.0,0,31,203.0,6.548,0,0.0,0,0.0,3,0.0,0,0.0,0,0,0,0,203.0,0.0,0.0,1,NS_GREEN,hold,,,
3905.0,0,33,192.0,5.818,0,0.0,0,0.0,4,0.0,0,0.0,0,0,0,0,192.0,0.0,0.0,1,NS_GREEN,hold,,,
3906.0,0,32,180.0,5.625,0,0.0,0,0.0,3,0.0,0,0.0,0,0,0,0,180.0,0.0,0.0,1,NS_GREEN,hold,,,
3907.0,0,32,169.0,5.281,0,0.0,0,0.0,3,0.0,0,0.0,0,0,0,0,169.0,0.0,0.0,1,NS_GREEN,hold,,,
3908.0,0,34,157.0,4.618,0,0.0,0,0.0,4,0.0,0,0.0,0,0,0,0,157.0,0.0,0.0,1,NS_GREEN,hold,,,
3909.0,0,33,167.0,5.061,0,0.0,0,0.0,4,0.0,0,0.0,0,0,0,0,167.0,0.0,0.0,1,NS_GREEN,hold,,,
3910.0,0,34,153.0,4.5,0,0.0,0,0.0,5,0.0,0,0.0,0,0,0,0,153.0,0.0,0.0,1,NS_GREEN,hold,,,
3911.0,0,33,139.0,4.212,0,0.0,0,0.0,5,0.0,0,0.0,0,0,0,0,139.0,0.0,0.0,1,NS_GREEN,hold,,,
3912.0,0,34,124.0,3.647,0,0.0,0,0.0,6,0.0,0,0.0,0,0,0,0,124.0,0.0,0.0,1,NS_GREEN,hold,,,
3913.0,0,34,131.0,3.853,0,0.0,0,0.0,6,0.0,0,0.0,0,0,0,0,131.0,0.0,0.0,1,NS_GREEN,hold,,,
3914.0,0,33,114.0,3.455,0,0.0,0,0.0,6,0.0,0,0.0,0,0,0,0,114.0,0.0,0.0,1,NS_GREEN,hold,,,
3915.0,0,34,97.0,2.853,0,0.0,0,0.0,7,0.0,0,0.0,0,0,0,0,97.0,0.0,0.0,1,NS_GREEN,hold,,,
3916.0,0,33,80.0,2.424,0,0.0,0,0.0,7,0.0,0,0.0,0,0,0,0,80.0,0.0,0.0,1,NS_GREEN,hold,,,
3917.0,0,34,61.0,1.794,0,0.0,0,0.0,8,0.0,0,0.0,0,0,0,0,61.0,0.0,0.0,1,NS_GREEN,hold,,,
3918.0,0,34,41.0,1.206,0,0.0,0,0.0,8,0.0,0,0.0,0,0,0,0,41.0,0.0,0.0,1,NS_GREEN,hold,,,
3919.0,0,33,21.0,0.636,0,0.0,0,0.0,8,0.0,0,0.0,0,0,0,0,21.0,0.0,0.0,1,NS_GREEN,hold,,,
3920.0,0,34,23.0,0.676,0,0.0,0,0.0,9,0.0,0,0.0,0,0,0,0,22.0,0.0,1.0,1,NS_GREEN,hold,,,
3921.0,0,34,2.0,0.059,0,0.0,0,0.0,9,0.0,0,0.0,0,0,0,0,0.0,0.0,2.0,1,NS_GREEN,hold,,,
3922.0,0,34,3.0,0.088,0,0.0,0,0.0,10,0.0,0,0.0,0,0,0,0,0.0,0.0,3.0,1,NS_GREEN,hold,,,
3923.0,0,35,4.0,0.114,0,0.0,0,0.0,10,0.0,0,0.0,0,0,0,0,0.0,0.0,4.0,1,NS_GREEN,hold,,,
3924.0,0,34,5.0,0.147,0,0.0,0,0.0,10,0.0,0,0.0,0,0,0,0,0.0,0.0,5.0,1,NS_YELLOW,fixed_cycle,,,
3925.0,1,35,6.0,0.171,0,0.0,0,0.0,11,0.0,0,0.0,0,0,0,0,0.0,0.0,6.0,1,NS_YELLOW,hold,,,
3926.0,1,36,7.0,0.194,0,0.0,0,0.0,12,0.0,0,0.0,0,0,0,0,0.0,0.0,7.0,1,NS_YELLOW,hold,,,
3927.0,1,37,8.0,0.216,0,0.0,0,0.0,12,0.0,0,0.0,0,0,0,0,0.0,0.0,8.0,1,EW_GREEN,fixed_cycle,,,
3928.0,2,36,0.0,0.0,0,0.0,0,0.0,12,0.0,0,0.0,0,0,0,0,0.0,0.0,0.0,0,EW_GREEN,hold,,,
3929.0,2,36,2.0,0.056,0,0.0,0,0.0,12,0.0,0,0.0,0,0,0,0,2.0,0.0,0.0,0,EW_GREEN,hold,,,
3930.0,2,37,2.0,0.054,0,0.0,0,0.0,12,0.0,0,0.0,0,0,0,0,2.0,0.0,0.0,0,EW_GREEN,hold,,,
3931.0,2,36,4.0,0.111,0,0.0,0,0.0,12,0.0,0,0.0,0,0,0,0,4.0,0.0,0.0,0,EW_GREEN,hold,,,
3932.0,2,36,6.0,0.167,0,0.0,0,0.0,12,0.0,0,0.0,0,0,0,0,6.0,0.0,0.0,0,EW_GREEN,hold,,,
3933.0,2,36,9.0,0.25,0,0.0,0,0.0,12,0.0,0,0.0,0,0,0,0,9.0,0.0,0.0,0,EW_GREEN,hold,,,
3934.0,2,36,14.0,0.389,0,0.0,0,0.0,12,1.0,0,0.0,0,0,0,0,13.0,1.0,0.0,0,EW_GREEN,hold,,,
3935.0,2,36,19.0,0.528,0,0.0,0,0.0,12,2.0,0,0.0,0,0,0,0,17.0,2.0,0.0,0,EW_GREEN,hold,,,
3936.0,2,36,26.0,0.722,0,0.0,0,0.0,12,4.0,0,0.0,0,0,0,0,22.0,4.0,0.0,0,EW_GREEN,hold,,,
3937.0,2,35,34.0,0.971,0,0.0,0,0.0,12,7.0,0,0.0,0,0,1,0,27.0,7.0,0.0,0,EW_GREEN,hold,,,
3938.0,2,36,43.0,1.194,0,0.0,0,0.0,12,11.0,0,0.0,0,0,1,0,32.0,11.0,0.0,0,EW_GREEN,hold,,,
3939.0,2,35,54.0,1.543,0,0.0,0,0.0,12,15.0,0,0.0,0,0,1,0,39.0,15.0,0.0,0,EW_GREEN,hold,,,
3940.0,2,35,65.0,1.857,0,0.0,0,0.0,12,19.0,0,0.0,0,0,1,0,46.0,19.0,0.0,0,EW_GREEN,hold,,,
3941.0,2,36,78.0,2.167,0,0.0,0,0.0,12,24.0,0,0.0,0,0,1,0,54.0,24.0,0.0,0,EW_GREEN,hold,,,
3942.0,2,35,92.0,2.629,0,0.0,0,0.0,12,29.0,0,0.0,0,0,1,0,63.0,29.0,0.0,0,EW_GREEN,hold,,,
3943.0,2,36,107.0,2.972,0,0.0,0,0.0,12,34.0,0,0.0,0,0,1,0,73.0,34.0,0.0,0,EW_GREEN,hold,,,
3944.0,2,35,122.0,3.486,0,0.0,0,0.0,12,39.0,0,0.0,0,0,1,0,83.0,39.0,0.0,0,EW_GREEN,hold,,,
3945.0,2,36,139.0,3.861,0,0.0,0,0.0,12,45.0,0,0.0,0,0,1,0,94.0,45.0,0.0,0,EW_GREEN,hold,,,
3946.0,2,35,157.0,4.486,0,0.0,0,0.0,12,52.0,0,0.0,0,0,2,0,105.0,52.0,0.0,0,EW_GREEN,hold,,,
3947.0,2,36,173.0,4.806,0,0.0,0,0.0,12,56.0,0,0.0,0,0,0,0,117.0,56.0,0.0,0,EW_GREEN,hold,,,
3948.0,2,35,192.0,5.486,0,0.0,0,0.0,12,62.0,0,0.0,0,0,0,0,130.0,62.0,0.0,0,EW_GREEN,hold,,,
3949.0,2,35,211.0,6.029,0,0.0,0,0.0,12,68.0,0,0.0,0,0,0,0,143.0,68.0,0.0,0,EW_GREEN,hold,,,
3950.0,2,36,232.0,6.444,0,0.0,0,0.0,12,75.0,0,0.0,0,0,2,0,157.0,75.0,0.0,0,EW_GREEN,hold,,,
3951.0,2,35,256.0,7.314,0,0.0,0,0.0,12,83.0,0,0.0,0,0,2,0,173.0,83.0,0.0,0,EW_GREEN,hold,,,
3952.0,2,35,277.0,7.914,0,0.0,0,0.0,12,92.0,0,0.0,0,0,2,0,185.0,92.0,0.0,0,EW_GREEN,hold,,,
3953.0,2,35,302.0,8.629,0,0.0,0,0.0,12,101.0,0,0.0,0,0,2,0,201.0,101.0,0.0,0,EW_GREEN,hold,,,
3954.0,2,36,328.0,9.111,0,0.0,0,0.0,12,111.0,0,0.0,0,0,6,0,217.0,111.0,0.0,0,EW_GREEN,hold,,,
3955.0,2,36,357.0,9.917,0,0.0,0,0.0,12,122.0,0,0.0,0,0,12,0,235.0,122.0,0.0,0,EW_GREEN,hold,,,
3956.0,2,36,386.0,10.722,0,0.0,0,0.0,12,134.0,0,0.0,0,0,12,0,252.0,134.0,0.0,0,EW_GREEN,hold,,,
3957.0,2,36,409.0,11.361,0,0.0,0,0.0,12,140.0,0,0.0,0,0,5,0,269.0,140.0,0.0,0,EW_YELLOW,fixed_cycle,,,
3958.0,3,36,439.0,12.194,0,0.0,0,0.0,12,150.0,0,0.0,0,0,5,0,289.0,150.0,0.0,0,EW_YELLOW,hold,,,
3959.0,3,36,468.0,13.0,0,0.0,0,0.0,12,160.0,0,0.0,0,0,5,0,308.0,160.0,0.0,0,EW_YELLOW,hold,,,
3960.0,3,36,500.0,13.889,0,0.0,0,0.0,12,170.0,0,0.0,0,0,8,0,330.0,170.0,0.0,0,NS_GREEN,fixed_cycle,,,
3961.0,0,32,420.0,13.125,0,0.0,0,0.0,9,102.0,0,0.0,0,0,9,0,318.0,102.0,0.0,0,NS_GREEN,hold,,,
3962.0,0,32,360.0,11.25,0,0.0,0,0.0,9,52.0,0,0.0,0,0,0,0,308.0,52.0,0.0,0,NS_GREEN,hold,,,
3963.0,0,32,323.0,10.094,0,0.0,0,0.0,9,25.0,0,0.0,0,0,0,0,298.0,25.0,0.0,0,NS_GREEN,hold,,,
3964.0,0,30,298.0,9.933,0,0.0,0,0.0,6,10.0,0,0.0,0,0,0,0,288.0,10.0,0.0,0,NS_GREEN,hold,,,
3965.0,0,32,278.0,8.688,0,0.0,0,0.0,7,0.0,0,0.0,0,0,0,0,278.0,0.0,0.0,0,NS_GREEN,hold,,,
3966.0,0,31,269.0,8.677,0,0.0,0,0.0,6,0.0,0,0.0,0,0,0,0,269.0,0.0,0.0,0,NS_GREEN,hold,,,
3967.0,0,30,258.0,8.6,0,0.0,0,0.0,4,0.0,0,0.0,0,0,0,0,258.0,0.0,0.0,0,NS_GREEN,hold,,,
3968.0,0,32,247.0,7.719,0,0.0,0,0.0,5,0.0,0,0.0,0,0,0,0,247.0,0.0,0.0,0,NS_GREEN,hold,,,
3969.0,0,31,263.0,8.484,0,0.0,0,0.0,3,0.0,0,0.0,0,0,0,0,263.0,0.0,0.0,0,NS_GREEN,hold,,,
3970.0,0,33,250.0,7.576,0,0.0,0,0.0,4,0.0,0,0.0,0,0,0,0,250.0,0.0,0.0,0,NS_GREEN,hold,,,
3971.0,0,31,236.0,7.613,0,0.0,0,0.0,3,0.0,0,0.0,0,0,0,0,236.0,0.0,0.0,0,NS_GREEN,hold,,,
3972.0,0,33,222.0,6.727,0,0.0,0,0.0,4,0.0,0,0.0,0,0,0,0,222.0,0.0,0.0,0,NS_GREEN,hold,,,
3973.0,0,34,208.0,6.118,0,0.0,0,0.0,4,0.0,0,0.0,0,0,0,0,208.0,0.0,0.0,0,NS_GREEN,hold,,,
3974.0,0,33,193.0,5.848,0,0.0,0,0.0,4,0.0,0,0.0,0,0,0,0,193.0,0.0,0.0,0,NS_GREEN,hold,,,
3975.0,0,34,204.0,6.0,0,0.0,0,0.0,5,0.0,0,0.0,0,0,0,0,204.0,0.0,0.0,0,NS_GREEN,hold,,,
3976.0,0,33,189.0,5.727,0,0.0,0,0.0,5,0.0,0,0.0,0,0,0,0,189.0,0.0,0.0,0,NS_GREEN,hold,,,
3977.0,0,34,173.0,5.088,0,0.0,0,0.0,6,0.0,0,0.0,0,0,0,0,173.0,0.0,0.0,0,NS_GREEN,hold,,,
3978.0,0,34,156.0,4.588,0,0.0,0,0.0,6,0.0,0,0.0,0,0,0,0,156.0,0.0,0.0,0,NS_GREEN,hold,,,
3979.0,0,33,139.0,4.212,0,0.0,0,0.0,6,0.0,0,0.0,0,0,0,0,139.0,0.0,0.0,0,NS_GREEN,hold,,,
3980.0,0,34,122.0,3.588,0,0.0,0,0.0,7,0.0,0,0.0,0,0,0,0,122.0,0.0,0.0,0,NS_GREEN,hold,,,
3981.0,0,34,128.0,3.765,0,0.0,0,0.0,7,0.0,0,0.0,0,0,0,0,128.0,0.0,0.0,0,NS_GREEN,hold,,,
3982.0,0,33,109.0,3.303,0,0.0,0,0.0,7,0.0,0,0.0,0,0,0,0,109.0,0.0,0.0,0,NS_GREEN,hold,,,
3983.0,0,34,65.0,1.912,0,0.0,0,0.0,8,0.0,0,0.0,0,0,0,0,65.0,0.0,0.0,0,NS_GREEN,hold,,,
3984.0,0,33,68.0,2.061,0,0.0,0,0.0,8,0.0,0,0.0,0,0,0,0,68.0,0.0,0.0,0,NS_GREEN,hold,,,
3985.0,0,34,46.0,1.353,0,0.0,0,0.0,9,0.0,0,0.0,0,0,0,0,46.0,0.0,0.0,0,NS_GREEN,hold,,,
3986.0,0,34,23.0,0.676,0,0.0,0,0.0,9,0.0,0,0.0,0,0,0,0,23.0,0.0,0.0,0,NS_GREEN,hold,,,
3987.0,0,33,0.0,0.0,0,0.0,0,0.0,9,0.0,0,0.0,0,0,0,0,0.0,0.0,0.0,0,NS_GREEN,hold,,,
3988.0,0,35,0.0,0.0,0,0.0,0,0.0,10,0.0,0,0.0,0,0,0,0,0.0,0.0,0.0,0,NS_GREEN,hold,,,
3989.0,0,35,0.0,0.0,0,0.0,0,0.0,10,0.0,0,0.0,0,0,0,0,0.0,0.0,0.0,0,NS_GREEN,hold,,,
3990.0,0,35,0.0,0.0,0,0.0,0,0.0,11,0.0,0,0.0,0,0,0,0,0.0,0.0,0.0,0,NS_YELLOW,fixed_cycle,,,
3991.0,1,35,0.0,0.0,0,0.0,0,0.0,11,0.0,0,0.0,0,0,0,0,0.0,0.0,0.0,0,NS_YELLOW,hold,,,
3992.0,1,35,0.0,0.0,0,0.0,0,0.0,11,0.0,0,0.0,0,0,0,0,0.0,0.0,0.0,0,NS_YELLOW,hold,,,
3993.0,1,37,0.0,0.0,0,0.0,0,0.0,12,0.0,0,0.0,0,0,0,0,0.0,0.0,0.0,0,EW_GREEN,fixed_cycle,,,
3994.0,2,36,0.0,0.0,0,0.0,0,0.0,12,0.0,0,0.0,0,0,0,0,0.0,0.0,0.0,0,EW_GREEN,hold,,,
3995.0,2,36,0.0,0.0,0,0.0,0,0.0,12,0.0,0,0.0,0,0,0,0,0.0,0.0,0.0,0,EW_GREEN,hold,,,
3996.0,2,36,1.0,0.028,0,0.0,0,0.0,12,0.0,0,0.0,0,0,0,0,1.0,0.0,0.0,0,EW_GREEN,hold,,,
3997.0,2,36,3.0,0.083,0,0.0,0,0.0,12,0.0,0,0.0,0,0,0,0,3.0,0.0,0.0,0,EW_GREEN,hold,,,
3998.0,2,37,6.0,0.162,0,0.0,0,0.0,12,1.0,0,0.0,0,0,1,0,5.0,1.0,0.0,0,EW_GREEN,hold,,,
3999.0,2,36,10.0,0.278,0,0.0,0,0.0,12,2.0,0,0.0,0,0,1,0,8.0,2.0,0.0,0,EW_GREEN,hold,,,
4000.0,2,36,15.0,0.417,0,0.0,0,0.0,12,3.0,0,0.0,0,0,1,0,12.0,3.0,0.0,0,EW_GREEN,hold,,,
4001.0,2,36,21.0,0.583,0,0.0,0,0.0,12,5.0,0,0.0,0,0,1,0,16.0,5.0,0.0,0,EW_GREEN,hold,,,
4002.0,2,36,28.0,0.778,0,0.0,0,0.0,12,7.0,0,0.0,0,0,1,0,21.0,7.0,0.0,0,EW_GREEN,hold,,,
4003.0,2,35,36.0,1.029,0,0.0,0,0.0,12,10.0,0,0.0,0,0,1,0,26.0,10.0,0.0,0,EW_GREEN,hold,,,
4004.0,2,36,46.0,1.278,0,0.0,0,0.0,12,14.0,0,0.0,0,0,1,0,32.0,14.0,0.0,0,EW_GREEN,hold,,,
4005.0,2,35,56.0,1.6,0,0.0,0,0.0,12,18.0,0,0.0,0,0,1,0,38.0,18.0,0.0,0,EW_GREEN,hold,,,
4006.0,2,36,68.0,1.889,0,0.0,0,0.0,12,23.0,0,0.0,0,0,1,0,45.0,23.0,0.0,0,EW_GREEN,hold,,,
4007.0,2,35,81.0,2.314,0,0.0,0,0.0,12,28.0,0,0.0,0,0,0,0,53.0,28.0,0.0,0,EW_GREEN,hold,,,
4008.0,2,35,95.0,2.714,0,0.0,0,0.0,12,33.0,0,0.0,0,0,1,0,62.0,33.0,0.0,0,EW_GREEN,hold,,,
4009.0,2,34,110.0,3.235,0,0.0,0,0.0,12,39.0,0,0.0,0,0,1,0,71.0,39.0,0.0,0,EW_GREEN,hold,,,
4010.0,2,34,125.0,3.676,0,0.0,0,0.0,12,45.0,0,0.0,0,0,1,0,80.0,45.0,0.0,0,EW_GREEN,hold,,,
4011.0,2,33,142.0,4.303,0,0.0,0,0.0,12,52.0,0,0.0,0,0,1,0,90.0,52.0,0.0,0,EW_GREEN,hold,,,
4012.0,2,33,160.0,4.848,0,0.0,0,0.0,12,59.0,0,0.0,0,0,1,0,101.0,59.0,0.0,0,EW_GREEN,hold,,,
4013.0,2,32,178.0,5.562,0,0.0,0,0.0,12,66.0,0,0.0,0,0,2,0,112.0,66.0,0.0,0,EW_GREEN,hold,,,
4014.0,2,32,193.0,6.031,0,0.0,0,0.0,12,69.0,0,0.0,0,0,0,0,124.0,69.0,0.0,0,EW_GREEN,hold,,,
4015.0,2,31,212.0,6.839,0,0.0,0,0.0,12,76.0,0,0.0,0,0,0,0,136.0,76.0,0.0,0,EW_GREEN,hold,,,
4016.0,2,31,232.0,7.484,0,0.0,0,0.0,12,83.0,0,0.0,0,0,0,0,149.0,83.0,0.0,0,EW_GREEN,hold,,,
4017.0,2,31,254.0,8.194,0,0.0,0,0.0,12,91.0,0,0.0,0,0,2,0,163.0,91.0,0.0,0,EW_GREEN,hold,,,
4018.0,2,31,277.0,8.935,0,0.0,0,0.0,12,100.0,0,0.0,0,0,2,0,177.0,100.0,0.0,0,EW_GREEN,hold,,,
4019.0,2,31,302.0,9.742,0,0.0,0,0.0,12,110.0,0,0.0,0,0,2,0,192.0,110.0,0.0,0,EW_GREEN,hold,,,
4020.0,2,31,328.0,10.581,0,0.0,0,0.0,12,120.0,0,0.0,0,0,3,0,208.0,120.0,0.0,0,EW_GREEN,hold,,,
4021.0,2,31,351.0,11.323,0,0.0,0,0.0,12,127.0,0,0.0,0,0,0,0,224.0,127.0,0.0,0,EW_GREEN,hold,,,
4022.0,2,31,377.0,12.161,0,0.0,0,0.0,12,136.0,0,0.0,0,0,5,0,241.0,136.0,0.0,0,EW_GREEN,hold,,,
4023.0,2,31,405.0,13.065,0,0.0,0,0.0,12,146.0,0,0.0,0,0,5,0,259.0,146.0,0.0,0,EW_YELLOW,fixed_cycle,,,
4024.0,3,31,434.0,14.0,0,0.0,0,0.0,12,157.0,0,0.0,0,0,8,0,277.0,157.0,0.0,0,EW_YELLOW,hold,,,
4025.0,3,31,464.0,14.968,0,0.0,0,0.0,12,168.0,0,0.0,0,0,8,0,296.0,168.0,0.0,0,EW_YELLOW,hold,,,
4026.0,3,31,495.0,15.968,0,0.0,0,0.0,12,180.0,0,0.0,0,0,12,0,315.0,180.0,0.0,0,NS_GREEN,fixed_cycle,,,
4027.0,0,27,412.0,15.259,0,0.0,0,0.0,9,110.0,0,0.0,0,0,9,0,302.0,110.0,0.0,0,NS_GREEN,hold,,,
4028.0,0,27,351.0,13.0,0,0.0,0,0.0,9,63.0,0,0.0,0,0,0,0,288.0,63.0,0.0,0,NS_GREEN,hold,,,
4029.0,0,27,300.0,11.111,0,0.0,0,0.0,9,26.0,0,0.0,0,0,0,0,274.0,26.0,0.0,0,NS_GREEN,hold,,,
4030.0,0,24,267.0,11.125,0,0.0,0,0.0,6,8.0,0,0.0,0,0,0,0,259.0,8.0,0.0,0,NS_GREEN,hold,,,
4031.0,0,27,244.0,9.037,0,0.0,0,0.0,7,0.0,0,0.0,0,0,0,0,244.0,0.0,0.0,0,NS_GREEN,hold,,,
4032.0,0,26,229.0,8.808,0,0.0,0,0.0,6,0.0,0,0.0,0,0,0,0,229.0,0.0,0.0,0,NS_GREEN,hold,,,
4033.0,0,25,214.0,8.56,0,0.0,0,0.0,4,0.0,0,0.0,0,0,0,0,214.0,0.0,0.0,0,NS_GREEN,hold,,,
4034.0,0,27,198.0,7.333,0,0.0,0,0.0,5,0.0,0,0.0,0,0,0,0,198.0,0.0,0.0,0,NS_GREEN,hold,,,
4035.0,0,27,181.0,6.704,0,0.0,0,0.0,4,0.0,0,0.0,0,0,0,0,181.0,0.0,0.0,0,NS_GREEN,hold,,,
4036.0,0,27,165.0,6.111,0,0.0,0,0.0,4,0.0,0,0.0,0,0,0,0,165.0,0.0,0.0,0,NS_GREEN,hold,,,
4037.0,0,27,148.0,5.481,0,0.0,0,0.0,3,0.0,0,0.0,0,0,0,0,148.0,0.0,0.0,0,NS_GREEN,hold,,,
4038.0,0,28,131.0,4.679,0,0.0,0,0.0,3,0.0,0,0.0,0,0,0,0,131.0,0.0,0.0,0,NS_GREEN,hold,,,
4039.0,0,29,114.0,3.931,0,0.0,0,0.0,4,0.0,0,0.0,0,0,0,0,114.0,0.0,0.0,0,NS_GREEN,hold,,,
4040.0,0,28,96.0,3.429,0,0.0,0,0.0,4,0.0,0,0.0,0,0,0,0,96.0,0.0,0.0,0,NS_GREEN,hold,,,
4041.0,0,29,78.0,2.69,0,0.0,0,0.0,5,0.0,0,0.0,0,0,0,0,78.0,0.0,0.0,0,NS_GREEN,hold,,,
4042.0,0,29,82.0,2.828,0,0.0,0,0.0,5,0.0,0,0.0,0,0,0,0,82.0,0.0,0.0,0,NS_GREEN,hold,,,
4043.0,0,28,62.0,2.214,0,0.0,0,0.0,5,0.0,0,0.0,0,0,0,0,62.0,0.0,0.0,0,NS_GREEN,hold,,,
4044.0,0,29,42.0,1.448,0,0.0,0,0.0,6,0.0,0,0.0,0,0,0,0,42.0,0.0,0.0,0,NS_GREEN,hold,,,
4045.0,0,28,44.0,1.571,0,0.0,0,0.0,6,0.0,0,0.0,0,0,0,0,44.0,0.0,0.0,0,NS_GREEN,hold,,,
4046.0,0,29,22.0,0.759,0,0.0,0,0.0,7,0.0,0,0.0,0,0,0,0,22.0,0.0,0.0,0,NS_GREEN,hold,,,
4047.0,0,29,0.0,0.0,0,0.0,0,0.0,7,0.0,0,0.0,0,0,0,0,0.0,0.0,0.0,0,NS_GREEN,hold,,,
4048.0,0,28,0.0,0.0,0,0.0,0,0.0,7,0.0,0,0.0,0,0,0,0,0.0,0.0,0.0,0,NS_GREEN,hold,,,
4049.0,0,29,0.0,0.0,0,0.0,0,0.0,8,0.0,0,0.0,0,0,0,0,0.0,0.0,0.0,0,NS_GREEN,hold,,,
4050.0,0,28,0.0,0.0,0,0.0,0,0.0,8,0.0,0,0.0,0,0,0,0,0.0,0.0,0.0,0,NS_GREEN,hold,,,
4051.0,0,29,0.0,0.0,0,0.0,0,0.0,9,0.0,0,0.0,0,0,0,0,0.0,0.0,0.0,0,NS_GREEN,hold,,,
4052.0,0,29,0.0,0.0,0,0.0,0,0.0,9,0.0,0,0.0,0,0,0,0,0.0,0.0,0.0,0,NS_GREEN,hold,,,
4053.0,0,29,0.0,0.0,0,0.0,0,0.0,10,0.0,0,0.0,0,0,0,0,0.0,0.0,0.0,0,NS_GREEN,hold,,,
4054.0,0,29,0.0,0.0,0,0.0,0,0.0,10,0.0,0,0.0,0,0,0,0,0.0,0.0,0.0,0,NS_GREEN,hold,,,
4055.0,0,28,0.0,0.0,0,0.0,0,0.0,10,0.0,0,0.0,0,0,0,0,0.0,0.0,0.0,0,NS_GREEN,hold,,,
4056.0,0,29,0.0,0.0,0,0.0,0,0.0,11,0.0,0,0.0,0,0,0,0,0.0,0.0,0.0,0,NS_YELLOW,fixed_cycle,,,
4057.0,1,29,0.0,0.0,0,0.0,0,0.0,11,0.0,0,0.0,0,0,0,0,0.0,0.0,0.0,0,NS_YELLOW,hold,,,
4058.0,1,29,0.0,0.0,0,0.0,0,0.0,11,0.0,0,0.0,0,0,0,0,0.0,0.0,0.0,0,NS_YELLOW,hold,,,
4059.0,1,30,0.0,0.0,0,0.0,0,0.0,12,0.0,0,0.0,0,0,0,0,0.0,0.0,0.0,0,EW_GREEN,fixed_cycle,,,
4060.0,2,29,1.0,0.034,0,0.0,0,0.0,12,0.0,0,0.0,0,0,0,0,1.0,0.0,0.0,0,EW_GREEN,hold,,,
4061.0,2,29,2.0,0.069,0,0.0,0,0.0,12,0.0,0,0.0,0,0,0,0,2.0,0.0,0.0,0,EW_GREEN,hold,,,
4062.0,2,28,4.0,0.143,0,0.0,0,0.0,12,0.0,0,0.0,0,0,0,0,4.0,0.0,0.0,0,EW_GREEN,hold,,,
4063.0,2,28,6.0,0.214,0,0.0,0,0.0,12,0.0,0,0.0,0,0,0,0,6.0,0.0,0.0,0,EW_GREEN,hold,,,
4064.0,2,27,8.0,0.296,0,0.0,0,0.0,12,0.0,0,0.0,0,0,0,0,8.0,0.0,0.0,0,EW_GREEN,hold,,,
4065.0,2,27,11.0,0.407,0,0.0,0,0.0,12,0.0,0,0.0,0,0,0,0,11.0,0.0,0.0,0,EW_GREEN,hold,,,
4066.0,2,26,15.0,0.577,0,0.0,0,0.0,12,1.0,0,0.0,0,0,1,0,14.0,1.0,0.0,0,EW_GREEN,hold,,,
4067.0,2,26,20.0,0.769,0,0.0,0,0.0,12,2.0,0,0.0,0,0,1,0,18.0,2.0,0.0,0,EW_GREEN,hold,,,
4068.0,2,26,27.0,1.038,0,0.0,0,0.0,12,4.0,0,0.0,0,0,1,0,23.0,4.0,0.0,0,EW_GREEN,hold,,,
4069.0,2,25,35.0,1.4,0,0.0,0,0.0,12,6.0,0,0.0,0,0,1,0,29.0,6.0,0.0,0,EW_GREEN,hold,,,
4070.0,2,25,43.0,1.72,0,0.0,0,0.0,12,8.0,0,0.0,0,0,1,0,35.0,8.0,0.0,0,EW_GREEN,hold,,,
4071.0,2,24,53.0,2.208,0,0.0,0,0.0,12,11.0,0,0.0,0,0,1,0,42.0,11.0,0.0,0,EW_GREEN,hold,,,
4072.0,2,24,63.0,2.625,0,0.0,0,0.0,12,14.0,0,0.0,0,0,1,0,49.0,14.0,0.0,0,EW_GREEN,hold,,,
4073.0,2,23,74.0,3.217,0,0.0,0,0.0,12,18.0,0,0.0,0,0,1,0,56.0,18.0,0.0,0,EW_GREEN,hold,,,
4074.0,2,23,86.0,3.739,0,0.0,0,0.0,12,23.0,0,0.0,0,0,1,0,63.0,23.0,0.0,0,EW_GREEN,hold,,,
4075.0,2,22,99.0,4.5,0,0.0,0,0.0,12,29.0,0,0.0,0,0,1,0,70.0,29.0,0.0,0,EW_GREEN,hold,,,
4076.0,2,22,112.0,5.091,0,0.0,0,0.0,12,35.0,0,0.0,0,0,1,0,77.0,35.0,0.0,0,EW_GREEN,hold,,,
4077.0,2,21,125.0,5.952,0,0.0,0,0.0,12,41.0,0,0.0,0,0,1,0,84.0,41.0,0.0,0,EW_GREEN,hold,,,
4078.0,2,21,138.0,6.571,0,0.0,0,0.0,12,47.0,0,0.0,0,0,1,0,91.0,47.0,0.0,0,EW_GREEN,hold,,,
4079.0,2,21,153.0,7.286,0,0.0,0,0.0,12,55.0,0,0.0,0,0,2,0,98.0,55.0,0.0,0,EW_GREEN,hold,,,
4080.0,2,20,166.0,8.3,0,0.0,0,0.0,12,61.0,0,0.0,0,0,0,0,105.0,61.0,0.0,0,EW_GREEN,hold,,,
4081.0,2,20,180.0,9.0,0,0.0,0,0.0,12,68.0,0,0.0,0,0,0,0,112.0,68.0,0.0,0,EW_GREEN,hold,,,
4082.0,2,19,195.0,10.263,0,0.0,0,0.0,12,76.0,0,0.0,0,0,0,0,119.0,76.0,0.0,0,EW_GREEN,hold,,,
4083.0,2,19,211.0,11.105,0,0.0,0,0.0,12,85.0,0,0.0,0,0,2,0,126.0,85.0,0.0,0,EW_GREEN,hold,,,
4084.0,2,19,228.0,12.0,0,0.0,0,0.0,12,95.0,0,0.0,0,0,2,0,133.0,95.0,0.0,0,EW_GREEN,hold,,,
4085.0,2,19,245.0,12.895,0,0.0,0,0.0,12,105.0,0,0.0,0,0,2,0,140.0,105.0,0.0,0,EW_GREEN,hold,,,
4086.0,2,19,262.0,13.789,0,0.0,0,0.0,12,115.0,0,0.0,0,0,6,0,147.0,115.0,0.0,0,EW_GREEN,hold,,,
4087.0,2,19,280.0,14.737,0,0.0,0,0.0,12,126.0,0,0.0,0,0,6,0,154.0,126.0,0.0,0,EW_GREEN,hold,,,
4088.0,2,19,296.0,15.579,0,0.0,0,0.0,12,135.0,0,0.0,0,0,9,0,161.0,135.0,0.0,0,EW_GREEN,hold,,,
4089.0,2,19,305.0,16.053,0,0.0,0,0.0,12,137.0,0,0.0,0,0,0,0,168.0,137.0,0.0,0,EW_YELLOW,fixed_cycle,,,
4090.0,3,19,321.0,16.895,0,0.0,0,0.0,12,146.0,0,0.0,0,0,0,0,175.0,146.0,0.0,0,EW_YELLOW,hold,,,
4091.0,3,19,337.0,17.737,0,0.0,0,0.0,12,155.0,0,0.0,0,0,0,0,182.0,155.0,0.0,0,EW_YELLOW,hold,,,
4092.0,3,19,354.0,18.632,0,0.0,0,0.0,12,165.0,0,0.0,0,0,12,0,189.0,165.0,0.0,0,NS_GREEN,fixed_cycle,,,
4093.0,0,15,263.0,17.533,0,0.0,0,0.0,9,101.0,0,0.0,0,0,9,0,162.0,101.0,0.0,0,NS_GREEN,hold,,,
4094.0,0,15,190.0,12.667,0,0.0,0,0.0,9,55.0,0,0.0,0,0,0,0,135.0,55.0,0.0,0,NS_GREEN,hold,,,
4095.0,0,15,132.0,8.8,0,0.0,0,0.0,9,23.0,0,0.0,0,0,0,0,109.0,23.0,0.0,0,NS_GREEN,hold,,,
4096.0,0,13,88.0,6.769,0,0.0,0,0.0,8,5.0,0,0.0,0,0,0,0,83.0,5.0,0.0,0,NS_GREEN,hold,,,
4097.0,0,15,56.0,3.733,0,0.0,0,0.0,7,0.0,0,0.0,0,0,0,0,56.0,0.0,0.0,0,NS_GREEN,hold,,,
4098.0,0,15,28.0,1.867,0,0.0,0,0.0,7,0.0,0,0.0,0,0,0,0,28.0,0.0,0.0,0,NS_GREEN,hold,,,
4099.0,0,13,0.0,0.0,0,0.0,0,0.0,4,0.0,0,0.0,0,0,0,0,0.0,0.0,0.0,0,NS_GREEN,hold,,,
4100.0,0,14,0.0,0.0,0,0.0,0,0.0,5,0.0,0,0.0,0,0,0,0,0.0,0.0,0.0,0,NS_GREEN,hold,,,
4101.0,0,12,0.0,0.0,0,0.0,0,0.0,3,0.0,0,0.0,0,0,0,0,0.0,0.0,0.0,0,NS_GREEN,hold,,,
4102.0,0,15,0.0,0.0,0,0.0,0,0.0,4,0.0,0,0.0,0,0,0,0,0.0,0.0,0.0,0,NS_GREEN,hold,,,
4103.0,0,16,0.0,0.0,0,0.0,0,0.0,4,0.0,0,0.0,0,0,0,0,0.0,0.0,0.0,0,NS_GREEN,hold,,,
4104.0,0,15,0.0,0.0,0,0.0,0,0.0,4,0.0,0,0.0,0,0,0,0,0.0,0.0,0.0,0,NS_GREEN,hold,,,
4105.0,0,16,0.0,0.0,0,0.0,0,0.0,4,0.0,0,0.0,0,0,0,0,0.0,0.0,0.0,0,NS_GREEN,hold,,,
4106.0,0,15,0.0,0.0,0,0.0,0,0.0,4,0.0,0,0.0,0,0,0,0,0.0,0.0,0.0,0,NS_GREEN,hold,,,
4107.0,0,16,0.0,0.0,0,0.0,0,0.0,5,0.0,0,0.0,0,0,0,0,0.0,0.0,0.0,0,NS_GREEN,hold,,,
4108.0,0,15,0.0,0.0,0,0.0,0,0.0,5,0.0,0,0.0,0,0,0,0,0.0,0.0,0.0,0,NS_GREEN,hold,,,
4109.0,0,16,0.0,0.0,0,0.0,0,0.0,6,0.0,0,0.0,0,0,0,0,0.0,0.0,0.0,0,NS_GREEN,hold,,,
4110.0,0,16,0.0,0.0,0,0.0,0,0.0,6,0.0,0,0.0,0,0,0,0,0.0,0.0,0.0,0,NS_GREEN,hold,,,
4111.0,0,16,0.0,0.0,0,0.0,0,0.0,6,0.0,0,0.0,0,0,0,0,0.0,0.0,0.0,0,NS_GREEN,hold,,,
4112.0,0,17,0.0,0.0,0,0.0,0,0.0,7,0.0,0,0.0,0,0,0,0,0.0,0.0,0.0,0,NS_GREEN,hold,,,
4113.0,0,17,0.0,0.0,0,0.0,0,0.0,7,0.0,0,0.0,0,0,0,0,0.0,0.0,0.0,0,NS_GREEN,hold,,,
4114.0,0,17,0.0,0.0,0,0.0,0,0.0,7,0.0,0,0.0,0,0,0,0,0.0,0.0,0.0,0,NS_GREEN,hold,,,
4115.0,0,17,0.0,0.0,0,0.0,0,0.0,7,0.0,0,0.0,0,0,0,0,0.0,0.0,0.0,0,NS_GREEN,hold,,,
4116.0,0,17,0.0,0.0,0,0.0,0,0.0,7,0.0,0,0.0,0,0,0,0,0.0,0.0,0.0,0,NS_GREEN,hold,,,
4117.0,0,17,0.0,0.0,0,0.0,0,0.0,7,0.0,0,0.0,0,0,0,0,0.0,0.0,0.0,0,NS_GREEN,hold,,,
4118.0,0,17,0.0,0.0,0,0.0,0,0.0,7,0.0,0,0.0,0,0,0,0,0.0,0.0,0.0,0,NS_GREEN,hold,,,
4119.0,0,17,0.0,0.0,0,0.0,0,0.0,7,0.0,0,0.0,0,0,0,0,0.0,0.0,0.0,0,NS_GREEN,hold,,,
4120.0,0,17,0.0,0.0,0,0.0,0,0.0,7,0.0,0,0.0,0,0,0,0,0.0,0.0,0.0,0,NS_GREEN,hold,,,
4121.0,0,17,0.0,0.0,0,0.0,0,0.0,7,0.0,0,0.0,0,0,0,0,0.0,0.0,0.0,0,NS_GREEN,hold,,,
4122.0,0,17,0.0,0.0,0,0.0,0,0.0,7,0.0,0,0.0,0,0,0,0,0.0,0.0,0.0,0,NS_YELLOW,fixed_cycle,,,
4123.0,1,17,0.0,0.0,0,0.0,0,0.0,7,0.0,0,0.0,0,0,0,0,0.0,0.0,0.0,0,NS_YELLOW,hold,,,
4124.0,1,17,0.0,0.0,0,0.0,0,0.0,7,0.0,0,0.0,0,0,0,0,0.0,0.0,0.0,0,NS_YELLOW,hold,,,
4125.0,1,17,0.0,0.0,0,0.0,0,0.0,7,0.0,0,0.0,0,0,0,0,0.0,0.0,0.0,0,EW_GREEN,fixed_cycle,,,
4126.0,2,17,0.0,0.0,0,0.0,0,0.0,7,0.0,0,0.0,0,0,0,0,0.0,0.0,0.0,0,EW_GREEN,hold,,,
4127.0,2,16,0.0,0.0,0,0.0,0,0.0,7,0.0,0,0.0,0,0,0,0,0.0,0.0,0.0,0,EW_GREEN,hold,,,
4128.0,2,16,0.0,0.0,0,0.0,0,0.0,7,0.0,0,0.0,0,0,0,0,0.0,0.0,0.0,0,EW_GREEN,hold,,,
4129.0,2,16,0.0,0.0,0,0.0,0,0.0,7,0.0,0,0.0,0,0,0,0,0.0,0.0,0.0,0,EW_GREEN,hold,,,
4130.0,2,16,0.0,0.0,0,0.0,0,0.0,7,0.0,0,0.0,0,0,0,0,0.0,0.0,0.0,0,EW_GREEN,hold,,,
4131.0,2,15,0.0,0.0,0,0.0,0,0.0,7,0.0,0,0.0,0,0,0,0,0.0,0.0,0.0,0,EW_GREEN,hold,,,
4132.0,2,15,0.0,0.0,0,0.0,0,0.0,7,0.0,0,0.0,0,0,0,0,0.0,0.0,0.0,0,EW_GREEN,hold,,,
4133.0,2,15,1.0,0.067,0,0.0,0,0.0,7,1.0,0,0.0,0,0,0,0,0.0,1.0,0.0,0,EW_GREEN,hold,,,
4134.0,2,14,3.0,0.214,0,0.0,0,0.0,7,3.0,0,0.0,0,0,0,0,0.0,3.0,0.0,0,EW_GREEN,hold,,,
4135.0,2,14,5.0,0.357,0,0.0,0,0.0,7,5.0,0,0.0,0,0,0,0,0.0,5.0,0.0,0,EW_GREEN,hold,,,
4136.0,2,13,8.0,0.615,0,0.0,0,0.0,7,8.0,0,0.0,0,0,0,0,0.0,8.0,0.0,0,EW_GREEN,hold,,,
4137.0,2,13,12.0,0.923,0,0.0,0,0.0,7,12.0,0,0.0,0,0,1,0,0.0,12.0,0.0,0,EW_GREEN,hold,,,
4138.0,2,12,16.0,1.333,0,0.0,0,0.0,7,16.0,0,0.0,0,0,1,0,0.0,16.0,0.0,0,EW_GREEN,hold,,,
4139.0,2,12,20.0,1.667,0,0.0,0,0.0,7,20.0,0,0.0,0,0,1,0,0.0,20.0,0.0,0,EW_GREEN,hold,,,
4140.0,2,11,26.0,2.364,0,0.0,0,0.0,7,26.0,0,0.0,0,0,4,0,0.0,26.0,0.0,0,EW_GREEN,hold,,,
4141.0,2,11,32.0,2.909,0,0.0,0,0.0,7,32.0,0,0.0,0,0,4,0,0.0,32.0,0.0,0,EW_GREEN,hold,,,
4142.0,2,10,39.0,3.9,0,0.0,0,0.0,7,39.0,0,0.0,0,0,7,0,0.0,39.0,0.0,0,EW_GREEN,hold,,,
4143.0,2,10,46.0,4.6,0,0.0,0,0.0,7,46.0,0,0.0,0,0,7,0,0.0,46.0,0.0,0,EW_GREEN,hold,,,
4144.0,2,9,53.0,5.889,0,0.0,0,0.0,7,53.0,0,0.0,0,0,7,0,0.0,53.0,0.0,0,EW_GREEN,hold,,,
4145.0,2,9,56.0,6.222,0,0.0,0,0.0,7,56.0,0,0.0,0,0,5,0,0.0,56.0,0.0,0,EW_GREEN,hold,,,
4146.0,2,8,62.0,7.75,0,0.0,0,0.0,7,62.0,0,0.0,0,0,5,0,0.0,62.0,0.0,0,EW_GREEN,hold,,,
4147.0,2,8,68.0,8.5,0,0.0,0,0.0,7,68.0,0,0.0,0,0,5,0,0.0,68.0,0.0,0,EW_GREEN,hold,,,
4148.0,2,7,75.0,10.714,0,0.0,0,0.0,7,75.0,0,0.0,0,0,7,0,0.0,75.0,0.0,0,EW_GREEN,hold,,,
4149.0,2,7,82.0,11.714,0,0.0,0,0.0,7,82.0,0,0.0,0,0,7,0,0.0,82.0,0.0,0,EW_GREEN,hold,,,
4150.0,2,7,89.0,12.714,0,0.0,0,0.0,7,89.0,0,0.0,0,0,7,0,0.0,89.0,0.0,0,EW_GREEN,hold,,,
4151.0,2,7,96.0,13.714,0,0.0,0,0.0,7,96.0,0,0.0,0,0,7,0,0.0,96.0,0.0,0,EW_GREEN,hold,,,
4152.0,2,7,103.0,14.714,0,0.0,0,0.0,7,103.0,0,0.0,0,0,7,0,0.0,103.0,0.0,0,EW_GREEN,hold,,,
4153.0,2,7,110.0,15.714,0,0.0,0,0.0,7,110.0,0,0.0,0,0,7,0,0.0,110.0,0.0,0,EW_GREEN,hold,,,
4154.0,2,7,117.0,16.714,0,0.0,0,0.0,7,117.0,0,0.0,0,0,7,0,0.0,117.0,0.0,0,EW_GREEN,hold,,,
4155.0,2,7,124.0,17.714,0,0.0,0,0.0,7,124.0,0,0.0,0,0,7,0,0.0,124.0,0.0,0,EW_YELLOW,fixed_cycle,,,
4156.0,3,7,131.0,18.714,0,0.0,0,0.0,7,131.0,0,0.0,0,0,7,0,0.0,131.0,0.0,0,EW_YELLOW,hold,,,
4157.0,3,7,138.0,19.714,0,0.0,0,0.0,7,138.0,0,0.0,0,0,7,0,0.0,138.0,0.0,0,EW_YELLOW,hold,,,
4158.0,3,7,145.0,20.714,0,0.0,0,0.0,7,145.0,0,0.0,0,0,7,0,0.0,145.0,0.0,0,NS_GREEN,fixed_cycle,,,
4159.0,0,4,76.0,19.0,0,0.0,0,0.0,4,76.0,0,0.0,0,0,4,0,0.0,76.0,0.0,0,NS_GREEN,hold,,,
4160.0,0,4,21.0,5.25,0,0.0,0,0.0,4,21.0,0,0.0,0,0,0,0,0.0,21.0,0.0,0,NS_GREEN,hold,,,
4161.0,0,4,0.0,0.0,0,0.0,0,0.0,4,0.0,0,0.0,0,0,0,0,0.0,0.0,0.0,0,NS_GREEN,hold,,,
4162.0,0,1,0.0,0.0,0,0.0,0,0.0,1,0.0,0,0.0,0,0,0,0,0.0,0.0,0.0,0,NS_GREEN,hold,,,
4163.0,0,3,0.0,0.0,0,0.0,0,0.0,1,0.0,0,0.0,0,0,0,0,0.0,0.0,0.0,0,NS_GREEN,hold,,,
4164.0,0,4,0.0,0.0,0,0.0,0,0.0,1,0.0,0,0.0,0,0,0,0,0.0,0.0,0.0,0,NS_GREEN,hold,,,
4165.0,0,5,0.0,0.0,0,0.0,0,0.0,0,0.0,0,0.0,0,0,0,0,0.0,0.0,0.0,0,NS_GREEN,hold,,,
4166.0,0,6,0.0,0.0,0,0.0,0,0.0,0,0.0,0,0.0,0,0,0,0,0.0,0.0,0.0,0,NS_GREEN,hold,,,
4167.0,0,7,0.0,0.0,0,0.0,0,0.0,0,0.0,0,0.0,0,0,0,0,0.0,0.0,0.0,0,NS_GREEN,hold,,,
4168.0,0,7,0.0,0.0,0,0.0,0,0.0,0,0.0,0,0.0,0,0,0,0,0.0,0.0,0.0,0,NS_GREEN,hold,,,
4169.0,0,7,0.0,0.0,0,0.0,0,0.0,0,0.0,0,0.0,0,0,0,0,0.0,0.0,0.0,0,NS_GREEN,hold,,,
4170.0,0,7,0.0,0.0,0,0.0,0,0.0,0,0.0,0,0.0,0,0,0,0,0.0,0.0,0.0,0,NS_GREEN,hold,,,
4171.0,0,7,0.0,0.0,0,0.0,0,0.0,0,0.0,0,0.0,0,0,0,0,0.0,0.0,0.0,0,NS_GREEN,hold,,,
4172.0,0,7,0.0,0.0,0,0.0,0,0.0,0,0.0,0,0.0,0,0,0,0,0.0,0.0,0.0,0,NS_GREEN,hold,,,
4173.0,0,7,0.0,0.0,0,0.0,0,0.0,0,0.0,0,0.0,0,0,0,0,0.0,0.0,0.0,0,NS_GREEN,hold,,,
4174.0,0,7,0.0,0.0,0,0.0,0,0.0,0,0.0,0,0.0,0,0,0,0,0.0,0.0,0.0,0,NS_GREEN,hold,,,
4175.0,0,7,0.0,0.0,0,0.0,0,0.0,0,0.0,0,0.0,0,0,0,0,0.0,0.0,0.0,0,NS_GREEN,hold,,,
4176.0,0,7,0.0,0.0,0,0.0,0,0.0,0,0.0,0,0.0,0,0,0,0,0.0,0.0,0.0,0,NS_GREEN,hold,,,
4177.0,0,7,0.0,0.0,0,0.0,0,0.0,0,0.0,0,0.0,0,0,0,0,0.0,0.0,0.0,0,NS_GREEN,hold,,,
4178.0,0,7,0.0,0.0,0,0.0,0,0.0,0,0.0,0,0.0,0,0,0,0,0.0,0.0,0.0,0,NS_GREEN,hold,,,
4179.0,0,7,0.0,0.0,0,0.0,0,0.0,0,0.0,0,0.0,0,0,0,0,0.0,0.0,0.0,0,NS_GREEN,hold,,,
4180.0,0,7,0.0,0.0,0,0.0,0,0.0,0,0.0,0,0.0,0,0,0,0,0.0,0.0,0.0,0,NS_GREEN,hold,,,
4181.0,0,7,0.0,0.0,0,0.0,0,0.0,0,0.0,0,0.0,0,0,0,0,0.0,0.0,0.0,0,NS_GREEN,hold,,,
4182.0,0,7,0.0,0.0,0,0.0,0,0.0,0,0.0,0,0.0,0,0,0,0,0.0,0.0,0.0,0,NS_GREEN,hold,,,
4183.0,0,7,0.0,0.0,0,0.0,0,0.0,0,0.0,0,0.0,0,0,0,0,0.0,0.0,0.0,0,NS_GREEN,hold,,,
4184.0,0,7,0.0,0.0,0,0.0,0,0.0,0,0.0,0,0.0,0,0,0,0,0.0,0.0,0.0,0,NS_GREEN,hold,,,
4185.0,0,7,0.0,0.0,0,0.0,0,0.0,0,0.0,0,0.0,0,0,0,0,0.0,0.0,0.0,0,NS_GREEN,hold,,,
4186.0,0,7,0.0,0.0,0,0.0,0,0.0,0,0.0,0,0.0,0,0,0,0,0.0,0.0,0.0,0,NS_GREEN,hold,,,
4187.0,0,7,0.0,0.0,0,0.0,0,0.0,0,0.0,0,0.0,0,0,0,0,0.0,0.0,0.0,0,NS_GREEN,hold,,,
4188.0,0,7,0.0,0.0,0,0.0,0,0.0,0,0.0,0,0.0,0,0,0,0,0.0,0.0,0.0,0,NS_YELLOW,fixed_cycle,,,
4189.0,1,7,0.0,0.0,0,0.0,0,0.0,0,0.0,0,0.0,0,0,0,0,0.0,0.0,0.0,0,NS_YELLOW,hold,,,
4190.0,1,7,0.0,0.0,0,0.0,0,0.0,0,0.0,0,0.0,0,0,0,0,0.0,0.0,0.0,0,NS_YELLOW,hold,,,
4191.0,1,7,0.0,0.0,0,0.0,0,0.0,0,0.0,0,0.0,0,0,0,0,0.0,0.0,0.0,0,EW_GREEN,fixed_cycle,,,
4192.0,2,6,0.0,0.0,0,0.0,0,0.0,0,0.0,0,0.0,0,0,0,0,0.0,0.0,0.0,0,EW_GREEN,hold,,,
4193.0,2,6,0.0,0.0,0,0.0,0,0.0,0,0.0,0,0.0,0,0,0,0,0.0,0.0,0.0,0,EW_GREEN,hold,,,
4194.0,2,6,0.0,0.0,0,0.0,0,0.0,0,0.0,0,0.0,0,0,0,0,0.0,0.0,0.0,0,EW_GREEN,hold,,,
4195.0,2,6,0.0,0.0,0,0.0,0,0.0,0,0.0,0,0.0,0,0,0,0,0.0,0.0,0.0,0,EW_GREEN,hold,,,
4196.0,2,6,0.0,0.0,0,0.0,0,0.0,0,0.0,0,0.0,0,0,0,0,0.0,0.0,0.0,0,EW_GREEN,hold,,,
4197.0,2,6,0.0,0.0,0,0.0,0,0.0,0,0.0,0,0.0,0,0,0,0,0.0,0.0,0.0,0,EW_GREEN,hold,,,
4198.0,2,5,0.0,0.0,0,0.0,0,0.0,0,0.0,0,0.0,0,0,0,0,0.0,0.0,0.0,0,EW_GREEN,hold,,,
4199.0,2,5,0.0,0.0,0,0.0,0,0.0,0,0.0,0,0.0,0,0,0,0,0.0,0.0,0.0,0,EW_GREEN,hold,,,
4200.0,2,4,0.0,0.0,0,0.0,0,0.0,0,0.0,0,0.0,0,0,0,0,0.0,0.0,0.0,0,EW_GREEN,hold,,,
4201.0,2,4,0.0,0.0,0,0.0,0,0.0,0,0.0,0,0.0,0,0,0,0,0.0,0.0,0.0,0,EW_GREEN,hold,,,
4202.0,2,3,0.0,0.0,0,0.0,0,0.0,0,0.0,0,0.0,0,0,0,0,0.0,0.0,0.0,0,EW_GREEN,hold,,,
4203.0,2,3,0.0,0.0,0,0.0,0,0.0,0,0.0,0,0.0,0,0,0,0,0.0,0.0,0.0,0,EW_GREEN,hold,,,
4204.0,2,2,0.0,0.0,0,0.0,0,0.0,0,0.0,0,0.0,0,0,0,0,0.0,0.0,0.0,0,EW_GREEN,hold,,,
4205.0,2,2,0.0,0.0,0,0.0,0,0.0,0,0.0,0,0.0,0,0,0,0,0.0,0.0,0.0,0,EW_GREEN,hold,,,
4206.0,2,1,0.0,0.0,0,0.0,0,0.0,0,0.0,0,0.0,0,0,0,0,0.0,0.0,0.0,0,EW_GREEN,hold,,,
4207.0,2,1,0.0,0.0,0,0.0,0,0.0,0,0.0,0,0.0,0,0,0,0,0.0,0.0,0.0,0,EW_GREEN,hold,,,
4208.0,2,0,0.0,0.0,0,0.0,0,0.0,0,0.0,0,0.0,0,0,0,0,0.0,0.0,0.0,0,EW_GREEN,hold,,,
4209.0,2,0,0.0,0.0,0,0.0,0,0.0,0,0.0,0,0.0,0,0,0,0,0.0,0.0,0.0,0,EW_GREEN,hold,,,
4210.0,2,0,0.0,0.0,0,0.0,0,0.0,0,0.0,0,0.0,0,0,0,0,0.0,0.0,0.0,0,EW_GREEN,hold,,,
4211.0,2,0,0.0,0.0,0,0.0,0,0.0,0,0.0,0,0.0,0,0,0,0,0.0,0.0,0.0,0,EW_GREEN,hold,,,
4212.0,2,0,0.0,0.0,0,0.0,0,0.0,0,0.0,0,0.0,0,0,0,0,0.0,0.0,0.0,0,EW_GREEN,hold,,,
4213.0,2,0,0.0,0.0,0,0.0,0,0.0,0,0.0,0,0.0,0,0,0,0,0.0,0.0,0.0,0,EW_GREEN,hold,,,
4214.0,2,0,0.0,0.0,0,0.0,0,0.0,0,0.0,0,0.0,0,0,0,0,0.0,0.0,0.0,0,EW_GREEN,hold,,,
4215.0,2,0,0.0,0.0,0,0.0,0,0.0,0,0.0,0,0.0,0,0,0,0,0.0,0.0,0.0,0,EW_GREEN,hold,,,
4216.0,2,0,0.0,0.0,0,0.0,0,0.0,0,0.0,0,0.0,0,0,0,0,0.0,0.0,0.0,0,EW_GREEN,hold,,,
4217.0,2,0,0.0,0.0,0,0.0,0,0.0,0,0.0,0,0.0,0,0,0,0,0.0,0.0,0.0,0,EW_GREEN,hold,,,
4218.0,2,0,0.0,0.0,0,0.0,0,0.0,0,0.0,0,0.0,0,0,0,0,0.0,0.0,0.0,0,EW_GREEN,hold,,,
4219.0,2,0,0.0,0.0,0,0.0,0,0.0,0,0.0,0,0.0,0,0,0,0,0.0,0.0,0.0,0,EW_GREEN,hold,,,
4220.0,2,0,0.0,0.0,0,0.0,0,0.0,0,0.0,0,0.0,0,0,0,0,0.0,0.0,0.0,0,EW_GREEN,hold,,,
4221.0,2,0,0.0,0.0,0,0.0,0,0.0,0,0.0,0,0.0,0,0,0,0,0.0,0.0,0.0,0,EW_YELLOW,fixed_cycle,,,
4222.0,3,0,0.0,0.0,0,0.0,0,0.0,0,0.0,0,0.0,0,0,0,0,0.0,0.0,0.0,0,EW_YELLOW,hold,,,
4223.0,3,0,0.0,0.0,0,0.0,0,0.0,0,0.0,0,0.0,0,0,0,0,0.0,0.0,0.0,0,EW_YELLOW,hold,,,
4224.0,3,0,0.0,0.0,0,0.0,0,0.0,0,0.0,0,0.0,0,0,0,0,0.0,0.0,0.0,0,NS_GREEN,fixed_cycle,,,
4225.0,0,0,0.0,0.0,0,0.0,0,0.0,0,0.0,0,0.0,0,0,0,0,0.0,0.0,0.0,0,NS_GREEN,hold,,,
4226.0,0,0,0.0,0.0,0,0.0,0,0.0,0,0.0,0,0.0,0,0,0,0,0.0,0.0,0.0,0,NS_GREEN,hold,,,
4227.0,0,0,0.0,0.0,0,0.0,0,0.0,0,0.0,0,0.0,0,0,0,0,0.0,0.0,0.0,0,NS_GREEN,hold,,,
