sim_time,tl_phase,total_vehicles,total_waiting_time,avg_waiting_time,north_count,north_wait,south_count,south_wait,east_count,east_wait,west_count,west_wait,queue_north,queue_south,queue_east,queue_west,intA_wait,intB_wait,intC_wait,emergency_count,controller_state,controller_reason,rl_override,max_q_value,override_rate
1.0,0,8,0.0,0.0,2,0.0,2,0.0,0,0.0,0,0.0,0,0,0,0,0.0,0.0,0.0,0,phase_0,rl_policy_v3,,,
2.0,0,12,0.0,0.0,3,0.0,3,0.0,0,0.0,0,0.0,0,0,0,0,0.0,0.0,0.0,0,phase_0,rl_policy_v3,,,
3.0,0,14,0.0,0.0,3,0.0,3,0.0,0,0.0,0,0.0,0,0,0,0,0.0,0.0,0.0,0,phase_0,rl_policy_v3,,,
4.0,0,14,0.0,0.0,3,0.0,3,0.0,0,0.0,0,0.0,0,0,0,0,0.0,0.0,0.0,0,phase_0,rl_policy_v3,,,
5.0,0,16,0.0,0.0,3,0.0,3,0.0,0,0.0,0,0.0,0,0,0,0,0.0,0.0,0.0,0,phase_0,rl_policy_v3,,,
6.0,0,16,0.0,0.0,3,0.0,3,0.0,0,0.0,0,0.0,0,0,0,0,0.0,0.0,0.0,0,phase_0,rl_policy_v3,,,
7.0,0,16,0.0,0.0,3,0.0,3,0.0,0,0.0,0,0.0,0,0,0,0,0.0,0.0,0.0,0,phase_0,rl_policy_v3,,,
8.0,0,16,0.0,0.0,3,0.0,3,0.0,0,0.0,0,0.0,0,0,0,0,0.0,0.0,0.0,0,phase_0,rl_policy_v3,,,
9.0,0,18,0.0,0.0,3,0.0,3,0.0,0,0.0,0,0.0,0,0,0,0,0.0,0.0,0.0,0,phase_0,rl_policy_v3,,,
10.0,0,18,0.0,0.0,3,0.0,3,0.0,0,0.0,0,0.0,0,0,0,0,0.0,0.0,0.0,0,phase_0,rl_policy_v3,,,
11.0,1,18,0.0,0.0,3,0.0,3,0.0,0,0.0,0,0.0,0,0,0,0,0.0,0.0,0.0,0,phase_1,rl_policy_v3,,,
12.0,1,20,0.0,0.0,3,0.0,3,0.0,0,0.0,0,0.0,0,0,0,0,0.0,0.0,0.0,0,phase_1,rl_policy_v3,,,
13.0,1,20,0.0,0.0,3,0.0,3,0.0,0,0.0,0,0.0,0,0,0,0,0.0,0.0,0.0,0,phase_1,rl_policy_v3,,,
14.0,2,20,0.0,0.0,3,0.0,3,0.0,0,0.0,0,0.0,0,0,0,0,0.0,0.0,0.0,0,phase_2,rl_policy_v3,,,
15.0,2,19,0.0,0.0,3,0.0,2,0.0,0,0.0,0,0.0,0,0,0,0,0.0,0.0,0.0,0,phase_2,rl_policy_v3,,,
16.0,2,16,0.0,0.0,3,0.0,2,0.0,0,0.0,0,0.0,0,0,0,0,0.0,0.0,0.0,0,phase_2,rl_policy_v3,,,
17.0,2,16,0.0,0.0,3,0.0,2,0.0,1,0.0,0,0.0,0,0,0,0,0.0,0.0,0.0,0,phase_2,rl_policy_v3,,,
18.0,2,15,0.0,0.0,2,0.0,1,0.0,1,0.0,1,0.0,0,0,0,0,0.0,0.0,0.0,0,phase_2,rl_policy_v3,,,
19.0,2,16,0.0,0.0,2,0.0,1,0.0,2,0.0,1,0.0,0,0,0,0,0.0,0.0,0.0,0,phase_2,rl_policy_v3,,,
20.0,2,16,0.0,0.0,2,0.0,1,0.0,2,0.0,1,0.0,0,0,0,0,0.0,0.0,0.0,0,phase_2,rl_policy_v3,,,
21.0,2,16,1.0,0.062,1,0.0,1,0.0,2,0.0,2,0.0,0,0,0,0,0.0,0.0,1.0,0,phase_2,rl_policy_v3,,,
22.0,2,18,2.0,0.111,1,0.0,1,0.0,2,0.0,2,0.0,0,0,0,0,0.0,0.0,2.0,0,phase_2,rl_policy_v3,,,
23.0,2,18,4.0,0.222,1,0.0,1,0.0,2,0.0,2,0.0,0,0,0,0,0.0,0.0,4.0,0,phase_2,rl_policy_v3,,,
24.0,2,19,6.0,0.316,1,0.0,1,0.0,2,0.0,3,0.0,0,0,0,0,0.0,0.0,6.0,0,phase_2,rl_policy_v3,,,
25.0,2,20,8.0,0.4,2,0.0,2,0.0,2,0.0,3,0.0,0,0,0,0,0.0,0.0,8.0,0,phase_2,rl_policy_v3,,,
26.0,2,20,11.0,0.55,2,0.0,2,0.0,2,0.0,3,0.0,0,0,0,0,0.0,0.0,11.0,0,phase_2,rl_policy_v3,,,
27.0,2,21,14.0,0.667,2,0.0,2,0.0,2,0.0,4,0.0,0,0,0,0,0.0,0.0,14.0,0,phase_2,rl_policy_v3,,,
28.0,2,21,18.0,0.857,2,0.0,2,0.0,2,0.0,4,0.0,0,0,0,0,0.0,0.0,18.0,0,phase_2,rl_policy_v3,,,
29.0,2,20,23.0,1.15,2,0.0,2,0.0,2,0.0,4,0.0,0,0,0,0,0.0,0.0,23.0,0,phase_2,rl_policy_v3,,,
30.0,2,20,28.0,1.4,2,0.0,2,0.0,2,0.0,4,0.0,0,0,0,0,0.0,0.0,28.0,0,phase_2,rl_policy_v3,,,
31.0,2,21,22.0,1.048,2,0.0,2,0.0,2,0.0,5,0.0,0,0,0,0,0.0,0.0,22.0,0,phase_2,rl_policy_v3,,,
32.0,3,23,16.0,0.696,2,0.0,2,0.0,2,0.0,5,0.0,0,0,0,0,0.0,0.0,16.0,0,phase_3,rl_policy_v3,,,
33.0,3,23,12.0,0.522,2,0.0,2,0.0,2,0.0,5,0.0,0,0,0,0,0.0,0.0,12.0,0,phase_3,rl_policy_v3,,,
34.0,3,22,8.0,0.364,2,0.0,2,0.0,2,0.0,5,0.0,0,0,0,0,0.0,0.0,8.0,0,phase_3,rl_policy_v3,,,
35.0,0,23,3.0,0.13,2,0.0,2,0.0,2,0.0,6,0.0,0,0,0,0,0.0,0.0,3.0,0,phase_0,rl_policy_v3,,,
36.0,0,23,5.0,0.217,2,0.0,2,0.0,2,0.0,6,0.0,0,0,0,0,0.0,0.0,5.0,0,phase_0,rl_policy_v3,,,
37.0,0,24,8.0,0.333,2,0.0,2,0.0,2,0.0,6,0.0,0,0,0,0,0.0,0.0,8.0,0,phase_0,rl_policy_v3,,,
38.0,0,25,12.0,0.48,2,0.0,2,0.0,2,0.0,7,0.0,0,0,0,0,0.0,0.0,12.0,0,phase_0,rl_policy_v3,,,
39.0,0,24,10.0,0.417,2,0.0,2,0.0,2,0.0,7,0.0,0,0,0,0,0.0,0.0,10.0,0,phase_0,rl_policy_v3,,,
40.0,0,24,15.0,0.625,2,0.0,2,0.0,2,0.0,7,0.0,0,0,0,0,0.0,0.0,15.0,0,phase_0,rl_policy_v3,,,
41.0,0,24,15.0,0.625,2,1.0,2,0.0,2,0.0,7,0.0,0,0,0,0,0.0,1.0,14.0,0,phase_0,rl_policy_v3,,,
42.0,0,25,15.0,0.6,2,2.0,2,1.0,2,0.0,8,0.0,0,0,0,0,0.0,3.0,12.0,0,phase_0,rl_policy_v3,,,
43.0,0,26,14.0,0.538,2,3.0,2,2.0,2,0.0,8,0.0,0,0,0,0,0.0,5.0,9.0,0,phase_0,rl_policy_v3,,,
44.0,0,27,13.0,0.481,2,4.0,2,3.0,2,0.0,9,0.0,0,0,0,0,0.0,7.0,6.0,0,phase_0,rl_policy_v3,,,
45.0,1,27,11.0,0.407,2,5.0,2,4.0,2,0.0,9,0.0,0,0,0,0,0.0,9.0,2.0,0,phase_1,rl_policy_v3,,,
46.0,1,26,11.0,0.423,2,6.0,2,5.0,2,0.0,9,0.0,0,0,0,0,0.0,11.0,0.0,0,phase_1,rl_policy_v3,,,
47.0,1,26,13.0,0.5,2,7.0,2,6.0,2,0.0,9,0.0,0,0,0,0,0.0,13.0,0.0,0,phase_1,rl_policy_v3,,,
48.0,2,23,0.0,0.0,1,0.0,1,0.0,2,0.0,9,0.0,0,0,0,0,0.0,0.0,0.0,0,phase_2,rl_policy_v3,,,
49.0,2,28,1.0,0.036,3,0.0,3,0.0,2,1.0,10,0.0,0,0,1,0,0.0,1.0,0.0,0,phase_2,rl_policy_v3,,,
50.0,2,28,3.0,0.107,3,0.0,3,0.0,2,3.0,10,0.0,0,0,2,0,0.0,3.0,0.0,0,phase_2,rl_policy_v3,,,
51.0,2,28,5.0,0.179,3,0.0,3,0.0,2,5.0,10,0.0,0,0,2,0,0.0,5.0,0.0,0,phase_2,rl_policy_v3,,,
52.0,2,27,7.0,0.259,3,0.0,3,0.0,2,7.0,11,0.0,0,0,2,0,0.0,7.0,0.0,0,phase_2,rl_policy_v3,,,
53.0,2,29,10.0,0.345,3,0.0,3,0.0,2,9.0,11,1.0,0,0,2,0,0.0,10.0,0.0,0,phase_2,rl_policy_v3,,,
54.0,2,28,13.0,0.464,3,0.0,3,0.0,2,11.0,11,2.0,0,0,2,0,0.0,13.0,0.0,0,phase_2,rl_policy_v3,,,
55.0,2,29,18.0,0.621,3,0.0,3,0.0,3,13.0,11,4.0,0,0,1,0,0.0,17.0,1.0,0,phase_2,rl_policy_v3,,,
56.0,2,28,23.0,0.821,3,0.0,3,0.0,3,15.0,11,6.0,0,0,1,0,0.0,21.0,2.0,0,phase_2,rl_policy_v3,,,
57.0,2,28,29.0,1.036,3,0.0,3,0.0,3,17.0,11,8.0,0,0,1,0,0.0,25.0,4.0,0,phase_2,rl_policy_v3,,,
58.0,2,28,35.0,1.25,3,0.0,3,0.0,4,19.0,11,10.0,0,0,1,0,0.0,29.0,6.0,0,phase_2,rl_policy_v3,,,
59.0,2,29,42.0,1.448,3,0.0,3,0.0,4,21.0,12,12.0,0,0,1,0,0.0,33.0,9.0,0,phase_2,rl_policy_v3,,,
60.0,2,29,44.0,1.517,3,0.0,3,0.0,4,23.0,12,14.0,0,0,1,0,0.0,37.0,7.0,0,phase_2,rl_policy_v3,,,
61.0,2,29,47.0,1.621,3,0.0,3,0.0,4,25.0,12,17.0,0,0,1,0,0.0,42.0,5.0,0,phase_2,rl_policy_v3,,,
62.0,2,29,51.0,1.759,3,0.0,3,0.0,4,27.0,12,20.0,0,0,1,0,0.0,47.0,4.0,0,phase_2,rl_policy_v3,,,
63.0,2,30,54.0,1.8,3,0.0,2,0.0,4,29.0,12,23.0,0,0,1,0,0.0,52.0,2.0,0,phase_2,rl_policy_v3,,,
64.0,2,30,59.0,1.967,2,0.0,2,0.0,4,31.0,13,27.0,0,0,1,0,0.0,58.0,1.0,0,phase_2,rl_policy_v3,,,
65.0,3,30,66.0,2.2,2,0.0,2,0.0,4,33.0,13,31.0,0,0,1,0,0.0,64.0,2.0,0,phase_3,rl_policy_v3,,,
66.0,3,30,74.0,2.467,2,0.0,2,0.0,4,35.0,13,35.0,0,0,1,0,0.0,70.0,4.0,0,phase_3,rl_policy_v3,,,
67.0,3,30,84.0,2.8,2,0.0,2,0.0,4,37.0,13,40.0,0,0,1,0,0.0,77.0,7.0,0,phase_3,rl_policy_v3,,,
68.0,0,24,27.0,1.125,2,0.0,2,0.0,2,0.0,11,21.0,0,0,0,0,0.0,21.0,6.0,0,phase_0,rl_policy_v3,,,
69.0,0,24,11.0,0.458,2,0.0,2,0.0,2,0.0,11,6.0,0,0,0,0,0.0,6.0,5.0,0,phase_0,rl_policy_v3,,,
70.0,0,24,4.0,0.167,2,0.0,2,0.0,2,0.0,11,0.0,0,0,0,0,0.0,0.0,4.0,0,phase_0,rl_policy_v3,,,
71.0,0,24,2.0,0.083,2,0.0,2,0.0,2,0.0,9,0.0,0,0,0,0,0.0,0.0,2.0,0,phase_0,rl_policy_v3,,,
72.0,0,26,1.0,0.038,2,0.0,2,0.0,2,0.0,8,0.0,0,0,0,0,0.0,0.0,1.0,0,phase_0,rl_policy_v3,,,
73.0,0,32,0.0,0.0,3,0.0,3,0.0,2,0.0,8,0.0,0,0,0,0,0.0,0.0,0.0,0,phase_0,rl_policy_v3,,,
74.0,0,35,0.0,0.0,3,0.0,3,0.0,2,0.0,7,0.0,0,0,0,0,0.0,0.0,0.0,0,phase_0,rl_policy_v3,,,
75.0,0,35,1.0,0.029,3,0.0,3,0.0,2,0.0,7,0.0,0,0,0,0,0.0,0.0,1.0,0,phase_0,rl_policy_v3,,,
76.0,0,34,3.0,0.088,3,0.0,3,0.0,2,0.0,6,0.0,0,0,0,0,0.0,0.0,3.0,0,phase_0,rl_policy_v3,,,
77.0,0,34,6.0,0.176,3,0.0,3,0.0,2,0.0,5,0.0,0,0,0,0,0.0,0.0,6.0,0,phase_0,rl_policy_v3,,,
78.0,0,34,9.0,0.265,3,0.0,3,0.0,2,0.0,5,0.0,0,0,0,0,0.0,0.0,9.0,0,phase_0,rl_policy_v3,,,
79.0,0,34,13.0,0.382,3,0.0,3,0.0,2,0.0,5,0.0,0,0,0,0,0.0,0.0,13.0,0,phase_0,rl_policy_v3,,,
80.0,0,33,17.0,0.515,3,0.0,3,0.0,2,0.0,4,0.0,0,0,0,0,0.0,0.0,17.0,0,phase_0,rl_policy_v3,,,
81.0,0,35,22.0,0.629,3,0.0,3,0.0,2,0.0,4,0.0,0,0,0,0,0.0,0.0,22.0,0,phase_0,rl_policy_v3,,,
82.0,0,35,28.0,0.8,3,0.0,3,0.0,2,0.0,4,0.0,0,0,0,0,0.0,0.0,28.0,0,phase_0,rl_policy_v3,,,
83.0,0,35,34.0,0.971,3,0.0,3,0.0,2,0.0,4,0.0,0,0,0,0,0.0,0.0,34.0,0,phase_0,rl_policy_v3,,,
84.0,0,37,40.0,1.081,3,0.0,3,0.0,2,0.0,4,0.0,0,0,0,0,0.0,0.0,40.0,0,phase_0,rl_policy_v3,,,
85.0,0,37,46.0,1.243,3,0.0,3,0.0,2,0.0,4,0.0,0,0,0,0,0.0,0.0,46.0,0,phase_0,rl_policy_v3,,,
86.0,0,37,52.0,1.405,3,0.0,3,0.0,2,0.0,4,0.0,0,0,0,0,0.0,0.0,52.0,0,phase_0,rl_policy_v3,,,
87.0,0,37,58.0,1.568,3,0.0,3,0.0,2,0.0,4,0.0,0,0,0,0,0.0,0.0,58.0,0,phase_0,rl_policy_v3,,,
88.0,0,35,64.0,1.829,3,0.0,3,0.0,1,0.0,4,0.0,0,0,0,0,0.0,0.0,64.0,0,phase_0,rl_policy_v3,,,
89.0,0,34,71.0,2.088,3,0.0,3,0.0,0,0.0,4,0.0,0,0,0,0,0.0,0.0,71.0,0,phase_0,rl_policy_v3,,,
90.0,0,34,80.0,2.353,3,1.0,3,0.0,1,0.0,4,0.0,1,0,0,0,0.0,1.0,79.0,0,phase_0,rl_policy_v3,,,
91.0,0,38,89.0,2.342,3,2.0,3,0.0,1,0.0,5,0.0,0,0,0,0,0.0,2.0,87.0,0,phase_0,rl_policy_v3,,,
92.0,0,38,80.0,2.105,3,3.0,3,0.0,1,0.0,5,0.0,0,0,0,0,0.0,3.0,77.0,0,phase_0,rl_policy_v3,,,
93.0,0,39,71.0,1.821,3,4.0,3,1.0,2,0.0,5,0.0,0,0,0,0,0.0,5.0,66.0,0,phase_0,rl_policy_v3,,,
94.0,0,41,61.0,1.488,3,5.0,3,2.0,2,0.0,5,0.0,0,0,0,0,0.0,7.0,54.0,0,phase_0,rl_policy_v3,,,
95.0,0,40,51.0,1.275,3,6.0,3,3.0,2,0.0,5,0.0,0,0,0,0,0.0,9.0,42.0,0,phase_0,rl_policy_v3,,,
96.0,0,41,41.0,1.0,3,7.0,3,4.0,2,0.0,6,0.0,0,0,0,0,0.0,11.0,30.0,0,phase_0,rl_policy_v3,,,
97.0,0,45,31.0,0.689,5,8.0,5,5.0,2,0.0,6,0.0,0,0,0,0,0.0,13.0,18.0,0,phase_0,rl_policy_v3,,,
98.0,1,45,26.0,0.578,5,9.0,5,6.0,2,0.0,6,0.0,0,0,0,0,0.0,15.0,11.0,0,phase_1,rl_policy_v3,,,
99.0,1,45,30.0,0.667,5,10.0,5,7.0,2,0.0,6,0.0,0,0,0,0,0.0,17.0,13.0,0,phase_1,rl_policy_v3,,,
100.0,1,45,23.0,0.511,5,11.0,5,8.0,2,0.0,6,0.0,0,0,0,0,0.0,19.0,4.0,0,phase_1,rl_policy_v3,,,
101.0,2,41,2.0,0.049,4,0.0,4,0.0,2,0.0,6,1.0,0,0,0,1,0.0,1.0,1.0,0,phase_2,rl_policy_v3,,,
102.0,2,41,6.0,0.146,4,0.0,4,0.0,2,0.0,6,3.0,0,0,0,1,0.0,3.0,3.0,0,phase_2,rl_policy_v3,,,
103.0,2,39,8.0,0.205,4,0.0,4,0.0,2,0.0,7,5.0,0,0,0,1,0.0,5.0,3.0,0,phase_2,rl_policy_v3,,,
104.0,2,41,10.0,0.244,4,0.0,4,0.0,2,0.0,7,7.0,0,0,0,1,0.0,7.0,3.0,0,phase_2,rl_policy_v3,,,
105.0,2,41,14.0,0.341,4,0.0,4,0.0,2,0.0,8,9.0,0,0,0,0,0.0,9.0,5.0,0,phase_2,rl_policy_v3,,,
106.0,2,40,18.0,0.45,4,0.0,4,0.0,2,0.0,8,11.0,0,0,0,0,0.0,11.0,7.0,0,phase_2,rl_policy_v3,,,
107.0,2,40,22.0,0.55,4,0.0,4,0.0,2,0.0,8,13.0,0,0,0,0,0.0,13.0,9.0,0,phase_2,rl_policy_v3,,,
108.0,2,39,26.0,0.667,4,0.0,4,0.0,2,0.0,8,15.0,0,0,0,0,0.0,15.0,11.0,0,phase_2,rl_policy_v3,,,
109.0,2,41,31.0,0.756,4,0.0,4,0.0,2,0.0,9,17.0,0,0,0,0,0.0,17.0,14.0,0,phase_2,rl_policy_v3,,,
110.0,2,40,36.0,0.9,4,0.0,4,0.0,2,0.0,9,19.0,0,0,0,0,0.0,19.0,17.0,0,phase_2,rl_policy_v3,,,
111.0,2,39,43.0,1.103,4,0.0,3,0.0,2,0.0,9,22.0,0,0,0,1,0.0,22.0,21.0,0,phase_2,rl_policy_v3,,,
112.0,2,39,51.0,1.308,3,0.0,3,0.0,2,0.0,10,25.0,0,0,0,1,0.0,25.0,26.0,0,phase_2,rl_policy_v3,,,
113.0,2,36,38.0,1.056,3,0.0,3,0.0,2,0.0,10,28.0,0,0,0,1,0.0,28.0,10.0,0,phase_2,rl_policy_v3,,,
114.0,2,36,45.0,1.25,3,0.0,3,0.0,2,0.0,11,31.0,0,0,0,1,0.0,31.0,14.0,0,phase_2,rl_policy_v3,,,
115.0,2,38,52.0,1.368,3,0.0,3,0.0,2,0.0,11,34.0,0,0,0,1,0.0,34.0,18.0,0,phase_2,rl_policy_v3,,,
116.0,2,37,60.0,1.622,3,0.0,3,0.0,2,0.0,11,37.0,0,0,0,1,0.0,37.0,23.0,0,phase_2,rl_policy_v3,,,
117.0,2,35,69.0,1.971,2,0.0,2,0.0,2,0.0,11,40.0,0,0,0,1,0.0,40.0,29.0,0,phase_2,rl_policy_v3,,,
118.0,2,35,79.0,2.257,2,0.0,2,0.0,2,0.0,11,43.0,0,0,0,1,0.0,43.0,36.0,0,phase_2,rl_policy_v3,,,
119.0,2,34,89.0,2.618,2,0.0,2,0.0,2,0.0,11,46.0,0,0,0,1,0.0,46.0,43.0,0,phase_2,rl_policy_v3,,,
120.0,2,33,100.0,3.03,2,0.0,1,0.0,2,0.0,12,49.0,0,0,0,1,0.0,49.0,51.0,0,phase_2,rl_policy_v3,,,
121.0,2,35,112.0,3.2,3,0.0,3,0.0,2,0.0,12,52.0,0,0,0,1,0.0,52.0,60.0,0,phase_2,rl_policy_v3,,,
122.0,2,34,126.0,3.706,3,0.0,3,0.0,2,0.0,12,56.0,0,0,0,1,0.0,56.0,70.0,0,phase_2,rl_policy_v3,,,
123.0,2,35,141.0,4.029,3,0.0,3,0.0,2,0.0,12,61.0,0,0,0,1,0.0,61.0,80.0,0,phase_2,rl_policy_v3,,,
124.0,2,34,156.0,4.588,3,0.0,2,0.0,2,0.0,12,66.0,0,0,0,1,0.0,66.0,90.0,0,phase_2,rl_policy_v3,,,
125.0,2,37,172.0,4.649,2,0.0,2,0.0,3,1.0,12,71.0,0,0,0,1,0.0,72.0,100.0,0,phase_2,rl_policy_v3,,,
126.0,2,37,189.0,5.108,2,0.0,2,0.0,3,2.0,12,76.0,0,0,0,1,1.0,78.0,110.0,0,phase_2,rl_policy_v3,,,
127.0,2,38,206.0,5.421,2,0.0,2,0.0,3,3.0,12,81.0,0,0,0,1,2.0,84.0,120.0,0,phase_2,rl_policy_v3,,,
128.0,2,38,224.0,5.895,2,0.0,2,0.0,3,4.0,12,86.0,0,0,0,1,3.0,90.0,131.0,0,phase_2,rl_policy_v3,,,
129.0,2,38,242.0,6.368,2,0.0,2,0.0,3,5.0,12,91.0,0,0,0,0,4.0,96.0,142.0,0,phase_2,rl_policy_v3,,,
130.0,2,38,261.0,6.868,2,0.0,2,0.0,3,7.0,12,96.0,0,0,1,0,5.0,103.0,153.0,0,phase_2,rl_policy_v3,,,
131.0,2,37,280.0,7.568,2,0.0,2,0.0,3,9.0,12,101.0,0,0,1,0,6.0,110.0,164.0,0,phase_2,rl_policy_v3,,,
132.0,2,38,299.0,7.868,2,0.0,2,0.0,3,11.0,13,106.0,0,0,1,0,7.0,117.0,175.0,0,phase_2,rl_policy_v3,,,
133.0,2,38,319.0,8.395,2,0.0,2,0.0,3,13.0,13,112.0,0,0,1,2,8.0,125.0,186.0,0,phase_2,rl_policy_v3,,,
134.0,2,38,339.0,8.921,2,0.0,2,0.0,3,15.0,13,118.0,0,0,1,2,9.0,133.0,197.0,0,phase_2,rl_policy_v3,,,
135.0,2,39,359.0,9.205,2,0.0,1,0.0,3,17.0,13,124.0,0,0,1,2,10.0,141.0,208.0,0,phase_2,rl_policy_v3,,,
136.0,2,39,381.0,9.769,2,0.0,1,0.0,3,19.0,13,131.0,0,0,1,2,11.0,150.0,220.0,0,phase_2,rl_policy_v3,,,
137.0,2,38,403.0,10.605,1,0.0,1,0.0,3,21.0,13,138.0,0,0,1,2,12.0,159.0,232.0,0,phase_2,rl_policy_v3,,,
138.0,2,37,412.0,11.135,1,0.0,1,0.0,3,23.0,13,145.0,0,0,1,2,0.0,168.0,244.0,0,phase_2,rl_policy_v3,,,
139.0,2,37,433.0,11.703,1,0.0,1,0.0,3,25.0,13,152.0,0,0,1,2,0.0,177.0,256.0,0,phase_2,rl_policy_v3,,,
140.0,2,37,455.0,12.297,1,0.0,1,0.0,3,27.0,13,160.0,0,0,1,2,0.0,187.0,268.0,0,phase_2,rl_policy_v3,,,
141.0,2,36,477.0,13.25,1,0.0,1,0.0,3,29.0,13,168.0,0,0,1,2,0.0,197.0,280.0,0,phase_2,rl_policy_v3,,,
142.0,2,38,499.0,13.132,1,0.0,1,0.0,4,31.0,14,176.0,0,0,1,2,0.0,207.0,292.0,0,phase_2,rl_policy_v3,,,
143.0,3,38,522.0,13.737,1,0.0,1,0.0,4,33.0,14,185.0,0,0,1,2,0.0,218.0,304.0,0,phase_3,rl_policy_v3,,,
144.0,3,38,546.0,14.368,1,0.0,1,0.0,4,35.0,14,195.0,0,0,1,2,0.0,230.0,316.0,0,phase_3,rl_policy_v3,,,
145.0,3,46,570.0,12.391,3,0.0,3,0.0,4,37.0,14,205.0,0,0,1,4,0.0,242.0,328.0,0,phase_3,rl_policy_v3,,,
146.0,0,44,429.0,9.75,3,0.0,3,0.0,2,0.0,12,88.0,0,0,0,0,0.0,88.0,341.0,0,phase_0,rl_policy_v3,,,
147.0,0,43,383.0,8.907,3,0.0,3,0.0,2,0.0,11,29.0,0,0,0,0,0.0,29.0,354.0,0,phase_0,rl_policy_v3,,,
148.0,0,43,378.0,8.791,3,0.0,3,0.0,2,0.0,11,11.0,0,0,0,0,0.0,11.0,367.0,0,phase_0,rl_policy_v3,,,
149.0,0,42,380.0,9.048,3,0.0,3,0.0,2,0.0,10,0.0,0,0,0,0,0.0,0.0,380.0,0,phase_0,rl_policy_v3,,,
150.0,0,44,393.0,8.932,3,0.0,3,0.0,2,0.0,9,0.0,0,0,0,0,0.0,0.0,393.0,0,phase_0,rl_policy_v3,,,
151.0,0,45,406.0,9.022,3,0.0,3,0.0,2,0.0,10,0.0,0,0,0,0,0.0,0.0,406.0,0,phase_0,rl_policy_v3,,,
152.0,0,45,419.0,9.311,3,0.0,3,0.0,2,0.0,8,0.0,0,0,0,0,0.0,0.0,419.0,0,phase_0,rl_policy_v3,,,
153.0,0,44,432.0,9.818,3,0.0,3,0.0,2,0.0,8,0.0,0,0,0,0,0.0,0.0,432.0,0,phase_0,rl_policy_v3,,,
154.0,0,43,445.0,10.349,3,0.0,3,0.0,2,0.0,5,0.0,0,0,0,0,0.0,0.0,445.0,0,phase_0,rl_policy_v3,,,
155.0,0,42,458.0,10.905,3,0.0,3,0.0,2,0.0,5,0.0,0,0,0,0,0.0,0.0,458.0,0,phase_0,rl_policy_v3,,,
156.0,0,43,471.0,10.953,3,0.0,3,0.0,1,0.0,3,0.0,0,0,0,0,0.0,0.0,471.0,0,phase_0,rl_policy_v3,,,
157.0,0,45,485.0,10.778,3,0.0,3,0.0,1,0.0,3,0.0,0,0,0,0,0.0,0.0,485.0,0,phase_0,rl_policy_v3,,,
158.0,0,46,450.0,9.783,3,0.0,3,0.0,1,0.0,3,0.0,0,0,0,0,0.0,0.0,450.0,0,phase_0,rl_policy_v3,,,
159.0,0,46,415.0,9.022,3,0.0,3,0.0,1,0.0,3,0.0,0,0,0,0,0.0,0.0,415.0,0,phase_0,rl_policy_v3,,,
160.0,1,43,380.0,8.837,3,0.0,3,0.0,1,0.0,3,0.0,0,0,0,0,1.0,0.0,379.0,0,phase_1,rl_policy_v3,,,
161.0,1,44,346.0,7.864,3,0.0,3,1.0,1,0.0,4,0.0,0,1,0,0,2.0,1.0,343.0,0,phase_1,rl_policy_v3,,,
162.0,1,44,312.0,7.091,3,0.0,3,2.0,2,0.0,4,0.0,0,1,0,0,3.0,2.0,307.0,0,phase_1,rl_policy_v3,,,
163.0,2,43,274.0,6.372,2,0.0,2,0.0,3,0.0,4,0.0,0,0,0,0,4.0,0.0,270.0,0,phase_2,rl_policy_v3,,,
164.0,2,44,239.0,5.432,2,0.0,2,0.0,3,0.0,5,0.0,0,0,0,0,6.0,0.0,233.0,0,phase_2,rl_policy_v3,,,
165.0,2,44,206.0,4.682,2,0.0,2,0.0,3,0.0,5,0.0,0,0,0,0,8.0,0.0,198.0,0,phase_2,rl_policy_v3,,,
166.0,2,47,173.0,3.681,2,0.0,2,0.0,3,0.0,6,1.0,0,0,0,0,10.0,1.0,162.0,0,phase_2,rl_policy_v3,,,
167.0,2,47,186.0,3.957,2,0.0,2,0.0,3,0.0,6,2.0,0,0,0,0,12.0,2.0,172.0,0,phase_2,rl_policy_v3,,,
168.0,2,47,153.0,3.255,2,0.0,2,0.0,3,0.0,6,3.0,0,0,0,0,14.0,3.0,136.0,0,phase_2,rl_policy_v3,,,
169.0,2,49,125.0,2.551,3,0.0,3,0.0,3,0.0,6,4.0,0,0,0,0,16.0,4.0,105.0,0,phase_2,rl_policy_v3,,,
170.0,2,49,104.0,2.122,3,0.0,3,0.0,3,0.0,6,5.0,0,0,0,0,18.0,5.0,81.0,0,phase_2,rl_policy_v3,,,
171.0,2,49,117.0,2.388,3,0.0,3,0.0,3,0.0,6,6.0,0,0,0,0,20.0,6.0,91.0,0,phase_2,rl_policy_v3,,,
172.0,2,49,104.0,2.122,3,0.0,3,0.0,3,0.0,6,7.0,0,0,0,0,22.0,7.0,75.0,0,phase_2,rl_policy_v3,,,
173.0,2,49,100.0,2.041,3,0.0,3,0.0,3,0.0,6,8.0,0,0,0,0,24.0,8.0,68.0,0,phase_2,rl_policy_v3,,,
174.0,2,49,97.0,1.98,3,0.0,3,0.0,3,1.0,6,9.0,0,0,0,0,26.0,10.0,61.0,0,phase_2,rl_policy_v3,,,
175.0,2,48,99.0,2.062,3,0.0,3,0.0,3,2.0,6,10.0,0,0,0,0,28.0,12.0,59.0,0,phase_2,rl_policy_v3,,,
176.0,2,50,113.0,2.26,3,0.0,3,0.0,3,3.0,6,12.0,0,0,0,0,30.0,15.0,68.0,0,phase_2,rl_policy_v3,,,
177.0,2,51,128.0,2.51,3,0.0,3,0.0,3,4.0,7,14.0,0,0,0,0,32.0,18.0,78.0,0,phase_2,rl_policy_v3,,,
178.0,2,51,143.0,2.804,3,0.0,3,0.0,3,5.0,7,16.0,0,0,0,0,34.0,21.0,88.0,0,phase_2,rl_policy_v3,,,
179.0,2,51,159.0,3.118,3,0.0,3,0.0,3,6.0,7,18.0,0,0,0,0,36.0,24.0,99.0,0,phase_2,rl_policy_v3,,,
180.0,2,51,176.0,3.451,3,0.0,3,0.0,3,7.0,7,20.0,0,0,0,0,38.0,27.0,111.0,0,phase_2,rl_policy_v3,,,
181.0,2,54,194.0,3.593,3,0.0,3,0.0,3,8.0,7,22.0,0,0,0,0,41.0,30.0,123.0,0,phase_2,rl_policy_v3,,,
182.0,2,54,214.0,3.963,3,0.0,3,0.0,3,9.0,7,24.0,0,0,0,0,45.0,33.0,136.0,0,phase_2,rl_policy_v3,,,
183.0,2,51,191.0,3.745,2,0.0,2,0.0,3,10.0,8,26.0,0,0,0,0,5.0,36.0,150.0,0,phase_2,rl_policy_v3,,,
184.0,2,50,205.0,4.1,2,0.0,2,0.0,3,11.0,8,29.0,0,0,0,0,1.0,40.0,164.0,0,phase_2,rl_policy_v3,,,
185.0,2,50,223.0,4.46,2,0.0,2,0.0,3,12.0,8,32.0,0,0,0,0,0.0,44.0,179.0,0,phase_2,rl_policy_v3,,,
186.0,2,48,243.0,5.062,2,0.0,2,0.0,3,13.0,8,35.0,0,0,0,0,0.0,48.0,195.0,0,phase_2,rl_policy_v3,,,
187.0,2,49,263.0,5.367,2,0.0,2,0.0,3,14.0,8,38.0,0,0,0,0,0.0,52.0,211.0,0,phase_2,rl_policy_v3,,,
188.0,2,49,284.0,5.796,2,0.0,2,0.0,3,15.0,8,41.0,0,0,0,0,0.0,56.0,228.0,0,phase_2,rl_policy_v3,,,
189.0,2,47,305.0,6.489,2,0.0,2,0.0,3,16.0,8,44.0,0,0,0,0,0.0,60.0,245.0,0,phase_2,rl_policy_v3,,,
190.0,2,47,326.0,6.936,2,0.0,2,0.0,3,17.0,8,47.0,0,0,0,0,0.0,64.0,262.0,0,phase_2,rl_policy_v3,,,
191.0,2,44,349.0,7.932,2,0.0,2,0.0,3,18.0,8,51.0,0,0,0,0,0.0,69.0,280.0,0,phase_2,rl_policy_v3,,,
192.0,2,44,372.0,8.455,2,0.0,2,0.0,3,19.0,9,55.0,0,0,0,0,0.0,74.0,298.0,0,phase_2,rl_policy_v3,,,
193.0,2,48,396.0,8.25,4,0.0,4,0.0,3,20.0,9,59.0,0,0,2,0,0.0,79.0,317.0,0,phase_2,rl_policy_v3,,,
194.0,2,46,421.0,9.152,4,0.0,4,0.0,3,22.0,9,63.0,0,0,2,0,0.0,85.0,336.0,0,phase_2,rl_policy_v3,,,
195.0,2,45,448.0,9.956,4,0.0,4,0.0,3,25.0,9,67.0,0,0,3,0,0.0,92.0,356.0,0,phase_2,rl_policy_v3,,,
196.0,2,45,475.0,10.556,4,0.0,4,0.0,3,28.0,10,71.0,0,0,3,0,0.0,99.0,376.0,0,phase_2,rl_policy_v3,,,
197.0,2,46,502.0,10.913,4,0.0,4,0.0,3,31.0,10,75.0,0,0,3,0,0.0,106.0,396.0,0,phase_2,rl_policy_v3,,,
198.0,2,47,531.0,11.298,4,0.0,4,0.0,4,34.0,10,80.0,0,0,1,1,1.0,114.0,416.0,0,phase_2,rl_policy_v3,,,
199.0,2,47,561.0,11.936,4,0.0,4,0.0,4,37.0,10,86.0,0,0,1,3,2.0,123.0,436.0,0,phase_2,rl_policy_v3,,,
200.0,2,46,591.0,12.848,4,0.0,4,0.0,4,40.0,10,92.0,0,0,1,3,3.0,132.0,456.0,0,phase_2,rl_policy_v3,,,
201.0,2,47,621.0,13.213,4,0.0,4,0.0,4,43.0,11,98.0,0,0,1,1,4.0,141.0,476.0,0,phase_2,rl_policy_v3,,,
202.0,2,47,652.0,13.872,4,0.0,4,0.0,4,46.0,11,104.0,0,0,1,1,5.0,150.0,497.0,0,phase_2,rl_policy_v3,,,
203.0,2,46,683.0,14.848,4,0.0,4,0.0,4,49.0,11,110.0,0,0,1,1,6.0,159.0,518.0,0,phase_2,rl_policy_v3,,,
204.0,2,46,714.0,15.522,4,0.0,4,0.0,4,52.0,11,116.0,0,0,1,1,7.0,168.0,539.0,0,phase_2,rl_policy_v3,,,
205.0,3,47,745.0,15.851,4,0.0,4,0.0,4,55.0,12,122.0,0,0,1,1,8.0,177.0,560.0,0,phase_3,rl_policy_v3,,,
206.0,3,47,776.0,16.511,4,0.0,4,0.0,4,58.0,12,128.0,0,0,1,1,9.0,186.0,581.0,0,phase_3,rl_policy_v3,,,
207.0,3,48,763.0,15.896,4,0.0,4,0.0,4,61.0,12,134.0,0,0,1,1,10.0,195.0,558.0,0,phase_3,rl_policy_v3,,,
208.0,0,43,613.0,14.256,4,0.0,4,0.0,2,15.0,9,53.0,0,0,0,0,11.0,68.0,534.0,0,phase_0,rl_policy_v3,,,
209.0,0,43,541.0,12.581,4,0.0,4,0.0,2,0.0,9,19.0,0,0,0,0,12.0,19.0,510.0,0,phase_0,rl_policy_v3,,,
210.0,0,42,499.0,11.881,4,0.0,4,1.0,2,0.0,9,0.0,0,1,0,0,13.0,1.0,485.0,0,phase_0,rl_policy_v3,,,
211.0,0,40,477.0,11.925,4,1.0,4,2.0,1,0.0,8,0.0,1,1,0,0,14.0,3.0,460.0,0,phase_0,rl_policy_v3,,,
212.0,0,45,454.0,10.089,4,2.0,4,3.0,1,0.0,8,0.0,0,0,0,0,15.0,5.0,434.0,0,phase_0,rl_policy_v3,,,
213.0,0,45,431.0,9.578,4,3.0,4,4.0,1,0.0,8,0.0,0,0,0,0,16.0,7.0,408.0,0,phase_0,rl_policy_v3,,,
214.0,0,46,408.0,8.87,4,4.0,4,5.0,1,0.0,7,0.0,0,0,0,0,17.0,9.0,382.0,0,phase_0,rl_policy_v3,,,
215.0,0,45,385.0,8.556,4,5.0,4,6.0,1,0.0,7,0.0,0,0,0,0,18.0,11.0,356.0,0,phase_0,rl_policy_v3,,,
216.0,0,44,401.0,9.114,4,6.0,4,7.0,1,0.0,6,0.0,0,0,0,0,19.0,13.0,369.0,0,phase_0,rl_policy_v3,,,
217.0,0,52,376.0,7.231,5,7.0,5,8.0,1,0.0,7,0.0,0,0,0,0,20.0,15.0,341.0,0,phase_0,rl_policy_v3,,,
218.0,0,54,351.0,6.5,5,8.0,5,9.0,1,0.0,7,0.0,0,0,0,0,21.0,17.0,313.0,0,phase_0,rl_policy_v3,,,
219.0,0,55,325.0,5.909,5,9.0,5,10.0,1,0.0,8,0.0,0,0,0,0,22.0,19.0,284.0,0,phase_0,rl_policy_v3,,,
220.0,0,55,299.0,5.436,5,10.0,5,11.0,1,0.0,8,0.0,0,0,0,0,23.0,21.0,255.0,0,phase_0,rl_policy_v3,,,
221.0,0,55,272.0,4.945,5,11.0,5,12.0,1,0.0,9,0.0,0,0,0,0,24.0,23.0,225.0,0,phase_0,rl_policy_v3,,,
222.0,0,54,246.0,4.556,5,12.0,5,13.0,1,0.0,8,0.0,0,0,0,0,25.0,25.0,196.0,0,phase_0,rl_policy_v3,,,
223.0,0,54,219.0,4.056,5,13.0,5,14.0,1,0.0,8,0.0,0,0,0,0,26.0,27.0,166.0,0,phase_0,rl_policy_v3,,,
224.0,0,55,193.0,3.509,5,14.0,5,15.0,1,0.0,9,0.0,0,0,0,0,27.0,29.0,137.0,0,phase_0,rl_policy_v3,,,
225.0,0,53,203.0,3.83,5,15.0,5,16.0,1,0.0,8,0.0,0,0,0,0,28.0,31.0,144.0,0,phase_0,rl_policy_v3,,,
226.0,0,54,177.0,3.278,5,16.0,5,17.0,1,0.0,8,0.0,0,0,0,0,29.0,33.0,115.0,0,phase_0,rl_policy_v3,,,
227.0,0,55,151.0,2.745,5,17.0,5,18.0,1,0.0,9,0.0,0,0,0,0,30.0,35.0,86.0,0,phase_0,rl_policy_v3,,,
228.0,0,54,94.0,1.741,5,18.0,5,19.0,1,0.0,9,0.0,0,0,0,0,0.0,37.0,57.0,0,phase_0,rl_policy_v3,,,
229.0,0,54,72.0,1.333,5,19.0,5,20.0,0,0.0,10,0.0,0,0,0,0,0.0,39.0,33.0,0,phase_0,rl_policy_v3,,,
230.0,0,55,77.0,1.4,5,20.0,5,21.0,0,0.0,10,0.0,0,0,0,0,0.0,41.0,36.0,0,phase_0,rl_policy_v3,,,
231.0,0,54,61.0,1.13,5,21.0,5,22.0,0,0.0,10,0.0,0,0,0,0,0.0,43.0,18.0,0,phase_0,rl_policy_v3,,,
232.0,0,53,55.0,1.038,5,22.0,5,24.0,0,0.0,10,0.0,0,0,0,0,0.0,46.0,9.0,0,phase_0,rl_policy_v3,,,
233.0,0,54,49.0,0.907,5,23.0,5,26.0,0,0.0,11,0.0,0,0,0,0,0.0,49.0,0.0,0,phase_0,rl_policy_v3,,,
234.0,0,52,56.0,1.077,5,26.0,5,29.0,0,0.0,11,0.0,1,1,0,0,0.0,55.0,1.0,0,phase_0,rl_policy_v3,,,
235.0,0,55,64.0,1.164,5,29.0,5,33.0,1,0.0,12,0.0,1,1,0,0,0.0,62.0,2.0,0,phase_0,rl_policy_v3,,,
236.0,0,53,75.0,1.415,5,33.0,5,38.0,1,0.0,11,0.0,5,5,0,0,0.0,71.0,4.0,0,phase_0,rl_policy_v3,,,
237.0,0,52,82.0,1.577,5,37.0,5,43.0,1,0.0,10,0.0,5,5,0,0,0.0,80.0,2.0,0,phase_0,rl_policy_v3,,,
238.0,0,56,91.0,1.625,5,42.0,5,48.0,2,0.0,11,0.0,5,5,0,0,0.0,90.0,1.0,0,phase_0,rl_policy_v3,,,
239.0,1,57,101.0,1.772,5,47.0,5,53.0,2,0.0,11,0.0,5,5,0,0,0.0,100.0,1.0,0,phase_1,rl_policy_v3,,,
240.0,1,58,110.0,1.897,5,52.0,5,58.0,2,0.0,12,0.0,5,5,0,0,0.0,110.0,0.0,0,phase_1,rl_policy_v3,,,
241.0,1,62,120.0,1.935,7,57.0,7,63.0,3,0.0,12,0.0,0,0,0,0,0.0,120.0,0.0,0,phase_1,rl_policy_v3,,,
242.0,2,60,47.0,0.783,6,21.0,6,26.0,3,0.0,13,0.0,0,0,0,0,0.0,47.0,0.0,0,phase_2,rl_policy_v3,,,
243.0,2,59,33.0,0.559,6,14.0,6,17.0,3,0.0,13,1.0,0,0,0,0,0.0,32.0,1.0,0,phase_2,rl_policy_v3,,,
244.0,2,58,20.0,0.345,6,7.0,6,9.0,3,0.0,13,2.0,0,0,0,0,0.0,18.0,2.0,0,phase_2,rl_policy_v3,,,
245.0,2,56,25.0,0.446,6,8.0,6,10.0,3,0.0,13,3.0,0,0,0,0,0.0,21.0,4.0,0,phase_2,rl_policy_v3,,,
246.0,2,56,12.0,0.214,6,0.0,6,0.0,3,0.0,14,4.0,0,0,0,0,0.0,4.0,8.0,0,phase_2,rl_policy_v3,,,
247.0,2,55,15.0,0.273,6,0.0,6,0.0,3,0.0,14,5.0,0,0,0,0,0.0,5.0,10.0,0,phase_2,rl_policy_v3,,,
248.0,2,56,19.0,0.339,6,0.0,6,0.0,3,0.0,14,6.0,0,0,0,0,0.0,6.0,13.0,0,phase_2,rl_policy_v3,,,
249.0,2,57,23.0,0.404,6,0.0,6,0.0,3,0.0,15,7.0,0,0,0,0,0.0,7.0,16.0,0,phase_2,rl_policy_v3,,,
250.0,2,57,29.0,0.509,6,0.0,6,0.0,3,0.0,15,10.0,0,0,0,0,0.0,10.0,19.0,0,phase_2,rl_policy_v3,,,
251.0,2,56,37.0,0.661,5,0.0,5,0.0,3,0.0,16,14.0,0,0,0,0,0.0,14.0,23.0,0,phase_2,rl_policy_v3,,,
252.0,3,53,28.0,0.528,5,0.0,5,0.0,3,0.0,16,18.0,0,0,0,0,0.0,18.0,10.0,0,phase_3,rl_policy_v3,,,
253.0,3,55,26.0,0.473,5,0.0,5,0.0,3,0.0,16,22.0,0,0,0,0,0.0,22.0,4.0,0,phase_3,rl_policy_v3,,,
254.0,3,55,34.0,0.618,5,1.0,5,1.0,3,0.0,16,26.0,0,0,0,0,0.0,28.0,6.0,0,phase_3,rl_policy_v3,,,
255.0,0,53,20.0,0.377,5,2.0,5,2.0,3,0.0,16,7.0,0,0,0,0,0.0,11.0,9.0,0,phase_0,rl_policy_v3,,,
256.0,0,50,18.0,0.36,5,3.0,5,3.0,3,0.0,13,0.0,0,0,0,0,0.0,6.0,12.0,0,phase_0,rl_policy_v3,,,
257.0,0,51,26.0,0.51,5,5.0,5,5.0,3,0.0,14,0.0,0,0,0,0,0.0,10.0,16.0,0,phase_0,rl_policy_v3,,,
258.0,0,51,35.0,0.686,5,7.0,5,7.0,3,0.0,14,0.0,0,0,0,0,1.0,14.0,20.0,0,phase_0,rl_policy_v3,,,
259.0,0,53,49.0,0.925,5,11.0,5,11.0,3,0.0,14,0.0,1,1,0,0,3.0,22.0,24.0,0,phase_0,rl_policy_v3,,,
260.0,0,52,64.0,1.231,5,15.0,5,15.0,3,0.0,14,0.0,1,1,0,0,5.0,30.0,29.0,0,phase_0,rl_policy_v3,,,
261.0,0,52,81.0,1.558,5,19.0,5,19.0,3,0.0,14,1.0,1,1,0,0,7.0,39.0,35.0,0,phase_0,rl_policy_v3,,,
262.0,0,52,99.0,1.904,5,23.0,5,23.0,3,0.0,14,2.0,1,1,0,0,9.0,48.0,42.0,0,phase_0,rl_policy_v3,,,
263.0,0,51,120.0,2.353,5,27.0,5,27.0,3,0.0,14,5.0,1,1,0,0,11.0,59.0,50.0,0,phase_0,rl_policy_v3,,,
264.0,0,52,140.0,2.692,5,31.0,5,31.0,3,0.0,15,7.0,1,1,0,0,13.0,69.0,58.0,0,phase_0,rl_policy_v3,,,
265.0,0,54,163.0,3.019,6,35.0,6,35.0,3,0.0,15,12.0,0,0,0,0,15.0,82.0,66.0,0,phase_0,rl_policy_v3,,,
266.0,0,53,181.0,3.415,6,39.0,6,39.0,3,0.0,14,11.0,0,0,0,0,17.0,89.0,75.0,0,phase_0,rl_policy_v3,,,
267.0,0,54,202.0,3.741,6,43.0,6,43.0,3,0.0,14,12.0,0,0,0,0,19.0,98.0,85.0,0,phase_0,rl_policy_v3,,,
268.0,1,50,220.0,4.4,6,47.0,6,47.0,1,0.0,14,9.0,0,0,0,0,21.0,103.0,96.0,0,phase_1,rl_policy_v3,,,
269.0,1,55,238.0,4.327,6,51.0,6,51.0,2,0.0,14,5.0,0,0,0,0,23.0,107.0,108.0,0,phase_1,rl_policy_v3,,,
270.0,1,57,257.0,4.509,6,55.0,6,55.0,2,0.0,14,1.0,0,0,0,0,25.0,111.0,121.0,0,phase_1,rl_policy_v3,,,
271.0,2,55,172.0,3.127,5,28.0,5,28.0,3,0.0,14,3.0,0,0,0,0,0.0,59.0,113.0,0,phase_2,rl_policy_v3,,,
272.0,2,53,139.0,2.623,4,14.0,4,14.0,3,0.0,14,6.0,0,0,0,0,0.0,34.0,105.0,0,phase_2,rl_policy_v3,,,
273.0,2,54,110.0,2.037,4,0.0,4,0.0,3,1.0,14,11.0,0,0,1,0,0.0,12.0,98.0,0,phase_2,rl_policy_v3,,,
274.0,2,51,113.0,2.216,3,0.0,3,0.0,3,2.0,14,18.0,0,0,1,0,0.0,20.0,93.0,0,phase_2,rl_policy_v3,,,
275.0,2,51,118.0,2.314,3,0.0,3,0.0,3,3.0,15,25.0,0,0,1,0,0.0,28.0,90.0,0,phase_2,rl_policy_v3,,,
276.0,2,51,121.0,2.373,3,0.0,3,0.0,3,4.0,15,32.0,0,0,1,0,0.0,36.0,85.0,0,phase_2,rl_policy_v3,,,
277.0,2,50,126.0,2.52,2,0.0,2,0.0,3,5.0,15,40.0,0,0,1,0,0.0,45.0,81.0,0,phase_2,rl_policy_v3,,,
278.0,2,52,131.0,2.519,2,0.0,2,0.0,3,6.0,16,49.0,0,0,1,0,0.0,55.0,76.0,0,phase_2,rl_policy_v3,,,
279.0,2,54,137.0,2.537,2,0.0,1,0.0,3,7.0,16,58.0,0,0,1,0,0.0,65.0,72.0,0,phase_2,rl_policy_v3,,,
280.0,2,54,143.0,2.648,2,0.0,1,0.0,3,8.0,17,67.0,0,0,1,0,0.0,75.0,68.0,0,phase_2,rl_policy_v3,,,
281.0,2,53,150.0,2.83,1,0.0,1,0.0,3,9.0,17,78.0,0,0,1,0,0.0,87.0,63.0,0,phase_2,rl_policy_v3,,,
282.0,2,53,170.0,3.208,1,0.0,1,0.0,3,10.0,17,89.0,0,0,1,0,0.0,99.0,71.0,0,phase_2,rl_policy_v3,,,
283.0,2,53,176.0,3.321,1,0.0,1,0.0,3,11.0,17,101.0,0,0,0,0,0.0,112.0,64.0,0,phase_2,rl_policy_v3,,,
284.0,2,52,181.0,3.481,1,0.0,1,0.0,3,12.0,17,113.0,0,0,0,0,0.0,125.0,56.0,0,phase_2,rl_policy_v3,,,
285.0,2,53,187.0,3.528,1,0.0,1,0.0,3,13.0,18,125.0,0,0,0,0,0.0,138.0,49.0,0,phase_2,rl_policy_v3,,,
286.0,2,53,193.0,3.642,1,0.0,1,0.0,3,14.0,18,137.0,0,0,0,0,0.0,151.0,42.0,0,phase_2,rl_policy_v3,,,
287.0,2,53,199.0,3.755,1,0.0,1,0.0,3,15.0,18,149.0,0,0,0,0,0.0,164.0,35.0,0,phase_2,rl_policy_v3,,,
288.0,2,53,218.0,4.113,1,0.0,1,0.0,3,16.0,18,161.0,0,0,0,0,0.0,177.0,41.0,0,phase_2,rl_policy_v3,,,
289.0,2,60,224.0,3.733,3,0.0,3,0.0,3,17.0,18,173.0,0,0,0,0,0.0,190.0,34.0,0,phase_2,rl_policy_v3,,,
290.0,2,62,231.0,3.726,3,0.0,3,0.0,3,18.0,18,186.0,0,0,0,0,0.0,204.0,27.0,0,phase_2,rl_policy_v3,,,
291.0,2,63,239.0,3.794,3,0.0,3,0.0,3,19.0,19,199.0,0,0,0,0,0.0,218.0,21.0,0,phase_2,rl_policy_v3,,,
292.0,2,63,259.0,4.111,3,0.0,3,0.0,3,20.0,19,212.0,0,0,0,4,0.0,232.0,27.0,0,phase_2,rl_policy_v3,,,
293.0,2,63,272.0,4.317,3,0.0,3,0.0,3,21.0,19,225.0,0,0,0,4,0.0,246.0,26.0,0,phase_2,rl_policy_v3,,,
294.0,2,62,291.0,4.694,3,0.0,3,0.0,3,22.0,19,238.0,0,0,0,4,0.0,260.0,31.0,0,phase_2,rl_policy_v3,,,
295.0,2,63,311.0,4.937,3,0.0,3,0.0,3,23.0,20,251.0,0,0,0,4,0.0,274.0,37.0,0,phase_2,rl_policy_v3,,,
296.0,2,61,322.0,5.279,3,0.0,3,0.0,3,24.0,20,265.0,0,0,0,4,0.0,289.0,33.0,0,phase_2,rl_policy_v3,,,
297.0,2,61,332.0,5.443,3,0.0,3,0.0,3,25.0,20,279.0,0,0,0,4,0.0,304.0,28.0,0,phase_2,rl_policy_v3,,,
298.0,2,60,344.0,5.733,3,0.0,3,0.0,3,26.0,20,293.0,0,0,0,4,0.0,319.0,25.0,0,phase_2,rl_policy_v3,,,
299.0,2,61,355.0,5.82,3,0.0,3,0.0,3,27.0,21,307.0,0,0,0,0,0.0,334.0,21.0,0,phase_2,rl_policy_v3,,,
300.0,2,61,368.0,6.033,3,0.0,3,0.0,3,29.0,21,321.0,0,0,2,0,0.0,350.0,18.0,0,phase_2,rl_policy_v3,,,
301.0,2,62,383.0,6.177,3,0.0,3,0.0,3,31.0,22,335.0,0,0,2,0,0.0,366.0,17.0,0,phase_2,rl_policy_v3,,,
302.0,2,62,399.0,6.435,3,0.0,3,0.0,3,34.0,22,349.0,0,0,3,0,0.0,383.0,16.0,0,phase_2,rl_policy_v3,,,
303.0,2,61,416.0,6.82,2,0.0,3,0.0,3,37.0,22,363.0,0,0,3,0,0.0,400.0,16.0,0,phase_2,rl_policy_v3,,,
304.0,2,58,438.0,7.552,2,0.0,2,0.0,3,40.0,22,377.0,0,0,3,0,0.0,417.0,21.0,0,phase_2,rl_policy_v3,,,
305.0,2,58,456.0,7.862,2,0.0,2,0.0,4,43.0,22,392.0,0,0,1,0,0.0,435.0,21.0,0,phase_2,rl_policy_v3,,,
306.0,2,58,475.0,8.19,2,0.0,2,0.0,4,46.0,23,407.0,0,0,1,0,0.0,453.0,22.0,0,phase_2,rl_policy_v3,,,
307.0,2,57,497.0,8.719,2,0.0,2,0.0,4,49.0,23,423.0,0,0,1,0,1.0,472.0,24.0,0,phase_2,rl_policy_v3,,,
308.0,2,57,526.0,9.228,2,0.0,2,0.0,4,52.0,23,439.0,0,0,1,0,2.0,491.0,33.0,0,phase_2,rl_policy_v3,,,
309.0,2,57,544.0,9.544,2,0.0,2,0.0,4,55.0,24,455.0,0,0,1,0,3.0,510.0,31.0,0,phase_2,rl_policy_v3,,,
310.0,2,59,566.0,9.593,2,0.0,2,0.0,4,58.0,24,472.0,0,0,1,0,4.0,530.0,32.0,0,phase_2,rl_policy_v3,,,
311.0,2,60,588.0,9.8,2,0.0,2,0.0,4,61.0,25,489.0,0,0,1,0,5.0,550.0,33.0,0,phase_2,rl_policy_v3,,,
312.0,2,60,610.0,10.167,2,0.0,2,0.0,4,64.0,25,506.0,0,0,1,6,6.0,570.0,34.0,0,phase_2,rl_policy_v3,,,
313.0,3,61,638.0,10.459,3,0.0,3,0.0,4,67.0,25,523.0,0,0,1,6,7.0,590.0,41.0,0,phase_3,rl_policy_v3,,,
314.0,3,61,655.0,10.738,3,0.0,3,0.0,4,70.0,25,540.0,0,0,1,6,8.0,610.0,37.0,0,phase_3,rl_policy_v3,,,
315.0,3,60,687.0,11.45,3,0.0,3,0.0,4,73.0,25,558.0,0,0,1,6,9.0,631.0,47.0,0,phase_3,rl_policy_v3,,,
316.0,0,52,473.0,9.096,3,0.0,3,0.0,2,17.0,23,439.0,0,0,0,5,0.0,456.0,17.0,0,phase_0,rl_policy_v3,,,
317.0,0,52,332.0,6.385,3,0.0,3,0.0,2,0.0,23,319.0,0,0,0,0,0.0,319.0,13.0,0,phase_0,rl_policy_v3,,,
318.0,0,52,214.0,4.115,3,0.0,3,0.0,2,0.0,23,203.0,0,0,0,0,0.0,203.0,11.0,0,phase_0,rl_policy_v3,,,
319.0,0,48,112.0,2.333,3,0.0,3,0.0,1,0.0,21,97.0,0,0,0,0,0.0,97.0,15.0,0,phase_0,rl_policy_v3,,,
320.0,0,55,51.0,0.927,3,0.0,3,0.0,2,0.0,21,31.0,0,0,0,0,0.0,31.0,20.0,0,phase_0,rl_policy_v3,,,
321.0,0,54,25.0,0.463,3,0.0,3,0.0,2,0.0,19,0.0,0,0,0,0,0.0,0.0,25.0,0,phase_0,rl_policy_v3,,,
322.0,0,56,31.0,0.554,3,0.0,3,0.0,2,0.0,18,0.0,0,0,0,0,0.0,0.0,31.0,0,phase_0,rl_policy_v3,,,
323.0,0,56,37.0,0.661,3,0.0,3,0.0,2,0.0,16,0.0,0,0,0,0,0.0,0.0,37.0,0,phase_0,rl_policy_v3,,,
324.0,0,55,44.0,0.8,3,0.0,3,0.0,2,0.0,15,0.0,0,0,0,0,0.0,0.0,44.0,0,phase_0,rl_policy_v3,,,
325.0,0,57,51.0,0.895,3,0.0,3,0.0,2,0.0,13,0.0,0,0,0,0,0.0,0.0,51.0,0,phase_0,rl_policy_v3,,,
326.0,0,57,59.0,1.035,3,0.0,3,0.0,2,0.0,12,0.0,0,0,0,0,0.0,0.0,59.0,0,phase_0,rl_policy_v3,,,
327.0,0,56,68.0,1.214,3,0.0,3,0.0,2,0.0,10,0.0,0,0,0,0,0.0,0.0,68.0,0,phase_0,rl_policy_v3,,,
328.0,0,57,77.0,1.351,3,0.0,3,0.0,2,0.0,10,0.0,0,0,0,0,0.0,0.0,77.0,0,phase_0,rl_policy_v3,,,
329.0,0,57,87.0,1.526,3,0.0,3,0.0,2,0.0,9,0.0,0,0,0,0,0.0,0.0,87.0,0,phase_0,rl_policy_v3,,,
330.0,0,56,100.0,1.786,3,1.0,3,1.0,2,0.0,7,0.0,1,1,0,0,0.0,2.0,98.0,0,phase_0,rl_policy_v3,,,
331.0,0,60,113.0,1.883,3,2.0,3,2.0,2,0.0,7,0.0,1,0,0,0,0.0,4.0,109.0,0,phase_0,rl_policy_v3,,,
332.0,0,61,128.0,2.098,3,3.0,3,3.0,2,0.0,7,0.0,1,0,0,0,0.0,6.0,122.0,0,phase_0,rl_policy_v3,,,
333.0,0,60,143.0,2.383,3,4.0,3,4.0,2,0.0,6,0.0,0,0,0,0,0.0,8.0,135.0,0,phase_0,rl_policy_v3,,,
334.0,0,59,157.0,2.661,3,5.0,3,5.0,1,0.0,6,0.0,0,0,0,0,0.0,10.0,147.0,0,phase_0,rl_policy_v3,,,
335.0,0,59,174.0,2.949,3,6.0,3,6.0,1,0.0,6,0.0,0,0,0,0,0.0,12.0,162.0,0,phase_0,rl_policy_v3,,,
336.0,0,61,192.0,3.148,3,7.0,3,7.0,1,0.0,7,0.0,0,0,0,0,0.0,14.0,178.0,0,phase_0,rl_policy_v3,,,
337.0,0,65,210.0,3.231,5,8.0,5,8.0,1,0.0,7,0.0,0,0,0,0,0.0,16.0,194.0,0,phase_0,rl_policy_v3,,,
338.0,0,65,228.0,3.508,5,9.0,5,9.0,1,0.0,7,0.0,0,0,0,0,0.0,18.0,210.0,0,phase_0,rl_policy_v3,,,
339.0,0,63,247.0,3.921,5,10.0,5,10.0,1,0.0,5,0.0,0,0,0,0,0.0,20.0,227.0,0,phase_0,rl_policy_v3,,,
340.0,0,62,267.0,4.306,5,11.0,5,11.0,1,0.0,5,0.0,0,0,0,0,0.0,22.0,245.0,0,phase_0,rl_policy_v3,,,
341.0,0,65,288.0,4.431,5,12.0,5,12.0,2,0.0,5,0.0,0,0,0,0,0.0,24.0,264.0,0,phase_0,rl_policy_v3,,,
342.0,0,65,309.0,4.754,5,13.0,5,13.0,2,0.0,5,0.0,0,0,0,0,0.0,26.0,283.0,0,phase_0,rl_policy_v3,,,
343.0,0,66,331.0,5.015,5,14.0,5,14.0,3,0.0,5,0.0,0,0,0,0,0.0,28.0,303.0,0,phase_0,rl_policy_v3,,,
344.0,0,65,353.0,5.431,5,15.0,5,15.0,3,0.0,4,0.0,0,0,0,0,0.0,30.0,323.0,0,phase_0,rl_policy_v3,,,
345.0,0,65,375.0,5.769,5,16.0,5,16.0,3,0.0,4,0.0,0,0,0,0,0.0,32.0,343.0,0,phase_0,rl_policy_v3,,,
346.0,0,65,397.0,6.108,5,17.0,5,17.0,3,0.0,3,0.0,0,0,0,0,0.0,34.0,363.0,0,phase_0,rl_policy_v3,,,
347.0,0,65,419.0,6.446,5,18.0,5,18.0,3,0.0,3,0.0,0,0,0,0,0.0,36.0,383.0,0,phase_0,rl_policy_v3,,,
348.0,0,64,442.0,6.906,5,19.0,5,19.0,3,0.0,2,0.0,0,0,0,0,0.0,38.0,404.0,0,phase_0,rl_policy_v3,,,
349.0,0,64,465.0,7.266,5,20.0,5,20.0,3,0.0,3,0.0,0,0,0,0,0.0,40.0,425.0,0,phase_0,rl_policy_v3,,,
350.0,0,64,489.0,7.641,5,21.0,5,21.0,2,0.0,3,0.0,0,0,0,0,1.0,42.0,446.0,0,phase_0,rl_policy_v3,,,
351.0,0,66,513.0,7.773,5,22.0,5,22.0,2,0.0,3,0.0,0,0,0,0,2.0,44.0,467.0,0,phase_0,rl_policy_v3,,,
352.0,0,65,538.0,8.277,5,23.0,5,23.0,2,0.0,3,0.0,0,0,0,0,4.0,46.0,488.0,0,phase_0,rl_policy_v3,,,
353.0,0,65,564.0,8.677,5,25.0,5,24.0,2,0.0,3,0.0,0,0,0,0,6.0,49.0,509.0,0,phase_0,rl_policy_v3,,,
354.0,0,65,592.0,9.108,5,27.0,5,25.0,2,0.0,3,0.0,0,0,0,0,10.0,52.0,530.0,0,phase_0,rl_policy_v3,,,
355.0,0,65,625.0,9.615,5,30.0,5,27.0,2,0.0,3,0.0,1,0,0,0,17.0,57.0,551.0,0,phase_0,rl_policy_v3,,,
356.0,0,64,663.0,10.359,5,34.0,5,31.0,2,0.0,3,0.0,5,1,0,0,25.0,65.0,573.0,0,phase_0,rl_policy_v3,,,
357.0,0,65,701.0,10.785,5,38.0,5,35.0,2,0.0,4,0.0,5,5,0,0,33.0,73.0,595.0,0,phase_0,rl_policy_v3,,,
358.0,1,65,742.0,11.415,5,43.0,5,40.0,2,0.0,4,0.0,5,5,0,0,42.0,83.0,617.0,0,phase_1,rl_policy_v3,,,
359.0,1,65,784.0,12.062,5,48.0,5,45.0,2,0.0,4,0.0,5,5,0,0,52.0,93.0,639.0,0,phase_1,rl_policy_v3,,,
360.0,1,65,826.0,12.708,5,53.0,5,50.0,2,0.0,4,0.0,5,5,0,0,62.0,103.0,661.0,0,phase_1,rl_policy_v3,,,
361.0,2,65,716.0,11.015,5,19.0,5,17.0,2,0.0,4,0.0,0,0,0,0,45.0,36.0,635.0,0,phase_2,rl_policy_v3,,,
362.0,3,67,662.0,9.881,5,12.0,5,12.0,2,0.0,4,0.0,0,0,0,0,30.0,24.0,608.0,0,phase_3,rl_policy_v3,,,
363.0,3,66,614.0,9.303,5,6.0,5,6.0,2,0.0,4,1.0,0,0,0,0,20.0,13.0,581.0,0,phase_3,rl_policy_v3,,,
364.0,3,64,569.0,8.891,5,0.0,5,0.0,2,0.0,4,2.0,0,0,0,0,13.0,2.0,554.0,0,phase_3,rl_policy_v3,,,
365.0,0,63,534.0,8.476,5,0.0,5,0.0,2,0.0,3,0.0,0,0,0,0,8.0,0.0,526.0,0,phase_0,rl_policy_v3,,,
366.0,0,60,502.0,8.367,5,0.0,5,0.0,2,0.0,2,0.0,0,0,0,0,3.0,0.0,499.0,0,phase_0,rl_policy_v3,,,
367.0,0,61,472.0,7.738,5,0.0,5,0.0,2,0.0,3,0.0,0,0,0,0,0.0,0.0,472.0,0,phase_0,rl_policy_v3,,,
368.0,0,63,447.0,7.095,5,0.0,5,0.0,2,0.0,3,0.0,0,0,0,0,0.0,0.0,447.0,0,phase_0,rl_policy_v3,,,
369.0,0,64,422.0,6.594,5,1.0,5,0.0,2,0.0,3,0.0,0,0,0,0,0.0,1.0,421.0,0,phase_0,rl_policy_v3,,,
370.0,0,64,399.0,6.234,5,2.0,5,1.0,1,0.0,4,0.0,0,0,0,0,1.0,3.0,395.0,0,phase_0,rl_policy_v3,,,
371.0,0,64,421.0,6.578,5,3.0,5,3.0,1,0.0,4,0.0,0,0,0,0,5.0,6.0,410.0,0,phase_0,rl_policy_v3,,,
372.0,0,65,400.0,6.154,5,5.0,5,5.0,0,0.0,4,0.0,0,0,0,0,8.0,10.0,382.0,0,phase_0,rl_policy_v3,,,
373.0,0,66,386.0,5.848,5,8.0,5,8.0,0,0.0,4,0.0,0,0,0,0,16.0,16.0,354.0,0,phase_0,rl_policy_v3,,,
374.0,0,65,369.0,5.677,5,11.0,5,11.0,0,0.0,4,0.0,0,0,0,0,26.0,22.0,321.0,0,phase_0,rl_policy_v3,,,
375.0,0,65,355.0,5.462,5,14.0,5,14.0,0,0.0,4,0.0,0,0,0,0,36.0,28.0,291.0,0,phase_0,rl_policy_v3,,,
376.0,0,62,385.0,6.21,5,17.0,5,17.0,0,0.0,4,0.0,0,0,0,0,48.0,34.0,303.0,0,phase_0,rl_policy_v3,,,
377.0,0,64,374.0,5.844,5,20.0,5,20.0,1,0.0,5,0.0,0,0,0,0,62.0,40.0,272.0,0,phase_0,rl_policy_v3,,,
378.0,0,64,365.0,5.703,5,24.0,5,23.0,1,0.0,5,0.0,1,0,0,0,77.0,47.0,241.0,0,phase_0,rl_policy_v3,,,
379.0,0,65,359.0,5.523,5,28.0,5,27.0,2,0.0,5,0.0,1,1,0,0,92.0,55.0,212.0,0,phase_0,rl_policy_v3,,,
380.0,0,64,353.0,5.516,5,32.0,5,31.0,2,0.0,5,0.0,1,1,0,0,108.0,63.0,182.0,0,phase_0,rl_policy_v3,,,
381.0,0,62,347.0,5.597,5,36.0,5,35.0,2,0.0,4,0.0,1,1,0,0,124.0,71.0,152.0,0,phase_0,rl_policy_v3,,,
382.0,0,64,342.0,5.344,5,40.0,5,39.0,2,0.0,5,0.0,1,1,0,0,140.0,79.0,123.0,0,phase_0,rl_policy_v3,,,
383.0,0,64,376.0,5.875,5,44.0,5,43.0,2,0.0,5,0.0,1,1,0,0,156.0,87.0,133.0,0,phase_0,rl_policy_v3,,,
384.0,0,65,374.0,5.754,5,48.0,5,47.0,2,0.0,6,0.0,1,1,0,0,172.0,95.0,107.0,0,phase_0,rl_policy_v3,,,
385.0,0,69,378.0,5.478,7,52.0,7,51.0,2,0.0,6,0.0,0,0,0,0,188.0,103.0,87.0,0,phase_0,rl_policy_v3,,,
386.0,0,67,391.0,5.836,7,56.0,7,55.0,2,0.0,5,0.0,0,0,0,0,204.0,111.0,76.0,0,phase_0,rl_policy_v3,,,
387.0,0,67,405.0,6.045,7,60.0,7,59.0,2,0.0,5,0.0,0,0,0,0,220.0,119.0,66.0,0,phase_0,rl_policy_v3,,,
388.0,0,69,438.0,6.348,7,64.0,7,63.0,2,0.0,6,0.0,0,0,0,0,236.0,127.0,75.0,0,phase_0,rl_policy_v3,,,
389.0,0,69,472.0,6.841,7,68.0,7,67.0,2,0.0,6,0.0,0,0,0,0,252.0,135.0,85.0,0,phase_0,rl_policy_v3,,,
390.0,0,68,506.0,7.441,7,72.0,7,71.0,2,0.0,6,0.0,0,0,0,0,268.0,143.0,95.0,0,phase_0,rl_policy_v3,,,
391.0,0,69,541.0,7.841,7,76.0,7,75.0,2,0.0,7,0.0,0,0,0,0,284.0,151.0,106.0,0,phase_0,rl_policy_v3,,,
392.0,0,70,577.0,8.243,7,80.0,7,79.0,2,0.0,7,0.0,0,0,0,0,300.0,159.0,118.0,0,phase_0,rl_policy_v3,,,
393.0,0,69,614.0,8.899,7,84.0,7,83.0,2,0.0,7,0.0,0,0,0,0,316.0,167.0,131.0,0,phase_0,rl_policy_v3,,,
394.0,0,71,652.0,9.183,7,88.0,7,87.0,2,0.0,8,0.0,0,0,0,0,332.0,175.0,145.0,0,phase_0,rl_policy_v3,,,
395.0,1,71,690.0,9.718,7,92.0,7,91.0,2,0.0,8,0.0,0,0,0,0,348.0,183.0,159.0,0,phase_1,rl_policy_v3,,,
396.0,1,71,730.0,10.282,7,96.0,7,95.0,2,0.0,8,0.0,0,0,0,0,365.0,191.0,174.0,0,phase_1,rl_policy_v3,,,
397.0,1,73,771.0,10.562,7,100.0,7,99.0,2,0.0,8,0.0,0,0,0,0,382.0,199.0,190.0,0,phase_1,rl_policy_v3,,,
398.0,2,68,628.0,9.235,6,53.0,6,54.0,2,0.0,8,0.0,0,0,0,0,315.0,107.0,206.0,0,phase_2,rl_policy_v3,,,
399.0,2,67,523.0,7.806,5,27.0,6,27.0,2,0.0,8,0.0,0,0,0,0,246.0,54.0,223.0,0,phase_2,rl_policy_v3,,,
400.0,2,65,416.0,6.4,5,0.0,5,0.0,2,0.0,8,1.0,0,0,0,0,175.0,1.0,240.0,0,phase_2,rl_policy_v3,,,
401.0,2,61,364.0,5.967,5,0.0,4,0.0,2,0.0,8,2.0,0,0,0,0,104.0,2.0,258.0,0,phase_2,rl_policy_v3,,,
402.0,2,61,315.0,5.164,4,0.0,4,0.0,2,0.0,9,3.0,0,0,0,0,35.0,3.0,277.0,0,phase_2,rl_policy_v3,,,
403.0,2,60,304.0,5.067,3,0.0,4,0.0,2,0.0,9,4.0,0,0,0,0,3.0,4.0,297.0,0,phase_2,rl_policy_v3,,,
404.0,2,57,324.0,5.684,3,0.0,3,0.0,2,0.0,9,5.0,0,0,0,0,0.0,5.0,319.0,0,phase_2,rl_policy_v3,,,
405.0,2,57,349.0,6.123,3,0.0,3,0.0,2,0.0,9,6.0,0,0,0,0,0.0,6.0,343.0,0,phase_2,rl_policy_v3,,,
406.0,2,54,375.0,6.944,3,0.0,3,0.0,2,0.0,9,7.0,0,0,0,0,0.0,7.0,368.0,0,phase_2,rl_policy_v3,,,
407.0,2,55,398.0,7.236,2,0.0,3,0.0,2,0.0,9,8.0,0,0,0,0,0.0,8.0,390.0,0,phase_2,rl_policy_v3,,,
408.0,2,52,422.0,8.115,2,0.0,2,0.0,2,0.0,9,10.0,0,0,0,0,0.0,10.0,412.0,0,phase_2,rl_policy_v3,,,
409.0,2,52,451.0,8.673,3,0.0,3,0.0,2,1.0,9,13.0,0,0,1,0,0.0,14.0,437.0,0,phase_2,rl_policy_v3,,,
410.0,2,54,480.0,8.889,3,0.0,3,0.0,2,2.0,10,16.0,0,0,1,0,0.0,18.0,462.0,0,phase_2,rl_policy_v3,,,
411.0,2,54,472.0,8.741,3,0.0,3,0.0,2,4.0,10,19.0,0,0,2,0,0.0,23.0,449.0,0,phase_2,rl_policy_v3,,,
412.0,2,52,464.0,8.923,3,0.0,3,0.0,2,6.0,10,22.0,0,0,2,0,0.0,28.0,436.0,0,phase_2,rl_policy_v3,,,
413.0,2,53,455.0,8.585,3,0.0,3,0.0,3,8.0,10,25.0,0,0,1,0,0.0,33.0,422.0,0,phase_2,rl_policy_v3,,,
414.0,2,52,446.0,8.577,3,0.0,3,0.0,3,10.0,10,28.0,0,0,1,0,0.0,38.0,408.0,0,phase_2,rl_policy_v3,,,
415.0,2,52,438.0,8.423,3,0.0,3,0.0,3,12.0,11,31.0,0,0,1,0,1.0,43.0,394.0,0,phase_2,rl_policy_v3,,,
416.0,2,52,429.0,8.25,3,0.0,3,0.0,3,14.0,11,34.0,0,0,1,0,2.0,48.0,379.0,0,phase_2,rl_policy_v3,,,
417.0,2,51,420.0,8.235,3,0.0,3,0.0,3,16.0,11,37.0,0,0,1,0,3.0,53.0,364.0,0,phase_2,rl_policy_v3,,,
418.0,2,50,411.0,8.22,3,0.0,3,0.0,3,18.0,11,40.0,0,0,1,0,4.0,58.0,349.0,0,phase_2,rl_policy_v3,,,
419.0,2,51,401.0,7.863,3,0.0,3,0.0,3,20.0,12,43.0,0,0,1,0,5.0,63.0,333.0,0,phase_2,rl_policy_v3,,,
420.0,2,50,391.0,7.82,3,0.0,3,0.0,3,22.0,12,46.0,0,0,1,0,6.0,68.0,317.0,0,phase_2,rl_policy_v3,,,
421.0,2,50,382.0,7.64,3,0.0,3,0.0,3,24.0,12,50.0,0,0,1,0,7.0,74.0,301.0,0,phase_2,rl_policy_v3,,,
422.0,2,51,372.0,7.294,3,0.0,3,0.0,3,26.0,13,54.0,0,0,1,0,8.0,80.0,284.0,0,phase_2,rl_policy_v3,,,
423.0,2,50,363.0,7.26,3,0.0,2,0.0,3,28.0,13,60.0,0,0,1,1,9.0,88.0,266.0,0,phase_2,rl_policy_v3,,,
424.0,2,50,353.0,7.06,2,0.0,2,0.0,3,30.0,14,66.0,0,0,1,0,10.0,96.0,247.0,0,phase_2,rl_policy_v3,,,
425.0,3,50,368.0,7.36,2,0.0,2,0.0,3,32.0,14,67.0,0,0,1,0,11.0,99.0,258.0,0,phase_3,rl_policy_v3,,,
426.0,3,50,356.0,7.12,2,0.0,2,0.0,3,34.0,14,72.0,0,0,1,0,12.0,106.0,238.0,0,phase_3,rl_policy_v3,,,
427.0,3,50,343.0,6.86,2,0.0,2,0.0,3,36.0,14,77.0,0,0,1,0,13.0,113.0,217.0,0,phase_3,rl_policy_v3,,,
428.0,0,44,238.0,5.409,2,0.0,2,0.0,1,0.0,11,28.0,0,0,0,0,14.0,28.0,196.0,0,phase_0,rl_policy_v3,,,
429.0,0,45,192.0,4.267,2,0.0,2,0.0,1,0.0,12,2.0,0,0,0,0,15.0,2.0,175.0,0,phase_0,rl_policy_v3,,,
430.0,0,44,169.0,3.841,2,0.0,2,0.0,1,0.0,12,0.0,0,0,0,0,16.0,0.0,153.0,0,phase_0,rl_policy_v3,,,
431.0,0,43,176.0,4.093,2,0.0,2,0.0,1,0.0,9,0.0,0,0,0,0,17.0,0.0,159.0,0,phase_0,rl_policy_v3,,,
432.0,0,47,153.0,3.255,2,0.0,2,0.0,1,0.0,10,0.0,0,0,0,0,18.0,0.0,135.0,0,phase_0,rl_policy_v3,,,
433.0,0,54,129.0,2.389,4,0.0,4,0.0,1,0.0,10,0.0,0,0,0,0,19.0,0.0,110.0,0,phase_0,rl_policy_v3,,,
434.0,0,54,134.0,2.481,4,0.0,4,0.0,1,0.0,9,0.0,0,0,0,0,20.0,0.0,114.0,0,phase_0,rl_policy_v3,,,
435.0,0,55,84.0,1.527,4,0.0,4,0.0,1,0.0,9,0.0,0,0,0,0,21.0,0.0,63.0,0,phase_0,rl_policy_v3,,,
436.0,0,56,87.0,1.554,4,0.0,4,0.0,1,0.0,9,0.0,0,0,0,0,22.0,0.0,65.0,0,phase_0,rl_policy_v3,,,
437.0,0,56,90.0,1.607,4,0.0,4,0.0,1,0.0,9,0.0,0,0,0,0,23.0,0.0,67.0,0,phase_0,rl_policy_v3,,,
438.0,0,55,94.0,1.709,4,0.0,4,0.0,1,0.0,9,0.0,0,0,0,0,24.0,0.0,70.0,0,phase_0,rl_policy_v3,,,
439.0,0,56,98.0,1.75,4,0.0,4,0.0,1,0.0,10,0.0,0,0,0,0,25.0,0.0,73.0,0,phase_0,rl_policy_v3,,,
440.0,0,55,103.0,1.873,4,0.0,4,0.0,1,0.0,9,0.0,0,0,0,0,26.0,0.0,77.0,0,phase_0,rl_policy_v3,,,
441.0,0,55,109.0,1.982,4,0.0,4,0.0,1,0.0,9,0.0,0,0,0,0,27.0,0.0,82.0,0,phase_0,rl_policy_v3,,,
442.0,0,56,116.0,2.071,4,0.0,4,0.0,0,0.0,10,0.0,0,0,0,0,28.0,0.0,88.0,0,phase_0,rl_policy_v3,,,
443.0,0,52,12.0,0.231,4,0.0,4,0.0,0,0.0,9,0.0,0,0,0,0,0.0,0.0,12.0,0,phase_0,rl_policy_v3,,,
444.0,0,54,14.0,0.259,4,0.0,4,0.0,0,0.0,9,0.0,0,0,0,0,0.0,0.0,14.0,0,phase_0,rl_policy_v3,,,
445.0,0,55,18.0,0.327,4,0.0,4,0.0,0,0.0,9,0.0,0,0,0,0,0.0,0.0,18.0,0,phase_0,rl_policy_v3,,,
446.0,0,54,22.0,0.407,4,0.0,4,0.0,0,0.0,9,0.0,0,0,0,0,0.0,0.0,22.0,0,phase_0,rl_policy_v3,,,
447.0,0,54,27.0,0.5,4,0.0,4,0.0,0,0.0,9,0.0,0,0,0,0,0.0,0.0,27.0,0,phase_0,rl_policy_v3,,,
448.0,0,54,32.0,0.593,4,0.0,4,0.0,0,0.0,9,0.0,0,0,0,0,0.0,0.0,32.0,0,phase_0,rl_policy_v3,,,
449.0,0,54,38.0,0.704,4,0.0,4,0.0,1,0.0,8,0.0,0,0,0,0,0.0,0.0,38.0,0,phase_0,rl_policy_v3,,,
450.0,0,54,47.0,0.87,4,0.0,4,1.0,1,0.0,8,0.0,0,1,0,0,1.0,1.0,45.0,0,phase_0,rl_policy_v3,,,
451.0,0,54,57.0,1.056,4,1.0,4,2.0,1,0.0,7,0.0,1,1,0,0,2.0,3.0,52.0,0,phase_0,rl_policy_v3,,,
452.0,0,55,68.0,1.236,4,2.0,4,3.0,2,0.0,7,0.0,1,1,0,0,3.0,5.0,60.0,0,phase_0,rl_policy_v3,,,
453.0,0,56,80.0,1.429,4,3.0,4,4.0,2,0.0,7,0.0,1,1,0,0,4.0,7.0,69.0,0,phase_0,rl_policy_v3,,,
454.0,0,59,93.0,1.576,4,4.0,4,5.0,3,0.0,8,0.0,1,1,0,0,5.0,9.0,79.0,0,phase_0,rl_policy_v3,,,
455.0,0,56,107.0,1.911,4,5.0,4,6.0,3,0.0,6,0.0,0,0,0,0,6.0,11.0,90.0,0,phase_0,rl_policy_v3,,,
456.0,0,57,120.0,2.105,4,6.0,4,7.0,3,0.0,7,0.0,0,0,0,0,7.0,13.0,100.0,0,phase_0,rl_policy_v3,,,
457.0,0,62,133.0,2.145,5,7.0,5,8.0,3,0.0,7,0.0,0,0,0,0,8.0,15.0,110.0,0,phase_0,rl_policy_v3,,,
458.0,1,62,148.0,2.387,5,8.0,5,9.0,3,0.0,7,0.0,0,0,0,0,9.0,17.0,122.0,0,phase_1,rl_policy_v3,,,
459.0,1,61,164.0,2.689,5,9.0,5,10.0,3,0.0,7,0.0,0,0,0,0,10.0,19.0,135.0,0,phase_1,rl_policy_v3,,,
460.0,1,62,181.0,2.919,5,10.0,5,11.0,3,0.0,8,0.0,0,0,0,0,11.0,21.0,149.0,0,phase_1,rl_policy_v3,,,
461.0,2,57,140.0,2.456,4,0.0,4,0.0,3,0.0,8,1.0,0,0,0,0,0.0,1.0,139.0,0,phase_2,rl_policy_v3,,,
462.0,2,58,133.0,2.293,4,0.0,4,0.0,3,0.0,8,2.0,0,0,0,0,0.0,2.0,131.0,0,phase_2,rl_policy_v3,,,
463.0,2,58,127.0,2.19,4,0.0,4,0.0,3,0.0,8,3.0,0,0,0,0,0.0,3.0,124.0,0,phase_2,rl_policy_v3,,,
464.0,2,58,123.0,2.121,4,0.0,4,0.0,3,0.0,8,4.0,0,0,0,0,0.0,4.0,119.0,0,phase_2,rl_policy_v3,,,
465.0,2,59,120.0,2.034,4,0.0,4,0.0,3,0.0,9,5.0,0,0,0,0,0.0,5.0,115.0,0,phase_2,rl_policy_v3,,,
466.0,2,59,120.0,2.034,4,0.0,4,0.0,3,0.0,9,8.0,0,0,0,1,0.0,8.0,112.0,0,phase_2,rl_policy_v3,,,
467.0,2,58,119.0,2.052,4,0.0,4,0.0,3,0.0,9,11.0,0,0,0,1,0.0,11.0,108.0,0,phase_2,rl_policy_v3,,,
468.0,2,55,119.0,2.164,4,0.0,4,0.0,3,0.0,9,14.0,0,0,0,1,0.0,14.0,105.0,0,phase_2,rl_policy_v3,,,
469.0,2,58,119.0,2.052,4,0.0,4,0.0,3,0.0,10,17.0,0,0,0,1,0.0,17.0,102.0,0,phase_2,rl_policy_v3,,,
470.0,2,56,121.0,2.161,4,0.0,4,0.0,3,0.0,10,21.0,0,0,0,1,0.0,21.0,100.0,0,phase_2,rl_policy_v3,,,
471.0,2,55,125.0,2.273,3,0.0,4,0.0,3,0.0,10,25.0,0,0,0,1,0.0,25.0,100.0,0,phase_2,rl_policy_v3,,,
472.0,2,54,144.0,2.667,3,0.0,3,0.0,3,0.0,11,29.0,0,0,0,1,0.0,29.0,115.0,0,phase_2,rl_policy_v3,,,
473.0,2,52,147.0,2.827,3,0.0,3,0.0,3,0.0,11,34.0,0,0,0,1,0.0,34.0,113.0,0,phase_2,rl_policy_v3,,,
474.0,2,53,147.0,2.774,3,0.0,3,0.0,3,0.0,12,39.0,0,0,0,1,0.0,39.0,108.0,0,phase_2,rl_policy_v3,,,
475.0,2,53,148.0,2.792,3,0.0,3,0.0,3,0.0,12,44.0,0,0,0,1,0.0,44.0,104.0,0,phase_2,rl_policy_v3,,,
476.0,2,54,150.0,2.778,3,0.0,3,0.0,3,0.0,13,49.0,0,0,0,1,0.0,49.0,101.0,0,phase_2,rl_policy_v3,,,
477.0,2,54,166.0,3.074,3,0.0,3,0.0,3,0.0,13,54.0,0,0,0,1,0.0,54.0,112.0,0,phase_2,rl_policy_v3,,,
478.0,2,51,166.0,3.255,2,0.0,2,0.0,3,0.0,13,59.0,0,0,0,1,0.0,59.0,107.0,0,phase_2,rl_policy_v3,,,
479.0,2,50,166.0,3.32,2,0.0,2,0.0,3,0.0,13,64.0,0,0,0,1,0.0,64.0,102.0,0,phase_2,rl_policy_v3,,,
480.0,2,49,165.0,3.367,2,0.0,2,0.0,3,0.0,14,69.0,0,0,0,1,0.0,69.0,96.0,0,phase_2,rl_policy_v3,,,
481.0,3,52,165.0,3.173,4,0.0,4,0.0,3,1.0,14,74.0,0,0,1,1,0.0,75.0,90.0,0,phase_3,rl_policy_v3,,,
482.0,3,54,165.0,3.056,5,0.0,5,1.0,3,2.0,14,79.0,0,0,1,1,0.0,82.0,83.0,0,phase_3,rl_policy_v3,,,
483.0,3,55,179.0,3.255,5,1.0,5,2.0,3,3.0,15,84.0,0,0,1,1,0.0,90.0,89.0,0,phase_3,rl_policy_v3,,,
484.0,0,53,114.0,2.151,5,3.0,5,4.0,3,0.0,14,27.0,0,0,0,1,0.0,34.0,80.0,0,phase_0,rl_policy_v3,,,
485.0,0,51,80.0,1.569,5,5.0,5,6.0,0,0.0,15,0.0,0,0,0,0,0.0,11.0,69.0,0,phase_0,rl_policy_v3,,,
486.0,0,50,73.0,1.46,5,7.0,5,8.0,1,0.0,13,0.0,0,0,0,0,0.0,15.0,58.0,0,phase_0,rl_policy_v3,,,
487.0,0,51,80.0,1.569,5,9.0,5,10.0,1,0.0,14,0.0,0,0,0,0,0.0,19.0,61.0,0,phase_0,rl_policy_v3,,,
488.0,0,47,24.0,0.511,5,11.0,5,12.0,1,0.0,14,0.0,0,0,0,0,0.0,23.0,1.0,0,phase_0,rl_policy_v3,,,
489.0,0,47,31.0,0.66,5,13.0,5,14.0,1,0.0,14,1.0,0,0,0,0,0.0,28.0,3.0,0,phase_0,rl_policy_v3,,,
490.0,0,46,40.0,0.87,5,15.0,5,16.0,1,0.0,14,2.0,0,0,0,0,1.0,33.0,6.0,0,phase_0,rl_policy_v3,,,
491.0,0,46,49.0,1.065,5,17.0,5,18.0,1,0.0,15,3.0,0,0,0,0,2.0,38.0,9.0,0,phase_0,rl_policy_v3,,,
492.0,0,46,58.0,1.261,5,19.0,5,20.0,1,0.0,15,4.0,0,0,0,0,3.0,43.0,12.0,0,phase_0,rl_policy_v3,,,
493.0,0,48,67.0,1.396,5,21.0,5,22.0,1,0.0,15,5.0,0,0,0,0,4.0,48.0,15.0,0,phase_0,rl_policy_v3,,,
494.0,0,48,77.0,1.604,5,23.0,5,24.0,1,0.0,15,6.0,0,0,0,0,5.0,53.0,19.0,0,phase_0,rl_policy_v3,,,
495.0,0,50,89.0,1.78,5,25.0,5,26.0,1,0.0,14,8.0,0,0,0,0,6.0,59.0,24.0,0,phase_0,rl_policy_v3,,,
496.0,0,50,101.0,2.02,5,27.0,5,28.0,1,0.0,14,10.0,0,0,0,0,7.0,65.0,29.0,0,phase_0,rl_policy_v3,,,
497.0,0,50,115.0,2.3,5,30.0,5,30.0,1,0.0,12,12.0,0,0,0,1,8.0,72.0,35.0,0,phase_0,rl_policy_v3,,,
498.0,0,51,118.0,2.314,5,33.0,5,34.0,1,0.0,12,0.0,0,1,0,0,9.0,67.0,42.0,0,phase_0,rl_policy_v3,,,
499.0,0,52,135.0,2.596,5,37.0,5,38.0,1,0.0,11,0.0,1,1,0,0,10.0,75.0,50.0,0,phase_0,rl_policy_v3,,,
500.0,0,50,152.0,3.04,5,41.0,5,42.0,1,0.0,9,0.0,1,1,0,0,11.0,83.0,58.0,0,phase_0,rl_policy_v3,,,
501.0,0,51,170.0,3.333,5,45.0,5,46.0,1,0.0,10,0.0,1,1,0,0,12.0,91.0,67.0,0,phase_0,rl_policy_v3,,,
502.0,0,52,188.0,3.615,5,49.0,5,50.0,1,0.0,10,0.0,1,1,0,0,13.0,99.0,76.0,0,phase_0,rl_policy_v3,,,
503.0,0,51,207.0,4.059,5,53.0,5,54.0,1,0.0,8,0.0,1,1,0,0,14.0,107.0,86.0,0,phase_0,rl_policy_v3,,,
504.0,0,52,226.0,4.346,5,57.0,5,58.0,1,0.0,8,0.0,1,1,0,0,15.0,115.0,96.0,0,phase_0,rl_policy_v3,,,
505.0,0,59,246.0,4.169,6,61.0,6,62.0,1,0.0,8,0.0,0,0,0,0,16.0,123.0,107.0,0,phase_0,rl_policy_v3,,,
506.0,0,59,250.0,4.237,6,65.0,6,66.0,1,0.0,8,0.0,0,0,0,0,0.0,131.0,119.0,0,phase_0,rl_policy_v3,,,
507.0,0,58,271.0,4.672,6,69.0,6,70.0,1,0.0,7,0.0,0,0,0,0,0.0,139.0,132.0,0,phase_0,rl_policy_v3,,,
508.0,0,58,293.0,5.052,6,73.0,6,74.0,1,0.0,7,0.0,0,0,0,0,0.0,147.0,146.0,0,phase_0,rl_policy_v3,,,
509.0,0,60,316.0,5.267,6,77.0,6,78.0,1,0.0,7,0.0,0,0,0,0,0.0,155.0,161.0,0,phase_0,rl_policy_v3,,,
510.0,0,60,339.0,5.65,6,81.0,6,82.0,2,0.0,6,0.0,0,0,0,0,0.0,163.0,176.0,0,phase_0,rl_policy_v3,,,
511.0,0,61,362.0,5.934,6,85.0,6,86.0,2,0.0,6,0.0,0,0,0,0,0.0,171.0,191.0,0,phase_0,rl_policy_v3,,,
512.0,0,61,386.0,6.328,6,89.0,6,90.0,2,0.0,6,0.0,0,0,0,0,0.0,179.0,207.0,0,phase_0,rl_policy_v3,,,
513.0,0,60,410.0,6.833,6,93.0,6,94.0,2,0.0,6,0.0,0,0,0,0,0.0,187.0,223.0,0,phase_0,rl_policy_v3,,,
514.0,0,59,435.0,7.373,6,97.0,6,98.0,2,0.0,4,0.0,0,0,0,0,0.0,195.0,240.0,0,phase_0,rl_policy_v3,,,
515.0,0,60,461.0,7.683,6,101.0,6,102.0,2,0.0,5,0.0,0,0,0,0,0.0,203.0,258.0,0,phase_0,rl_policy_v3,,,
516.0,0,62,487.0,7.855,6,105.0,6,106.0,2,0.0,4,0.0,0,0,0,0,0.0,211.0,276.0,0,phase_0,rl_policy_v3,,,
517.0,0,62,514.0,8.29,6,109.0,6,110.0,2,0.0,4,0.0,0,0,0,0,0.0,219.0,295.0,0,phase_0,rl_policy_v3,,,
518.0,0,62,542.0,8.742,6,113.0,6,114.0,1,0.0,4,0.0,0,0,0,0,0.0,227.0,315.0,0,phase_0,rl_policy_v3,,,
519.0,0,61,571.0,9.361,6,117.0,6,118.0,1,0.0,4,0.0,0,0,0,0,0.0,235.0,336.0,0,phase_0,rl_policy_v3,,,
520.0,0,59,601.0,10.186,6,121.0,6,122.0,1,0.0,3,0.0,0,0,0,0,0.0,243.0,358.0,0,phase_0,rl_policy_v3,,,
521.0,0,59,631.0,10.695,6,125.0,6,126.0,2,0.0,2,0.0,0,0,0,0,0.0,251.0,380.0,0,phase_0,rl_policy_v3,,,
522.0,0,61,663.0,10.869,6,129.0,6,131.0,2,0.0,3,0.0,0,2,0,0,0.0,260.0,403.0,0,phase_0,rl_policy_v3,,,
523.0,0,61,695.0,11.393,6,133.0,6,136.0,3,0.0,3,0.0,0,2,0,0,0.0,269.0,426.0,0,phase_0,rl_policy_v3,,,
524.0,0,62,728.0,11.742,6,138.0,6,141.0,3,0.0,4,0.0,2,2,0,0,0.0,279.0,449.0,0,phase_0,rl_policy_v3,,,
525.0,0,61,761.0,12.475,6,143.0,6,146.0,3,0.0,4,0.0,2,2,0,0,0.0,289.0,472.0,0,phase_0,rl_policy_v3,,,
526.0,1,62,794.0,12.806,6,148.0,6,151.0,3,0.0,4,0.0,2,2,0,0,0.0,299.0,495.0,0,phase_1,rl_policy_v3,,,
527.0,1,61,827.0,13.557,6,153.0,6,156.0,3,0.0,4,0.0,2,2,0,0,0.0,309.0,518.0,0,phase_1,rl_policy_v3,,,
528.0,1,61,860.0,14.098,6,158.0,6,161.0,3,0.0,4,0.0,2,2,0,0,0.0,319.0,541.0,0,phase_1,rl_policy_v3,,,
529.0,2,61,737.0,12.082,6,85.0,6,86.0,3,0.0,4,0.0,0,0,0,0,2.0,171.0,564.0,0,phase_2,rl_policy_v3,,,
530.0,2,61,659.0,10.803,6,34.0,6,33.0,3,0.0,4,0.0,0,0,0,0,5.0,67.0,587.0,0,phase_2,rl_policy_v3,,,
531.0,2,61,620.0,10.164,6,0.0,6,0.0,3,0.0,4,0.0,0,0,0,0,10.0,0.0,610.0,0,phase_2,rl_policy_v3,,,
532.0,2,59,648.0,10.983,4,0.0,4,0.0,3,0.0,5,0.0,0,0,0,0,15.0,0.0,633.0,0,phase_2,rl_policy_v3,,,
533.0,2,58,630.0,10.862,4,0.0,4,0.0,3,0.0,5,0.0,0,0,0,0,20.0,0.0,610.0,0,phase_2,rl_policy_v3,,,
534.0,2,59,614.0,10.407,4,0.0,4,0.0,3,0.0,5,1.0,0,0,0,0,27.0,1.0,586.0,0,phase_2,rl_policy_v3,,,
535.0,2,58,598.0,10.31,3,0.0,3,0.0,3,0.0,5,2.0,0,0,0,0,35.0,2.0,561.0,0,phase_2,rl_policy_v3,,,
536.0,2,60,584.0,9.733,3,0.0,3,0.0,3,0.0,5,3.0,0,0,0,1,43.0,3.0,538.0,0,phase_2,rl_policy_v3,,,
537.0,2,60,569.0,9.483,3,0.0,3,0.0,3,0.0,5,4.0,0,0,0,1,51.0,4.0,514.0,0,phase_2,rl_policy_v3,,,
538.0,2,61,555.0,9.098,3,0.0,3,0.0,3,0.0,6,5.0,0,0,0,0,60.0,5.0,490.0,0,phase_2,rl_policy_v3,,,
539.0,2,61,540.0,8.852,3,0.0,3,0.0,3,0.0,6,6.0,0,0,0,0,69.0,6.0,465.0,0,phase_2,rl_policy_v3,,,
540.0,2,61,524.0,8.59,3,0.0,3,0.0,3,0.0,6,7.0,0,0,0,0,78.0,7.0,439.0,0,phase_2,rl_policy_v3,,,
541.0,2,63,508.0,8.063,3,0.0,3,0.0,3,0.0,6,8.0,0,0,0,0,87.0,8.0,413.0,0,phase_2,rl_policy_v3,,,
542.0,2,64,493.0,7.703,3,0.0,3,0.0,3,0.0,7,9.0,0,0,0,0,96.0,9.0,388.0,0,phase_2,rl_policy_v3,,,
543.0,2,62,515.0,8.306,2,0.0,2,0.0,3,0.0,7,10.0,0,0,0,0,105.0,10.0,400.0,0,phase_2,rl_policy_v3,,,
544.0,2,62,499.0,8.048,2,0.0,2,0.0,3,0.0,7,11.0,0,0,0,0,115.0,11.0,373.0,0,phase_2,rl_policy_v3,,,
545.0,2,63,484.0,7.683,2,0.0,2,0.0,3,0.0,8,12.0,0,0,0,0,127.0,12.0,345.0,0,phase_2,rl_policy_v3,,,
546.0,2,63,468.0,7.429,2,0.0,2,0.0,3,0.0,8,13.0,0,0,0,0,139.0,13.0,316.0,0,phase_2,rl_policy_v3,,,
547.0,2,63,451.0,7.159,2,0.0,2,0.0,3,0.0,8,14.0,0,0,0,0,151.0,14.0,286.0,0,phase_2,rl_policy_v3,,,
548.0,2,64,473.0,7.391,2,0.0,2,0.0,3,0.0,9,15.0,0,0,0,0,163.0,15.0,295.0,0,phase_2,rl_policy_v3,,,
549.0,2,64,455.0,7.109,2,0.0,2,0.0,3,0.0,9,16.0,0,0,0,0,176.0,16.0,263.0,0,phase_2,rl_policy_v3,,,
550.0,2,64,438.0,6.844,2,0.0,2,0.0,3,0.0,9,17.0,0,0,0,0,189.0,17.0,232.0,0,phase_2,rl_policy_v3,,,
551.0,2,61,355.0,5.82,2,0.0,2,0.0,3,1.0,9,18.0,0,0,1,0,135.0,19.0,201.0,0,phase_2,rl_policy_v3,,,
552.0,2,60,272.0,4.533,2,0.0,2,0.0,3,2.0,9,19.0,0,0,1,0,81.0,21.0,170.0,0,phase_2,rl_policy_v3,,,
553.0,2,63,204.0,3.238,3,0.0,3,0.0,3,4.0,10,22.0,0,0,2,0,39.0,26.0,139.0,0,phase_2,rl_policy_v3,,,
554.0,2,61,151.0,2.475,3,0.0,3,0.0,3,6.0,10,25.0,0,0,2,0,12.0,31.0,108.0,0,phase_2,rl_policy_v3,,,
555.0,2,60,114.0,1.9,3,0.0,3,0.0,3,9.0,10,28.0,0,0,3,0,0.0,37.0,77.0,0,phase_2,rl_policy_v3,,,
556.0,2,57,126.0,2.211,3,0.0,3,0.0,3,12.0,10,31.0,0,0,3,0,0.0,43.0,83.0,0,phase_2,rl_policy_v3,,,
557.0,2,56,101.0,1.804,3,0.0,3,0.0,3,15.0,10,34.0,0,0,3,0,0.0,49.0,52.0,0,phase_2,rl_policy_v3,,,
558.0,2,57,114.0,2.0,3,0.0,3,0.0,4,18.0,10,37.0,0,0,2,0,1.0,55.0,58.0,0,phase_2,rl_policy_v3,,,
559.0,2,55,91.0,1.655,3,0.0,3,0.0,4,21.0,11,41.0,0,0,2,0,2.0,62.0,27.0,0,phase_2,rl_policy_v3,,,
560.0,2,55,106.0,1.927,3,0.0,3,0.0,4,24.0,11,45.0,0,0,2,0,3.0,69.0,34.0,0,phase_2,rl_policy_v3,,,
561.0,2,52,122.0,2.346,3,0.0,3,0.0,4,27.0,11,49.0,0,0,2,0,4.0,76.0,42.0,0,phase_2,rl_policy_v3,,,
562.0,2,53,139.0,2.623,3,0.0,3,0.0,4,30.0,12,53.0,0,0,2,0,5.0,83.0,51.0,0,phase_2,rl_policy_v3,,,
563.0,2,51,157.0,3.078,3,0.0,3,0.0,4,33.0,12,57.0,0,0,2,0,6.0,90.0,61.0,0,phase_2,rl_policy_v3,,,
564.0,2,50,176.0,3.52,3,0.0,3,0.0,4,36.0,12,62.0,0,0,2,0,7.0,98.0,71.0,0,phase_2,rl_policy_v3,,,
565.0,2,50,192.0,3.84,3,0.0,3,0.0,4,39.0,12,67.0,0,0,2,0,8.0,106.0,78.0,0,phase_2,rl_policy_v3,,,
566.0,2,49,197.0,4.02,3,0.0,3,0.0,4,42.0,13,72.0,0,0,2,0,9.0,114.0,74.0,0,phase_2,rl_policy_v3,,,
567.0,2,48,203.0,4.229,2,0.0,2,0.0,4,45.0,13,77.0,0,0,2,0,10.0,122.0,71.0,0,phase_2,rl_policy_v3,,,
568.0,3,49,209.0,4.265,2,0.0,2,0.0,4,48.0,14,82.0,0,0,2,0,11.0,130.0,68.0,0,phase_3,rl_policy_v3,,,
569.0,3,49,216.0,4.408,2,0.0,2,0.0,4,51.0,14,87.0,0,0,2,0,12.0,138.0,66.0,0,phase_3,rl_policy_v3,,,
570.0,3,49,223.0,4.551,2,0.0,2,0.0,4,54.0,14,92.0,0,0,2,0,13.0,146.0,64.0,0,phase_3,rl_policy_v3,,,
571.0,0,43,104.0,2.419,2,0.0,2,0.0,1,0.0,11,27.0,0,0,0,0,14.0,27.0,63.0,0,phase_0,rl_policy_v3,,,
572.0,0,43,78.0,1.814,2,0.0,2,0.0,1,0.0,11,0.0,0,0,0,0,15.0,0.0,63.0,0,phase_0,rl_policy_v3,,,
573.0,0,44,79.0,1.795,2,0.0,2,0.0,1,0.0,12,0.0,0,0,0,0,16.0,0.0,63.0,0,phase_0,rl_policy_v3,,,
574.0,0,41,82.0,2.0,2,0.0,2,0.0,1,0.0,10,0.0,0,0,0,0,17.0,0.0,65.0,0,phase_0,rl_policy_v3,,,
575.0,0,47,84.0,1.787,2,0.0,2,0.0,1,0.0,10,0.0,0,0,0,0,18.0,0.0,66.0,0,phase_0,rl_policy_v3,,,
576.0,0,49,95.0,1.939,2,0.0,2,0.0,1,0.0,11,0.0,0,0,0,0,19.0,0.0,76.0,0,phase_0,rl_policy_v3,,,
577.0,0,54,97.0,1.796,4,0.0,4,0.0,1,0.0,8,0.0,0,0,0,0,20.0,0.0,77.0,0,phase_0,rl_policy_v3,,,
578.0,0,54,64.0,1.185,4,0.0,4,0.0,1,0.0,9,0.0,0,0,0,0,21.0,0.0,43.0,0,phase_0,rl_policy_v3,,,
579.0,0,56,48.0,0.857,4,0.0,4,0.0,1,0.0,9,0.0,0,0,0,0,22.0,0.0,26.0,0,phase_0,rl_policy_v3,,,
580.0,0,55,46.0,0.836,4,0.0,4,0.0,1,0.0,8,0.0,0,0,0,0,23.0,0.0,23.0,0,phase_0,rl_policy_v3,,,
581.0,0,52,45.0,0.865,4,0.0,4,0.0,1,0.0,8,0.0,0,0,0,0,24.0,0.0,21.0,0,phase_0,rl_policy_v3,,,
582.0,0,53,44.0,0.83,4,0.0,4,0.0,1,0.0,9,0.0,0,0,0,0,25.0,0.0,19.0,0,phase_0,rl_policy_v3,,,
583.0,0,54,53.0,0.981,4,0.0,4,0.0,1,0.0,9,0.0,0,0,0,0,26.0,0.0,27.0,0,phase_0,rl_policy_v3,,,
584.0,0,53,55.0,1.038,4,0.0,4,0.0,1,0.0,8,0.0,0,0,0,0,27.0,0.0,28.0,0,phase_0,rl_policy_v3,,,
585.0,0,53,57.0,1.075,4,0.0,4,0.0,1,0.0,8,0.0,0,0,0,0,28.0,0.0,29.0,0,phase_0,rl_policy_v3,,,
586.0,0,54,61.0,1.13,4,0.0,4,0.0,1,0.0,8,0.0,0,0,0,0,29.0,0.0,32.0,0,phase_0,rl_policy_v3,,,
587.0,0,54,71.0,1.315,4,0.0,4,0.0,1,0.0,8,0.0,0,0,0,0,30.0,0.0,41.0,0,phase_0,rl_policy_v3,,,
588.0,0,54,74.0,1.37,4,0.0,4,0.0,0,0.0,8,0.0,0,0,0,0,31.0,0.0,43.0,0,phase_0,rl_policy_v3,,,
589.0,0,54,77.0,1.426,4,0.0,4,0.0,0,0.0,8,0.0,0,0,0,0,32.0,0.0,45.0,0,phase_0,rl_policy_v3,,,
590.0,0,54,80.0,1.481,4,0.0,4,0.0,0,0.0,7,0.0,0,0,0,0,33.0,0.0,47.0,0,phase_0,rl_policy_v3,,,
591.0,0,55,84.0,1.527,4,0.0,4,0.0,0,0.0,7,0.0,0,0,0,0,34.0,0.0,50.0,0,phase_0,rl_policy_v3,,,
592.0,0,53,93.0,1.755,4,0.0,4,0.0,0,0.0,7,0.0,0,0,0,0,35.0,0.0,58.0,0,phase_0,rl_policy_v3,,,
593.0,0,56,103.0,1.839,4,0.0,4,0.0,1,0.0,8,0.0,0,0,0,0,36.0,0.0,67.0,0,phase_0,rl_policy_v3,,,
594.0,0,55,114.0,2.073,4,0.0,4,0.0,1,0.0,8,0.0,0,0,0,0,38.0,0.0,76.0,0,phase_0,rl_policy_v3,,,
595.0,0,55,127.0,2.309,4,1.0,4,0.0,1,0.0,8,0.0,1,0,0,0,40.0,1.0,86.0,0,phase_0,rl_policy_v3,,,
596.0,0,55,102.0,1.855,4,2.0,4,0.0,1,0.0,9,0.0,1,0,0,0,3.0,2.0,97.0,0,phase_0,rl_policy_v3,,,
597.0,0,55,113.0,2.055,4,4.0,4,1.0,1,0.0,9,0.0,1,0,0,0,0.0,5.0,108.0,0,phase_0,rl_policy_v3,,,
598.0,0,55,129.0,2.345,4,6.0,4,3.0,1,0.0,8,0.0,1,1,0,0,0.0,9.0,120.0,0,phase_0,rl_policy_v3,,,
599.0,0,55,145.0,2.636,4,8.0,4,5.0,1,0.0,8,0.0,1,1,0,0,0.0,13.0,132.0,0,phase_0,rl_policy_v3,,,
600.0,0,54,164.0,3.037,4,11.0,4,8.0,2,0.0,6,0.0,4,1,0,0,0.0,19.0,145.0,0,phase_0,rl_policy_v3,,,
601.0,0,58,185.0,3.19,6,15.0,6,11.0,2,0.0,6,0.0,0,0,0,0,0.0,26.0,159.0,0,phase_0,rl_policy_v3,,,
602.0,0,60,208.0,3.467,6,19.0,6,15.0,2,0.0,6,0.0,0,0,0,0,0.0,34.0,174.0,0,phase_0,rl_policy_v3,,,
603.0,0,61,231.0,3.787,6,23.0,6,19.0,3,0.0,5,0.0,0,0,0,0,0.0,42.0,189.0,0,phase_0,rl_policy_v3,,,
604.0,0,60,255.0,4.25,6,27.0,6,23.0,3,0.0,5,0.0,0,0,0,0,0.0,50.0,205.0,0,phase_0,rl_policy_v3,,,
605.0,0,59,280.0,4.746,6,31.0,6,27.0,3,0.0,5,0.0,0,0,0,0,0.0,58.0,222.0,0,phase_0,rl_policy_v3,,,
606.0,0,59,306.0,5.186,6,35.0,6,31.0,3,0.0,5,0.0,0,0,0,0,1.0,66.0,239.0,0,phase_0,rl_policy_v3,,,
607.0,0,60,334.0,5.567,6,39.0,6,35.0,3,0.0,5,0.0,0,0,0,0,3.0,74.0,257.0,0,phase_0,rl_policy_v3,,,
608.0,0,61,363.0,5.951,6,43.0,6,39.0,3,0.0,5,0.0,0,0,0,0,5.0,82.0,276.0,0,phase_0,rl_policy_v3,,,
609.0,0,60,393.0,6.55,6,47.0,6,43.0,3,0.0,4,0.0,0,0,0,0,8.0,90.0,295.0,0,phase_0,rl_policy_v3,,,
610.0,0,61,426.0,6.984,6,51.0,6,47.0,3,0.0,4,0.0,0,0,0,0,12.0,98.0,316.0,0,phase_0,rl_policy_v3,,,
611.0,0,61,460.0,7.541,6,55.0,6,51.0,3,0.0,4,0.0,0,0,0,0,17.0,106.0,337.0,0,phase_0,rl_policy_v3,,,
612.0,0,59,495.0,8.39,6,59.0,6,55.0,3,0.0,3,0.0,0,0,0,0,22.0,114.0,359.0,0,phase_0,rl_policy_v3,,,
613.0,1,62,530.0,8.548,6,63.0,6,59.0,3,0.0,3,0.0,0,0,0,0,27.0,122.0,381.0,0,phase_1,rl_policy_v3,,,
614.0,1,61,566.0,9.279,6,67.0,6,63.0,3,0.0,3,0.0,0,0,0,0,32.0,130.0,404.0,0,phase_1,rl_policy_v3,,,
615.0,1,62,603.0,9.726,6,71.0,6,67.0,3,0.0,4,0.0,0,0,0,0,38.0,138.0,427.0,0,phase_1,rl_policy_v3,,,
616.0,2,60,559.0,9.317,5,33.0,5,32.0,3,0.0,4,0.0,0,0,0,0,44.0,65.0,450.0,0,phase_2,rl_policy_v3,,,
617.0,2,59,557.0,9.441,5,17.0,4,16.0,3,0.0,4,0.0,0,0,0,0,51.0,33.0,473.0,0,phase_2,rl_policy_v3,,,
618.0,2,58,555.0,9.569,4,0.0,4,0.0,3,0.0,4,0.0,0,0,0,0,59.0,0.0,496.0,0,phase_2,rl_policy_v3,,,
619.0,2,58,586.0,10.103,3,0.0,4,0.0,3,0.0,4,0.0,0,0,0,0,67.0,0.0,519.0,0,phase_2,rl_policy_v3,,,
620.0,2,57,617.0,10.825,3,0.0,3,0.0,3,0.0,4,0.0,0,0,0,0,75.0,0.0,542.0,0,phase_2,rl_policy_v3,,,
621.0,2,56,648.0,11.571,3,0.0,2,0.0,3,0.0,4,0.0,0,0,0,0,83.0,0.0,565.0,0,phase_2,rl_policy_v3,,,
622.0,2,55,680.0,12.364,2,0.0,2,0.0,3,0.0,4,0.0,0,0,0,0,91.0,0.0,589.0,0,phase_2,rl_policy_v3,,,
623.0,2,53,669.0,12.623,2,0.0,2,0.0,3,0.0,4,0.0,0,0,0,0,100.0,0.0,569.0,0,phase_2,rl_policy_v3,,,
624.0,2,55,658.0,11.964,2,0.0,2,0.0,3,0.0,5,1.0,0,0,0,0,109.0,1.0,548.0,0,phase_2,rl_policy_v3,,,
625.0,2,59,648.0,10.983,4,0.0,3,0.0,3,1.0,5,2.0,0,0,1,0,118.0,3.0,527.0,0,phase_2,rl_policy_v3,,,
626.0,2,58,638.0,11.0,3,0.0,3,0.0,3,2.0,5,3.0,0,0,1,0,127.0,5.0,506.0,0,phase_2,rl_policy_v3,,,
627.0,2,56,566.0,10.107,3,0.0,3,0.0,3,3.0,6,4.0,0,0,1,0,80.0,7.0,479.0,0,phase_2,rl_policy_v3,,,
628.0,2,57,504.0,8.842,3,0.0,3,0.0,3,4.0,6,5.0,0,0,1,0,37.0,9.0,458.0,0,phase_2,rl_policy_v3,,,
629.0,2,57,455.0,7.982,3,0.0,3,0.0,3,5.0,6,7.0,0,0,1,0,7.0,12.0,436.0,0,phase_2,rl_policy_v3,,,
630.0,2,56,429.0,7.661,3,0.0,3,0.0,4,6.0,6,9.0,0,0,0,0,0.0,15.0,414.0,0,phase_2,rl_policy_v3,,,
631.0,2,56,410.0,7.321,3,0.0,3,0.0,4,7.0,6,11.0,0,0,0,0,0.0,18.0,392.0,0,phase_2,rl_policy_v3,,,
632.0,2,56,392.0,7.0,3,0.0,3,0.0,4,8.0,6,13.0,0,0,0,0,0.0,21.0,371.0,0,phase_2,rl_policy_v3,,,
633.0,2,54,413.0,7.648,3,0.0,3,0.0,4,10.0,6,15.0,0,0,1,0,1.0,25.0,387.0,0,phase_2,rl_policy_v3,,,
634.0,2,53,396.0,7.472,3,0.0,3,0.0,4,12.0,6,17.0,0,0,1,0,2.0,29.0,365.0,0,phase_2,rl_policy_v3,,,
635.0,2,53,381.0,7.189,3,0.0,3,0.0,4,15.0,7,19.0,0,0,2,0,3.0,34.0,344.0,0,phase_2,rl_policy_v3,,,
636.0,2,51,366.0,7.176,3,0.0,3,0.0,4,18.0,7,21.0,0,0,2,0,4.0,39.0,323.0,0,phase_2,rl_policy_v3,,,
637.0,2,50,351.0,7.02,3,0.0,3,0.0,4,21.0,7,23.0,0,0,2,0,5.0,44.0,302.0,0,phase_2,rl_policy_v3,,,
638.0,2,49,335.0,6.837,3,0.0,3,0.0,4,24.0,7,25.0,0,0,2,0,6.0,49.0,280.0,0,phase_2,rl_policy_v3,,,
639.0,2,49,357.0,7.286,2,0.0,3,0.0,4,27.0,7,28.0,0,0,2,0,7.0,55.0,295.0,0,phase_2,rl_policy_v3,,,
640.0,2,48,343.0,7.146,2,0.0,3,0.0,4,30.0,7,31.0,0,0,2,0,8.0,61.0,274.0,0,phase_2,rl_policy_v3,,,
641.0,2,47,329.0,7.0,2,0.0,3,0.0,4,33.0,7,34.0,0,0,2,0,9.0,67.0,253.0,0,phase_2,rl_policy_v3,,,
642.0,2,45,315.0,7.0,2,0.0,2,0.0,4,36.0,7,37.0,0,0,2,0,10.0,73.0,232.0,0,phase_2,rl_policy_v3,,,
643.0,2,45,336.0,7.467,2,0.0,2,0.0,4,39.0,7,40.0,0,0,2,0,11.0,79.0,246.0,0,phase_2,rl_policy_v3,,,
644.0,2,44,321.0,7.295,2,0.0,2,0.0,4,42.0,7,43.0,0,0,2,0,12.0,85.0,224.0,0,phase_2,rl_policy_v3,,,
645.0,2,45,307.0,6.822,2,0.0,2,0.0,4,45.0,8,46.0,0,0,2,0,13.0,91.0,203.0,0,phase_2,rl_policy_v3,,,
646.0,2,45,292.0,6.489,2,0.0,2,0.0,4,48.0,8,49.0,0,0,2,0,14.0,97.0,181.0,0,phase_2,rl_policy_v3,,,
647.0,2,45,277.0,6.156,2,0.0,2,0.0,4,51.0,8,52.0,0,0,2,0,15.0,103.0,159.0,0,phase_2,rl_policy_v3,,,
648.0,2,44,263.0,5.977,2,0.0,2,0.0,4,54.0,8,55.0,0,0,2,0,16.0,109.0,138.0,0,phase_2,rl_policy_v3,,,
649.0,2,50,283.0,5.66,3,0.0,3,0.0,4,57.0,9,58.0,0,0,2,0,17.0,115.0,151.0,0,phase_2,rl_policy_v3,,,
650.0,2,51,304.0,5.961,3,0.0,3,0.0,4,60.0,9,61.0,0,0,2,0,18.0,121.0,165.0,0,phase_2,rl_policy_v3,,,
651.0,2,52,325.0,6.25,3,0.0,3,0.0,4,63.0,9,64.0,0,0,2,0,19.0,127.0,179.0,0,phase_2,rl_policy_v3,,,
652.0,2,52,348.0,6.692,3,0.0,3,0.0,4,66.0,9,68.0,0,0,2,1,20.0,134.0,194.0,0,phase_2,rl_policy_v3,,,
653.0,2,52,372.0,7.154,3,0.0,3,0.0,4,69.0,9,72.0,0,0,2,1,21.0,141.0,210.0,0,phase_2,rl_policy_v3,,,
654.0,2,51,397.0,7.784,3,0.0,3,0.0,4,72.0,9,76.0,0,0,2,1,22.0,148.0,227.0,0,phase_2,rl_policy_v3,,,
655.0,2,51,423.0,8.294,3,0.0,3,0.0,4,75.0,9,80.0,0,0,2,1,23.0,155.0,245.0,0,phase_2,rl_policy_v3,,,
656.0,2,51,451.0,8.843,3,0.0,3,0.0,4,78.0,10,85.0,0,0,2,1,24.0,163.0,264.0,0,phase_2,rl_policy_v3,,,
657.0,2,51,479.0,9.392,3,0.0,3,0.0,4,81.0,10,90.0,0,0,2,1,25.0,171.0,283.0,0,phase_2,rl_policy_v3,,,
658.0,3,49,508.0,10.367,3,0.0,3,0.0,4,84.0,10,96.0,0,0,2,3,26.0,180.0,302.0,0,phase_3,rl_policy_v3,,,
659.0,3,49,538.0,10.98,3,0.0,3,0.0,4,87.0,10,102.0,0,0,2,3,27.0,189.0,322.0,0,phase_3,rl_policy_v3,,,
660.0,3,49,569.0,11.612,3,0.0,3,0.0,4,90.0,10,108.0,0,0,2,3,28.0,198.0,343.0,0,phase_3,rl_policy_v3,,,
661.0,0,43,428.0,9.953,3,0.0,3,0.0,1,0.0,7,33.0,0,0,0,1,29.0,33.0,366.0,0,phase_0,rl_policy_v3,,,
662.0,0,43,424.0,9.86,3,0.0,3,0.0,1,0.0,7,7.0,0,0,0,0,30.0,7.0,387.0,0,phase_0,rl_policy_v3,,,
663.0,0,43,441.0,10.256,3,0.0,3,0.0,1,0.0,7,0.0,0,0,0,0,31.0,0.0,410.0,0,phase_0,rl_policy_v3,,,
664.0,0,40,465.0,11.625,3,0.0,3,0.0,0,0.0,6,0.0,0,0,0,0,32.0,0.0,433.0,0,phase_0,rl_policy_v3,,,
665.0,0,44,489.0,11.114,3,0.0,3,0.0,1,0.0,5,0.0,0,0,0,0,33.0,0.0,456.0,0,phase_0,rl_policy_v3,,,
666.0,0,43,515.0,11.977,3,0.0,3,1.0,1,0.0,5,0.0,0,1,0,0,35.0,1.0,479.0,0,phase_0,rl_policy_v3,,,
667.0,0,47,542.0,11.532,3,1.0,3,2.0,1,0.0,5,0.0,1,1,0,0,37.0,3.0,502.0,0,phase_0,rl_policy_v3,,,
668.0,0,47,569.0,12.106,3,2.0,3,3.0,1,0.0,5,0.0,1,0,0,0,39.0,5.0,525.0,0,phase_0,rl_policy_v3,,,
669.0,0,48,596.0,12.417,3,3.0,3,4.0,1,0.0,5,0.0,0,0,0,0,41.0,7.0,548.0,0,phase_0,rl_policy_v3,,,
670.0,0,49,623.0,12.714,3,4.0,3,5.0,1,0.0,5,0.0,0,0,0,0,43.0,9.0,571.0,0,phase_0,rl_policy_v3,,,
671.0,0,49,650.0,13.265,3,5.0,3,6.0,1,0.0,5,0.0,0,0,0,0,45.0,11.0,594.0,0,phase_0,rl_policy_v3,,,
672.0,0,47,592.0,12.596,3,6.0,3,7.0,1,0.0,5,0.0,0,0,0,0,7.0,13.0,572.0,0,phase_0,rl_policy_v3,,,
673.0,0,51,565.0,11.078,5,7.0,5,8.0,1,0.0,5,0.0,0,0,0,0,0.0,15.0,550.0,0,phase_0,rl_policy_v3,,,
674.0,0,50,545.0,10.9,5,8.0,5,9.0,1,0.0,4,0.0,0,0,0,0,0.0,17.0,528.0,0,phase_0,rl_policy_v3,,,
675.0,0,49,525.0,10.714,5,9.0,5,10.0,1,0.0,4,0.0,0,0,0,0,0.0,19.0,506.0,0,phase_0,rl_policy_v3,,,
676.0,0,51,504.0,9.882,5,10.0,5,11.0,2,0.0,4,0.0,0,0,0,0,0.0,21.0,483.0,0,phase_0,rl_policy_v3,,,
677.0,0,50,483.0,9.66,5,11.0,5,12.0,2,0.0,4,0.0,0,0,0,0,0.0,23.0,460.0,0,phase_0,rl_policy_v3,,,
678.0,0,52,463.0,8.904,5,12.0,5,13.0,3,0.0,5,0.0,0,0,0,0,0.0,25.0,438.0,0,phase_0,rl_policy_v3,,,
679.0,0,51,440.0,8.627,5,13.0,5,14.0,3,0.0,5,0.0,0,0,0,0,0.0,27.0,413.0,0,phase_0,rl_policy_v3,,,
680.0,0,52,457.0,8.788,5,14.0,5,15.0,3,0.0,5,0.0,0,0,0,0,0.0,29.0,428.0,0,phase_0,rl_policy_v3,,,
681.0,0,53,433.0,8.17,5,15.0,5,16.0,3,0.0,6,0.0,0,0,0,0,0.0,31.0,402.0,0,phase_0,rl_policy_v3,,,
682.0,0,52,410.0,7.885,5,16.0,5,17.0,3,0.0,5,0.0,0,0,0,0,0.0,33.0,377.0,0,phase_0,rl_policy_v3,,,
683.0,0,52,386.0,7.423,5,17.0,5,18.0,3,0.0,5,0.0,0,0,0,0,0.0,35.0,351.0,0,phase_0,rl_policy_v3,,,
684.0,0,53,361.0,6.811,5,18.0,5,19.0,3,0.0,5,0.0,0,0,0,0,0.0,37.0,324.0,0,phase_0,rl_policy_v3,,,
685.0,0,55,336.0,6.109,5,19.0,5,20.0,3,0.0,5,0.0,0,0,0,0,0.0,39.0,297.0,0,phase_0,rl_policy_v3,,,
686.0,0,54,312.0,5.778,5,20.0,5,21.0,3,0.0,5,0.0,0,0,0,0,0.0,41.0,271.0,0,phase_0,rl_policy_v3,,,
687.0,0,54,289.0,5.352,5,21.0,5,22.0,3,0.0,5,0.0,0,0,0,0,0.0,43.0,246.0,0,phase_0,rl_policy_v3,,,
688.0,0,54,299.0,5.537,5,22.0,5,23.0,3,0.0,5,0.0,0,0,0,0,0.0,45.0,254.0,0,phase_0,rl_policy_v3,,,
689.0,0,54,271.0,5.019,5,23.0,5,24.0,3,0.0,5,0.0,0,0,0,0,0.0,47.0,224.0,0,phase_0,rl_policy_v3,,,
690.0,0,55,244.0,4.436,5,25.0,5,26.0,3,0.0,6,0.0,1,1,0,0,0.0,51.0,193.0,0,phase_0,rl_policy_v3,,,
691.0,0,56,216.0,3.857,5,27.0,5,28.0,3,0.0,6,0.0,1,1,0,0,0.0,55.0,161.0,0,phase_0,rl_policy_v3,,,
692.0,0,55,188.0,3.418,5,29.0,5,30.0,3,0.0,6,0.0,1,1,0,0,0.0,59.0,129.0,0,phase_0,rl_policy_v3,,,
693.0,0,56,161.0,2.875,5,31.0,5,32.0,3,0.0,7,0.0,1,1,0,0,0.0,63.0,98.0,0,phase_0,rl_policy_v3,,,
694.0,0,56,133.0,2.375,5,33.0,5,34.0,3,0.0,7,0.0,1,1,0,0,0.0,67.0,66.0,0,phase_0,rl_policy_v3,,,
695.0,0,52,140.0,2.692,5,35.0,5,36.0,2,0.0,6,0.0,1,1,0,0,0.0,71.0,69.0,0,phase_0,rl_policy_v3,,,
696.0,0,54,112.0,2.074,5,37.0,5,38.0,2,0.0,7,0.0,1,1,0,0,0.0,75.0,37.0,0,phase_0,rl_policy_v3,,,
697.0,0,55,86.0,1.564,6,39.0,6,40.0,2,0.0,6,0.0,0,0,0,0,1.0,79.0,6.0,0,phase_0,rl_policy_v3,,,
698.0,0,57,94.0,1.649,6,41.0,6,42.0,2,0.0,7,0.0,0,0,0,0,2.0,83.0,9.0,0,phase_0,rl_policy_v3,,,
699.0,0,57,104.0,1.825,6,43.0,6,44.0,2,0.0,7,0.0,0,0,0,0,4.0,87.0,13.0,0,phase_0,rl_policy_v3,,,
700.0,0,57,115.0,2.018,6,45.0,6,46.0,2,0.0,7,0.0,0,0,0,0,7.0,91.0,17.0,0,phase_0,rl_policy_v3,,,
701.0,0,59,128.0,2.169,6,47.0,6,48.0,3,0.0,7,0.0,0,0,0,0,12.0,95.0,21.0,0,phase_0,rl_policy_v3,,,
702.0,1,59,142.0,2.407,6,49.0,6,50.0,3,0.0,8,0.0,0,0,0,0,18.0,99.0,25.0,0,phase_1,rl_policy_v3,,,
703.0,1,59,156.0,2.644,6,51.0,6,52.0,3,0.0,8,0.0,0,0,0,0,24.0,103.0,29.0,0,phase_1,rl_policy_v3,,,
704.0,1,59,170.0,2.881,6,53.0,6,54.0,3,0.0,8,0.0,0,0,0,0,30.0,107.0,33.0,0,phase_1,rl_policy_v3,,,
705.0,2,49,26.0,0.531,4,0.0,4,0.0,3,0.0,8,0.0,0,0,0,0,17.0,0.0,9.0,0,phase_2,rl_policy_v3,,,
706.0,2,48,8.0,0.167,4,0.0,4,0.0,3,0.0,8,0.0,0,0,0,0,7.0,0.0,1.0,0,phase_2,rl_policy_v3,,,
707.0,2,49,5.0,0.102,4,0.0,4,0.0,3,0.0,9,0.0,0,0,0,0,3.0,0.0,2.0,0,phase_2,rl_policy_v3,,,
708.0,2,48,8.0,0.167,4,0.0,4,0.0,3,0.0,9,0.0,0,0,0,0,4.0,0.0,4.0,0,phase_2,rl_policy_v3,,,
709.0,2,47,11.0,0.234,4,0.0,4,0.0,3,0.0,9,0.0,0,0,0,0,5.0,0.0,6.0,0,phase_2,rl_policy_v3,,,
710.0,2,47,16.0,0.34,4,0.0,4,0.0,3,1.0,9,0.0,0,0,1,0,6.0,1.0,9.0,0,phase_2,rl_policy_v3,,,
711.0,2,44,22.0,0.5,3,0.0,3,0.0,3,2.0,9,0.0,0,0,1,0,7.0,2.0,13.0,0,phase_2,rl_policy_v3,,,
712.0,2,44,28.0,0.636,3,0.0,3,0.0,3,3.0,9,0.0,0,0,1,0,8.0,3.0,17.0,0,phase_2,rl_policy_v3,,,
713.0,2,44,35.0,0.795,3,0.0,3,0.0,3,4.0,9,0.0,0,0,0,0,9.0,4.0,22.0,0,phase_2,rl_policy_v3,,,
714.0,2,44,44.0,1.0,3,0.0,3,0.0,3,5.0,9,1.0,0,0,0,0,10.0,6.0,28.0,0,phase_2,rl_policy_v3,,,
715.0,2,44,55.0,1.25,3,0.0,3,0.0,3,7.0,9,3.0,0,0,1,0,11.0,10.0,34.0,0,phase_2,rl_policy_v3,,,
716.0,2,43,67.0,1.558,3,0.0,3,0.0,3,9.0,9,5.0,0,0,1,0,12.0,14.0,41.0,0,phase_2,rl_policy_v3,,,
717.0,2,43,80.0,1.86,3,0.0,3,0.0,3,11.0,9,7.0,0,0,1,0,13.0,18.0,49.0,0,phase_2,rl_policy_v3,,,
718.0,2,42,93.0,2.214,2,0.0,2,0.0,3,13.0,10,9.0,0,0,1,0,14.0,22.0,57.0,0,phase_2,rl_policy_v3,,,
719.0,2,41,106.0,2.585,2,0.0,2,0.0,3,15.0,10,11.0,0,0,1,0,15.0,26.0,65.0,0,phase_2,rl_policy_v3,,,
720.0,2,42,120.0,2.857,2,0.0,2,0.0,3,17.0,10,13.0,0,0,1,0,16.0,30.0,74.0,0,phase_2,rl_policy_v3,,,
721.0,2,47,135.0,2.872,3,0.0,3,0.0,3,19.0,10,15.0,0,0,1,0,17.0,34.0,84.0,0,phase_2,rl_policy_v3,,,
722.0,2,50,152.0,3.04,4,0.0,4,0.0,3,21.0,10,18.0,0,0,1,0,18.0,39.0,95.0,0,phase_2,rl_policy_v3,,,
723.0,2,51,171.0,3.353,4,0.0,4,0.0,3,23.0,10,22.0,0,0,1,0,19.0,45.0,107.0,0,phase_2,rl_policy_v3,,,
724.0,2,54,190.0,3.519,4,0.0,4,0.0,3,25.0,10,26.0,0,0,1,0,20.0,51.0,119.0,0,phase_2,rl_policy_v3,,,
725.0,2,52,210.0,4.038,3,0.0,3,0.0,3,27.0,10,30.0,0,0,1,0,21.0,57.0,132.0,0,phase_2,rl_policy_v3,,,
726.0,2,51,231.0,4.529,3,0.0,3,0.0,3,29.0,10,34.0,0,0,1,0,22.0,63.0,146.0,0,phase_2,rl_policy_v3,,,
727.0,2,52,253.0,4.865,3,0.0,3,0.0,3,31.0,10,39.0,0,0,1,2,23.0,70.0,160.0,0,phase_2,rl_policy_v3,,,
728.0,2,53,276.0,5.208,3,0.0,3,0.0,3,33.0,10,44.0,0,0,1,2,24.0,77.0,175.0,0,phase_2,rl_policy_v3,,,
729.0,2,55,301.0,5.473,3,0.0,3,0.0,3,35.0,11,50.0,0,0,1,2,25.0,85.0,191.0,0,phase_2,rl_policy_v3,,,
730.0,2,55,326.0,5.927,3,0.0,3,0.0,3,37.0,11,56.0,0,0,1,2,26.0,93.0,207.0,0,phase_2,rl_policy_v3,,,
731.0,2,55,352.0,6.4,3,0.0,3,0.0,3,39.0,11,62.0,0,0,1,2,27.0,101.0,224.0,0,phase_2,rl_policy_v3,,,
732.0,2,56,380.0,6.786,3,0.0,3,0.0,3,41.0,11,69.0,0,0,3,2,28.0,110.0,242.0,0,phase_2,rl_policy_v3,,,
733.0,2,56,410.0,7.321,3,0.0,3,0.0,3,44.0,11,76.0,0,0,3,2,29.0,120.0,261.0,0,phase_2,rl_policy_v3,,,
734.0,2,56,440.0,7.857,3,0.0,3,0.0,3,47.0,11,83.0,0,0,3,2,30.0,130.0,280.0,0,phase_2,rl_policy_v3,,,
735.0,2,55,470.0,8.545,3,0.0,2,0.0,3,50.0,11,90.0,0,0,3,2,31.0,140.0,299.0,0,phase_2,rl_policy_v3,,,
736.0,2,50,502.0,10.04,1,0.0,1,0.0,3,53.0,11,97.0,0,0,3,2,32.0,150.0,320.0,0,phase_2,rl_policy_v3,,,
737.0,2,53,535.0,10.094,1,0.0,1,0.0,3,56.0,12,104.0,0,0,3,3,34.0,160.0,341.0,0,phase_2,rl_policy_v3,,,
738.0,2,54,569.0,10.537,1,0.0,1,0.0,4,59.0,12,111.0,0,0,1,3,36.0,170.0,363.0,0,phase_2,rl_policy_v3,,,
739.0,2,53,603.0,11.377,1,0.0,1,0.0,4,62.0,12,118.0,0,0,1,3,38.0,180.0,385.0,0,phase_2,rl_policy_v3,,,
740.0,2,53,638.0,12.038,1,0.0,1,0.0,4,65.0,12,125.0,0,0,1,6,40.0,190.0,408.0,0,phase_2,rl_policy_v3,,,
741.0,2,54,675.0,12.5,1,0.0,1,0.0,4,68.0,13,134.0,0,0,1,6,42.0,202.0,431.0,0,phase_2,rl_policy_v3,,,
742.0,2,54,712.0,13.185,1,0.0,1,0.0,4,71.0,13,143.0,0,0,1,6,44.0,214.0,454.0,0,phase_2,rl_policy_v3,,,
743.0,2,54,749.0,13.87,1,0.0,1,0.0,4,74.0,13,152.0,0,0,1,6,46.0,226.0,477.0,0,phase_2,rl_policy_v3,,,
744.0,2,55,786.0,14.291,1,0.0,1,0.0,4,77.0,14,161.0,0,0,1,6,48.0,238.0,500.0,0,phase_2,rl_policy_v3,,,
745.0,2,57,823.0,14.439,2,0.0,2,0.0,4,80.0,14,170.0,0,0,1,3,50.0,250.0,523.0,0,phase_2,rl_policy_v3,,,
746.0,2,56,860.0,15.357,2,0.0,2,0.0,4,83.0,14,179.0,0,0,1,3,52.0,262.0,546.0,0,phase_2,rl_policy_v3,,,
747.0,3,57,897.0,15.737,2,0.0,2,0.0,4,86.0,15,188.0,0,0,1,3,54.0,274.0,569.0,0,phase_3,rl_policy_v3,,,
748.0,3,57,891.0,15.632,2,0.0,2,0.0,4,89.0,15,197.0,0,0,1,3,56.0,286.0,549.0,0,phase_3,rl_policy_v3,,,
749.0,3,57,885.0,15.526,2,0.0,2,0.0,4,92.0,15,206.0,0,0,1,3,58.0,298.0,529.0,0,phase_3,rl_policy_v3,,,
750.0,0,50,655.0,13.1,2,0.0,2,0.0,2,18.0,12,114.0,0,0,0,5,14.0,132.0,509.0,0,phase_0,rl_policy_v3,,,
751.0,0,50,531.0,10.62,2,0.0,2,0.0,2,0.0,13,43.0,0,0,0,0,0.0,43.0,488.0,0,phase_0,rl_policy_v3,,,
752.0,0,51,469.0,9.196,2,0.0,2,0.0,2,0.0,14,2.0,0,0,0,0,0.0,2.0,467.0,0,phase_0,rl_policy_v3,,,
753.0,0,50,445.0,8.9,2,0.0,2,0.0,1,0.0,12,0.0,0,0,0,0,0.0,0.0,445.0,0,phase_0,rl_policy_v3,,,
754.0,0,53,462.0,8.717,2,0.0,2,0.0,2,0.0,12,0.0,0,0,0,0,0.0,0.0,462.0,0,phase_0,rl_policy_v3,,,
755.0,0,54,440.0,8.148,2,0.0,2,0.0,2,0.0,13,0.0,0,0,0,0,1.0,0.0,439.0,0,phase_0,rl_policy_v3,,,
756.0,1,56,418.0,7.464,2,0.0,2,0.0,2,0.0,13,1.0,0,0,0,0,2.0,1.0,415.0,0,phase_1,rl_policy_v3,,,
757.0,1,57,398.0,6.982,2,0.0,2,0.0,2,0.0,13,2.0,0,0,0,0,3.0,2.0,393.0,0,phase_1,rl_policy_v3,,,
758.0,1,56,379.0,6.768,2,0.0,2,0.0,2,0.0,13,5.0,0,0,0,0,4.0,5.0,370.0,0,phase_1,rl_policy_v3,,,
759.0,2,55,360.0,6.545,2,0.0,2,0.0,2,0.0,13,9.0,0,0,0,0,5.0,9.0,346.0,0,phase_2,rl_policy_v3,,,
760.0,2,55,341.0,6.2,1,0.0,2,0.0,2,0.0,14,13.0,0,0,0,0,6.0,13.0,322.0,0,phase_2,rl_policy_v3,,,
761.0,2,54,323.0,5.981,1,0.0,1,0.0,2,0.0,14,17.0,0,0,0,0,7.0,17.0,299.0,0,phase_2,rl_policy_v3,,,
762.0,2,54,305.0,5.648,1,0.0,1,0.0,2,0.0,14,21.0,0,0,0,0,8.0,21.0,276.0,0,phase_2,rl_policy_v3,,,
763.0,2,55,324.0,5.891,1,0.0,1,0.0,2,0.0,14,25.0,0,0,0,0,9.0,25.0,290.0,0,phase_2,rl_policy_v3,,,
764.0,2,55,307.0,5.582,1,0.0,1,0.0,2,0.0,14,30.0,0,0,0,0,10.0,30.0,267.0,0,phase_2,rl_policy_v3,,,
765.0,2,55,291.0,5.291,1,0.0,1,0.0,2,0.0,14,35.0,0,0,0,0,11.0,35.0,245.0,0,phase_2,rl_policy_v3,,,
766.0,2,55,310.0,5.636,1,0.0,1,0.0,2,0.0,14,40.0,0,0,0,0,12.0,40.0,258.0,0,phase_2,rl_policy_v3,,,
767.0,2,53,291.0,5.491,1,0.0,1,0.0,2,0.0,14,45.0,0,0,0,0,13.0,45.0,233.0,0,phase_2,rl_policy_v3,,,
768.0,2,52,274.0,5.269,1,0.0,1,0.0,2,0.0,14,50.0,0,0,0,0,14.0,50.0,210.0,0,phase_2,rl_policy_v3,,,
769.0,2,57,258.0,4.526,3,0.0,3,0.0,2,0.0,15,56.0,0,0,0,0,15.0,56.0,187.0,0,phase_2,rl_policy_v3,,,
770.0,2,57,244.0,4.281,3,0.0,3,0.0,2,0.0,15,62.0,0,0,0,0,16.0,62.0,166.0,0,phase_2,rl_policy_v3,,,
771.0,2,57,229.0,4.018,3,0.0,3,0.0,2,1.0,15,68.0,0,0,0,0,17.0,69.0,143.0,0,phase_2,rl_policy_v3,,,
772.0,2,56,215.0,3.839,3,0.0,3,0.0,2,2.0,15,74.0,0,0,0,0,18.0,76.0,121.0,0,phase_2,rl_policy_v3,,,
773.0,2,58,201.0,3.466,3,0.0,3,0.0,3,3.0,15,80.0,0,0,0,0,19.0,83.0,99.0,0,phase_2,rl_policy_v3,,,
774.0,2,58,222.0,3.828,3,0.0,3,0.0,3,4.0,15,86.0,0,0,0,0,21.0,90.0,111.0,0,phase_2,rl_policy_v3,,,
775.0,2,58,243.0,4.19,3,0.0,3,0.0,3,5.0,15,92.0,0,0,0,0,23.0,97.0,123.0,0,phase_2,rl_policy_v3,,,
776.0,2,59,266.0,4.508,3,0.0,3,0.0,3,6.0,15,99.0,0,0,0,0,25.0,105.0,136.0,0,phase_2,rl_policy_v3,,,
777.0,2,59,290.0,4.915,3,0.0,3,0.0,3,7.0,15,106.0,0,0,0,0,27.0,113.0,150.0,0,phase_2,rl_policy_v3,,,
778.0,2,58,315.0,5.431,3,0.0,3,0.0,3,8.0,15,113.0,0,0,0,0,29.0,121.0,165.0,0,phase_2,rl_policy_v3,,,
779.0,2,59,340.0,5.763,3,0.0,3,0.0,3,9.0,16,120.0,0,0,0,0,31.0,129.0,180.0,0,phase_2,rl_policy_v3,,,
780.0,2,59,367.0,6.22,3,0.0,3,0.0,3,10.0,16,127.0,0,0,0,0,33.0,137.0,197.0,0,phase_2,rl_policy_v3,,,
781.0,2,60,393.0,6.55,3,0.0,3,0.0,3,11.0,16,134.0,0,0,0,0,35.0,145.0,213.0,0,phase_2,rl_policy_v3,,,
782.0,2,58,420.0,7.241,3,0.0,3,0.0,3,12.0,16,142.0,0,0,0,0,37.0,154.0,229.0,0,phase_2,rl_policy_v3,,,
783.0,2,56,451.0,8.054,2,0.0,2,0.0,3,13.0,16,151.0,0,0,0,0,39.0,164.0,248.0,0,phase_2,rl_policy_v3,,,
784.0,2,56,480.0,8.571,2,0.0,2,0.0,3,14.0,16,160.0,0,0,0,5,41.0,174.0,265.0,0,phase_2,rl_policy_v3,,,
785.0,2,54,512.0,9.481,2,0.0,2,0.0,3,15.0,16,169.0,0,0,0,0,43.0,184.0,285.0,0,phase_2,rl_policy_v3,,,
786.0,2,54,545.0,10.093,2,0.0,2,0.0,3,16.0,16,179.0,0,0,0,0,45.0,195.0,305.0,0,phase_2,rl_policy_v3,,,
787.0,2,53,578.0,10.906,2,0.0,2,0.0,3,17.0,16,189.0,0,0,0,0,47.0,206.0,325.0,0,phase_2,rl_policy_v3,,,
788.0,2,51,613.0,12.02,2,0.0,2,0.0,3,18.0,16,200.0,0,0,0,4,49.0,218.0,346.0,0,phase_2,rl_policy_v3,,,
789.0,2,51,651.0,12.765,2,0.0,2,0.0,3,19.0,16,213.0,0,0,0,4,51.0,232.0,368.0,0,phase_2,rl_policy_v3,,,
790.0,2,52,690.0,13.269,2,0.0,2,0.0,3,20.0,17,226.0,0,0,0,4,53.0,246.0,391.0,0,phase_2,rl_policy_v3,,,
791.0,2,51,730.0,14.314,2,0.0,2,0.0,3,21.0,17,239.0,0,0,0,4,55.0,260.0,415.0,0,phase_2,rl_policy_v3,,,
792.0,2,51,771.0,15.118,2,0.0,2,0.0,3,23.0,17,252.0,0,0,1,10,57.0,275.0,439.0,0,phase_2,rl_policy_v3,,,
793.0,2,56,812.0,14.5,3,0.0,3,0.0,3,25.0,17,265.0,0,0,1,10,59.0,290.0,463.0,0,phase_2,rl_policy_v3,,,
794.0,2,57,854.0,14.982,3,0.0,3,0.0,3,27.0,17,279.0,0,0,1,10,61.0,306.0,487.0,0,phase_2,rl_policy_v3,,,
795.0,2,57,896.0,15.719,3,0.0,3,0.0,3,29.0,17,293.0,0,0,1,10,63.0,322.0,511.0,0,phase_2,rl_policy_v3,,,
796.0,2,57,938.0,16.456,3,0.0,3,0.0,3,31.0,17,307.0,0,0,1,10,65.0,338.0,535.0,0,phase_2,rl_policy_v3,,,
797.0,2,57,980.0,17.193,3,0.0,3,0.0,3,33.0,17,321.0,0,0,1,10,67.0,354.0,559.0,0,phase_2,rl_policy_v3,,,
798.0,2,56,1023.0,18.268,3,0.0,3,0.0,3,35.0,17,336.0,0,0,1,10,69.0,371.0,583.0,0,phase_2,rl_policy_v3,,,
799.0,2,56,1066.0,19.036,3,0.0,3,0.0,3,37.0,17,351.0,0,0,1,11,71.0,388.0,607.0,0,phase_2,rl_policy_v3,,,
800.0,2,55,1016.0,18.473,3,0.0,3,0.0,3,39.0,18,363.0,0,0,1,11,27.0,402.0,587.0,0,phase_2,rl_policy_v3,,,
801.0,3,55,986.0,17.927,3,0.0,3,0.0,3,41.0,18,377.0,0,0,1,6,0.0,418.0,568.0,0,phase_3,rl_policy_v3,,,
802.0,3,55,982.0,17.855,3,0.0,3,0.0,3,43.0,18,391.0,0,0,1,6,0.0,434.0,548.0,0,phase_3,rl_policy_v3,,,
803.0,3,53,977.0,18.434,3,0.0,3,0.0,3,45.0,18,405.0,0,0,1,11,0.0,450.0,527.0,0,phase_3,rl_policy_v3,,,
804.0,0,51,782.0,15.333,3,0.0,3,0.0,2,0.0,16,277.0,0,0,0,4,0.0,277.0,505.0,0,phase_0,rl_policy_v3,,,
805.0,0,51,645.0,12.647,3,0.0,3,0.0,2,0.0,16,162.0,0,0,0,0,0.0,162.0,483.0,0,phase_0,rl_policy_v3,,,
806.0,0,50,557.0,11.14,3,0.0,3,0.0,2,0.0,15,95.0,0,0,0,0,0.0,95.0,462.0,0,phase_0,rl_policy_v3,,,
807.0,0,49,515.0,10.51,3,0.0,3,0.0,1,0.0,14,36.0,0,0,0,0,0.0,36.0,479.0,0,phase_0,rl_policy_v3,,,
808.0,0,50,471.0,9.42,3,0.0,3,0.0,1,0.0,14,15.0,0,0,0,0,0.0,15.0,456.0,0,phase_0,rl_policy_v3,,,
809.0,0,52,432.0,8.308,3,0.0,3,0.0,2,0.0,14,0.0,0,0,0,0,0.0,0.0,432.0,0,phase_0,rl_policy_v3,,,
810.0,0,51,408.0,8.0,3,1.0,3,0.0,2,0.0,12,0.0,1,0,0,0,0.0,1.0,407.0,0,phase_0,rl_policy_v3,,,
811.0,0,53,385.0,7.264,3,2.0,3,1.0,2,0.0,12,0.0,1,1,0,0,0.0,3.0,382.0,0,phase_0,rl_policy_v3,,,
812.0,0,53,358.0,6.755,3,3.0,3,2.0,3,0.0,11,0.0,0,1,0,0,0.0,5.0,353.0,0,phase_0,rl_policy_v3,,,
813.0,0,52,333.0,6.404,3,4.0,3,3.0,3,0.0,10,0.0,0,0,0,0,0.0,7.0,326.0,0,phase_0,rl_policy_v3,,,
814.0,0,55,346.0,6.291,3,5.0,3,4.0,4,0.0,11,0.0,0,0,0,0,0.0,9.0,337.0,0,phase_0,rl_policy_v3,,,
815.0,0,56,320.0,5.714,3,6.0,3,5.0,4,0.0,10,0.0,0,0,0,0,0.0,11.0,309.0,0,phase_0,rl_policy_v3,,,
816.0,0,54,293.0,5.426,3,7.0,3,6.0,4,0.0,8,0.0,0,0,0,0,0.0,13.0,280.0,0,phase_0,rl_policy_v3,,,
817.0,0,59,266.0,4.508,5,8.0,5,7.0,4,0.0,8,0.0,0,0,0,0,0.0,15.0,251.0,0,phase_0,rl_policy_v3,,,
818.0,1,60,239.0,3.983,5,9.0,5,8.0,4,0.0,7,0.0,0,0,0,0,0.0,17.0,222.0,0,phase_1,rl_policy_v3,,,
819.0,1,60,211.0,3.517,5,10.0,5,9.0,4,0.0,7,0.0,0,0,0,0,0.0,19.0,192.0,0,phase_1,rl_policy_v3,,,
820.0,1,62,183.0,2.952,5,11.0,5,10.0,4,0.0,8,0.0,0,0,0,0,0.0,21.0,162.0,0,phase_1,rl_policy_v3,,,
821.0,2,59,130.0,2.203,4,0.0,4,0.0,4,0.0,8,0.0,0,0,0,0,0.0,0.0,130.0,0,phase_2,rl_policy_v3,,,
822.0,2,59,134.0,2.271,4,0.0,4,0.0,4,0.0,8,0.0,0,0,0,0,0.0,0.0,134.0,0,phase_2,rl_policy_v3,,,
823.0,2,60,102.0,1.7,4,0.0,4,0.0,4,0.0,9,0.0,0,0,0,0,0.0,0.0,102.0,0,phase_2,rl_policy_v3,,,
824.0,2,61,70.0,1.148,4,0.0,4,0.0,4,0.0,9,1.0,0,0,0,0,0.0,1.0,69.0,0,phase_2,rl_policy_v3,,,
825.0,2,61,37.0,0.607,4,0.0,4,0.0,4,0.0,9,2.0,0,0,0,0,0.0,2.0,35.0,0,phase_2,rl_policy_v3,,,
826.0,2,61,3.0,0.049,4,0.0,4,0.0,4,0.0,9,3.0,0,0,0,0,0.0,3.0,0.0,0,phase_2,rl_policy_v3,,,
827.0,2,60,5.0,0.083,4,0.0,4,0.0,4,0.0,9,4.0,0,0,0,0,0.0,4.0,1.0,0,phase_2,rl_policy_v3,,,
828.0,2,61,7.0,0.115,4,0.0,4,0.0,4,0.0,9,5.0,0,0,0,0,0.0,5.0,2.0,0,phase_2,rl_policy_v3,,,
829.0,2,64,10.0,0.156,4,0.0,4,0.0,4,0.0,10,6.0,0,0,0,0,0.0,6.0,4.0,0,phase_2,rl_policy_v3,,,
830.0,2,63,14.0,0.222,4,0.0,4,0.0,4,0.0,10,7.0,0,0,0,0,0.0,7.0,7.0,0,phase_2,rl_policy_v3,,,
831.0,2,62,18.0,0.29,3,0.0,4,0.0,4,0.0,10,8.0,0,0,0,0,0.0,8.0,10.0,0,phase_2,rl_policy_v3,,,
832.0,2,61,16.0,0.262,3,0.0,3,0.0,4,0.0,11,9.0,0,0,0,0,0.0,9.0,7.0,0,phase_2,rl_policy_v3,,,
833.0,2,62,14.0,0.226,3,0.0,3,0.0,4,0.0,11,10.0,0,0,0,0,0.0,10.0,4.0,0,phase_2,rl_policy_v3,,,
834.0,2,63,14.0,0.222,3,0.0,3,0.0,4,0.0,12,13.0,0,0,0,1,0.0,13.0,1.0,0,phase_2,rl_policy_v3,,,
835.0,2,63,18.0,0.286,3,0.0,3,0.0,4,0.0,12,16.0,0,0,0,1,0.0,16.0,2.0,0,phase_2,rl_policy_v3,,,
836.0,2,64,21.0,0.328,3,0.0,3,0.0,4,0.0,13,19.0,0,0,0,1,0.0,19.0,2.0,0,phase_2,rl_policy_v3,,,
837.0,2,62,23.0,0.371,3,0.0,3,0.0,4,1.0,13,22.0,0,0,0,1,0.0,23.0,0.0,0,phase_2,rl_policy_v3,,,
838.0,2,61,27.0,0.443,2,0.0,2,0.0,4,2.0,14,25.0,0,0,0,0,0.0,27.0,0.0,0,phase_2,rl_policy_v3,,,
839.0,2,61,31.0,0.508,2,0.0,2,0.0,4,3.0,14,28.0,0,0,1,0,0.0,31.0,0.0,0,phase_2,rl_policy_v3,,,
840.0,2,62,35.0,0.565,2,0.0,2,0.0,4,4.0,14,31.0,0,0,1,0,0.0,35.0,0.0,0,phase_2,rl_policy_v3,,,
841.0,2,64,42.0,0.656,4,0.0,3,0.0,4,6.0,14,35.0,0,0,2,0,0.0,41.0,1.0,0,phase_2,rl_policy_v3,,,
842.0,2,61,51.0,0.836,3,0.0,3,0.0,4,8.0,14,39.0,0,0,2,0,0.0,47.0,4.0,0,phase_2,rl_policy_v3,,,
843.0,2,59,61.0,1.034,3,0.0,3,0.0,4,10.0,14,43.0,0,0,2,0,0.0,53.0,8.0,0,phase_2,rl_policy_v3,,,
844.0,2,62,73.0,1.177,3,0.0,3,0.0,4,13.0,15,48.0,0,0,2,0,0.0,61.0,12.0,0,phase_2,rl_policy_v3,,,
845.0,2,58,79.0,1.362,2,0.0,2,0.0,5,16.0,15,53.0,0,0,1,0,1.0,69.0,9.0,0,phase_2,rl_policy_v3,,,
846.0,2,59,90.0,1.525,2,0.0,2,0.0,5,19.0,16,58.0,0,0,3,0,2.0,77.0,11.0,0,phase_2,rl_policy_v3,,,
847.0,2,61,106.0,1.738,2,0.0,2,0.0,5,23.0,16,65.0,0,0,3,0,3.0,88.0,15.0,0,phase_2,rl_policy_v3,,,
848.0,2,61,122.0,2.0,2,0.0,2,0.0,5,27.0,16,72.0,0,0,3,0,4.0,99.0,19.0,0,phase_2,rl_policy_v3,,,
849.0,2,61,139.0,2.279,2,0.0,2,0.0,5,31.0,16,79.0,0,0,3,0,5.0,110.0,24.0,0,phase_2,rl_policy_v3,,,
850.0,2,58,157.0,2.707,2,0.0,2,0.0,5,35.0,16,86.0,0,0,3,0,6.0,121.0,30.0,0,phase_2,rl_policy_v3,,,
851.0,2,59,174.0,2.949,2,0.0,2,0.0,5,39.0,17,93.0,0,0,3,0,7.0,132.0,35.0,0,phase_2,rl_policy_v3,,,
852.0,2,58,193.0,3.328,2,0.0,2,0.0,5,43.0,17,101.0,0,0,3,0,8.0,144.0,41.0,0,phase_2,rl_policy_v3,,,
853.0,2,58,213.0,3.672,2,0.0,2,0.0,5,47.0,17,109.0,0,0,3,0,9.0,156.0,48.0,0,phase_2,rl_policy_v3,,,
854.0,2,58,234.0,4.034,2,0.0,2,0.0,5,51.0,17,117.0,0,0,3,0,10.0,168.0,56.0,0,phase_2,rl_policy_v3,,,
855.0,2,55,256.0,4.655,1,0.0,1,0.0,5,55.0,17,126.0,0,0,3,0,11.0,181.0,64.0,0,phase_2,rl_policy_v3,,,
856.0,2,55,279.0,5.073,1,0.0,1,0.0,5,59.0,17,135.0,0,0,3,0,12.0,194.0,73.0,0,phase_2,rl_policy_v3,,,
857.0,2,53,303.0,5.717,1,0.0,1,0.0,5,63.0,17,144.0,0,0,3,0,13.0,207.0,83.0,0,phase_2,rl_policy_v3,,,
858.0,2,53,327.0,6.17,1,0.0,1,0.0,5,67.0,17,153.0,0,0,3,0,14.0,220.0,93.0,0,phase_2,rl_policy_v3,,,
859.0,2,53,352.0,6.642,1,0.0,1,0.0,5,71.0,17,162.0,0,0,3,0,15.0,233.0,104.0,0,phase_2,rl_policy_v3,,,
860.0,2,53,378.0,7.132,1,0.0,1,0.0,5,75.0,17,171.0,0,0,3,0,16.0,246.0,116.0,0,phase_2,rl_policy_v3,,,
861.0,2,52,404.0,7.769,1,0.0,1,0.0,5,79.0,17,180.0,0,0,3,0,17.0,259.0,128.0,0,phase_2,rl_policy_v3,,,
862.0,2,53,432.0,8.151,1,0.0,1,0.0,5,83.0,18,189.0,0,0,3,0,18.0,272.0,142.0,0,phase_2,rl_policy_v3,,,
863.0,3,54,462.0,8.556,1,0.0,1,0.0,5,87.0,18,199.0,0,0,3,0,19.0,286.0,157.0,0,phase_3,rl_policy_v3,,,
864.0,3,53,473.0,8.925,1,0.0,1,0.0,5,91.0,18,209.0,0,0,3,0,0.0,300.0,173.0,0,phase_3,rl_policy_v3,,,
865.0,3,60,503.0,8.383,3,0.0,3,0.0,5,95.0,18,220.0,0,0,3,0,0.0,315.0,188.0,0,phase_3,rl_policy_v3,,,
866.0,0,55,348.0,6.327,3,0.0,3,0.0,2,20.0,15,123.0,0,0,1,4,0.0,143.0,205.0,0,phase_0,rl_policy_v3,,,
867.0,0,56,287.0,5.125,3,0.0,3,0.0,2,0.0,15,64.0,0,0,0,0,0.0,64.0,223.0,0,phase_0,rl_policy_v3,,,
868.0,0,57,269.0,4.719,3,0.0,3,0.0,3,0.0,15,28.0,0,0,0,0,0.0,28.0,241.0,0,phase_0,rl_policy_v3,,,
869.0,0,54,263.0,4.87,3,0.0,3,0.0,2,0.0,12,3.0,0,0,0,0,0.0,3.0,260.0,0,phase_0,rl_policy_v3,,,
870.0,0,59,279.0,4.729,3,0.0,3,0.0,2,0.0,12,0.0,0,0,0,0,0.0,0.0,279.0,0,phase_0,rl_policy_v3,,,
871.0,0,57,299.0,5.246,3,0.0,3,0.0,2,0.0,10,0.0,0,0,0,0,0.0,0.0,299.0,0,phase_0,rl_policy_v3,,,
872.0,0,59,319.0,5.407,3,0.0,3,0.0,2,0.0,9,0.0,0,0,0,0,0.0,0.0,319.0,0,phase_0,rl_policy_v3,,,
873.0,0,60,340.0,5.667,3,0.0,3,0.0,2,0.0,10,0.0,0,0,0,0,0.0,0.0,340.0,0,phase_0,rl_policy_v3,,,
874.0,0,59,362.0,6.136,3,0.0,3,0.0,2,0.0,7,0.0,0,0,0,0,0.0,0.0,362.0,0,phase_0,rl_policy_v3,,,
875.0,0,57,384.0,6.737,3,0.0,3,0.0,1,0.0,6,0.0,0,0,0,0,0.0,0.0,384.0,0,phase_0,rl_policy_v3,,,
876.0,0,59,407.0,6.898,3,0.0,3,0.0,1,0.0,4,0.0,0,0,0,0,0.0,0.0,407.0,0,phase_0,rl_policy_v3,,,
877.0,0,61,431.0,7.066,3,0.0,3,0.0,1,0.0,4,0.0,0,0,0,0,0.0,0.0,431.0,0,phase_0,rl_policy_v3,,,
878.0,0,61,419.0,6.869,3,0.0,3,0.0,1,0.0,4,0.0,0,0,0,0,0.0,0.0,419.0,0,phase_0,rl_policy_v3,,,
879.0,0,60,406.0,6.767,3,0.0,3,0.0,1,0.0,3,0.0,0,0,0,0,0.0,0.0,406.0,0,phase_0,rl_policy_v3,,,
880.0,0,59,394.0,6.678,3,0.0,3,0.0,1,0.0,3,0.0,0,0,0,0,1.0,0.0,393.0,0,phase_0,rl_policy_v3,,,
881.0,0,57,381.0,6.684,3,0.0,3,0.0,1,0.0,2,0.0,0,0,0,0,0.0,0.0,381.0,0,phase_0,rl_policy_v3,,,
882.0,0,59,370.0,6.271,3,1.0,3,0.0,2,0.0,2,0.0,1,0,0,0,0.0,1.0,369.0,0,phase_0,rl_policy_v3,,,
883.0,0,58,361.0,6.224,3,2.0,3,1.0,2,0.0,2,0.0,0,1,0,0,1.0,3.0,357.0,0,phase_0,rl_policy_v3,,,
884.0,0,59,352.0,5.966,3,3.0,3,2.0,2,0.0,3,0.0,0,1,0,0,2.0,5.0,345.0,0,phase_0,rl_policy_v3,,,
885.0,0,58,343.0,5.914,3,4.0,3,3.0,2,0.0,3,0.0,0,0,0,0,3.0,7.0,333.0,0,phase_0,rl_policy_v3,,,
886.0,0,59,334.0,5.661,3,5.0,3,4.0,2,0.0,3,0.0,0,0,0,0,4.0,9.0,321.0,0,phase_0,rl_policy_v3,,,
887.0,0,60,355.0,5.917,3,6.0,3,5.0,2,0.0,4,0.0,0,0,0,0,5.0,11.0,339.0,0,phase_0,rl_policy_v3,,,
888.0,0,60,345.0,5.75,3,7.0,3,6.0,2,0.0,4,0.0,0,0,0,0,6.0,13.0,326.0,0,phase_0,rl_policy_v3,,,
889.0,0,62,336.0,5.419,4,8.0,4,7.0,2,0.0,4,0.0,0,0,0,0,7.0,15.0,314.0,0,phase_0,rl_policy_v3,,,
890.0,0,62,327.0,5.274,4,9.0,4,8.0,2,0.0,4,0.0,0,0,0,0,8.0,17.0,302.0,0,phase_0,rl_policy_v3,,,
891.0,0,61,319.0,5.23,4,10.0,4,9.0,2,0.0,4,0.0,0,0,0,0,9.0,19.0,291.0,0,phase_0,rl_policy_v3,,,
892.0,0,62,310.0,5.0,4,11.0,4,10.0,2,0.0,5,0.0,0,0,0,0,10.0,21.0,279.0,0,phase_0,rl_policy_v3,,,
893.0,0,61,291.0,4.77,4,12.0,4,11.0,2,0.0,5,0.0,0,0,0,0,11.0,23.0,257.0,0,phase_0,rl_policy_v3,,,
894.0,0,60,275.0,4.583,4,13.0,4,12.0,2,0.0,4,0.0,0,0,0,0,12.0,25.0,238.0,0,phase_0,rl_policy_v3,,,
895.0,0,62,286.0,4.613,4,14.0,4,13.0,2,0.0,5,0.0,0,0,0,0,13.0,27.0,246.0,0,phase_0,rl_policy_v3,,,
896.0,0,62,265.0,4.274,4,15.0,4,14.0,2,0.0,5,0.0,0,0,0,0,14.0,29.0,222.0,0,phase_0,rl_policy_v3,,,
897.0,0,62,243.0,3.919,4,16.0,4,15.0,1,0.0,6,0.0,0,0,0,0,15.0,31.0,197.0,0,phase_0,rl_policy_v3,,,
898.0,0,62,221.0,3.565,4,17.0,4,16.0,1,0.0,6,0.0,0,0,0,0,16.0,33.0,172.0,0,phase_0,rl_policy_v3,,,
899.0,0,62,200.0,3.226,4,18.0,4,17.0,1,0.0,6,0.0,0,0,0,0,17.0,35.0,148.0,0,phase_0,rl_policy_v3,,,
900.0,0,60,179.0,2.983,4,19.0,4,18.0,1,0.0,6,0.0,0,0,0,0,18.0,37.0,124.0,0,phase_0,rl_policy_v3,,,
901.0,0,61,187.0,3.066,4,20.0,4,19.0,1,0.0,6,0.0,0,0,0,0,19.0,39.0,129.0,0,phase_0,rl_policy_v3,,,
902.0,0,62,171.0,2.758,4,21.0,4,20.0,1,0.0,7,0.0,0,0,0,0,20.0,41.0,110.0,0,phase_0,rl_policy_v3,,,
903.0,0,59,151.0,2.559,4,22.0,4,21.0,1,0.0,7,0.0,0,0,0,0,21.0,43.0,87.0,0,phase_0,rl_policy_v3,,,
904.0,0,58,131.0,2.259,4,23.0,4,22.0,1,0.0,7,0.0,0,0,0,0,22.0,45.0,64.0,0,phase_0,rl_policy_v3,,,
905.0,0,58,138.0,2.379,4,24.0,4,23.0,1,0.0,8,0.0,0,0,0,0,23.0,47.0,68.0,0,phase_0,rl_policy_v3,,,
906.0,0,55,120.0,2.182,4,26.0,4,25.0,1,0.0,7,0.0,1,1,0,0,24.0,51.0,45.0,0,phase_0,rl_policy_v3,,,
907.0,0,55,131.0,2.382,4,28.0,4,27.0,1,0.0,8,0.0,1,1,0,0,25.0,55.0,51.0,0,phase_0,rl_policy_v3,,,
908.0,1,56,141.0,2.518,4,30.0,4,29.0,1,0.0,8,0.0,1,1,0,0,26.0,59.0,56.0,0,phase_1,rl_policy_v3,,,
909.0,1,55,152.0,2.764,4,32.0,4,31.0,1,0.0,8,0.0,1,1,0,0,27.0,63.0,62.0,0,phase_1,rl_policy_v3,,,
910.0,1,55,163.0,2.964,4,34.0,4,33.0,1,0.0,9,0.0,1,1,0,0,28.0,67.0,68.0,0,phase_1,rl_policy_v3,,,
911.0,2,50,102.0,2.04,2,0.0,2,0.0,1,0.0,9,0.0,0,0,0,0,29.0,0.0,73.0,0,phase_2,rl_policy_v3,,,
912.0,2,50,107.0,2.14,2,0.0,2,0.0,1,0.0,9,0.0,0,0,0,0,30.0,0.0,77.0,0,phase_2,rl_policy_v3,,,
913.0,2,54,113.0,2.093,4,0.0,4,0.0,1,0.0,9,0.0,0,0,0,0,31.0,0.0,82.0,0,phase_2,rl_policy_v3,,,
914.0,2,55,120.0,2.182,4,0.0,4,0.0,1,0.0,10,0.0,0,0,0,0,32.0,0.0,88.0,0,phase_2,rl_policy_v3,,,
915.0,2,54,129.0,2.389,4,0.0,4,0.0,1,0.0,10,0.0,0,0,0,0,33.0,0.0,96.0,0,phase_2,rl_policy_v3,,,
916.0,2,54,139.0,2.574,4,0.0,4,0.0,1,1.0,11,0.0,0,0,1,0,34.0,1.0,104.0,0,phase_2,rl_policy_v3,,,
917.0,2,55,148.0,2.691,4,0.0,4,0.0,2,2.0,11,0.0,0,0,0,0,35.0,2.0,111.0,0,phase_2,rl_policy_v3,,,
918.0,2,55,160.0,2.909,4,0.0,4,0.0,2,3.0,11,0.0,0,0,0,0,37.0,3.0,120.0,0,phase_2,rl_policy_v3,,,
919.0,2,55,173.0,3.145,4,0.0,4,0.0,2,4.0,11,0.0,0,0,0,0,39.0,4.0,130.0,0,phase_2,rl_policy_v3,,,
920.0,2,54,187.0,3.463,4,0.0,4,0.0,2,5.0,11,1.0,0,0,0,0,41.0,6.0,140.0,0,phase_2,rl_policy_v3,,,
921.0,2,55,201.0,3.655,4,0.0,4,0.0,2,6.0,12,2.0,0,0,0,0,43.0,8.0,150.0,0,phase_2,rl_policy_v3,,,
922.0,2,55,217.0,3.945,4,0.0,4,0.0,2,7.0,12,4.0,0,0,0,0,45.0,11.0,161.0,0,phase_2,rl_policy_v3,,,
923.0,2,51,146.0,2.863,4,0.0,4,0.0,2,8.0,12,6.0,0,0,0,0,47.0,14.0,85.0,0,phase_2,rl_policy_v3,,,
924.0,2,52,124.0,2.385,4,0.0,4,0.0,2,9.0,13,9.0,0,0,0,0,49.0,18.0,57.0,0,phase_2,rl_policy_v3,,,
925.0,2,52,118.0,2.269,4,0.0,4,0.0,2,10.0,13,12.0,0,0,0,0,51.0,22.0,45.0,0,phase_2,rl_policy_v3,,,
926.0,2,50,88.0,1.76,4,0.0,4,0.0,2,11.0,13,15.0,0,0,0,0,9.0,26.0,53.0,0,phase_2,rl_policy_v3,,,
927.0,2,52,92.0,1.769,4,0.0,4,0.0,2,12.0,14,19.0,0,0,0,1,0.0,31.0,61.0,0,phase_2,rl_policy_v3,,,
928.0,2,51,107.0,2.098,4,0.0,3,0.0,2,13.0,14,23.0,0,0,0,1,1.0,36.0,70.0,0,phase_2,rl_policy_v3,,,
929.0,2,48,123.0,2.562,3,0.0,3,0.0,2,14.0,14,27.0,0,0,0,1,2.0,41.0,80.0,0,phase_2,rl_policy_v3,,,
930.0,2,49,139.0,2.837,3,0.0,3,0.0,3,15.0,14,31.0,0,0,0,1,3.0,46.0,90.0,0,phase_2,rl_policy_v3,,,
931.0,2,50,156.0,3.12,3,0.0,3,0.0,3,16.0,14,35.0,0,0,0,1,4.0,51.0,101.0,0,phase_2,rl_policy_v3,,,
932.0,2,48,175.0,3.646,3,0.0,3,0.0,3,17.0,14,40.0,0,0,0,1,5.0,57.0,113.0,0,phase_2,rl_policy_v3,,,
933.0,2,50,193.0,3.86,3,0.0,3,0.0,4,18.0,15,45.0,0,0,0,2,6.0,63.0,124.0,0,phase_2,rl_policy_v3,,,
934.0,2,50,212.0,4.24,3,0.0,3,0.0,4,19.0,15,50.0,0,0,0,0,7.0,69.0,136.0,0,phase_2,rl_policy_v3,,,
935.0,2,50,232.0,4.64,3,0.0,3,0.0,4,20.0,15,55.0,0,0,0,0,8.0,75.0,149.0,0,phase_2,rl_policy_v3,,,
936.0,2,51,255.0,5.0,3,0.0,3,0.0,4,21.0,15,61.0,0,0,0,0,9.0,82.0,164.0,0,phase_2,rl_policy_v3,,,
937.0,2,56,278.0,4.964,4,0.0,4,0.0,4,22.0,15,67.0,0,0,0,0,10.0,89.0,179.0,0,phase_2,rl_policy_v3,,,
938.0,2,57,301.0,5.281,4,0.0,4,0.0,4,23.0,15,72.0,0,0,0,0,11.0,95.0,195.0,0,phase_2,rl_policy_v3,,,
939.0,2,58,326.0,5.621,4,0.0,4,0.0,4,24.0,15,79.0,0,0,0,0,12.0,103.0,211.0,0,phase_2,rl_policy_v3,,,
940.0,2,58,352.0,6.069,4,0.0,4,0.0,4,25.0,15,86.0,0,0,0,0,13.0,111.0,228.0,0,phase_2,rl_policy_v3,,,
941.0,2,58,378.0,6.517,4,0.0,4,0.0,4,26.0,15,93.0,0,0,0,3,14.0,119.0,245.0,0,phase_2,rl_policy_v3,,,
942.0,2,58,407.0,7.017,4,0.0,4,0.0,4,27.0,15,101.0,0,0,0,3,16.0,128.0,263.0,0,phase_2,rl_policy_v3,,,
943.0,2,57,438.0,7.684,4,0.0,4,0.0,4,28.0,15,110.0,0,0,0,0,18.0,138.0,282.0,0,phase_2,rl_policy_v3,,,
944.0,2,57,469.0,8.228,4,0.0,4,0.0,4,29.0,15,119.0,0,0,1,0,20.0,148.0,301.0,0,phase_2,rl_policy_v3,,,
945.0,2,58,501.0,8.638,4,0.0,4,0.0,4,30.0,16,128.0,0,0,1,0,22.0,158.0,321.0,0,phase_2,rl_policy_v3,,,
946.0,2,58,534.0,9.207,4,0.0,4,0.0,4,31.0,16,137.0,0,0,1,4,24.0,168.0,342.0,0,phase_2,rl_policy_v3,,,
947.0,2,58,569.0,9.81,4,0.0,4,0.0,4,32.0,16,147.0,0,0,1,4,26.0,179.0,364.0,0,phase_2,rl_policy_v3,,,
948.0,2,59,605.0,10.254,4,0.0,4,0.0,4,33.0,16,158.0,0,0,1,4,28.0,191.0,386.0,0,phase_2,rl_policy_v3,,,
949.0,2,60,642.0,10.7,4,0.0,4,0.0,4,34.0,16,169.0,0,0,1,4,30.0,203.0,409.0,0,phase_2,rl_policy_v3,,,
950.0,2,60,681.0,11.35,4,0.0,4,0.0,4,36.0,16,180.0,0,0,1,4,32.0,216.0,433.0,0,phase_2,rl_policy_v3,,,
951.0,2,59,719.0,12.186,4,0.0,3,0.0,4,38.0,16,191.0,0,0,1,4,34.0,229.0,456.0,0,phase_2,rl_policy_v3,,,
952.0,2,56,759.0,13.554,4,0.0,3,0.0,4,40.0,16,202.0,0,0,1,4,36.0,242.0,481.0,0,phase_2,rl_policy_v3,,,
953.0,3,58,799.0,13.776,4,0.0,3,0.0,5,42.0,17,213.0,0,0,0,4,38.0,255.0,506.0,0,phase_3,rl_policy_v3,,,
954.0,3,57,839.0,14.719,4,0.0,3,0.0,5,44.0,17,224.0,0,0,0,0,40.0,268.0,531.0,0,phase_3,rl_policy_v3,,,
955.0,3,58,879.0,15.155,4,0.0,3,0.0,6,46.0,17,235.0,0,0,0,0,42.0,281.0,556.0,0,phase_3,rl_policy_v3,,,
956.0,0,54,771.0,14.278,4,0.0,3,0.0,4,0.0,15,146.0,0,0,0,3,44.0,146.0,581.0,0,phase_0,rl_policy_v3,,,
957.0,0,54,734.0,13.593,4,1.0,3,0.0,4,0.0,15,81.0,1,0,0,0,46.0,82.0,606.0,0,phase_0,rl_policy_v3,,,
958.0,0,54,711.0,13.167,4,3.0,3,0.0,4,0.0,14,29.0,1,0,0,0,48.0,32.0,631.0,0,phase_0,rl_policy_v3,,,
959.0,0,53,719.0,13.566,4,6.0,3,1.0,3,0.0,13,6.0,1,0,0,0,50.0,13.0,656.0,0,phase_0,rl_policy_v3,,,
960.0,0,56,744.0,13.286,4,9.0,3,2.0,3,0.0,12,0.0,1,0,0,0,52.0,11.0,681.0,0,phase_0,rl_policy_v3,,,
961.0,0,61,776.0,12.721,6,12.0,5,4.0,3,0.0,11,0.0,0,0,0,0,54.0,16.0,706.0,0,phase_0,rl_policy_v3,,,
962.0,0,61,810.0,13.279,7,16.0,6,7.0,2,0.0,9,0.0,0,0,0,0,56.0,23.0,731.0,0,phase_0,rl_policy_v3,,,
963.0,0,61,844.0,13.836,7,20.0,6,10.0,2,0.0,8,0.0,0,0,0,0,58.0,30.0,756.0,0,phase_0,rl_policy_v3,,,
964.0,0,61,878.0,14.393,7,24.0,6,13.0,2,0.0,7,0.0,0,0,0,0,60.0,37.0,781.0,0,phase_0,rl_policy_v3,,,
965.0,0,62,912.0,14.71,7,28.0,6,16.0,2,0.0,6,0.0,0,0,0,0,62.0,44.0,806.0,0,phase_0,rl_policy_v3,,,
966.0,0,62,946.0,15.258,7,32.0,6,19.0,2,0.0,5,0.0,0,0,0,0,64.0,51.0,831.0,0,phase_0,rl_policy_v3,,,
967.0,0,63,980.0,15.556,7,36.0,6,22.0,2,0.0,4,0.0,0,0,0,0,66.0,58.0,856.0,0,phase_0,rl_policy_v3,,,
968.0,0,64,959.0,14.984,7,40.0,6,25.0,2,0.0,4,0.0,0,0,0,0,68.0,65.0,826.0,0,phase_0,rl_policy_v3,,,
969.0,1,64,938.0,14.656,7,44.0,6,28.0,2,0.0,4,0.0,0,0,0,0,70.0,72.0,796.0,0,phase_1,rl_policy_v3,,,
970.0,1,65,917.0,14.108,7,48.0,6,31.0,2,0.0,4,0.0,0,0,0,0,72.0,79.0,766.0,0,phase_1,rl_policy_v3,,,
971.0,1,63,821.0,13.032,7,52.0,6,34.0,2,0.0,4,0.0,0,0,0,0,0.0,86.0,735.0,0,phase_1,rl_policy_v3,,,
972.0,2,63,753.0,11.952,6,25.0,6,23.0,2,0.0,5,0.0,0,0,0,0,0.0,48.0,705.0,0,phase_2,rl_policy_v3,,,
973.0,2,64,698.0,10.906,5,12.0,6,12.0,2,0.0,5,0.0,0,0,0,0,0.0,24.0,674.0,0,phase_2,rl_policy_v3,,,
974.0,2,63,657.0,10.429,5,0.0,5,13.0,2,0.0,5,0.0,0,0,0,0,0.0,13.0,644.0,0,phase_2,rl_policy_v3,,,
975.0,2,61,613.0,10.049,5,0.0,4,0.0,2,0.0,5,0.0,0,0,0,0,0.0,0.0,613.0,0,phase_2,rl_policy_v3,,,
976.0,2,61,583.0,9.557,4,0.0,4,0.0,2,0.0,6,0.0,0,0,0,0,0.0,0.0,583.0,0,phase_2,rl_policy_v3,,,
977.0,2,61,553.0,9.066,4,0.0,4,0.0,2,0.0,6,0.0,0,0,0,0,0.0,0.0,553.0,0,phase_2,rl_policy_v3,,,
978.0,2,59,571.0,9.678,3,0.0,3,0.0,2,0.0,6,0.0,0,0,0,0,0.0,0.0,571.0,0,phase_2,rl_policy_v3,,,
979.0,2,60,541.0,9.017,3,0.0,3,0.0,2,0.0,6,0.0,0,0,0,0,0.0,0.0,541.0,0,phase_2,rl_policy_v3,,,
980.0,2,61,511.0,8.377,3,0.0,3,0.0,2,0.0,6,0.0,0,0,0,0,0.0,0.0,511.0,0,phase_2,rl_policy_v3,,,
981.0,2,61,483.0,7.918,2,0.0,3,0.0,2,0.0,6,1.0,0,0,0,0,0.0,1.0,482.0,0,phase_2,rl_policy_v3,,,
982.0,2,60,502.0,8.367,2,0.0,2,0.0,2,0.0,6,2.0,0,0,0,0,0.0,2.0,500.0,0,phase_2,rl_policy_v3,,,
983.0,2,61,474.0,7.77,2,0.0,2,0.0,2,0.0,6,3.0,0,0,0,0,0.0,3.0,471.0,0,phase_2,rl_policy_v3,,,
984.0,2,61,445.0,7.295,1,0.0,2,0.0,2,0.0,6,4.0,0,0,0,0,0.0,4.0,441.0,0,phase_2,rl_policy_v3,,,
985.0,2,61,406.0,6.656,2,0.0,2,0.0,2,1.0,6,6.0,0,0,1,0,0.0,7.0,399.0,0,phase_2,rl_policy_v3,,,
986.0,2,63,368.0,5.841,2,0.0,2,0.0,2,2.0,7,8.0,0,0,1,0,0.0,10.0,358.0,0,phase_2,rl_policy_v3,,,
987.0,2,63,330.0,5.238,2,0.0,2,0.0,2,4.0,7,10.0,0,0,2,0,0.0,14.0,316.0,0,phase_2,rl_policy_v3,,,
988.0,2,62,339.0,5.468,2,0.0,2,0.0,2,6.0,7,12.0,0,0,2,0,0.0,18.0,321.0,0,phase_2,rl_policy_v3,,,
989.0,2,62,302.0,4.871,2,0.0,2,0.0,2,8.0,8,15.0,0,0,2,1,0.0,23.0,279.0,0,phase_2,rl_policy_v3,,,
990.0,2,60,264.0,4.4,2,0.0,2,0.0,2,10.0,8,18.0,0,0,2,1,0.0,28.0,236.0,0,phase_2,rl_policy_v3,,,
991.0,2,62,226.0,3.645,2,0.0,2,0.0,3,12.0,9,21.0,0,0,1,0,0.0,33.0,193.0,0,phase_2,rl_policy_v3,,,
992.0,2,61,188.0,3.082,2,0.0,2,0.0,3,14.0,9,24.0,0,0,1,0,1.0,38.0,149.0,0,phase_2,rl_policy_v3,,,
993.0,2,60,152.0,2.533,2,0.0,2,0.0,3,16.0,9,27.0,0,0,1,0,2.0,43.0,107.0,0,phase_2,rl_policy_v3,,,
994.0,2,60,117.0,1.95,2,0.0,2,0.0,3,18.0,9,30.0,0,0,1,0,3.0,48.0,66.0,0,phase_2,rl_policy_v3,,,
995.0,2,60,126.0,2.1,2,0.0,2,0.0,3,20.0,9,33.0,0,0,1,0,4.0,53.0,69.0,0,phase_2,rl_policy_v3,,,
996.0,2,56,93.0,1.661,2,0.0,2,0.0,3,22.0,9,37.0,0,0,1,0,5.0,59.0,29.0,0,phase_2,rl_policy_v3,,,
997.0,2,57,103.0,1.807,2,0.0,2,0.0,3,24.0,10,41.0,0,0,1,0,6.0,65.0,32.0,0,phase_2,rl_policy_v3,,,
998.0,2,54,117.0,2.167,2,0.0,2,0.0,3,26.0,10,45.0,0,0,1,0,7.0,71.0,39.0,0,phase_2,rl_policy_v3,,,
999.0,2,54,125.0,2.315,1,0.0,2,0.0,3,28.0,10,49.0,0,0,1,0,8.0,77.0,40.0,0,phase_2,rl_policy_v3,,,
1000.0,2,53,134.0,2.528,1,0.0,1,0.0,3,30.0,11,53.0,0,0,1,0,9.0,83.0,42.0,0,phase_2,rl_policy_v3,,,
1001.0,2,51,142.0,2.784,1,0.0,1,0.0,3,32.0,11,57.0,0,0,1,0,10.0,89.0,43.0,0,phase_2,rl_policy_v3,,,
1002.0,2,52,152.0,2.923,1,0.0,1,0.0,3,34.0,12,61.0,0,0,1,0,11.0,95.0,46.0,0,phase_2,rl_policy_v3,,,
1003.0,2,51,163.0,3.196,1,0.0,1,0.0,3,36.0,12,65.0,0,0,1,0,12.0,101.0,50.0,0,phase_2,rl_policy_v3,,,
1004.0,2,50,173.0,3.46,1,0.0,1,0.0,3,38.0,12,69.0,0,0,1,0,13.0,107.0,53.0,0,phase_2,rl_policy_v3,,,
1005.0,2,50,185.0,3.7,1,0.0,1,0.0,3,40.0,13,74.0,0,0,1,0,14.0,114.0,57.0,0,phase_2,rl_policy_v3,,,
1006.0,2,50,196.0,3.92,1,0.0,1,0.0,3,42.0,13,79.0,0,0,1,0,15.0,121.0,60.0,0,phase_2,rl_policy_v3,,,
1007.0,2,48,210.0,4.375,1,0.0,1,0.0,3,44.0,13,84.0,0,0,1,0,16.0,128.0,66.0,0,phase_2,rl_policy_v3,,,
1008.0,2,48,221.0,4.604,1,0.0,1,0.0,3,46.0,13,89.0,0,0,1,0,17.0,135.0,69.0,0,phase_2,rl_policy_v3,,,
1009.0,2,56,230.0,4.107,3,0.0,3,0.0,3,48.0,14,94.0,0,0,1,0,18.0,142.0,70.0,0,phase_2,rl_policy_v3,,,
1010.0,2,55,240.0,4.364,3,0.0,3,0.0,3,50.0,14,99.0,0,0,1,0,19.0,149.0,72.0,0,phase_2,rl_policy_v3,,,
1011.0,2,55,253.0,4.6,3,0.0,3,0.0,3,52.0,14,105.0,0,0,1,0,20.0,157.0,76.0,0,phase_2,rl_policy_v3,,,
1012.0,2,57,267.0,4.684,3,0.0,3,0.0,3,54.0,15,111.0,0,0,1,0,21.0,165.0,81.0,0,phase_2,rl_policy_v3,,,
1013.0,2,56,279.0,4.982,3,0.0,3,0.0,3,56.0,15,117.0,0,0,1,0,22.0,173.0,84.0,0,phase_2,rl_policy_v3,,,
1014.0,3,57,293.0,5.14,3,0.0,3,0.0,3,58.0,16,123.0,0,0,1,0,23.0,181.0,89.0,0,phase_3,rl_policy_v3,,,
1015.0,3,55,307.0,5.582,3,0.0,3,0.0,3,60.0,16,129.0,0,0,1,0,24.0,189.0,94.0,0,phase_3,rl_policy_v3,,,
1016.0,3,56,322.0,5.75,3,0.0,3,0.0,3,62.0,16,135.0,0,0,1,0,25.0,197.0,100.0,0,phase_3,rl_policy_v3,,,
1017.0,0,52,185.0,3.558,3,0.0,3,0.0,1,0.0,14,53.0,0,0,0,0,26.0,53.0,106.0,0,phase_0,rl_policy_v3,,,
1018.0,0,52,147.0,2.827,3,0.0,3,0.0,1,0.0,14,8.0,0,0,0,0,27.0,8.0,112.0,0,phase_0,rl_policy_v3,,,
1019.0,0,52,147.0,2.827,3,0.0,3,0.0,1,0.0,14,0.0,0,0,0,0,28.0,0.0,119.0,0,phase_0,rl_policy_v3,,,
1020.0,0,52,155.0,2.981,3,0.0,3,0.0,1,0.0,13,0.0,0,0,0,0,29.0,0.0,126.0,0,phase_0,rl_policy_v3,,,
1021.0,0,56,163.0,2.911,3,0.0,3,0.0,1,0.0,12,0.0,0,0,0,0,30.0,0.0,133.0,0,phase_0,rl_policy_v3,,,
1022.0,0,56,171.0,3.054,3,0.0,3,0.0,1,0.0,12,0.0,0,0,0,0,31.0,0.0,140.0,0,phase_0,rl_policy_v3,,,
1023.0,0,55,179.0,3.255,3,0.0,3,0.0,1,0.0,10,0.0,0,0,0,0,32.0,0.0,147.0,0,phase_0,rl_policy_v3,,,
1024.0,0,52,154.0,2.962,3,0.0,3,0.0,0,0.0,10,0.0,0,0,0,0,0.0,0.0,154.0,0,phase_0,rl_policy_v3,,,
1025.0,0,53,162.0,3.057,3,0.0,3,1.0,1,0.0,9,0.0,0,1,0,0,0.0,1.0,161.0,0,phase_0,rl_policy_v3,,,
1026.0,0,56,172.0,3.071,3,1.0,3,2.0,1,0.0,9,0.0,1,1,0,0,0.0,3.0,169.0,0,phase_0,rl_policy_v3,,,
1027.0,1,56,183.0,3.268,3,2.0,3,3.0,1,0.0,10,0.0,1,1,0,0,0.0,5.0,178.0,0,phase_1,rl_policy_v3,,,
1028.0,1,56,194.0,3.464,3,3.0,3,4.0,2,0.0,10,0.0,1,0,0,0,0.0,7.0,187.0,0,phase_1,rl_policy_v3,,,
1029.0,1,58,206.0,3.552,3,4.0,3,5.0,2,0.0,11,0.0,0,0,0,0,0.0,9.0,197.0,0,phase_1,rl_policy_v3,,,
1030.0,2,56,92.0,1.643,2,0.0,2,0.0,3,0.0,11,0.0,0,0,0,0,0.0,0.0,92.0,0,phase_2,rl_policy_v3,,,
1031.0,2,55,29.0,0.527,2,0.0,2,0.0,3,0.0,11,0.0,0,0,0,0,0.0,0.0,29.0,0,phase_2,rl_policy_v3,,,
1032.0,2,55,22.0,0.4,2,0.0,2,0.0,3,0.0,11,1.0,0,0,0,0,0.0,1.0,21.0,0,phase_2,rl_policy_v3,,,
1033.0,2,56,29.0,0.518,3,0.0,3,0.0,3,0.0,12,2.0,0,0,0,0,0.0,2.0,27.0,0,phase_2,rl_policy_v3,,,
1034.0,2,55,38.0,0.691,3,0.0,3,0.0,3,0.0,12,4.0,0,0,0,0,0.0,4.0,34.0,0,phase_2,rl_policy_v3,,,
1035.0,2,53,48.0,0.906,3,0.0,3,0.0,3,0.0,12,6.0,0,0,0,0,0.0,6.0,42.0,0,phase_2,rl_policy_v3,,,
1036.0,2,55,60.0,1.091,3,0.0,3,0.0,3,0.0,13,9.0,0,0,0,0,0.0,9.0,51.0,0,phase_2,rl_policy_v3,,,
1037.0,2,55,74.0,1.345,3,0.0,3,0.0,3,0.0,13,13.0,0,0,0,1,0.0,13.0,61.0,0,phase_2,rl_policy_v3,,,
1038.0,2,55,88.0,1.6,3,0.0,3,0.0,3,0.0,13,17.0,0,0,0,1,0.0,17.0,71.0,0,phase_2,rl_policy_v3,,,
1039.0,2,55,102.0,1.855,3,0.0,3,0.0,3,0.0,13,21.0,0,0,0,1,0.0,21.0,81.0,0,phase_2,rl_policy_v3,,,
1040.0,2,56,117.0,2.089,3,0.0,3,0.0,3,0.0,13,25.0,0,0,0,0,0.0,25.0,92.0,0,phase_2,rl_policy_v3,,,
1041.0,2,56,132.0,2.357,3,0.0,3,0.0,3,0.0,13,29.0,0,0,0,0,0.0,29.0,103.0,0,phase_2,rl_policy_v3,,,
1042.0,2,56,148.0,2.643,3,0.0,3,0.0,3,0.0,13,33.0,0,0,0,0,0.0,33.0,115.0,0,phase_2,rl_policy_v3,,,
1043.0,2,56,164.0,2.929,3,0.0,3,0.0,3,0.0,13,37.0,0,0,0,0,0.0,37.0,127.0,0,phase_2,rl_policy_v3,,,
1044.0,2,56,181.0,3.232,3,0.0,3,0.0,3,0.0,13,41.0,0,0,0,0,0.0,41.0,140.0,0,phase_2,rl_policy_v3,,,
1045.0,2,57,199.0,3.491,3,0.0,3,0.0,3,0.0,13,45.0,0,0,0,2,0.0,45.0,154.0,0,phase_2,rl_policy_v3,,,
1046.0,2,58,219.0,3.776,3,0.0,3,0.0,3,0.0,14,51.0,0,0,0,2,0.0,51.0,168.0,0,phase_2,rl_policy_v3,,,
1047.0,2,57,240.0,4.211,3,0.0,2,0.0,3,0.0,14,57.0,0,0,0,2,0.0,57.0,183.0,0,phase_2,rl_policy_v3,,,
1048.0,2,57,262.0,4.596,2,0.0,2,0.0,3,0.0,14,64.0,0,0,0,2,0.0,64.0,198.0,0,phase_2,rl_policy_v3,,,
1049.0,2,57,285.0,5.0,2,0.0,2,0.0,3,0.0,14,71.0,0,0,0,0,0.0,71.0,214.0,0,phase_2,rl_policy_v3,,,
1050.0,2,53,310.0,5.849,2,0.0,2,0.0,3,0.0,14,78.0,0,0,0,0,0.0,78.0,232.0,0,phase_2,rl_policy_v3,,,
1051.0,2,54,335.0,6.204,2,0.0,2,0.0,3,0.0,14,85.0,0,0,0,0,0.0,85.0,250.0,0,phase_2,rl_policy_v3,,,
1052.0,2,54,361.0,6.685,2,0.0,2,0.0,3,0.0,14,93.0,0,0,0,3,0.0,93.0,268.0,0,phase_2,rl_policy_v3,,,
1053.0,2,53,388.0,7.321,2,0.0,2,0.0,3,0.0,14,101.0,0,0,0,3,0.0,101.0,287.0,0,phase_2,rl_policy_v3,,,
1054.0,2,51,416.0,8.157,2,0.0,2,0.0,3,0.0,14,109.0,0,0,0,3,0.0,109.0,307.0,0,phase_2,rl_policy_v3,,,
1055.0,2,50,445.0,8.9,2,0.0,2,0.0,3,0.0,14,117.0,0,0,0,3,0.0,117.0,328.0,0,phase_2,rl_policy_v3,,,
1056.0,2,51,474.0,9.294,2,0.0,2,0.0,3,0.0,15,125.0,0,0,0,3,0.0,125.0,349.0,0,phase_2,rl_policy_v3,,,
1057.0,2,55,505.0,9.182,4,0.0,4,0.0,3,0.0,15,134.0,0,0,0,3,0.0,134.0,371.0,0,phase_2,rl_policy_v3,,,
1058.0,2,54,538.0,9.963,4,0.0,4,0.0,3,1.0,15,143.0,0,0,1,3,0.0,144.0,394.0,0,phase_2,rl_policy_v3,,,
1059.0,2,53,572.0,10.792,4,0.0,4,0.0,3,2.0,15,153.0,0,0,1,7,0.0,155.0,417.0,0,phase_2,rl_policy_v3,,,
1060.0,2,51,605.0,11.863,4,0.0,4,0.0,3,3.0,15,162.0,0,0,1,3,0.0,165.0,440.0,0,phase_2,rl_policy_v3,,,
1061.0,2,52,640.0,12.308,4,0.0,4,0.0,3,4.0,15,172.0,0,0,1,3,1.0,176.0,463.0,0,phase_2,rl_policy_v3,,,
1062.0,2,53,675.0,12.736,4,0.0,4,0.0,4,5.0,15,182.0,0,0,0,3,2.0,187.0,486.0,0,phase_2,rl_policy_v3,,,
1063.0,2,53,711.0,13.415,4,0.0,4,0.0,4,7.0,15,192.0,0,0,1,0,3.0,199.0,509.0,0,phase_2,rl_policy_v3,,,
1064.0,2,53,748.0,14.113,4,0.0,4,0.0,4,9.0,15,203.0,0,0,1,4,4.0,212.0,532.0,0,phase_2,rl_policy_v3,,,
1065.0,2,53,786.0,14.83,4,0.0,4,0.0,4,12.0,15,214.0,0,0,2,3,5.0,226.0,555.0,0,phase_2,rl_policy_v3,,,
1066.0,2,52,825.0,15.865,4,0.0,4,0.0,4,15.0,15,226.0,0,0,2,3,6.0,241.0,578.0,0,phase_2,rl_policy_v3,,,
1067.0,2,53,864.0,16.302,4,0.0,4,0.0,4,18.0,16,238.0,0,0,2,8,7.0,256.0,601.0,0,phase_2,rl_policy_v3,,,
1068.0,2,53,903.0,17.038,4,0.0,4,0.0,4,21.0,16,250.0,0,0,2,8,8.0,271.0,624.0,0,phase_2,rl_policy_v3,,,
1069.0,2,53,943.0,17.792,4,0.0,4,0.0,4,24.0,16,263.0,0,0,2,8,9.0,287.0,647.0,0,phase_2,rl_policy_v3,,,
1070.0,2,53,983.0,18.547,4,0.0,4,0.0,4,27.0,16,276.0,0,0,2,8,10.0,303.0,670.0,0,phase_2,rl_policy_v3,,,
1071.0,2,53,1023.0,19.302,3,0.0,4,0.0,4,30.0,16,289.0,0,0,2,8,11.0,319.0,693.0,0,phase_2,rl_policy_v3,,,
1072.0,3,52,1063.0,20.442,3,0.0,3,0.0,4,33.0,16,302.0,0,0,2,5,12.0,335.0,716.0,0,phase_3,rl_policy_v3,,,
1073.0,3,52,1103.0,21.212,3,0.0,3,0.0,4,36.0,16,315.0,0,0,2,5,13.0,351.0,739.0,0,phase_3,rl_policy_v3,,,
1074.0,3,52,1143.0,21.981,3,0.0,3,0.0,4,39.0,16,328.0,0,0,2,5,14.0,367.0,762.0,0,phase_3,rl_policy_v3,,,
1075.0,0,45,966.0,21.467,3,0.0,3,0.0,1,0.0,13,216.0,0,0,0,4,15.0,216.0,735.0,0,phase_0,rl_policy_v3,,,
1076.0,0,45,846.0,18.8,3,0.0,3,0.0,1,0.0,13,123.0,0,0,0,0,16.0,123.0,707.0,0,phase_0,rl_policy_v3,,,
1077.0,0,44,750.0,17.045,3,0.0,3,0.0,1,0.0,13,54.0,0,0,0,0,17.0,54.0,679.0,0,phase_0,rl_policy_v3,,,
1078.0,0,46,694.0,15.087,3,0.0,3,1.0,1,0.0,13,25.0,0,0,0,0,18.0,26.0,650.0,0,phase_0,rl_policy_v3,,,
1079.0,0,47,640.0,13.617,3,0.0,3,0.0,1,0.0,11,0.0,0,0,0,0,19.0,0.0,621.0,0,phase_0,rl_policy_v3,,,
1080.0,0,48,613.0,12.771,3,1.0,3,1.0,1,0.0,12,0.0,0,0,0,0,20.0,2.0,591.0,0,phase_0,rl_policy_v3,,,
1081.0,0,54,634.0,11.741,5,2.0,5,3.0,1,0.0,10,0.0,0,0,0,0,21.0,5.0,608.0,0,phase_0,rl_policy_v3,,,
1082.0,0,55,585.0,10.636,5,4.0,5,5.0,1,0.0,10,0.0,0,0,0,0,0.0,9.0,576.0,0,phase_0,rl_policy_v3,,,
1083.0,0,55,557.0,10.127,5,6.0,5,8.0,1,0.0,8,0.0,0,0,0,0,0.0,14.0,543.0,0,phase_0,rl_policy_v3,,,
1084.0,0,55,529.0,9.618,5,9.0,5,11.0,1,0.0,7,0.0,0,0,0,0,0.0,20.0,509.0,0,phase_0,rl_policy_v3,,,
1085.0,0,56,500.0,8.929,5,12.0,5,14.0,1,0.0,6,0.0,0,0,0,0,0.0,26.0,474.0,0,phase_0,rl_policy_v3,,,
1086.0,1,57,473.0,8.298,5,15.0,5,17.0,2,0.0,6,0.0,0,0,0,0,0.0,32.0,441.0,0,phase_1,rl_policy_v3,,,
1087.0,1,58,447.0,7.707,5,18.0,5,20.0,2,0.0,6,1.0,0,0,0,0,0.0,39.0,408.0,0,phase_1,rl_policy_v3,,,
1088.0,1,60,421.0,7.017,5,21.0,5,23.0,2,0.0,7,2.0,0,0,0,0,0.0,46.0,375.0,0,phase_1,rl_policy_v3,,,
1089.0,2,60,375.0,6.25,5,14.0,5,16.0,2,0.0,7,3.0,0,0,0,0,0.0,33.0,342.0,0,phase_2,rl_policy_v3,,,
1090.0,2,60,373.0,6.217,4,7.0,5,8.0,2,0.0,8,4.0,0,0,0,0,0.0,19.0,354.0,0,phase_2,rl_policy_v3,,,
1091.0,2,60,337.0,5.617,4,0.0,4,9.0,2,0.0,8,6.0,0,0,0,0,0.0,15.0,322.0,0,phase_2,rl_policy_v3,,,
1092.0,2,60,298.0,4.967,4,0.0,4,0.0,2,0.0,8,8.0,0,0,0,0,0.0,8.0,290.0,0,phase_2,rl_policy_v3,,,
1093.0,2,61,268.0,4.393,4,0.0,4,0.0,2,0.0,8,10.0,0,0,0,0,0.0,10.0,258.0,0,phase_2,rl_policy_v3,,,
1094.0,2,60,238.0,3.967,3,0.0,4,0.0,2,0.0,8,12.0,0,0,0,0,0.0,12.0,226.0,0,phase_2,rl_policy_v3,,,
1095.0,2,59,207.0,3.508,2,0.0,4,0.0,2,0.0,8,14.0,0,0,0,0,0.0,14.0,193.0,0,phase_2,rl_policy_v3,,,
1096.0,2,57,178.0,3.123,2,0.0,3,0.0,2,1.0,8,16.0,0,0,1,0,0.0,17.0,161.0,0,phase_2,rl_policy_v3,,,
1097.0,2,59,149.0,2.525,2,0.0,3,0.0,3,2.0,8,18.0,0,0,0,0,1.0,20.0,128.0,0,phase_2,rl_policy_v3,,,
1098.0,2,58,163.0,2.81,1,0.0,3,0.0,3,3.0,8,20.0,0,0,0,0,2.0,23.0,138.0,0,phase_2,rl_policy_v3,,,
1099.0,2,58,136.0,2.345,1,0.0,2,0.0,3,4.0,8,23.0,0,0,0,0,3.0,27.0,106.0,0,phase_2,rl_policy_v3,,,
1100.0,2,57,109.0,1.912,1,0.0,1,0.0,3,5.0,8,26.0,0,0,0,0,4.0,31.0,74.0,0,phase_2,rl_policy_v3,,,
1101.0,2,59,124.0,2.102,1,0.0,1,0.0,3,6.0,8,29.0,0,0,0,0,5.0,35.0,84.0,0,phase_2,rl_policy_v3,,,
1102.0,2,61,140.0,2.295,1,0.0,1,0.0,3,7.0,9,32.0,0,0,0,0,6.0,39.0,95.0,0,phase_2,rl_policy_v3,,,
1103.0,2,60,157.0,2.617,1,0.0,1,0.0,3,8.0,9,35.0,0,0,0,0,7.0,43.0,107.0,0,phase_2,rl_policy_v3,,,
1104.0,2,60,175.0,2.917,1,0.0,1,0.0,3,9.0,9,38.0,0,0,0,0,8.0,47.0,120.0,0,phase_2,rl_policy_v3,,,
1105.0,2,65,193.0,2.969,3,0.0,3,0.0,3,10.0,10,41.0,0,0,0,0,9.0,51.0,133.0,0,phase_2,rl_policy_v3,,,
1106.0,2,65,212.0,3.262,3,0.0,3,0.0,3,11.0,10,44.0,0,0,0,0,10.0,55.0,147.0,0,phase_2,rl_policy_v3,,,
1107.0,2,66,231.0,3.5,3,0.0,3,0.0,3,12.0,11,47.0,0,0,1,0,11.0,59.0,161.0,0,phase_2,rl_policy_v3,,,
1108.0,2,65,252.0,3.877,3,0.0,3,0.0,3,13.0,11,50.0,0,0,0,0,12.0,63.0,177.0,0,phase_2,rl_policy_v3,,,
1109.0,2,63,275.0,4.365,3,0.0,3,0.0,3,14.0,11,53.0,0,0,0,0,13.0,67.0,195.0,0,phase_2,rl_policy_v3,,,
1110.0,2,62,293.0,4.726,3,0.0,3,0.0,3,15.0,12,56.0,0,0,0,0,14.0,71.0,208.0,0,phase_2,rl_policy_v3,,,
1111.0,2,62,314.0,5.065,3,0.0,3,0.0,3,16.0,12,60.0,0,0,0,0,15.0,76.0,223.0,0,phase_2,rl_policy_v3,,,
1112.0,2,61,336.0,5.508,3,0.0,3,0.0,3,17.0,12,64.0,0,0,0,0,16.0,81.0,239.0,0,phase_2,rl_policy_v3,,,
1113.0,2,60,359.0,5.983,3,0.0,3,0.0,3,18.0,12,68.0,0,0,0,0,17.0,86.0,256.0,0,phase_2,rl_policy_v3,,,
1114.0,2,61,385.0,6.311,3,0.0,3,0.0,3,19.0,13,74.0,0,0,0,0,18.0,93.0,274.0,0,phase_2,rl_policy_v3,,,
1115.0,2,59,412.0,6.983,3,0.0,3,0.0,3,20.0,13,80.0,0,0,0,0,19.0,100.0,293.0,0,phase_2,rl_policy_v3,,,
1116.0,2,59,441.0,7.475,3,0.0,3,0.0,3,21.0,13,86.0,0,0,0,0,20.0,107.0,314.0,0,phase_2,rl_policy_v3,,,
1117.0,2,60,468.0,7.8,3,0.0,3,0.0,3,22.0,14,92.0,0,0,0,0,21.0,114.0,333.0,0,phase_2,rl_policy_v3,,,
1118.0,2,59,498.0,8.441,3,0.0,3,0.0,3,24.0,14,98.0,0,0,1,0,22.0,122.0,354.0,0,phase_2,rl_policy_v3,,,
1119.0,2,59,529.0,8.966,3,0.0,3,0.0,3,26.0,15,104.0,0,0,1,0,23.0,130.0,376.0,0,phase_2,rl_policy_v3,,,
1120.0,2,58,561.0,9.672,3,0.0,3,0.0,3,28.0,15,110.0,0,0,1,0,24.0,138.0,399.0,0,phase_2,rl_policy_v3,,,
1121.0,2,56,593.0,10.589,2,0.0,3,0.0,3,30.0,15,116.0,0,0,1,0,25.0,146.0,422.0,0,phase_2,rl_policy_v3,,,
1122.0,2,53,626.0,11.811,2,0.0,2,0.0,3,32.0,15,123.0,0,0,1,0,26.0,155.0,445.0,0,phase_2,rl_policy_v3,,,
1123.0,2,54,659.0,12.204,2,0.0,2,0.0,3,34.0,15,130.0,0,0,1,3,27.0,164.0,468.0,0,phase_2,rl_policy_v3,,,
1124.0,2,54,693.0,12.833,2,0.0,2,0.0,3,36.0,15,138.0,0,0,1,3,28.0,174.0,491.0,0,phase_2,rl_policy_v3,,,
1125.0,2,54,727.0,13.463,2,0.0,2,0.0,3,38.0,15,146.0,0,0,1,3,29.0,184.0,514.0,0,phase_2,rl_policy_v3,,,
1126.0,2,54,761.0,14.093,2,0.0,2,0.0,3,40.0,15,154.0,0,0,1,3,30.0,194.0,537.0,0,phase_2,rl_policy_v3,,,
1127.0,2,53,795.0,15.0,2,0.0,2,0.0,3,42.0,15,162.0,0,0,1,3,31.0,204.0,560.0,0,phase_2,rl_policy_v3,,,
1128.0,2,53,829.0,15.642,2,0.0,2,0.0,3,44.0,16,170.0,0,0,1,3,32.0,214.0,583.0,0,phase_2,rl_policy_v3,,,
1129.0,2,54,863.0,15.981,3,0.0,3,0.0,3,46.0,16,178.0,0,0,3,3,33.0,224.0,606.0,0,phase_2,rl_policy_v3,,,
1130.0,2,53,898.0,16.943,3,0.0,3,0.0,3,49.0,16,186.0,0,0,3,3,34.0,235.0,629.0,0,phase_2,rl_policy_v3,,,
1131.0,3,53,933.0,17.604,3,0.0,3,0.0,3,52.0,16,194.0,0,0,3,3,35.0,246.0,652.0,0,phase_3,rl_policy_v3,,,
1132.0,3,53,968.0,18.264,3,0.0,3,0.0,3,55.0,16,202.0,0,0,3,3,36.0,257.0,675.0,0,phase_3,rl_policy_v3,,,
1133.0,3,54,1003.0,18.574,3,0.0,3,0.0,3,58.0,16,210.0,0,0,3,3,37.0,268.0,698.0,0,phase_3,rl_policy_v3,,,
1134.0,0,47,779.0,16.574,3,0.0,3,0.0,1,5.0,13,102.0,0,0,1,2,0.0,107.0,672.0,0,phase_0,rl_policy_v3,,,
1135.0,0,46,683.0,14.848,3,0.0,3,0.0,1,0.0,13,35.0,0,0,0,0,0.0,35.0,648.0,0,phase_0,rl_policy_v3,,,
1136.0,0,46,623.0,13.543,3,0.0,3,0.0,1,0.0,13,0.0,0,0,0,0,0.0,0.0,623.0,0,phase_0,rl_policy_v3,,,
1137.0,0,46,597.0,12.978,3,0.0,3,0.0,1,0.0,11,0.0,0,0,0,0,0.0,0.0,597.0,0,phase_0,rl_policy_v3,,,
1138.0,0,48,571.0,11.896,3,0.0,3,0.0,2,0.0,10,0.0,0,0,0,0,0.0,0.0,571.0,0,phase_0,rl_policy_v3,,,
1139.0,0,45,545.0,12.111,3,0.0,3,0.0,2,0.0,8,0.0,0,0,0,0,0.0,0.0,545.0,0,phase_0,rl_policy_v3,,,
1140.0,0,49,519.0,10.592,3,0.0,3,0.0,2,0.0,8,0.0,0,0,0,0,0.0,0.0,519.0,0,phase_0,rl_policy_v3,,,
1141.0,0,49,491.0,10.02,3,0.0,3,0.0,3,0.0,8,0.0,0,0,0,0,0.0,0.0,491.0,0,phase_0,rl_policy_v3,,,
1142.0,0,50,463.0,9.26,3,0.0,3,0.0,3,0.0,7,0.0,0,0,0,0,0.0,0.0,463.0,0,phase_0,rl_policy_v3,,,
1143.0,0,51,433.0,8.49,3,0.0,3,0.0,3,0.0,7,0.0,0,0,0,0,0.0,0.0,433.0,0,phase_0,rl_policy_v3,,,
1144.0,0,52,404.0,7.769,3,0.0,3,0.0,3,0.0,8,0.0,0,0,0,0,0.0,0.0,404.0,0,phase_0,rl_policy_v3,,,
1145.0,0,50,374.0,7.48,3,0.0,3,0.0,3,0.0,6,0.0,0,0,0,0,0.0,0.0,374.0,0,phase_0,rl_policy_v3,,,
1146.0,0,51,343.0,6.725,3,0.0,3,0.0,3,0.0,6,0.0,0,0,0,0,0.0,0.0,343.0,0,phase_0,rl_policy_v3,,,
1147.0,0,51,315.0,6.176,3,1.0,3,1.0,3,0.0,5,0.0,0,1,0,0,0.0,2.0,313.0,0,phase_0,rl_policy_v3,,,
1148.0,0,49,328.0,6.694,3,2.0,3,2.0,3,0.0,4,0.0,0,1,0,0,0.0,4.0,324.0,0,phase_0,rl_policy_v3,,,
1149.0,0,50,300.0,6.0,3,3.0,3,3.0,3,0.0,4,0.0,0,0,0,0,0.0,6.0,294.0,0,phase_0,rl_policy_v3,,,
1150.0,0,50,269.0,5.38,3,4.0,3,4.0,3,0.0,4,0.0,0,0,0,0,0.0,8.0,261.0,0,phase_0,rl_policy_v3,,,
1151.0,0,51,238.0,4.667,3,5.0,3,5.0,3,0.0,4,0.0,0,0,0,0,0.0,10.0,228.0,0,phase_0,rl_policy_v3,,,
1152.0,0,52,208.0,4.0,3,6.0,3,6.0,3,0.0,5,0.0,0,0,0,0,0.0,12.0,196.0,0,phase_0,rl_policy_v3,,,
1153.0,0,58,176.0,3.034,5,7.0,5,7.0,3,0.0,5,0.0,0,0,0,0,0.0,14.0,162.0,0,phase_0,rl_policy_v3,,,
1154.0,1,60,144.0,2.4,5,8.0,5,8.0,3,0.0,6,0.0,0,0,0,0,0.0,16.0,128.0,0,phase_1,rl_policy_v3,,,
1155.0,1,60,112.0,1.867,5,9.0,5,9.0,3,0.0,6,0.0,0,0,0,0,0.0,18.0,94.0,0,phase_1,rl_policy_v3,,,
1156.0,1,60,79.0,1.317,5,10.0,5,10.0,3,0.0,6,0.0,0,0,0,0,0.0,20.0,59.0,0,phase_1,rl_policy_v3,,,
1157.0,2,57,39.0,0.684,4,0.0,4,0.0,3,0.0,6,0.0,0,0,0,0,0.0,0.0,39.0,0,phase_2,rl_policy_v3,,,
1158.0,2,56,2.0,0.036,4,0.0,4,0.0,3,0.0,6,0.0,0,0,0,0,0.0,0.0,2.0,0,phase_2,rl_policy_v3,,,
1159.0,2,57,3.0,0.053,4,0.0,4,0.0,3,0.0,7,0.0,0,0,0,0,0.0,0.0,3.0,0,phase_2,rl_policy_v3,,,
1160.0,2,57,5.0,0.088,4,0.0,4,0.0,3,0.0,7,0.0,0,0,0,0,0.0,0.0,5.0,0,phase_2,rl_policy_v3,,,
1161.0,2,58,8.0,0.138,4,0.0,4,0.0,3,0.0,7,1.0,0,0,0,0,0.0,1.0,7.0,0,phase_2,rl_policy_v3,,,
1162.0,2,59,12.0,0.203,4,0.0,4,0.0,3,0.0,8,2.0,0,0,0,0,0.0,2.0,10.0,0,phase_2,rl_policy_v3,,,
1163.0,2,59,17.0,0.288,4,0.0,4,0.0,3,0.0,8,3.0,0,0,0,0,0.0,3.0,14.0,0,phase_2,rl_policy_v3,,,
1164.0,2,60,22.0,0.367,4,0.0,4,0.0,3,0.0,8,4.0,0,0,0,0,0.0,4.0,18.0,0,phase_2,rl_policy_v3,,,
1165.0,2,60,28.0,0.467,4,0.0,4,0.0,3,0.0,8,5.0,0,0,0,0,0.0,5.0,23.0,0,phase_2,rl_policy_v3,,,
1166.0,2,60,34.0,0.567,4,0.0,4,0.0,3,0.0,8,6.0,0,0,0,0,0.0,6.0,28.0,0,phase_2,rl_policy_v3,,,
1167.0,2,57,41.0,0.719,3,0.0,3,0.0,3,0.0,8,7.0,0,0,0,0,0.0,7.0,34.0,0,phase_2,rl_policy_v3,,,
1168.0,2,55,49.0,0.891,3,0.0,3,0.0,3,0.0,8,8.0,0,0,0,0,0.0,8.0,41.0,0,phase_2,rl_policy_v3,,,
1169.0,2,52,57.0,1.096,3,0.0,3,0.0,3,0.0,8,9.0,0,0,0,0,0.0,9.0,48.0,0,phase_2,rl_policy_v3,,,
1170.0,2,53,66.0,1.245,3,0.0,3,0.0,4,0.0,9,10.0,0,0,0,0,0.0,10.0,56.0,0,phase_2,rl_policy_v3,,,
1171.0,2,52,76.0,1.462,3,0.0,3,0.0,4,1.0,9,11.0,0,0,0,0,0.0,12.0,64.0,0,phase_2,rl_policy_v3,,,
1172.0,2,51,88.0,1.725,3,0.0,3,0.0,4,2.0,9,12.0,0,0,0,0,0.0,14.0,74.0,0,phase_2,rl_policy_v3,,,
1173.0,2,52,101.0,1.942,3,0.0,3,0.0,4,3.0,10,14.0,0,0,1,0,1.0,17.0,83.0,0,phase_2,rl_policy_v3,,,
1174.0,2,51,117.0,2.294,3,0.0,3,0.0,4,5.0,10,16.0,0,0,1,0,2.0,21.0,94.0,0,phase_2,rl_policy_v3,,,
1175.0,2,51,134.0,2.627,3,0.0,3,0.0,4,7.0,10,18.0,0,0,1,0,3.0,25.0,106.0,0,phase_2,rl_policy_v3,,,
1176.0,2,50,153.0,3.06,3,0.0,3,0.0,4,9.0,10,21.0,0,0,1,0,4.0,30.0,119.0,0,phase_2,rl_policy_v3,,,
1177.0,2,52,173.0,3.327,4,0.0,4,0.0,4,11.0,10,24.0,0,0,1,0,5.0,35.0,133.0,0,phase_2,rl_policy_v3,,,
1178.0,2,52,191.0,3.673,4,0.0,4,0.0,4,13.0,10,27.0,0,0,1,0,6.0,40.0,145.0,0,phase_2,rl_policy_v3,,,
1179.0,2,51,212.0,4.157,4,0.0,4,0.0,4,15.0,10,30.0,0,0,1,0,7.0,45.0,160.0,0,phase_2,rl_policy_v3,,,
1180.0,2,51,234.0,4.588,4,0.0,4,0.0,4,18.0,10,33.0,0,0,2,0,8.0,51.0,175.0,0,phase_2,rl_policy_v3,,,
1181.0,2,50,257.0,5.14,4,0.0,4,0.0,4,21.0,10,36.0,0,0,2,0,9.0,57.0,191.0,0,phase_2,rl_policy_v3,,,
1182.0,2,51,282.0,5.529,4,0.0,4,0.0,4,24.0,10,40.0,0,0,2,1,10.0,64.0,208.0,0,phase_2,rl_policy_v3,,,
1183.0,2,49,309.0,6.306,4,0.0,4,0.0,4,27.0,10,45.0,0,0,2,3,11.0,72.0,226.0,0,phase_2,rl_policy_v3,,,
1184.0,2,50,336.0,6.72,4,0.0,4,0.0,4,30.0,10,50.0,0,0,2,3,12.0,80.0,244.0,0,phase_2,rl_policy_v3,,,
1185.0,2,51,364.0,7.137,4,0.0,4,0.0,4,33.0,11,55.0,0,0,2,3,13.0,88.0,263.0,0,phase_2,rl_policy_v3,,,
1186.0,2,50,393.0,7.86,4,0.0,4,0.0,4,36.0,11,60.0,0,0,2,1,14.0,96.0,283.0,0,phase_2,rl_policy_v3,,,
1187.0,2,50,422.0,8.44,4,0.0,4,0.0,4,39.0,11,65.0,0,0,2,1,15.0,104.0,303.0,0,phase_2,rl_policy_v3,,,
1188.0,2,49,452.0,9.224,4,0.0,4,0.0,4,42.0,11,70.0,0,0,2,1,16.0,112.0,324.0,0,phase_2,rl_policy_v3,,,
1189.0,2,51,483.0,9.471,4,0.0,4,0.0,4,45.0,11,76.0,0,0,2,0,17.0,121.0,345.0,0,phase_2,rl_policy_v3,,,
1190.0,2,51,515.0,10.098,4,0.0,4,0.0,4,48.0,12,82.0,0,0,2,0,18.0,130.0,367.0,0,phase_2,rl_policy_v3,,,
1191.0,2,50,548.0,10.96,3,0.0,4,0.0,4,51.0,12,88.0,0,0,2,0,19.0,139.0,390.0,0,phase_2,rl_policy_v3,,,
1192.0,2,50,581.0,11.62,3,0.0,3,0.0,4,54.0,13,94.0,0,0,2,0,20.0,148.0,413.0,0,phase_2,rl_policy_v3,,,
1193.0,2,50,616.0,12.32,3,0.0,3,0.0,4,57.0,13,102.0,0,0,2,5,21.0,159.0,436.0,0,phase_2,rl_policy_v3,,,
1194.0,2,50,651.0,13.02,3,0.0,3,0.0,4,60.0,13,110.0,0,0,2,5,22.0,170.0,459.0,0,phase_2,rl_policy_v3,,,
1195.0,2,51,686.0,13.451,3,0.0,3,0.0,4,63.0,13,118.0,0,0,2,5,23.0,181.0,482.0,0,phase_2,rl_policy_v3,,,
1196.0,2,50,721.0,14.42,3,0.0,2,0.0,4,66.0,13,126.0,0,0,2,5,24.0,192.0,505.0,0,phase_2,rl_policy_v3,,,
1197.0,2,49,756.0,15.429,2,0.0,2,0.0,4,69.0,13,134.0,0,0,2,5,25.0,203.0,528.0,0,phase_2,rl_policy_v3,,,
1198.0,2,49,791.0,16.143,2,0.0,2,0.0,4,72.0,13,142.0,0,0,2,5,26.0,214.0,551.0,0,phase_2,rl_policy_v3,,,
1199.0,3,49,826.0,16.857,2,0.0,2,0.0,4,75.0,13,150.0,0,0,2,2,27.0,225.0,574.0,0,phase_3,rl_policy_v3,,,
1200.0,3,48,861.0,17.938,2,0.0,2,0.0,4,78.0,13,158.0,0,0,2,2,28.0,236.0,597.0,0,phase_3,rl_policy_v3,,,
1201.0,3,53,898.0,16.943,4,1.0,4,1.0,4,81.0,14,166.0,0,0,2,0,29.0,249.0,620.0,0,phase_3,rl_policy_v3,,,
1202.0,0,53,687.0,12.962,5,2.0,5,3.0,4,0.0,14,85.0,0,0,0,0,0.0,90.0,597.0,0,phase_0,rl_policy_v3,,,
1203.0,0,49,612.0,12.49,5,4.0,5,5.0,1,0.0,13,28.0,0,0,0,0,0.0,37.0,575.0,0,phase_0,rl_policy_v3,,,
1204.0,0,46,569.0,12.37,5,6.0,5,7.0,1,0.0,11,3.0,0,0,0,0,0.0,16.0,553.0,0,phase_0,rl_policy_v3,,,
1205.0,0,48,547.0,11.396,5,8.0,5,9.0,2,0.0,11,0.0,0,0,0,0,0.0,17.0,530.0,0,phase_0,rl_policy_v3,,,
1206.0,0,47,528.0,11.234,5,10.0,5,11.0,2,0.0,12,0.0,0,0,0,0,0.0,21.0,507.0,0,phase_0,rl_policy_v3,,,
1207.0,0,47,510.0,10.851,5,12.0,5,13.0,2,1.0,12,0.0,0,0,0,0,0.0,26.0,484.0,0,phase_0,rl_policy_v3,,,
1208.0,0,47,492.0,10.468,5,14.0,5,15.0,3,2.0,12,1.0,0,0,0,0,0.0,32.0,460.0,0,phase_0,rl_policy_v3,,,
1209.0,0,48,473.0,9.854,5,16.0,5,17.0,3,3.0,13,1.0,0,0,0,0,0.0,37.0,436.0,0,phase_0,rl_policy_v3,,,
1210.0,0,48,455.0,9.479,5,18.0,5,19.0,4,4.0,13,2.0,0,0,0,0,0.0,43.0,412.0,0,phase_0,rl_policy_v3,,,
1211.0,0,48,473.0,9.854,5,20.0,5,21.0,4,5.0,13,1.0,0,0,1,0,0.0,47.0,426.0,0,phase_0,rl_policy_v3,,,
1212.0,0,48,448.0,9.333,5,22.0,5,23.0,4,0.0,12,3.0,0,0,0,0,0.0,48.0,400.0,0,phase_0,rl_policy_v3,,,
1213.0,0,48,424.0,8.833,5,24.0,5,25.0,3,0.0,12,2.0,0,0,0,0,0.0,51.0,373.0,0,phase_0,rl_policy_v3,,,
1214.0,0,48,398.0,8.292,5,26.0,5,27.0,3,0.0,11,0.0,0,0,0,0,0.0,53.0,345.0,0,phase_0,rl_policy_v3,,,
1215.0,0,51,413.0,8.098,5,28.0,5,29.0,3,0.0,11,0.0,0,0,0,0,0.0,57.0,356.0,0,phase_0,rl_policy_v3,,,
1216.0,0,54,387.0,7.167,5,30.0,5,31.0,3,0.0,11,0.0,0,0,0,0,0.0,61.0,326.0,0,phase_0,rl_policy_v3,,,
1217.0,0,53,363.0,6.849,5,32.0,5,34.0,3,0.0,10,0.0,0,1,0,0,0.0,66.0,297.0,0,phase_0,rl_policy_v3,,,
1218.0,0,54,339.0,6.278,5,35.0,5,38.0,3,0.0,10,0.0,0,1,0,0,0.0,73.0,266.0,0,phase_0,rl_policy_v3,,,
1219.0,0,55,316.0,5.745,5,39.0,5,42.0,3,0.0,10,0.0,1,1,0,0,0.0,81.0,235.0,0,phase_0,rl_policy_v3,,,
1220.0,0,55,331.0,6.018,5,43.0,5,46.0,3,0.0,10,0.0,1,1,0,0,0.0,89.0,242.0,0,phase_0,rl_policy_v3,,,
1221.0,0,54,306.0,5.667,5,47.0,5,50.0,3,0.0,9,0.0,1,1,0,0,0.0,97.0,209.0,0,phase_0,rl_policy_v3,,,
1222.0,0,55,281.0,5.109,5,51.0,5,54.0,3,0.0,10,0.0,1,1,0,0,0.0,105.0,176.0,0,phase_0,rl_policy_v3,,,
1223.0,0,52,255.0,4.904,5,55.0,5,58.0,3,0.0,8,0.0,1,1,0,0,0.0,113.0,142.0,0,phase_0,rl_policy_v3,,,
1224.0,0,52,227.0,4.365,5,59.0,5,62.0,3,0.0,8,0.0,1,1,0,0,0.0,121.0,106.0,0,phase_0,rl_policy_v3,,,
1225.0,0,58,200.0,3.448,6,63.0,6,66.0,3,0.0,8,0.0,0,0,0,0,0.0,129.0,71.0,0,phase_0,rl_policy_v3,,,
1226.0,1,60,173.0,2.883,6,67.0,6,70.0,3,0.0,8,0.0,0,0,0,0,0.0,137.0,36.0,0,phase_1,rl_policy_v3,,,
1227.0,1,60,145.0,2.417,6,71.0,6,74.0,3,0.0,8,0.0,0,0,0,0,0.0,145.0,0.0,0,phase_1,rl_policy_v3,,,
1228.0,1,61,153.0,2.508,6,75.0,6,78.0,3,0.0,9,0.0,0,0,0,0,0.0,153.0,0.0,0,phase_1,rl_policy_v3,,,
1229.0,2,57,79.0,1.386,4,39.0,4,40.0,3,0.0,9,0.0,0,0,0,0,0.0,79.0,0.0,0,phase_2,rl_policy_v3,,,
1230.0,2,57,26.0,0.456,4,13.0,4,13.0,3,0.0,9,0.0,0,0,0,0,0.0,26.0,0.0,0,phase_2,rl_policy_v3,,,
1231.0,2,60,1.0,0.017,4,0.0,4,0.0,3,0.0,10,0.0,0,0,0,0,0.0,0.0,1.0,0,phase_2,rl_policy_v3,,,
1232.0,2,58,0.0,0.0,3,0.0,4,0.0,3,0.0,10,0.0,0,0,0,0,0.0,0.0,0.0,0,phase_2,rl_policy_v3,,,
1233.0,2,57,0.0,0.0,3,0.0,3,0.0,3,0.0,10,0.0,0,0,0,0,0.0,0.0,0.0,0,phase_2,rl_policy_v3,,,
1234.0,2,61,0.0,0.0,3,0.0,3,0.0,3,0.0,11,0.0,0,0,0,0,0.0,0.0,0.0,0,phase_2,rl_policy_v3,,,
1235.0,2,58,0.0,0.0,2,0.0,2,0.0,3,0.0,11,0.0,0,0,0,0,0.0,0.0,0.0,0,phase_2,rl_policy_v3,,,
1236.0,2,62,0.0,0.0,2,0.0,2,0.0,3,0.0,12,0.0,0,0,0,0,0.0,0.0,0.0,0,phase_2,rl_policy_v3,,,
1237.0,2,63,2.0,0.032,2,0.0,2,0.0,3,0.0,12,1.0,0,0,0,0,0.0,1.0,1.0,0,phase_2,rl_policy_v3,,,
1238.0,2,62,4.0,0.065,2,0.0,2,0.0,3,1.0,12,3.0,0,0,1,0,0.0,4.0,0.0,0,phase_2,rl_policy_v3,,,
1239.0,2,63,7.0,0.111,2,0.0,2,0.0,3,2.0,13,5.0,0,0,1,0,0.0,7.0,0.0,0,phase_2,rl_policy_v3,,,
1240.0,2,61,10.0,0.164,1,0.0,1,0.0,3,3.0,13,7.0,0,0,1,0,0.0,10.0,0.0,0,phase_2,rl_policy_v3,,,
1241.0,2,61,14.0,0.23,1,0.0,1,0.0,4,4.0,13,10.0,0,0,0,0,0.0,14.0,0.0,0,phase_2,rl_policy_v3,,,
1242.0,2,60,18.0,0.3,1,0.0,1,0.0,4,5.0,13,13.0,0,0,0,0,0.0,18.0,0.0,0,phase_2,rl_policy_v3,,,
1243.0,2,61,23.0,0.377,1,0.0,1,0.0,4,7.0,14,16.0,0,0,1,0,0.0,23.0,0.0,0,phase_2,rl_policy_v3,,,
1244.0,2,59,31.0,0.525,1,0.0,1,0.0,4,9.0,14,20.0,0,0,1,0,1.0,29.0,1.0,0,phase_2,rl_policy_v3,,,
1245.0,2,59,40.0,0.678,1,0.0,1,0.0,4,12.0,14,24.0,0,0,2,0,2.0,36.0,2.0,0,phase_2,rl_policy_v3,,,
1246.0,2,60,52.0,0.867,1,0.0,1,0.0,4,15.0,15,28.0,0,0,2,0,3.0,43.0,6.0,0,phase_2,rl_policy_v3,,,
1247.0,2,57,62.0,1.088,1,0.0,1,0.0,4,18.0,15,32.0,0,0,2,0,4.0,50.0,8.0,0,phase_2,rl_policy_v3,,,
1248.0,2,57,73.0,1.281,1,0.0,1,0.0,4,21.0,16,36.0,0,0,2,0,5.0,57.0,11.0,0,phase_2,rl_policy_v3,,,
1249.0,2,60,85.0,1.417,3,0.0,3,0.0,4,24.0,16,40.0,0,0,2,0,6.0,64.0,15.0,0,phase_2,rl_policy_v3,,,
1250.0,2,61,98.0,1.607,3,0.0,3,0.0,4,27.0,16,44.0,0,0,2,0,7.0,71.0,20.0,0,phase_2,rl_policy_v3,,,
1251.0,2,57,114.0,2.0,3,0.0,3,0.0,4,30.0,16,50.0,0,0,2,0,8.0,80.0,26.0,0,phase_2,rl_policy_v3,,,
1252.0,2,57,131.0,2.298,3,0.0,3,0.0,4,33.0,17,56.0,0,0,2,0,9.0,89.0,33.0,0,phase_2,rl_policy_v3,,,
1253.0,2,57,148.0,2.596,3,0.0,3,0.0,4,36.0,17,62.0,0,0,2,0,10.0,98.0,40.0,0,phase_2,rl_policy_v3,,,
1254.0,2,57,166.0,2.912,3,0.0,3,0.0,4,39.0,17,69.0,0,0,2,0,11.0,108.0,47.0,0,phase_2,rl_policy_v3,,,
1255.0,2,57,185.0,3.246,3,0.0,3,0.0,4,42.0,17,76.0,0,0,2,0,12.0,118.0,55.0,0,phase_2,rl_policy_v3,,,
1256.0,2,58,205.0,3.534,3,0.0,3,0.0,4,45.0,17,83.0,0,0,2,0,13.0,128.0,64.0,0,phase_2,rl_policy_v3,,,
1257.0,2,58,226.0,3.897,3,0.0,3,0.0,4,48.0,17,91.0,0,0,2,0,14.0,139.0,73.0,0,phase_2,rl_policy_v3,,,
1258.0,2,58,248.0,4.276,3,0.0,3,0.0,4,51.0,17,99.0,0,0,2,3,15.0,150.0,83.0,0,phase_2,rl_policy_v3,,,
1259.0,2,58,272.0,4.69,3,0.0,3,0.0,4,54.0,17,108.0,0,0,2,3,16.0,162.0,94.0,0,phase_2,rl_policy_v3,,,
1260.0,2,58,296.0,5.103,3,0.0,3,0.0,4,57.0,17,117.0,0,0,2,3,17.0,174.0,105.0,0,phase_2,rl_policy_v3,,,
1261.0,2,61,321.0,5.262,3,0.0,3,0.0,4,60.0,17,126.0,0,0,2,0,18.0,186.0,117.0,0,phase_2,rl_policy_v3,,,
1262.0,2,62,348.0,5.613,3,0.0,3,0.0,4,63.0,17,136.0,0,0,2,0,19.0,199.0,130.0,0,phase_2,rl_policy_v3,,,
1263.0,2,59,375.0,6.356,3,0.0,2,0.0,4,66.0,17,146.0,0,0,2,0,20.0,212.0,143.0,0,phase_2,rl_policy_v3,,,
1264.0,2,58,402.0,6.931,3,0.0,2,0.0,4,69.0,18,156.0,0,0,2,4,21.0,225.0,156.0,0,phase_2,rl_policy_v3,,,
1265.0,2,57,431.0,7.561,3,0.0,2,0.0,4,72.0,18,167.0,0,0,2,4,22.0,239.0,170.0,0,phase_2,rl_policy_v3,,,
1266.0,2,58,462.0,7.966,3,0.0,2,0.0,4,75.0,18,179.0,0,0,2,4,23.0,254.0,185.0,0,phase_2,rl_policy_v3,,,
1267.0,2,56,494.0,8.821,2,0.0,2,0.0,4,78.0,18,191.0,0,0,2,4,24.0,269.0,201.0,0,phase_2,rl_policy_v3,,,
1268.0,2,56,526.0,9.393,2,0.0,2,0.0,4,81.0,18,203.0,0,0,2,4,25.0,284.0,217.0,0,phase_2,rl_policy_v3,,,
1269.0,2,56,559.0,9.982,2,0.0,2,0.0,4,84.0,18,215.0,0,0,2,4,26.0,299.0,234.0,0,phase_2,rl_policy_v3,,,
1270.0,2,56,593.0,10.589,2,0.0,2,0.0,4,87.0,18,227.0,0,0,2,4,27.0,314.0,252.0,0,phase_2,rl_policy_v3,,,
1271.0,3,56,627.0,11.196,2,0.0,2,0.0,4,90.0,18,239.0,0,0,2,4,28.0,329.0,270.0,0,phase_3,rl_policy_v3,,,
1272.0,3,56,663.0,11.839,2,0.0,2,0.0,4,93.0,18,251.0,0,0,2,0,29.0,344.0,290.0,0,phase_3,rl_policy_v3,,,
1273.0,3,57,701.0,12.298,3,0.0,3,0.0,4,97.0,18,263.0,0,0,4,0,30.0,360.0,311.0,0,phase_3,rl_policy_v3,,,
1274.0,0,51,500.0,9.804,3,0.0,3,0.0,1,2.0,16,169.0,0,0,1,0,0.0,171.0,329.0,0,phase_0,rl_policy_v3,,,
1275.0,0,51,441.0,8.647,3,0.0,3,0.0,1,0.0,16,93.0,0,0,0,0,0.0,93.0,348.0,0,phase_0,rl_policy_v3,,,
1276.0,0,49,408.0,8.327,3,0.0,3,0.0,1,0.0,16,40.0,0,0,0,0,0.0,40.0,368.0,0,phase_0,rl_policy_v3,,,
1277.0,0,50,395.0,7.9,3,0.0,3,0.0,1,0.0,14,4.0,0,0,0,0,0.0,4.0,391.0,0,phase_0,rl_policy_v3,,,
1278.0,0,53,414.0,7.811,3,0.0,3,0.0,1,0.0,14,0.0,0,0,0,0,0.0,0.0,414.0,0,phase_0,rl_policy_v3,,,
1279.0,0,53,437.0,8.245,3,0.0,3,0.0,1,0.0,13,0.0,0,0,0,0,0.0,0.0,437.0,0,phase_0,rl_policy_v3,,,
1280.0,0,54,460.0,8.519,3,0.0,3,0.0,2,0.0,11,0.0,0,0,0,0,0.0,0.0,460.0,0,phase_0,rl_policy_v3,,,
1281.0,0,55,483.0,8.782,3,0.0,3,0.0,2,0.0,11,0.0,0,0,0,0,0.0,0.0,483.0,0,phase_0,rl_policy_v3,,,
1282.0,0,55,506.0,9.2,3,0.0,3,0.0,3,0.0,9,0.0,0,0,0,0,0.0,0.0,506.0,0,phase_0,rl_policy_v3,,,
1283.0,0,56,529.0,9.446,3,0.0,3,0.0,3,0.0,9,0.0,0,0,0,0,0.0,0.0,529.0,0,phase_0,rl_policy_v3,,,
1284.0,0,55,552.0,10.036,3,0.0,3,0.0,3,0.0,8,0.0,0,0,0,0,0.0,0.0,552.0,0,phase_0,rl_policy_v3,,,
1285.0,0,55,575.0,10.455,3,0.0,3,0.0,3,0.0,7,0.0,0,0,0,0,0.0,0.0,575.0,0,phase_0,rl_policy_v3,,,
1286.0,0,55,598.0,10.873,3,0.0,3,0.0,3,0.0,6,0.0,0,0,0,0,0.0,0.0,598.0,0,phase_0,rl_policy_v3,,,
1287.0,0,57,621.0,10.895,3,0.0,3,0.0,3,0.0,5,0.0,0,0,0,0,0.0,0.0,621.0,0,phase_0,rl_policy_v3,,,
1288.0,0,57,644.0,11.298,3,0.0,3,0.0,3,0.0,5,0.0,0,0,0,0,0.0,0.0,644.0,0,phase_0,rl_policy_v3,,,
1289.0,0,58,667.0,11.5,3,0.0,3,0.0,3,0.0,5,0.0,0,0,0,0,0.0,0.0,667.0,0,phase_0,rl_policy_v3,,,
1290.0,0,58,690.0,11.897,3,0.0,3,0.0,3,0.0,5,0.0,0,0,0,0,0.0,0.0,690.0,0,phase_0,rl_policy_v3,,,
1291.0,0,58,713.0,12.293,3,0.0,3,0.0,3,0.0,5,0.0,0,0,0,0,0.0,0.0,713.0,0,phase_0,rl_policy_v3,,,
1292.0,0,56,688.0,12.286,3,1.0,3,0.0,3,0.0,5,0.0,0,0,0,0,0.0,1.0,687.0,0,phase_0,rl_policy_v3,,,
1293.0,0,57,664.0,11.649,3,2.0,3,1.0,3,0.0,6,0.0,0,0,0,0,0.0,3.0,661.0,0,phase_0,rl_policy_v3,,,
1294.0,0,57,638.0,11.193,3,3.0,3,2.0,3,0.0,6,0.0,0,0,0,0,0.0,5.0,633.0,0,phase_0,rl_policy_v3,,,
1295.0,0,56,613.0,10.946,3,4.0,3,3.0,3,0.0,6,0.0,0,0,0,0,0.0,7.0,606.0,0,phase_0,rl_policy_v3,,,
1296.0,0,57,587.0,10.298,3,5.0,3,4.0,3,0.0,7,0.0,0,0,0,0,0.0,9.0,578.0,0,phase_0,rl_policy_v3,,,
1297.0,0,64,560.0,8.75,5,6.0,5,5.0,3,0.0,7,0.0,0,0,0,0,0.0,11.0,549.0,0,phase_0,rl_policy_v3,,,
1298.0,1,63,532.0,8.444,5,7.0,5,6.0,3,0.0,6,0.0,0,0,0,0,0.0,13.0,519.0,0,phase_1,rl_policy_v3,,,
1299.0,1,64,505.0,7.891,5,8.0,5,7.0,3,0.0,7,0.0,0,0,0,0,0.0,15.0,490.0,0,phase_1,rl_policy_v3,,,
1300.0,1,65,477.0,7.338,5,9.0,5,8.0,3,0.0,7,0.0,0,0,0,0,0.0,17.0,460.0,0,phase_1,rl_policy_v3,,,
1301.0,2,63,430.0,6.825,4,0.0,4,0.0,3,0.0,7,0.0,0,0,0,0,0.0,0.0,430.0,0,phase_2,rl_policy_v3,,,
1302.0,2,62,399.0,6.435,4,0.0,4,0.0,3,0.0,7,0.0,0,0,0,0,0.0,0.0,399.0,0,phase_2,rl_policy_v3,,,
1303.0,2,63,369.0,5.857,4,0.0,4,0.0,3,0.0,8,0.0,0,0,0,0,0.0,0.0,369.0,0,phase_2,rl_policy_v3,,,
1304.0,2,62,382.0,6.161,4,0.0,4,0.0,3,0.0,8,0.0,0,0,0,0,0.0,0.0,382.0,0,phase_2,rl_policy_v3,,,
1305.0,2,62,351.0,5.661,4,0.0,4,0.0,3,0.0,8,0.0,0,0,0,0,0.0,0.0,351.0,0,phase_2,rl_policy_v3,,,
1306.0,2,63,322.0,5.111,4,0.0,4,0.0,3,0.0,9,0.0,0,0,0,0,0.0,0.0,322.0,0,phase_2,rl_policy_v3,,,
1307.0,2,60,293.0,4.883,4,0.0,4,0.0,3,0.0,9,0.0,0,0,0,0,0.0,0.0,293.0,0,phase_2,rl_policy_v3,,,
1308.0,2,61,264.0,4.328,4,0.0,4,0.0,3,0.0,9,1.0,0,0,0,0,0.0,1.0,263.0,0,phase_2,rl_policy_v3,,,
1309.0,2,58,237.0,4.086,4,0.0,4,0.0,3,1.0,9,2.0,0,0,1,0,0.0,3.0,234.0,0,phase_2,rl_policy_v3,,,
1310.0,2,57,212.0,3.719,4,0.0,4,0.0,3,2.0,9,4.0,0,0,1,0,0.0,6.0,206.0,0,phase_2,rl_policy_v3,,,
1311.0,2,56,186.0,3.321,4,0.0,4,0.0,3,3.0,9,6.0,0,0,1,0,0.0,9.0,177.0,0,phase_2,rl_policy_v3,,,
1312.0,2,52,200.0,3.846,4,0.0,4,0.0,3,4.0,9,8.0,0,0,1,0,0.0,12.0,188.0,0,phase_2,rl_policy_v3,,,
1313.0,2,51,175.0,3.431,3,0.0,4,0.0,4,5.0,9,10.0,0,0,0,0,0.0,15.0,160.0,0,phase_2,rl_policy_v3,,,
1314.0,2,51,153.0,3.0,3,0.0,4,0.0,4,8.0,10,12.0,0,0,2,0,1.0,20.0,132.0,0,phase_2,rl_policy_v3,,,
1315.0,2,48,170.0,3.542,3,0.0,4,0.0,4,11.0,10,14.0,0,0,2,0,2.0,25.0,143.0,0,phase_2,rl_policy_v3,,,
1316.0,2,46,147.0,3.196,3,0.0,3,0.0,4,14.0,10,16.0,0,0,2,0,3.0,30.0,114.0,0,phase_2,rl_policy_v3,,,
1317.0,2,47,121.0,2.574,3,0.0,3,0.0,4,17.0,11,18.0,0,0,2,0,4.0,35.0,82.0,0,phase_2,rl_policy_v3,,,
1318.0,2,47,137.0,2.915,3,0.0,3,0.0,4,20.0,11,20.0,0,0,2,0,5.0,40.0,92.0,0,phase_2,rl_policy_v3,,,
1319.0,2,46,154.0,3.348,2,0.0,2,0.0,4,23.0,11,22.0,0,0,2,0,6.0,45.0,103.0,0,phase_2,rl_policy_v3,,,
1320.0,2,46,173.0,3.761,2,0.0,2,0.0,4,26.0,11,25.0,0,0,2,0,7.0,51.0,115.0,0,phase_2,rl_policy_v3,,,
1321.0,2,49,193.0,3.939,4,0.0,4,0.0,4,29.0,11,29.0,0,0,2,0,8.0,58.0,127.0,0,phase_2,rl_policy_v3,,,
1322.0,2,48,214.0,4.458,4,0.0,4,0.0,4,32.0,11,33.0,0,0,2,2,9.0,65.0,140.0,0,phase_2,rl_policy_v3,,,
1323.0,2,46,236.0,5.13,3,0.0,3,0.0,4,35.0,11,37.0,0,0,2,2,10.0,72.0,154.0,0,phase_2,rl_policy_v3,,,
1324.0,2,47,260.0,5.532,3,0.0,3,0.0,4,38.0,12,41.0,0,0,2,2,11.0,79.0,170.0,0,phase_2,rl_policy_v3,,,
1325.0,2,48,283.0,5.896,3,0.0,3,0.0,4,41.0,12,46.0,0,0,2,2,12.0,87.0,184.0,0,phase_2,rl_policy_v3,,,
1326.0,2,48,308.0,6.417,2,0.0,3,0.0,4,44.0,12,52.0,0,0,2,2,13.0,96.0,199.0,0,phase_2,rl_policy_v3,,,
1327.0,2,48,334.0,6.958,2,0.0,2,0.0,4,47.0,12,58.0,0,0,2,2,14.0,105.0,215.0,0,phase_2,rl_policy_v3,,,
1328.0,2,51,360.0,7.059,2,0.0,2,0.0,4,50.0,12,64.0,0,0,2,2,15.0,114.0,231.0,0,phase_2,rl_policy_v3,,,
1329.0,2,51,387.0,7.588,2,0.0,2,0.0,4,53.0,12,70.0,0,0,2,2,16.0,123.0,248.0,0,phase_2,rl_policy_v3,,,
1330.0,2,51,415.0,8.137,2,0.0,2,0.0,4,56.0,12,76.0,0,0,2,0,17.0,132.0,266.0,0,phase_2,rl_policy_v3,,,
1331.0,2,51,444.0,8.706,2,0.0,2,0.0,4,59.0,12,82.0,0,0,2,0,18.0,141.0,285.0,0,phase_2,rl_policy_v3,,,
1332.0,2,51,473.0,9.275,2,0.0,2,0.0,4,62.0,12,88.0,0,0,2,0,19.0,150.0,304.0,0,phase_2,rl_policy_v3,,,
1333.0,2,52,505.0,9.712,2,0.0,2,0.0,4,65.0,12,96.0,0,0,2,3,20.0,161.0,324.0,0,phase_2,rl_policy_v3,,,
1334.0,2,52,537.0,10.327,2,0.0,2,0.0,4,68.0,13,104.0,0,0,2,3,21.0,172.0,344.0,0,phase_2,rl_policy_v3,,,
1335.0,2,51,570.0,11.176,2,0.0,1,0.0,4,71.0,13,112.0,0,0,2,3,22.0,183.0,365.0,0,phase_2,rl_policy_v3,,,
1336.0,2,50,605.0,12.1,1,0.0,1,0.0,4,74.0,13,120.0,0,0,2,6,23.0,194.0,388.0,0,phase_2,rl_policy_v3,,,
1337.0,2,50,639.0,12.78,1,0.0,1,0.0,4,77.0,13,129.0,0,0,2,6,24.0,206.0,409.0,0,phase_2,rl_policy_v3,,,
1338.0,2,50,675.0,13.5,1,0.0,1,0.0,4,80.0,13,138.0,0,0,2,6,25.0,218.0,432.0,0,phase_2,rl_policy_v3,,,
1339.0,2,51,711.0,13.941,1,0.0,1,0.0,4,83.0,13,147.0,0,0,2,6,26.0,230.0,455.0,0,phase_2,rl_policy_v3,,,
1340.0,2,51,747.0,14.647,1,0.0,1,0.0,4,86.0,13,156.0,0,0,2,6,27.0,242.0,478.0,0,phase_2,rl_policy_v3,,,
1341.0,2,51,783.0,15.353,1,0.0,1,0.0,4,89.0,13,165.0,0,0,2,6,28.0,254.0,501.0,0,phase_2,rl_policy_v3,,,
1342.0,2,51,819.0,16.059,1,0.0,1,0.0,4,92.0,13,174.0,0,0,2,6,29.0,266.0,524.0,0,phase_2,rl_policy_v3,,,
1343.0,3,50,855.0,17.1,1,0.0,1,0.0,4,95.0,13,183.0,0,0,2,6,30.0,278.0,547.0,0,phase_3,rl_policy_v3,,,
1344.0,3,50,891.0,17.82,1,0.0,1,0.0,4,98.0,13,192.0,0,0,2,6,31.0,290.0,570.0,0,phase_3,rl_policy_v3,,,
1345.0,3,54,896.0,16.593,3,0.0,3,0.0,4,101.0,14,202.0,0,0,2,6,0.0,303.0,593.0,0,phase_3,rl_policy_v3,,,
1346.0,0,48,727.0,15.146,3,0.0,3,0.0,1,1.0,11,110.0,0,0,1,4,0.0,111.0,616.0,0,phase_0,rl_policy_v3,,,
1347.0,0,47,638.0,13.574,3,0.0,3,0.0,1,0.0,11,44.0,0,0,0,0,0.0,44.0,594.0,0,phase_0,rl_policy_v3,,,
1348.0,0,46,575.0,12.5,3,0.0,3,0.0,1,0.0,11,4.0,0,0,0,0,0.0,4.0,571.0,0,phase_0,rl_policy_v3,,,
1349.0,0,46,548.0,11.913,3,0.0,3,0.0,1,0.0,8,0.0,0,0,0,0,0.0,0.0,548.0,0,phase_0,rl_policy_v3,,,
1350.0,0,49,524.0,10.694,3,0.0,3,0.0,1,0.0,8,0.0,0,0,0,0,0.0,0.0,524.0,0,phase_0,rl_policy_v3,,,
1351.0,0,51,500.0,9.804,3,0.0,3,0.0,1,0.0,9,0.0,0,0,0,0,0.0,0.0,500.0,0,phase_0,rl_policy_v3,,,
1352.0,0,52,475.0,9.135,3,0.0,3,0.0,2,0.0,7,0.0,0,0,0,0,0.0,0.0,475.0,0,phase_0,rl_policy_v3,,,
1353.0,0,52,450.0,8.654,3,0.0,3,0.0,2,0.0,6,0.0,0,0,0,0,0.0,0.0,450.0,0,phase_0,rl_policy_v3,,,
1354.0,0,51,425.0,8.333,3,0.0,3,0.0,3,0.0,4,0.0,0,0,0,0,0.0,0.0,425.0,0,phase_0,rl_policy_v3,,,
1355.0,0,52,399.0,7.673,3,0.0,3,0.0,3,0.0,5,0.0,0,0,0,0,0.0,0.0,399.0,0,phase_0,rl_policy_v3,,,
1356.0,0,52,413.0,7.942,3,0.0,3,0.0,3,0.0,4,0.0,0,0,0,0,0.0,0.0,413.0,0,phase_0,rl_policy_v3,,,
1357.0,0,53,387.0,7.302,3,0.0,3,0.0,3,0.0,4,0.0,0,0,0,0,0.0,0.0,387.0,0,phase_0,rl_policy_v3,,,
1358.0,0,54,362.0,6.704,3,0.0,3,0.0,3,0.0,4,0.0,0,0,0,0,1.0,0.0,361.0,0,phase_0,rl_policy_v3,,,
1359.0,0,54,337.0,6.241,3,0.0,3,0.0,3,0.0,4,0.0,0,0,0,0,3.0,0.0,334.0,0,phase_0,rl_policy_v3,,,
1360.0,0,55,312.0,5.673,3,0.0,3,0.0,3,0.0,5,0.0,0,0,0,0,5.0,0.0,307.0,0,phase_0,rl_policy_v3,,,
1361.0,0,55,286.0,5.2,3,0.0,3,0.0,3,0.0,5,0.0,0,0,0,0,7.0,0.0,279.0,0,phase_0,rl_policy_v3,,,
1362.0,0,55,260.0,4.727,3,1.0,3,0.0,3,0.0,5,0.0,1,0,0,0,9.0,1.0,250.0,0,phase_0,rl_policy_v3,,,
1363.0,0,55,273.0,4.964,3,2.0,3,1.0,3,0.0,5,0.0,1,1,0,0,11.0,3.0,259.0,0,phase_0,rl_policy_v3,,,
1364.0,0,53,248.0,4.679,3,3.0,3,2.0,3,0.0,4,0.0,1,1,0,0,13.0,5.0,230.0,0,phase_0,rl_policy_v3,,,
1365.0,0,55,224.0,4.073,3,4.0,3,3.0,3,0.0,5,0.0,1,0,0,0,15.0,7.0,202.0,0,phase_0,rl_policy_v3,,,
1366.0,0,55,201.0,3.655,3,5.0,3,4.0,3,0.0,5,0.0,0,0,0,0,17.0,9.0,175.0,0,phase_0,rl_policy_v3,,,
1367.0,0,54,178.0,3.296,3,6.0,3,5.0,3,0.0,5,0.0,0,0,0,0,19.0,11.0,148.0,0,phase_0,rl_policy_v3,,,
1368.0,0,55,155.0,2.818,3,7.0,3,6.0,3,0.0,6,0.0,0,0,0,0,21.0,13.0,121.0,0,phase_0,rl_policy_v3,,,
1369.0,0,60,168.0,2.8,4,8.0,4,7.0,3,0.0,6,0.0,0,0,0,0,23.0,15.0,130.0,0,phase_0,rl_policy_v3,,,
1370.0,0,61,145.0,2.377,4,9.0,4,8.0,3,0.0,6,0.0,0,0,0,0,25.0,17.0,103.0,0,phase_0,rl_policy_v3,,,
1371.0,0,61,122.0,2.0,4,10.0,4,9.0,3,0.0,6,0.0,0,0,0,0,27.0,19.0,76.0,0,phase_0,rl_policy_v3,,,
1372.0,0,61,100.0,1.639,4,11.0,4,10.0,3,0.0,6,0.0,0,0,0,0,29.0,21.0,50.0,0,phase_0,rl_policy_v3,,,
1373.0,0,61,113.0,1.852,4,12.0,4,11.0,3,0.0,6,0.0,0,0,0,0,31.0,23.0,59.0,0,phase_0,rl_policy_v3,,,
1374.0,0,60,126.0,2.1,4,13.0,4,12.0,3,0.0,6,0.0,0,0,0,0,33.0,25.0,68.0,0,phase_0,rl_policy_v3,,,
1375.0,0,61,140.0,2.295,4,14.0,4,13.0,3,0.0,6,0.0,0,0,0,0,35.0,27.0,78.0,0,phase_0,rl_policy_v3,,,
1376.0,0,61,154.0,2.525,4,15.0,4,14.0,3,0.0,6,0.0,0,0,0,0,37.0,29.0,88.0,0,phase_0,rl_policy_v3,,,
1377.0,0,62,168.0,2.71,4,16.0,4,15.0,3,0.0,6,0.0,0,0,0,0,39.0,31.0,98.0,0,phase_0,rl_policy_v3,,,
1378.0,0,62,183.0,2.952,4,17.0,4,16.0,3,0.0,5,0.0,0,0,0,0,41.0,33.0,109.0,0,phase_0,rl_policy_v3,,,
1379.0,0,62,199.0,3.21,4,18.0,4,17.0,2,0.0,5,0.0,0,0,0,0,43.0,35.0,121.0,0,phase_0,rl_policy_v3,,,
1380.0,0,64,217.0,3.391,4,19.0,4,18.0,2,0.0,5,0.0,0,0,0,0,46.0,37.0,134.0,0,phase_0,rl_policy_v3,,,
1381.0,0,64,237.0,3.703,4,20.0,4,19.0,2,0.0,5,0.0,0,0,0,0,49.0,39.0,149.0,0,phase_0,rl_policy_v3,,,
1382.0,0,64,259.0,4.047,4,21.0,4,20.0,2,0.0,5,0.0,0,0,0,0,53.0,41.0,165.0,0,phase_0,rl_policy_v3,,,
1383.0,0,63,284.0,4.508,4,22.0,4,21.0,1,0.0,5,0.0,0,0,0,0,59.0,43.0,182.0,0,phase_0,rl_policy_v3,,,
1384.0,0,59,311.0,5.271,4,23.0,4,22.0,0,0.0,5,0.0,0,0,0,0,65.0,45.0,201.0,0,phase_0,rl_policy_v3,,,
1385.0,0,61,341.0,5.59,4,24.0,4,23.0,1,0.0,5,0.0,0,0,0,0,72.0,47.0,222.0,0,phase_0,rl_policy_v3,,,
1386.0,0,64,371.0,5.797,4,25.0,4,24.0,2,0.0,5,0.0,0,0,0,0,79.0,49.0,243.0,0,phase_0,rl_policy_v3,,,
1387.0,0,63,403.0,6.397,4,27.0,4,25.0,2,0.0,5,0.0,1,0,0,0,86.0,52.0,265.0,0,phase_0,rl_policy_v3,,,
1388.0,1,65,437.0,6.723,4,29.0,4,26.0,2,0.0,6,0.0,1,0,0,0,94.0,55.0,288.0,0,phase_1,rl_policy_v3,,,
1389.0,1,65,474.0,7.292,4,31.0,4,28.0,2,0.0,6,0.0,1,1,0,0,103.0,59.0,312.0,0,phase_1,rl_policy_v3,,,
1390.0,1,63,438.0,6.952,4,33.0,4,30.0,2,0.0,6,0.0,1,1,0,0,39.0,63.0,336.0,0,phase_1,rl_policy_v3,,,
1391.0,2,59,382.0,6.475,2,0.0,2,0.0,2,0.0,6,0.0,0,0,0,0,21.0,0.0,361.0,0,phase_2,rl_policy_v3,,,
1392.0,2,56,321.0,5.732,2,0.0,2,0.0,2,0.0,6,0.0,0,0,0,0,8.0,0.0,313.0,0,phase_2,rl_policy_v3,,,
1393.0,2,58,307.0,5.293,4,0.0,4,0.0,2,0.0,6,0.0,0,0,0,0,3.0,0.0,304.0,0,phase_2,rl_policy_v3,,,
1394.0,2,57,326.0,5.719,4,0.0,4,0.0,2,0.0,6,0.0,0,0,0,0,1.0,0.0,325.0,0,phase_2,rl_policy_v3,,,
1395.0,2,52,347.0,6.673,4,0.0,4,0.0,2,0.0,6,0.0,0,0,0,0,0.0,0.0,347.0,0,phase_2,rl_policy_v3,,,
1396.0,2,51,370.0,7.255,4,0.0,4,0.0,2,0.0,6,0.0,0,0,0,0,0.0,0.0,370.0,0,phase_2,rl_policy_v3,,,
1397.0,2,52,394.0,7.577,4,0.0,4,0.0,2,0.0,7,1.0,0,0,0,0,0.0,1.0,393.0,0,phase_2,rl_policy_v3,,,
1398.0,2,50,419.0,8.38,4,0.0,4,0.0,2,0.0,7,3.0,0,0,0,0,0.0,3.0,416.0,0,phase_2,rl_policy_v3,,,
1399.0,2,50,444.0,8.88,4,0.0,4,0.0,2,0.0,7,5.0,0,0,0,0,0.0,5.0,439.0,0,phase_2,rl_policy_v3,,,
1400.0,2,50,469.0,9.38,4,0.0,4,0.0,2,0.0,7,7.0,0,0,0,1,0.0,7.0,462.0,0,phase_2,rl_policy_v3,,,
1401.0,2,50,494.0,9.88,4,0.0,4,0.0,2,0.0,7,9.0,0,0,0,1,0.0,9.0,485.0,0,phase_2,rl_policy_v3,,,
1402.0,2,48,519.0,10.812,4,0.0,4,0.0,2,0.0,7,11.0,0,0,0,1,0.0,11.0,508.0,0,phase_2,rl_policy_v3,,,
1403.0,2,48,544.0,11.333,4,0.0,4,0.0,2,0.0,7,13.0,0,0,0,0,0.0,13.0,531.0,0,phase_2,rl_policy_v3,,,
1404.0,2,48,569.0,11.854,4,0.0,4,0.0,2,0.0,7,15.0,0,0,0,0,0.0,15.0,554.0,0,phase_2,rl_policy_v3,,,
1405.0,2,49,594.0,12.122,4,0.0,4,0.0,2,0.0,7,17.0,0,0,0,0,0.0,17.0,577.0,0,phase_2,rl_policy_v3,,,
1406.0,2,50,620.0,12.4,4,0.0,4,0.0,2,0.0,8,20.0,0,0,0,1,0.0,20.0,600.0,0,phase_2,rl_policy_v3,,,
1407.0,2,47,603.0,12.83,4,0.0,3,0.0,2,0.0,8,23.0,0,0,0,1,0.0,23.0,580.0,0,phase_2,rl_policy_v3,,,
1408.0,2,47,585.0,12.447,4,0.0,3,0.0,2,0.0,8,26.0,0,0,0,1,0.0,26.0,559.0,0,phase_2,rl_policy_v3,,,
1409.0,2,47,567.0,12.064,4,0.0,3,0.0,2,0.0,8,30.0,0,0,0,3,0.0,30.0,537.0,0,phase_2,rl_policy_v3,,,
1410.0,2,46,549.0,11.935,4,0.0,3,0.0,2,0.0,8,34.0,0,0,0,3,0.0,34.0,515.0,0,phase_2,rl_policy_v3,,,
1411.0,2,47,531.0,11.298,3,0.0,3,0.0,2,0.0,9,38.0,0,0,0,2,0.0,38.0,493.0,0,phase_2,rl_policy_v3,,,
1412.0,2,47,512.0,10.894,3,0.0,3,0.0,2,0.0,9,42.0,0,0,0,2,0.0,42.0,470.0,0,phase_2,rl_policy_v3,,,
1413.0,2,46,493.0,10.717,3,0.0,3,0.0,2,0.0,9,46.0,0,0,0,2,0.0,46.0,447.0,0,phase_2,rl_policy_v3,,,
1414.0,2,46,475.0,10.326,3,0.0,3,0.0,2,0.0,9,50.0,0,0,0,2,0.0,50.0,425.0,0,phase_2,rl_policy_v3,,,
1415.0,2,45,458.0,10.178,3,0.0,3,0.0,2,0.0,9,54.0,0,0,0,2,0.0,54.0,404.0,0,phase_2,rl_policy_v3,,,
1416.0,2,44,479.0,10.886,3,0.0,3,0.0,2,0.0,9,59.0,0,0,0,3,0.0,59.0,420.0,0,phase_2,rl_policy_v3,,,
1417.0,2,47,462.0,9.83,4,0.0,4,0.0,2,0.0,10,64.0,0,0,0,2,0.0,64.0,398.0,0,phase_2,rl_policy_v3,,,
1418.0,2,46,447.0,9.717,4,0.0,4,0.0,2,2.0,10,69.0,0,0,2,2,0.0,71.0,376.0,0,phase_2,rl_policy_v3,,,
1419.0,2,46,433.0,9.413,4,0.0,4,0.0,2,4.0,10,74.0,0,0,2,2,0.0,78.0,355.0,0,phase_2,rl_policy_v3,,,
1420.0,2,45,418.0,9.289,4,0.0,4,0.0,2,6.0,10,79.0,0,0,2,2,0.0,85.0,333.0,0,phase_2,rl_policy_v3,,,
1421.0,2,47,403.0,8.574,4,0.0,4,0.0,3,8.0,10,84.0,0,0,1,2,0.0,92.0,311.0,0,phase_2,rl_policy_v3,,,
1422.0,2,47,388.0,8.255,4,0.0,4,0.0,3,10.0,10,89.0,0,0,1,2,0.0,99.0,289.0,0,phase_2,rl_policy_v3,,,
1423.0,2,47,376.0,8.0,4,0.0,4,0.0,3,12.0,10,95.0,0,0,1,4,1.0,107.0,268.0,0,phase_2,rl_policy_v3,,,
1424.0,2,47,400.0,8.511,4,0.0,4,0.0,3,14.0,10,101.0,0,0,1,4,2.0,115.0,283.0,0,phase_2,rl_policy_v3,,,
1425.0,2,47,387.0,8.234,4,0.0,4,0.0,3,16.0,10,107.0,0,0,1,4,3.0,123.0,261.0,0,phase_2,rl_policy_v3,,,
1426.0,2,46,374.0,8.13,4,0.0,4,0.0,3,18.0,10,113.0,0,0,1,2,4.0,131.0,239.0,0,phase_2,rl_policy_v3,,,
1427.0,2,47,361.0,7.681,4,0.0,4,0.0,3,20.0,11,119.0,0,0,1,2,5.0,139.0,217.0,0,phase_2,rl_policy_v3,,,
1428.0,2,47,384.0,8.17,4,0.0,4,0.0,3,22.0,11,125.0,0,0,1,2,6.0,147.0,231.0,0,phase_2,rl_policy_v3,,,
1429.0,2,47,370.0,7.872,4,0.0,4,0.0,3,24.0,11,131.0,0,0,1,2,7.0,155.0,208.0,0,phase_2,rl_policy_v3,,,
1430.0,2,47,357.0,7.596,4,0.0,4,0.0,3,26.0,11,137.0,0,0,1,2,8.0,163.0,186.0,0,phase_2,rl_policy_v3,,,
1431.0,2,46,345.0,7.5,3,0.0,3,0.0,3,28.0,11,144.0,0,0,1,5,9.0,172.0,164.0,0,phase_2,rl_policy_v3,,,
1432.0,2,46,333.0,7.239,3,0.0,3,0.0,3,30.0,11,151.0,0,0,1,5,10.0,181.0,142.0,0,phase_2,rl_policy_v3,,,
1433.0,3,46,357.0,7.761,3,0.0,3,0.0,3,32.0,11,158.0,0,0,1,3,11.0,190.0,156.0,0,phase_3,rl_policy_v3,,,
1434.0,3,46,382.0,8.304,3,0.0,3,0.0,3,34.0,11,165.0,0,0,1,3,12.0,199.0,171.0,0,phase_3,rl_policy_v3,,,
1435.0,3,46,395.0,8.587,3,0.0,3,0.0,3,36.0,11,172.0,0,0,1,3,0.0,208.0,187.0,0,phase_3,rl_policy_v3,,,
1436.0,0,40,273.0,6.825,3,0.0,3,0.0,1,0.0,8,69.0,0,0,0,2,0.0,69.0,204.0,0,phase_0,rl_policy_v3,,,
1437.0,0,40,203.0,5.075,3,0.0,3,0.0,1,0.0,9,7.0,0,0,0,0,0.0,7.0,196.0,0,phase_0,rl_policy_v3,,,
1438.0,0,39,188.0,4.821,3,0.0,3,0.0,1,0.0,8,0.0,0,0,0,0,0.0,0.0,188.0,0,phase_0,rl_policy_v3,,,
1439.0,0,42,182.0,4.333,3,1.0,3,0.0,2,0.0,7,0.0,0,0,0,0,0.0,1.0,181.0,0,phase_0,rl_policy_v3,,,
1440.0,0,42,177.0,4.214,3,1.0,3,1.0,2,0.0,7,0.0,0,0,0,0,0.0,2.0,175.0,0,phase_0,rl_policy_v3,,,
1441.0,0,50,172.0,3.44,5,1.0,5,3.0,2,0.0,6,0.0,0,0,0,0,0.0,4.0,168.0,0,phase_0,rl_policy_v3,,,
1442.0,0,53,172.0,3.245,6,4.0,6,6.0,2,0.0,5,0.0,0,0,0,0,0.0,10.0,162.0,0,phase_0,rl_policy_v3,,,
1443.0,0,53,170.0,3.208,6,5.0,6,9.0,2,0.0,5,0.0,0,0,0,0,0.0,14.0,156.0,0,phase_0,rl_policy_v3,,,
1444.0,0,56,189.0,3.375,6,8.0,6,12.0,2,0.0,6,0.0,0,0,0,0,0.0,20.0,169.0,0,phase_0,rl_policy_v3,,,
1445.0,0,56,187.0,3.339,6,11.0,6,15.0,2,0.0,6,0.0,0,0,0,0,0.0,26.0,161.0,0,phase_0,rl_policy_v3,,,
1446.0,0,56,187.0,3.339,6,14.0,6,18.0,2,0.0,6,0.0,0,0,0,0,0.0,32.0,155.0,0,phase_0,rl_policy_v3,,,
1447.0,0,56,186.0,3.321,6,17.0,6,21.0,2,0.0,5,0.0,0,0,0,0,0.0,38.0,148.0,0,phase_0,rl_policy_v3,,,
1448.0,0,56,187.0,3.339,6,20.0,6,24.0,2,0.0,5,0.0,0,0,0,0,0.0,44.0,143.0,0,phase_0,rl_policy_v3,,,
1449.0,0,57,187.0,3.281,6,23.0,6,27.0,2,0.0,5,0.0,0,0,0,0,0.0,50.0,137.0,0,phase_0,rl_policy_v3,,,
1450.0,0,56,184.0,3.286,6,26.0,6,30.0,2,0.0,5,0.0,0,0,0,0,0.0,56.0,128.0,0,phase_0,rl_policy_v3,,,
1451.0,0,56,200.0,3.571,6,29.0,6,33.0,1,0.0,5,0.0,0,0,0,0,0.0,62.0,138.0,0,phase_0,rl_policy_v3,,,
1452.0,0,58,196.0,3.379,6,32.0,6,36.0,1,0.0,6,0.0,0,0,0,0,0.0,68.0,128.0,0,phase_0,rl_policy_v3,,,
1453.0,0,58,192.0,3.31,6,35.0,6,39.0,1,0.0,6,0.0,0,0,0,0,0.0,74.0,118.0,0,phase_0,rl_policy_v3,,,
1454.0,0,59,187.0,3.169,6,38.0,6,42.0,1,0.0,7,0.0,0,0,0,0,0.0,80.0,107.0,0,phase_0,rl_policy_v3,,,
1455.0,0,59,181.0,3.068,6,41.0,6,45.0,1,0.0,7,0.0,0,0,0,0,0.0,86.0,95.0,0,phase_0,rl_policy_v3,,,
1456.0,0,59,176.0,2.983,6,44.0,6,49.0,1,0.0,7,0.0,0,0,0,0,0.0,93.0,83.0,0,phase_0,rl_policy_v3,,,
1457.0,0,55,172.0,3.127,6,48.0,6,53.0,1,0.0,6,0.0,0,0,0,0,0.0,101.0,71.0,0,phase_0,rl_policy_v3,,,
1458.0,0,57,186.0,3.263,6,53.0,6,57.0,2,0.0,6,0.0,1,0,0,0,0.0,110.0,76.0,0,phase_0,rl_policy_v3,,,
1459.0,1,58,182.0,3.138,6,58.0,6,62.0,2,0.0,7,0.0,1,1,0,0,0.0,120.0,62.0,0,phase_1,rl_policy_v3,,,
1460.0,1,57,179.0,3.14,6,63.0,6,67.0,2,0.0,7,0.0,1,1,0,0,0.0,130.0,49.0,0,phase_1,rl_policy_v3,,,
1461.0,1,59,177.0,3.0,6,68.0,6,72.0,3,0.0,8,0.0,1,1,0,0,0.0,140.0,37.0,0,phase_1,rl_policy_v3,,,
1462.0,2,58,121.0,2.086,5,46.0,5,50.0,3,0.0,8,0.0,0,0,0,0,0.0,96.0,25.0,0,phase_2,rl_policy_v3,,,
1463.0,2,56,69.0,1.232,4,27.0,5,30.0,3,0.0,8,0.0,0,0,0,0,0.0,57.0,12.0,0,phase_2,rl_policy_v3,,,
1464.0,2,56,33.0,0.589,4,8.0,4,9.0,3,0.0,9,0.0,0,0,0,0,0.0,17.0,16.0,0,phase_2,rl_policy_v3,,,
1465.0,2,59,21.0,0.356,5,0.0,5,0.0,3,0.0,9,0.0,0,0,0,0,0.0,0.0,21.0,0,phase_2,rl_policy_v3,,,
1466.0,2,59,27.0,0.458,5,0.0,5,0.0,3,0.0,9,0.0,0,0,0,0,0.0,0.0,27.0,0,phase_2,rl_policy_v3,,,
1467.0,2,57,34.0,0.596,4,0.0,5,0.0,3,0.0,9,0.0,0,0,0,0,0.0,0.0,34.0,0,phase_2,rl_policy_v3,,,
1468.0,2,55,41.0,0.745,4,0.0,4,0.0,3,0.0,10,0.0,0,0,0,0,0.0,0.0,41.0,0,phase_2,rl_policy_v3,,,
1469.0,2,53,49.0,0.925,4,0.0,4,0.0,3,0.0,10,0.0,0,0,0,0,0.0,0.0,49.0,0,phase_2,rl_policy_v3,,,
1470.0,2,55,59.0,1.073,4,0.0,4,0.0,3,0.0,10,1.0,0,0,0,0,0.0,1.0,58.0,0,phase_2,rl_policy_v3,,,
1471.0,2,53,70.0,1.321,3,0.0,4,0.0,3,1.0,10,2.0,0,0,0,0,0.0,3.0,67.0,0,phase_2,rl_policy_v3,,,
1472.0,2,54,83.0,1.537,3,0.0,4,0.0,3,2.0,10,4.0,0,0,0,0,0.0,6.0,77.0,0,phase_2,rl_policy_v3,,,
1473.0,2,52,97.0,1.865,3,0.0,3,0.0,3,3.0,10,6.0,0,0,0,0,0.0,9.0,88.0,0,phase_2,rl_policy_v3,,,
1474.0,2,54,112.0,2.074,2,0.0,3,0.0,3,4.0,11,8.0,0,0,0,0,0.0,12.0,100.0,0,phase_2,rl_policy_v3,,,
1475.0,2,52,128.0,2.462,2,0.0,2,0.0,3,5.0,11,10.0,0,0,0,0,0.0,15.0,113.0,0,phase_2,rl_policy_v3,,,
1476.0,2,52,145.0,2.788,2,0.0,2,0.0,3,6.0,11,13.0,0,0,0,0,0.0,19.0,126.0,0,phase_2,rl_policy_v3,,,
1477.0,2,56,163.0,2.911,2,0.0,2,0.0,3,7.0,12,16.0,0,0,1,0,0.0,23.0,140.0,0,phase_2,rl_policy_v3,,,
1478.0,2,54,180.0,3.333,2,0.0,2,0.0,3,8.0,12,19.0,0,0,1,0,0.0,27.0,153.0,0,phase_2,rl_policy_v3,,,
1479.0,2,54,199.0,3.685,1,0.0,2,0.0,3,9.0,12,22.0,0,0,1,0,0.0,31.0,168.0,0,phase_2,rl_policy_v3,,,
1480.0,2,54,218.0,4.037,1,0.0,1,0.0,3,10.0,13,25.0,0,0,1,0,0.0,35.0,183.0,0,phase_2,rl_policy_v3,,,
1481.0,2,54,238.0,4.407,1,0.0,1,0.0,3,11.0,13,28.0,0,0,1,0,0.0,39.0,199.0,0,phase_2,rl_policy_v3,,,
1482.0,2,53,259.0,4.887,1,0.0,1,0.0,3,12.0,13,31.0,0,0,0,0,0.0,43.0,216.0,0,phase_2,rl_policy_v3,,,
1483.0,2,55,281.0,5.109,1,0.0,1,0.0,3,13.0,14,34.0,0,0,0,0,0.0,47.0,234.0,0,phase_2,rl_policy_v3,,,
1484.0,2,55,306.0,5.564,1,0.0,1,0.0,3,14.0,14,39.0,0,0,0,0,0.0,53.0,253.0,0,phase_2,rl_policy_v3,,,
1485.0,2,54,331.0,6.13,1,0.0,1,0.0,3,15.0,14,44.0,0,0,0,0,0.0,59.0,272.0,0,phase_2,rl_policy_v3,,,
1486.0,2,54,358.0,6.63,1,0.0,1,0.0,3,16.0,14,50.0,0,0,0,1,0.0,66.0,292.0,0,phase_2,rl_policy_v3,,,
1487.0,2,53,385.0,7.264,1,0.0,1,0.0,3,17.0,14,56.0,0,0,1,1,0.0,73.0,312.0,0,phase_2,rl_policy_v3,,,
1488.0,2,52,413.0,7.942,1,0.0,1,0.0,3,18.0,14,62.0,0,0,1,1,0.0,80.0,333.0,0,phase_2,rl_policy_v3,,,
1489.0,2,57,442.0,7.754,3,0.0,3,0.0,3,19.0,15,68.0,0,0,1,1,0.0,87.0,355.0,0,phase_2,rl_policy_v3,,,
1490.0,2,57,473.0,8.298,3,0.0,3,0.0,3,20.0,15,75.0,0,0,1,1,0.0,95.0,378.0,0,phase_2,rl_policy_v3,,,
1491.0,2,57,504.0,8.842,3,0.0,3,0.0,3,21.0,15,82.0,0,0,1,2,0.0,103.0,401.0,0,phase_2,rl_policy_v3,,,
1492.0,2,57,534.0,9.368,3,0.0,3,0.0,3,22.0,15,87.0,0,0,1,0,0.0,109.0,425.0,0,phase_2,rl_policy_v3,,,
1493.0,2,58,566.0,9.759,3,0.0,3,0.0,3,24.0,15,94.0,0,0,2,0,1.0,118.0,447.0,0,phase_2,rl_policy_v3,,,
1494.0,2,59,601.0,10.186,3,0.0,3,0.0,4,26.0,15,101.0,0,0,1,0,2.0,127.0,472.0,0,phase_2,rl_policy_v3,,,
1495.0,2,59,637.0,10.797,3,0.0,3,0.0,4,29.0,15,108.0,0,0,2,0,3.0,137.0,497.0,0,phase_2,rl_policy_v3,,,
1496.0,2,59,674.0,11.424,3,0.0,3,0.0,4,32.0,15,116.0,0,0,2,2,4.0,148.0,522.0,0,phase_2,rl_policy_v3,,,
1497.0,2,59,711.0,12.051,3,0.0,3,0.0,4,35.0,15,124.0,0,0,2,2,5.0,159.0,547.0,0,phase_2,rl_policy_v3,,,
1498.0,2,59,748.0,12.678,3,0.0,3,0.0,4,38.0,15,132.0,0,0,2,2,6.0,170.0,572.0,0,phase_2,rl_policy_v3,,,
1499.0,2,58,785.0,13.534,3,0.0,3,0.0,4,41.0,15,140.0,0,0,2,2,7.0,181.0,597.0,0,phase_2,rl_policy_v3,,,
1500.0,2,59,822.0,13.932,3,0.0,3,0.0,4,44.0,16,148.0,0,0,2,3,8.0,192.0,622.0,0,phase_2,rl_policy_v3,,,
1501.0,2,58,859.0,14.81,3,0.0,3,0.0,4,47.0,16,156.0,0,0,2,0,9.0,203.0,647.0,0,phase_2,rl_policy_v3,,,
1502.0,2,58,896.0,15.448,3,0.0,3,0.0,4,50.0,16,164.0,0,0,2,0,10.0,214.0,672.0,0,phase_2,rl_policy_v3,,,
1503.0,2,58,933.0,16.086,2,0.0,3,0.0,4,53.0,16,172.0,0,0,2,0,11.0,225.0,697.0,0,phase_2,rl_policy_v3,,,
1504.0,3,56,971.0,17.339,2,0.0,2,0.0,4,56.0,16,181.0,0,0,2,3,12.0,237.0,722.0,0,phase_3,rl_policy_v3,,,
1505.0,3,55,1009.0,18.345,2,0.0,2,0.0,4,59.0,16,190.0,0,0,2,3,13.0,249.0,747.0,0,phase_3,rl_policy_v3,,,
1506.0,3,55,1048.0,19.055,2,0.0,2,0.0,4,62.0,16,200.0,0,0,2,4,14.0,262.0,772.0,0,phase_3,rl_policy_v3,,,
1507.0,0,47,862.0,18.34,2,0.0,2,0.0,1,0.0,13,114.0,0,0,0,0,0.0,114.0,748.0,0,phase_0,rl_policy_v3,,,
1508.0,0,46,773.0,16.804,2,0.0,2,0.0,1,0.0,13,50.0,0,0,0,0,0.0,50.0,723.0,0,phase_0,rl_policy_v3,,,
1509.0,0,47,717.0,15.255,2,0.0,2,0.0,1,0.0,14,18.0,0,0,0,0,0.0,18.0,699.0,0,phase_0,rl_policy_v3,,,
1510.0,0,44,675.0,15.341,2,0.0,2,0.0,1,0.0,11,0.0,0,0,0,0,1.0,0.0,674.0,0,phase_0,rl_policy_v3,,,
1511.0,0,51,652.0,12.784,2,0.0,2,0.0,2,0.0,12,0.0,0,0,0,0,3.0,0.0,649.0,0,phase_0,rl_policy_v3,,,
1512.0,0,50,628.0,12.56,2,0.0,2,0.0,2,0.0,11,0.0,0,0,0,0,5.0,0.0,623.0,0,phase_0,rl_policy_v3,,,
1513.0,0,56,603.0,10.768,3,0.0,3,0.0,2,0.0,10,0.0,0,0,0,0,7.0,0.0,596.0,0,phase_0,rl_policy_v3,,,
1514.0,0,58,578.0,9.966,3,0.0,3,0.0,2,0.0,10,0.0,0,0,0,0,9.0,0.0,569.0,0,phase_0,rl_policy_v3,,,
1515.0,0,56,552.0,9.857,3,0.0,3,0.0,2,0.0,9,0.0,0,0,0,0,11.0,0.0,541.0,0,phase_0,rl_policy_v3,,,
1516.0,0,58,526.0,9.069,3,0.0,3,0.0,2,0.0,10,0.0,0,0,0,0,13.0,0.0,513.0,0,phase_0,rl_policy_v3,,,
1517.0,0,57,544.0,9.544,3,0.0,3,0.0,2,0.0,8,0.0,0,0,0,0,15.0,0.0,529.0,0,phase_0,rl_policy_v3,,,
1518.0,0,55,516.0,9.382,3,0.0,3,0.0,2,0.0,7,0.0,0,0,0,0,17.0,0.0,499.0,0,phase_0,rl_policy_v3,,,
1519.0,0,57,487.0,8.544,3,0.0,3,0.0,2,0.0,8,0.0,0,0,0,0,19.0,0.0,468.0,0,phase_0,rl_policy_v3,,,
1520.0,0,55,436.0,7.927,3,0.0,3,0.0,2,0.0,7,0.0,0,0,0,0,0.0,0.0,436.0,0,phase_0,rl_policy_v3,,,
1521.0,0,54,405.0,7.5,3,0.0,3,0.0,2,0.0,6,0.0,0,0,0,0,0.0,0.0,405.0,0,phase_0,rl_policy_v3,,,
1522.0,0,56,373.0,6.661,3,0.0,3,0.0,2,0.0,7,0.0,0,0,0,0,0.0,0.0,373.0,0,phase_0,rl_policy_v3,,,
1523.0,0,57,341.0,5.982,3,0.0,3,0.0,2,0.0,7,0.0,0,0,0,0,0.0,0.0,341.0,0,phase_0,rl_policy_v3,,,
1524.0,0,57,308.0,5.404,3,0.0,3,0.0,2,0.0,7,0.0,0,0,0,0,0.0,0.0,308.0,0,phase_0,rl_policy_v3,,,
1525.0,0,57,274.0,4.807,3,0.0,3,0.0,1,0.0,8,0.0,0,0,0,0,0.0,0.0,274.0,0,phase_0,rl_policy_v3,,,
1526.0,0,56,239.0,4.268,3,0.0,3,0.0,1,0.0,8,0.0,0,0,0,0,0.0,0.0,239.0,0,phase_0,rl_policy_v3,,,
1527.0,0,57,204.0,3.579,3,0.0,3,0.0,1,0.0,8,0.0,0,0,0,0,0.0,0.0,204.0,0,phase_0,rl_policy_v3,,,
1528.0,0,56,169.0,3.018,3,0.0,3,0.0,1,0.0,8,0.0,0,0,0,0,0.0,0.0,169.0,0,phase_0,rl_policy_v3,,,
1529.0,0,57,175.0,3.07,3,0.0,3,1.0,1,0.0,9,0.0,0,1,0,0,0.0,1.0,174.0,0,phase_0,rl_policy_v3,,,
1530.0,0,55,140.0,2.545,3,1.0,3,2.0,1,0.0,9,0.0,1,1,0,0,0.0,3.0,137.0,0,phase_0,rl_policy_v3,,,
1531.0,0,57,105.0,1.842,3,2.0,3,3.0,2,0.0,9,0.0,1,1,0,0,1.0,5.0,99.0,0,phase_0,rl_policy_v3,,,
1532.0,0,58,73.0,1.259,3,3.0,3,4.0,2,0.0,10,0.0,0,0,0,0,2.0,7.0,64.0,0,phase_0,rl_policy_v3,,,
1533.0,0,57,37.0,0.649,3,4.0,3,5.0,2,0.0,9,0.0,0,0,0,0,3.0,9.0,25.0,0,phase_0,rl_policy_v3,,,
1534.0,0,59,41.0,0.695,3,5.0,3,6.0,2,0.0,10,0.0,0,0,0,0,4.0,11.0,26.0,0,phase_0,rl_policy_v3,,,
1535.0,0,59,45.0,0.763,3,6.0,3,7.0,2,0.0,10,0.0,0,0,0,0,5.0,13.0,27.0,0,phase_0,rl_policy_v3,,,
1536.0,0,60,49.0,0.817,3,7.0,3,8.0,2,0.0,11,0.0,0,0,0,0,6.0,15.0,28.0,0,phase_0,rl_policy_v3,,,
1537.0,0,64,53.0,0.828,5,8.0,5,9.0,2,0.0,11,0.0,0,0,0,0,7.0,17.0,29.0,0,phase_0,rl_policy_v3,,,
1538.0,1,64,57.0,0.891,5,9.0,5,10.0,2,0.0,10,0.0,0,0,0,0,8.0,19.0,30.0,0,phase_1,rl_policy_v3,,,
1539.0,1,63,61.0,0.968,5,10.0,5,11.0,2,0.0,10,0.0,0,0,0,0,9.0,21.0,31.0,0,phase_1,rl_policy_v3,,,
1540.0,1,61,65.0,1.066,5,11.0,5,12.0,2,0.0,10,0.0,0,0,0,0,10.0,23.0,32.0,0,phase_1,rl_policy_v3,,,
1541.0,2,58,12.0,0.207,4,0.0,4,0.0,2,0.0,11,0.0,0,0,0,0,11.0,0.0,1.0,0,phase_2,rl_policy_v3,,,
1542.0,2,58,15.0,0.259,4,0.0,4,0.0,2,0.0,11,0.0,0,0,0,0,12.0,0.0,3.0,0,phase_2,rl_policy_v3,,,
1543.0,2,58,20.0,0.345,4,0.0,4,0.0,2,1.0,11,1.0,0,0,1,1,13.0,2.0,5.0,0,phase_2,rl_policy_v3,,,
1544.0,2,57,26.0,0.456,4,0.0,4,0.0,2,2.0,12,2.0,0,0,0,0,14.0,4.0,8.0,0,phase_2,rl_policy_v3,,,
1545.0,2,58,32.0,0.552,4,0.0,4,0.0,2,3.0,12,3.0,0,0,0,0,15.0,6.0,11.0,0,phase_2,rl_policy_v3,,,
1546.0,2,57,41.0,0.719,4,0.0,4,0.0,2,4.0,12,5.0,0,0,0,0,16.0,9.0,16.0,0,phase_2,rl_policy_v3,,,
1547.0,2,56,51.0,0.911,4,0.0,4,0.0,2,5.0,12,7.0,0,0,0,0,17.0,12.0,22.0,0,phase_2,rl_policy_v3,,,
1548.0,2,57,60.0,1.053,4,0.0,4,0.0,2,6.0,12,10.0,0,0,0,0,18.0,16.0,26.0,0,phase_2,rl_policy_v3,,,
1549.0,2,58,71.0,1.224,4,0.0,4,0.0,2,7.0,12,13.0,0,0,0,0,19.0,20.0,32.0,0,phase_2,rl_policy_v3,,,
1550.0,2,59,84.0,1.424,4,0.0,4,0.0,2,8.0,13,17.0,0,0,0,0,20.0,25.0,39.0,0,phase_2,rl_policy_v3,,,
1551.0,2,57,98.0,1.719,4,0.0,3,0.0,2,9.0,13,21.0,0,0,0,0,21.0,30.0,47.0,0,phase_2,rl_policy_v3,,,
1552.0,2,55,112.0,2.036,3,0.0,3,0.0,2,10.0,13,25.0,0,0,0,0,22.0,35.0,55.0,0,phase_2,rl_policy_v3,,,
1553.0,2,56,127.0,2.268,3,0.0,3,0.0,2,11.0,14,29.0,0,0,0,0,23.0,40.0,64.0,0,phase_2,rl_policy_v3,,,
1554.0,2,55,143.0,2.6,3,0.0,3,0.0,2,12.0,14,33.0,0,0,0,1,24.0,45.0,74.0,0,phase_2,rl_policy_v3,,,
1555.0,2,56,160.0,2.857,3,0.0,3,0.0,2,13.0,14,38.0,0,0,0,1,25.0,51.0,84.0,0,phase_2,rl_policy_v3,,,
1556.0,2,55,178.0,3.236,3,0.0,3,0.0,2,14.0,14,44.0,0,0,0,1,26.0,58.0,94.0,0,phase_2,rl_policy_v3,,,
1557.0,2,55,197.0,3.582,3,0.0,3,0.0,2,15.0,14,50.0,0,0,0,1,27.0,65.0,105.0,0,phase_2,rl_policy_v3,,,
1558.0,2,54,217.0,4.019,3,0.0,3,0.0,2,16.0,14,56.0,0,0,0,1,28.0,72.0,117.0,0,phase_2,rl_policy_v3,,,
1559.0,2,51,239.0,4.686,2,0.0,2,0.0,2,17.0,14,63.0,0,0,0,1,29.0,80.0,130.0,0,phase_2,rl_policy_v3,,,
1560.0,2,51,263.0,5.157,2,0.0,2,0.0,2,18.0,15,70.0,0,0,0,1,30.0,88.0,145.0,0,phase_2,rl_policy_v3,,,
1561.0,2,54,285.0,5.278,4,0.0,4,0.0,2,19.0,15,77.0,0,0,0,1,31.0,96.0,158.0,0,phase_2,rl_policy_v3,,,
1562.0,2,52,307.0,5.904,3,0.0,3,0.0,2,20.0,15,84.0,0,0,0,1,32.0,104.0,171.0,0,phase_2,rl_policy_v3,,,
1563.0,2,52,331.0,6.365,3,0.0,3,0.0,2,21.0,15,92.0,0,0,1,2,33.0,113.0,185.0,0,phase_2,rl_policy_v3,,,
1564.0,2,52,355.0,6.827,3,0.0,3,0.0,2,22.0,15,98.0,0,0,1,0,34.0,120.0,201.0,0,phase_2,rl_policy_v3,,,
1565.0,2,54,346.0,6.407,3,0.0,3,0.0,3,23.0,15,105.0,0,0,0,0,0.0,128.0,218.0,0,phase_2,rl_policy_v3,,,
1566.0,2,54,371.0,6.87,2,0.0,3,0.0,3,24.0,15,112.0,0,0,0,0,0.0,136.0,235.0,0,phase_2,rl_policy_v3,,,
1567.0,2,53,397.0,7.491,2,0.0,2,0.0,3,25.0,15,119.0,0,0,0,0,0.0,144.0,253.0,0,phase_2,rl_policy_v3,,,
1568.0,2,55,424.0,7.709,2,0.0,2,0.0,3,27.0,15,127.0,0,0,1,0,1.0,154.0,269.0,0,phase_2,rl_policy_v3,,,
1569.0,2,55,455.0,8.273,2,0.0,2,0.0,4,29.0,15,136.0,0,0,1,0,2.0,165.0,288.0,0,phase_2,rl_policy_v3,,,
1570.0,2,54,487.0,9.019,2,0.0,2,0.0,4,31.0,15,145.0,0,0,1,0,3.0,176.0,308.0,0,phase_2,rl_policy_v3,,,
1571.0,2,55,520.0,9.455,2,0.0,2,0.0,4,33.0,16,154.0,0,0,1,0,5.0,187.0,328.0,0,phase_2,rl_policy_v3,,,
1572.0,2,56,555.0,9.911,2,0.0,2,0.0,5,35.0,16,164.0,0,0,1,0,7.0,199.0,349.0,0,phase_2,rl_policy_v3,,,
1573.0,2,56,591.0,10.554,2,0.0,2,0.0,5,37.0,16,174.0,0,0,1,0,9.0,211.0,371.0,0,phase_2,rl_policy_v3,,,
1574.0,2,56,628.0,11.214,2,0.0,2,0.0,5,39.0,16,184.0,0,0,1,0,11.0,223.0,394.0,0,phase_2,rl_policy_v3,,,
1575.0,2,56,664.0,11.857,1,0.0,2,0.0,5,41.0,16,195.0,0,0,1,8,13.0,236.0,415.0,0,phase_2,rl_policy_v3,,,
1576.0,2,56,703.0,12.554,1,0.0,2,0.0,5,43.0,16,207.0,0,0,1,8,15.0,250.0,438.0,0,phase_2,rl_policy_v3,,,
1577.0,2,56,743.0,13.268,1,0.0,2,0.0,5,45.0,16,219.0,0,0,1,8,17.0,264.0,462.0,0,phase_2,rl_policy_v3,,,
1578.0,2,56,783.0,13.982,1,0.0,2,0.0,5,47.0,16,231.0,0,0,1,8,19.0,278.0,486.0,0,phase_2,rl_policy_v3,,,
1579.0,2,56,823.0,14.696,1,0.0,2,0.0,5,49.0,16,243.0,0,0,1,8,21.0,292.0,510.0,0,phase_2,rl_policy_v3,,,
1580.0,2,55,863.0,15.691,1,0.0,2,0.0,5,51.0,16,255.0,0,0,1,8,23.0,306.0,534.0,0,phase_2,rl_policy_v3,,,
1581.0,2,55,903.0,16.418,1,0.0,1,0.0,5,53.0,17,267.0,0,0,1,8,25.0,320.0,558.0,0,phase_2,rl_policy_v3,,,
1582.0,2,55,943.0,17.145,1,0.0,1,0.0,5,55.0,17,279.0,0,0,1,8,27.0,334.0,582.0,0,phase_2,rl_policy_v3,,,
1583.0,3,55,983.0,17.873,1,0.0,1,0.0,5,57.0,17,291.0,0,0,0,4,29.0,348.0,606.0,0,phase_3,rl_policy_v3,,,
1584.0,3,55,1023.0,18.6,1,0.0,1,0.0,5,59.0,17,303.0,0,0,0,4,31.0,362.0,630.0,0,phase_3,rl_policy_v3,,,
1585.0,3,62,1064.0,17.161,3,0.0,3,0.0,5,61.0,17,316.0,0,0,0,4,33.0,377.0,654.0,0,phase_3,rl_policy_v3,,,
1586.0,0,57,872.0,15.298,3,0.0,3,0.0,3,0.0,14,205.0,0,0,0,3,35.0,205.0,632.0,0,phase_0,rl_policy_v3,,,
1587.0,0,57,770.0,13.509,3,0.0,3,0.0,3,0.0,14,124.0,0,0,0,0,37.0,124.0,609.0,0,phase_0,rl_policy_v3,,,
1588.0,0,57,686.0,12.035,3,0.0,3,0.0,3,0.0,14,61.0,0,0,0,0,39.0,61.0,586.0,0,phase_0,rl_policy_v3,,,
1589.0,0,55,610.0,11.091,3,0.0,3,0.0,3,0.0,12,6.0,0,0,0,0,41.0,6.0,563.0,0,phase_0,rl_policy_v3,,,
1590.0,0,59,582.0,9.864,3,0.0,3,0.0,3,0.0,12,1.0,0,0,0,0,43.0,1.0,538.0,0,phase_0,rl_policy_v3,,,
1591.0,0,56,561.0,10.018,3,0.0,3,0.0,3,0.0,10,2.0,0,0,0,0,45.0,2.0,514.0,0,phase_0,rl_policy_v3,,,
1592.0,0,59,539.0,9.136,3,0.0,3,0.0,3,0.0,11,3.0,0,0,0,0,47.0,3.0,489.0,0,phase_0,rl_policy_v3,,,
1593.0,0,59,517.0,8.763,3,0.0,3,0.0,3,0.0,11,5.0,0,0,0,0,49.0,5.0,463.0,0,phase_0,rl_policy_v3,,,
1594.0,0,57,496.0,8.702,3,0.0,3,0.0,2,0.0,9,8.0,0,0,0,3,51.0,8.0,437.0,0,phase_0,rl_policy_v3,,,
1595.0,0,58,474.0,8.172,3,0.0,3,0.0,2,0.0,10,11.0,0,0,0,3,53.0,11.0,410.0,0,phase_0,rl_policy_v3,,,
1596.0,0,59,453.0,7.678,3,0.0,3,0.0,2,0.0,8,14.0,0,0,0,2,55.0,14.0,384.0,0,phase_0,rl_policy_v3,,,
1597.0,1,59,458.0,7.763,3,0.0,3,0.0,2,0.0,8,4.0,0,0,0,0,57.0,4.0,397.0,0,phase_1,rl_policy_v3,,,
1598.0,1,58,371.0,6.397,3,0.0,3,0.0,2,0.0,8,0.0,0,0,0,0,0.0,0.0,371.0,0,phase_1,rl_policy_v3,,,
1599.0,1,59,345.0,5.847,3,0.0,3,0.0,2,0.0,8,1.0,0,0,0,0,0.0,1.0,344.0,0,phase_1,rl_policy_v3,,,
1600.0,2,54,318.0,5.889,2,0.0,2,0.0,2,0.0,8,2.0,0,0,0,0,0.0,2.0,316.0,0,phase_2,rl_policy_v3,,,
1601.0,2,53,295.0,5.566,2,0.0,2,0.0,2,0.0,9,5.0,0,0,0,0,0.0,5.0,290.0,0,phase_2,rl_policy_v3,,,
1602.0,2,51,269.0,5.275,2,0.0,2,0.0,2,0.0,9,6.0,0,0,0,0,0.0,6.0,263.0,0,phase_2,rl_policy_v3,,,
1603.0,2,53,245.0,4.623,2,0.0,2,0.0,3,0.0,10,10.0,0,0,0,0,0.0,10.0,235.0,0,phase_2,rl_policy_v3,,,
1604.0,2,53,227.0,4.283,2,0.0,2,0.0,3,1.0,10,15.0,0,0,1,2,1.0,16.0,210.0,0,phase_2,rl_policy_v3,,,
1605.0,2,53,208.0,3.925,2,0.0,2,0.0,3,2.0,10,20.0,0,0,1,2,2.0,22.0,184.0,0,phase_2,rl_policy_v3,,,
1606.0,2,55,226.0,4.109,2,0.0,2,0.0,3,3.0,11,25.0,0,0,1,2,3.0,28.0,195.0,0,phase_2,rl_policy_v3,,,
1607.0,2,55,171.0,3.109,2,0.0,2,0.0,3,5.0,11,30.0,0,0,2,2,4.0,35.0,132.0,0,phase_2,rl_policy_v3,,,
1608.0,2,55,190.0,3.455,2,0.0,2,0.0,3,7.0,11,35.0,0,0,1,2,5.0,42.0,143.0,0,phase_2,rl_policy_v3,,,
1609.0,2,57,208.0,3.649,3,0.0,3,0.0,3,9.0,11,40.0,0,0,1,2,6.0,49.0,153.0,0,phase_2,rl_policy_v3,,,
1610.0,2,57,189.0,3.316,3,0.0,3,0.0,3,11.0,11,45.0,0,0,1,2,7.0,56.0,126.0,0,phase_2,rl_policy_v3,,,
1611.0,2,56,172.0,3.071,3,0.0,3,0.0,3,13.0,11,50.0,0,0,1,2,8.0,63.0,101.0,0,phase_2,rl_policy_v3,,,
1612.0,2,57,154.0,2.702,3,0.0,3,0.0,3,15.0,12,55.0,0,0,1,2,9.0,70.0,75.0,0,phase_2,rl_policy_v3,,,
1613.0,2,57,172.0,3.018,3,0.0,3,0.0,3,17.0,12,60.0,0,0,1,2,10.0,77.0,85.0,0,phase_2,rl_policy_v3,,,
1614.0,2,58,191.0,3.293,3,0.0,3,0.0,3,19.0,12,66.0,0,0,1,2,11.0,85.0,95.0,0,phase_2,rl_policy_v3,,,
1615.0,2,58,211.0,3.638,3,0.0,3,0.0,3,21.0,12,72.0,0,0,1,2,12.0,93.0,106.0,0,phase_2,rl_policy_v3,,,
1616.0,2,59,232.0,3.932,3,0.0,3,0.0,3,23.0,12,78.0,0,0,1,2,13.0,101.0,118.0,0,phase_2,rl_policy_v3,,,
1617.0,2,59,253.0,4.288,3,0.0,3,0.0,3,25.0,12,84.0,0,0,1,2,14.0,109.0,130.0,0,phase_2,rl_policy_v3,,,
1618.0,2,59,275.0,4.661,3,0.0,3,0.0,3,27.0,12,90.0,0,0,1,2,15.0,117.0,143.0,0,phase_2,rl_policy_v3,,,
1619.0,2,57,298.0,5.228,3,0.0,3,0.0,3,29.0,12,96.0,0,0,1,2,16.0,125.0,157.0,0,phase_2,rl_policy_v3,,,
1620.0,2,56,322.0,5.75,3,0.0,3,0.0,3,31.0,12,102.0,0,0,1,2,17.0,133.0,172.0,0,phase_2,rl_policy_v3,,,
1621.0,2,57,346.0,6.07,3,0.0,3,0.0,3,33.0,12,108.0,0,0,1,2,18.0,141.0,187.0,0,phase_2,rl_policy_v3,,,
1622.0,2,57,371.0,6.509,3,0.0,3,0.0,3,35.0,12,114.0,0,0,1,2,19.0,149.0,203.0,0,phase_2,rl_policy_v3,,,
1623.0,2,56,396.0,7.071,2,0.0,2,0.0,3,37.0,13,120.0,0,0,1,2,20.0,157.0,219.0,0,phase_2,rl_policy_v3,,,
1624.0,2,54,422.0,7.815,2,0.0,2,0.0,3,39.0,13,126.0,0,0,1,2,21.0,165.0,236.0,0,phase_2,rl_policy_v3,,,
1625.0,2,53,448.0,8.453,2,0.0,2,0.0,3,41.0,13,132.0,0,0,1,2,22.0,173.0,253.0,0,phase_2,rl_policy_v3,,,
1626.0,2,53,477.0,9.0,2,0.0,2,0.0,3,43.0,13,139.0,0,0,1,5,23.0,182.0,272.0,0,phase_2,rl_policy_v3,,,
1627.0,2,54,507.0,9.389,2,0.0,2,0.0,3,45.0,13,147.0,0,0,1,5,24.0,192.0,291.0,0,phase_2,rl_policy_v3,,,
1628.0,2,53,538.0,10.151,2,0.0,2,0.0,3,47.0,13,155.0,0,0,1,5,25.0,202.0,311.0,0,phase_2,rl_policy_v3,,,
1629.0,2,52,570.0,10.962,2,0.0,2,0.0,3,49.0,13,163.0,0,0,1,3,26.0,212.0,332.0,0,phase_2,rl_policy_v3,,,
1630.0,2,52,601.0,11.558,2,0.0,2,0.0,3,51.0,13,171.0,0,0,1,3,27.0,222.0,352.0,0,phase_2,rl_policy_v3,,,
1631.0,2,51,635.0,12.451,2,0.0,2,0.0,3,53.0,13,179.0,0,0,1,3,28.0,232.0,375.0,0,phase_2,rl_policy_v3,,,
1632.0,2,52,668.0,12.846,2,0.0,2,0.0,3,55.0,14,188.0,0,0,1,3,29.0,243.0,396.0,0,phase_2,rl_policy_v3,,,
1633.0,2,55,704.0,12.8,4,0.0,4,0.0,3,57.0,14,197.0,0,0,1,3,30.0,254.0,420.0,0,phase_2,rl_policy_v3,,,
1634.0,2,55,739.0,13.436,4,0.0,4,0.0,3,59.0,14,207.0,0,0,1,3,31.0,266.0,442.0,0,phase_2,rl_policy_v3,,,
1635.0,2,55,776.0,14.109,4,0.0,4,0.0,3,61.0,14,217.0,0,0,1,3,32.0,278.0,466.0,0,phase_2,rl_policy_v3,,,
1636.0,2,54,813.0,15.056,4,0.0,4,0.0,3,63.0,14,227.0,0,0,1,3,33.0,290.0,490.0,0,phase_2,rl_policy_v3,,,
1637.0,2,56,851.0,15.196,4,0.0,4,0.0,4,65.0,14,237.0,0,0,1,7,35.0,302.0,514.0,0,phase_2,rl_policy_v3,,,
1638.0,2,56,889.0,15.875,4,0.0,4,0.0,4,67.0,14,247.0,0,0,1,7,37.0,314.0,538.0,0,phase_2,rl_policy_v3,,,
1639.0,2,55,928.0,16.873,4,0.0,4,0.0,4,69.0,14,258.0,0,0,1,4,39.0,327.0,562.0,0,phase_2,rl_policy_v3,,,
1640.0,2,56,967.0,17.268,4,0.0,4,0.0,4,71.0,15,269.0,0,0,1,4,41.0,340.0,586.0,0,phase_2,rl_policy_v3,,,
1641.0,2,55,1007.0,18.309,4,0.0,4,0.0,4,74.0,15,280.0,0,0,1,4,43.0,354.0,610.0,0,phase_2,rl_policy_v3,,,
1642.0,3,55,1047.0,19.036,4,0.0,4,0.0,4,77.0,15,291.0,0,0,1,8,45.0,368.0,634.0,0,phase_3,rl_policy_v3,,,
1643.0,3,55,1047.0,19.036,4,0.0,4,0.0,4,80.0,16,302.0,0,0,1,8,7.0,382.0,658.0,0,phase_3,rl_policy_v3,,,
1644.0,3,55,1078.0,19.6,4,0.0,4,0.0,4,83.0,16,313.0,0,0,1,8,0.0,396.0,682.0,0,phase_3,rl_policy_v3,,,
1645.0,0,48,855.0,17.812,4,0.0,4,0.0,2,5.0,13,192.0,0,0,0,6,0.0,197.0,658.0,0,phase_0,rl_policy_v3,,,
1646.0,0,48,713.0,14.854,4,0.0,4,0.0,2,0.0,14,79.0,0,0,0,0,0.0,79.0,634.0,0,phase_0,rl_policy_v3,,,
1647.0,0,50,637.0,12.74,4,0.0,4,0.0,3,0.0,14,28.0,0,0,0,0,0.0,28.0,609.0,0,phase_0,rl_policy_v3,,,
1648.0,0,48,585.0,12.188,4,0.0,4,0.0,3,0.0,12,0.0,0,0,0,0,0.0,0.0,585.0,0,phase_0,rl_policy_v3,,,
1649.0,0,51,560.0,10.98,4,0.0,4,0.0,2,0.0,12,0.0,0,0,0,0,0.0,0.0,560.0,0,phase_0,rl_policy_v3,,,
1650.0,0,52,535.0,10.288,4,0.0,4,1.0,3,0.0,12,0.0,0,1,0,0,0.0,1.0,534.0,0,phase_0,rl_policy_v3,,,
1651.0,0,53,510.0,9.623,4,0.0,4,2.0,3,0.0,9,0.0,0,1,0,0,0.0,2.0,508.0,0,phase_0,rl_policy_v3,,,
1652.0,0,52,484.0,9.308,4,0.0,4,3.0,3,0.0,9,0.0,0,0,0,0,0.0,3.0,481.0,0,phase_0,rl_policy_v3,,,
1653.0,0,53,459.0,8.66,4,1.0,4,4.0,3,0.0,7,0.0,0,0,0,0,0.0,5.0,454.0,0,phase_0,rl_policy_v3,,,
1654.0,0,52,434.0,8.346,4,2.0,4,5.0,3,0.0,7,0.0,0,0,0,0,0.0,7.0,427.0,0,phase_0,rl_policy_v3,,,
1655.0,0,53,450.0,8.491,4,3.0,4,6.0,3,0.0,6,0.0,0,0,0,0,0.0,9.0,441.0,0,phase_0,rl_policy_v3,,,
1656.0,0,54,424.0,7.852,4,4.0,4,7.0,3,0.0,7,0.0,0,0,0,0,0.0,11.0,413.0,0,phase_0,rl_policy_v3,,,
1657.0,0,60,397.0,6.617,5,5.0,5,8.0,3,0.0,7,0.0,0,0,0,0,0.0,13.0,384.0,0,phase_0,rl_policy_v3,,,
1658.0,1,60,370.0,6.167,5,6.0,5,9.0,3,0.0,7,0.0,0,0,0,0,0.0,15.0,355.0,0,phase_1,rl_policy_v3,,,
1659.0,1,61,342.0,5.607,5,7.0,5,10.0,3,0.0,8,0.0,0,0,0,0,0.0,17.0,325.0,0,phase_1,rl_policy_v3,,,
1660.0,1,61,313.0,5.131,5,8.0,5,11.0,3,0.0,8,0.0,0,0,0,0,0.0,19.0,294.0,0,phase_1,rl_policy_v3,,,
1661.0,2,59,263.0,4.458,4,0.0,4,0.0,3,0.0,8,0.0,0,0,0,0,0.0,0.0,263.0,0,phase_2,rl_policy_v3,,,
1662.0,2,58,232.0,4.0,4,0.0,4,0.0,3,0.0,8,0.0,0,0,0,0,0.0,0.0,232.0,0,phase_2,rl_policy_v3,,,
1663.0,2,59,203.0,3.441,4,0.0,4,0.0,3,0.0,9,1.0,0,0,0,0,0.0,1.0,202.0,0,phase_2,rl_policy_v3,,,
1664.0,2,58,170.0,2.931,4,0.0,4,0.0,3,0.0,9,2.0,0,0,0,0,0.0,2.0,168.0,0,phase_2,rl_policy_v3,,,
1665.0,2,58,138.0,2.379,4,0.0,4,0.0,3,0.0,9,3.0,0,0,0,0,0.0,3.0,135.0,0,phase_2,rl_policy_v3,,,
1666.0,2,59,143.0,2.424,4,0.0,4,0.0,3,0.0,10,4.0,0,0,0,0,0.0,4.0,139.0,0,phase_2,rl_policy_v3,,,
1667.0,2,58,111.0,1.914,4,0.0,4,0.0,3,0.0,10,5.0,0,0,0,0,0.0,5.0,106.0,0,phase_2,rl_policy_v3,,,
1668.0,2,60,76.0,1.267,4,0.0,4,0.0,3,0.0,11,6.0,0,0,0,0,0.0,6.0,70.0,0,phase_2,rl_policy_v3,,,
1669.0,2,60,43.0,0.717,4,0.0,4,0.0,3,1.0,11,7.0,0,0,1,0,0.0,8.0,35.0,0,phase_2,rl_policy_v3,,,
1670.0,2,59,46.0,0.78,4,0.0,4,0.0,3,2.0,11,8.0,0,0,1,0,0.0,10.0,36.0,0,phase_2,rl_policy_v3,,,
1671.0,2,58,12.0,0.207,3,0.0,3,0.0,3,3.0,12,9.0,0,0,1,0,0.0,12.0,0.0,0,phase_2,rl_policy_v3,,,
1672.0,2,57,14.0,0.246,3,0.0,3,0.0,3,4.0,12,10.0,0,0,1,0,0.0,14.0,0.0,0,phase_2,rl_policy_v3,,,
1673.0,2,57,16.0,0.281,3,0.0,3,0.0,4,5.0,12,11.0,0,0,0,0,0.0,16.0,0.0,0,phase_2,rl_policy_v3,,,
1674.0,2,57,18.0,0.316,3,0.0,3,0.0,4,6.0,12,12.0,0,0,0,0,0.0,18.0,0.0,0,phase_2,rl_policy_v3,,,
1675.0,2,58,20.0,0.345,3,0.0,3,0.0,4,7.0,13,13.0,0,0,0,0,0.0,20.0,0.0,0,phase_2,rl_policy_v3,,,
1676.0,2,56,23.0,0.411,2,0.0,3,0.0,4,8.0,13,14.0,0,0,0,0,1.0,22.0,0.0,0,phase_2,rl_policy_v3,,,
1677.0,2,57,27.0,0.474,2,0.0,3,0.0,4,9.0,13,16.0,0,0,0,0,2.0,25.0,0.0,0,phase_2,rl_policy_v3,,,
1678.0,2,58,32.0,0.552,2,0.0,2,0.0,4,10.0,14,18.0,0,0,0,0,3.0,28.0,1.0,0,phase_2,rl_policy_v3,,,
1679.0,2,56,35.0,0.625,2,0.0,2,0.0,4,11.0,14,20.0,0,0,0,0,4.0,31.0,0.0,0,phase_2,rl_policy_v3,,,
1680.0,2,56,41.0,0.732,1,0.0,2,0.0,4,12.0,15,24.0,0,0,0,0,5.0,36.0,0.0,0,phase_2,rl_policy_v3,,,
1681.0,2,59,49.0,0.831,3,0.0,4,0.0,4,14.0,15,29.0,0,0,1,0,6.0,43.0,0.0,0,phase_2,rl_policy_v3,,,
1682.0,2,60,57.0,0.95,4,0.0,4,0.0,4,16.0,15,34.0,0,0,1,0,7.0,50.0,0.0,0,phase_2,rl_policy_v3,,,
1683.0,2,59,66.0,1.119,3,0.0,4,0.0,4,19.0,15,39.0,0,0,2,0,8.0,58.0,0.0,0,phase_2,rl_policy_v3,,,
1684.0,2,58,78.0,1.345,3,0.0,4,0.0,4,22.0,15,44.0,0,0,2,0,9.0,66.0,3.0,0,phase_2,rl_policy_v3,,,
1685.0,2,57,88.0,1.544,3,0.0,3,0.0,4,25.0,16,49.0,0,0,2,0,10.0,74.0,4.0,0,phase_2,rl_policy_v3,,,
1686.0,2,56,102.0,1.821,3,0.0,3,0.0,4,28.0,16,55.0,0,0,2,0,11.0,83.0,8.0,0,phase_2,rl_policy_v3,,,
1687.0,2,56,118.0,2.107,3,0.0,3,0.0,4,31.0,16,62.0,0,0,2,2,12.0,93.0,13.0,0,phase_2,rl_policy_v3,,,
1688.0,2,57,134.0,2.351,3,0.0,3,0.0,4,34.0,16,69.0,0,0,2,2,13.0,103.0,18.0,0,phase_2,rl_policy_v3,,,
1689.0,2,56,152.0,2.714,3,0.0,3,0.0,4,37.0,16,76.0,0,0,2,2,14.0,113.0,25.0,0,phase_2,rl_policy_v3,,,
1690.0,2,54,162.0,3.0,3,0.0,3,0.0,4,40.0,16,84.0,0,0,2,2,15.0,124.0,23.0,0,phase_2,rl_policy_v3,,,
1691.0,2,54,174.0,3.222,3,0.0,3,0.0,4,43.0,16,92.0,0,0,2,2,16.0,135.0,23.0,0,phase_2,rl_policy_v3,,,
1692.0,2,55,192.0,3.491,3,0.0,3,0.0,4,46.0,16,100.0,0,0,2,0,17.0,146.0,29.0,0,phase_2,rl_policy_v3,,,
1693.0,2,55,210.0,3.818,3,0.0,3,0.0,4,49.0,16,108.0,0,0,2,0,18.0,157.0,35.0,0,phase_2,rl_policy_v3,,,
1694.0,2,57,229.0,4.018,3,0.0,3,0.0,4,52.0,17,116.0,0,0,2,0,19.0,168.0,42.0,0,phase_2,rl_policy_v3,,,
1695.0,2,56,248.0,4.429,2,0.0,3,0.0,4,55.0,17,124.0,0,0,2,3,20.0,179.0,49.0,0,phase_2,rl_policy_v3,,,
1696.0,2,54,269.0,4.981,1,0.0,2,0.0,4,58.0,17,133.0,0,0,2,3,21.0,191.0,57.0,0,phase_2,rl_policy_v3,,,
1697.0,2,56,290.0,5.179,1,0.0,2,0.0,4,61.0,17,142.0,0,0,2,0,22.0,203.0,65.0,0,phase_2,rl_policy_v3,,,
1698.0,2,56,313.0,5.589,1,0.0,2,0.0,4,64.0,17,151.0,0,0,2,0,23.0,215.0,75.0,0,phase_2,rl_policy_v3,,,
1699.0,2,57,336.0,5.895,1,0.0,2,0.0,4,67.0,17,162.0,0,0,2,0,24.0,229.0,83.0,0,phase_2,rl_policy_v3,,,
1700.0,2,56,361.0,6.446,1,0.0,1,0.0,4,70.0,17,173.0,0,0,2,4,25.0,243.0,93.0,0,phase_2,rl_policy_v3,,,
1701.0,2,56,387.0,6.911,1,0.0,1,0.0,4,73.0,17,184.0,0,0,2,4,26.0,257.0,104.0,0,phase_2,rl_policy_v3,,,
1702.0,2,57,415.0,7.281,1,0.0,1,0.0,4,76.0,17,196.0,0,0,2,4,27.0,272.0,116.0,0,phase_2,rl_policy_v3,,,
1703.0,3,56,443.0,7.911,1,0.0,1,0.0,4,79.0,17,208.0,0,0,2,4,28.0,287.0,128.0,0,phase_3,rl_policy_v3,,,
1704.0,3,57,472.0,8.281,1,0.0,1,0.0,4,82.0,18,220.0,0,0,2,4,29.0,302.0,141.0,0,phase_3,rl_policy_v3,,,
1705.0,3,58,449.0,7.741,2,0.0,2,0.0,4,85.0,18,232.0,0,0,4,4,0.0,317.0,132.0,0,phase_3,rl_policy_v3,,,
1706.0,0,52,271.0,5.212,2,0.0,2,0.0,1,1.0,15,146.0,0,0,1,3,0.0,147.0,124.0,0,phase_0,rl_policy_v3,,,
1707.0,0,52,192.0,3.692,2,0.0,2,0.0,1,0.0,15,76.0,0,0,0,0,0.0,76.0,116.0,0,phase_0,rl_policy_v3,,,
1708.0,0,51,146.0,2.863,2,0.0,2,0.0,1,0.0,15,37.0,0,0,0,0,0.0,37.0,109.0,0,phase_0,rl_policy_v3,,,
1709.0,0,53,116.0,2.189,2,0.0,2,0.0,1,0.0,14,12.0,0,0,0,0,0.0,12.0,104.0,0,phase_0,rl_policy_v3,,,
1710.0,0,56,120.0,2.143,2,0.0,2,0.0,1,0.0,13,2.0,0,0,0,0,0.0,2.0,118.0,0,phase_0,rl_policy_v3,,,
1711.0,0,55,113.0,2.055,2,0.0,2,0.0,1,0.0,12,0.0,0,0,0,0,0.0,0.0,113.0,0,phase_0,rl_policy_v3,,,
1712.0,0,58,109.0,1.879,2,0.0,2,0.0,2,0.0,12,0.0,0,0,0,0,0.0,0.0,109.0,0,phase_0,rl_policy_v3,,,
1713.0,0,58,107.0,1.845,2,0.0,2,0.0,2,0.0,11,0.0,0,0,0,0,0.0,0.0,107.0,0,phase_0,rl_policy_v3,,,
1714.0,0,56,106.0,1.893,2,0.0,2,0.0,2,0.0,9,0.0,0,0,0,0,0.0,0.0,106.0,0,phase_0,rl_policy_v3,,,
1715.0,0,58,107.0,1.845,2,0.0,2,0.0,3,0.0,10,0.0,0,0,0,0,1.0,0.0,106.0,0,phase_0,rl_policy_v3,,,
1716.0,0,55,111.0,2.018,2,0.0,2,0.0,3,0.0,7,0.0,0,0,0,0,3.0,0.0,108.0,0,phase_0,rl_policy_v3,,,
1717.0,0,57,113.0,1.982,2,0.0,2,0.0,3,0.0,7,0.0,0,0,0,0,5.0,0.0,108.0,0,phase_0,rl_policy_v3,,,
1718.0,0,56,118.0,2.107,2,0.0,2,0.0,3,0.0,5,0.0,0,0,0,0,7.0,0.0,111.0,0,phase_0,rl_policy_v3,,,
1719.0,0,58,123.0,2.121,2,0.0,2,0.0,3,0.0,4,0.0,0,0,0,0,9.0,0.0,114.0,0,phase_0,rl_policy_v3,,,
1720.0,0,59,127.0,2.153,2,0.0,2,0.0,3,0.0,4,0.0,0,0,0,0,11.0,0.0,116.0,0,phase_0,rl_policy_v3,,,
1721.0,0,60,131.0,2.183,2,0.0,2,0.0,3,0.0,4,0.0,0,0,0,0,13.0,0.0,118.0,0,phase_0,rl_policy_v3,,,
1722.0,0,60,136.0,2.267,2,0.0,2,1.0,3,0.0,4,0.0,0,1,0,0,15.0,1.0,120.0,0,phase_0,rl_policy_v3,,,
1723.0,0,58,155.0,2.672,2,1.0,2,2.0,3,0.0,3,0.0,1,1,0,0,17.0,3.0,135.0,0,phase_0,rl_policy_v3,,,
1724.0,0,57,159.0,2.789,2,2.0,2,3.0,3,0.0,3,0.0,0,0,0,0,19.0,5.0,135.0,0,phase_0,rl_policy_v3,,,
1725.0,0,58,165.0,2.845,2,3.0,2,4.0,3,0.0,3,0.0,0,0,0,0,21.0,7.0,137.0,0,phase_0,rl_policy_v3,,,
1726.0,0,59,170.0,2.881,2,4.0,2,5.0,3,0.0,4,0.0,0,0,0,0,23.0,9.0,138.0,0,phase_0,rl_policy_v3,,,
1727.0,0,58,177.0,3.052,2,5.0,2,6.0,3,0.0,4,0.0,0,0,0,0,25.0,11.0,141.0,0,phase_0,rl_policy_v3,,,
1728.0,1,57,196.0,3.439,2,6.0,2,7.0,3,0.0,4,0.0,0,0,0,0,28.0,13.0,155.0,0,phase_1,rl_policy_v3,,,
1729.0,1,64,202.0,3.156,4,7.0,4,8.0,3,0.0,4,0.0,0,0,0,0,31.0,15.0,156.0,0,phase_1,rl_policy_v3,,,
1730.0,1,66,208.0,3.152,4,8.0,4,9.0,3,0.0,5,0.0,0,0,0,0,34.0,17.0,157.0,0,phase_1,rl_policy_v3,,,
1731.0,2,63,185.0,2.937,3,0.0,3,0.0,3,0.0,5,0.0,0,0,0,0,37.0,0.0,148.0,0,phase_2,rl_policy_v3,,,
1732.0,2,63,180.0,2.857,3,0.0,3,0.0,3,0.0,5,0.0,0,0,0,0,40.0,0.0,140.0,0,phase_2,rl_policy_v3,,,
1733.0,2,63,176.0,2.794,3,0.0,3,0.0,3,0.0,5,0.0,0,0,0,0,43.0,0.0,133.0,0,phase_2,rl_policy_v3,,,
1734.0,2,62,173.0,2.79,3,0.0,3,0.0,3,0.0,5,0.0,0,0,0,0,46.0,0.0,127.0,0,phase_2,rl_policy_v3,,,
1735.0,2,63,168.0,2.667,3,0.0,3,0.0,3,0.0,6,0.0,0,0,0,0,49.0,0.0,119.0,0,phase_2,rl_policy_v3,,,
1736.0,2,62,164.0,2.645,3,0.0,3,0.0,3,0.0,6,0.0,0,0,0,0,52.0,0.0,112.0,0,phase_2,rl_policy_v3,,,
1737.0,2,62,160.0,2.581,3,0.0,3,0.0,3,0.0,6,1.0,0,0,0,0,55.0,1.0,104.0,0,phase_2,rl_policy_v3,,,
1738.0,2,63,159.0,2.524,3,0.0,3,0.0,3,0.0,7,2.0,0,0,0,0,58.0,2.0,99.0,0,phase_2,rl_policy_v3,,,
1739.0,2,62,159.0,2.565,3,0.0,3,0.0,3,0.0,7,3.0,0,0,0,0,62.0,3.0,94.0,0,phase_2,rl_policy_v3,,,
1740.0,2,64,162.0,2.531,3,0.0,3,0.0,3,0.0,8,4.0,0,0,0,0,67.0,4.0,91.0,0,phase_2,rl_policy_v3,,,
1741.0,2,64,161.0,2.516,3,0.0,3,0.0,3,0.0,8,5.0,0,0,0,0,72.0,5.0,84.0,0,phase_2,rl_policy_v3,,,
1742.0,2,64,164.0,2.562,3,0.0,3,0.0,3,1.0,8,6.0,0,0,1,0,78.0,7.0,79.0,0,phase_2,rl_policy_v3,,,
1743.0,2,63,185.0,2.937,2,0.0,3,0.0,3,2.0,8,7.0,0,0,1,0,84.0,9.0,92.0,0,phase_2,rl_policy_v3,,,
1744.0,2,60,192.0,3.2,2,0.0,2,0.0,3,3.0,8,8.0,0,0,1,0,90.0,11.0,91.0,0,phase_2,rl_policy_v3,,,
1745.0,2,60,201.0,3.35,2,0.0,2,0.0,3,5.0,9,9.0,0,0,2,0,96.0,14.0,91.0,0,phase_2,rl_policy_v3,,,
1746.0,2,60,213.0,3.55,2,0.0,2,0.0,4,7.0,9,11.0,0,0,1,0,104.0,18.0,91.0,0,phase_2,rl_policy_v3,,,
1747.0,2,61,225.0,3.689,2,0.0,2,0.0,4,9.0,10,14.0,0,0,1,1,112.0,23.0,90.0,0,phase_2,rl_policy_v3,,,
1748.0,2,60,233.0,3.883,2,0.0,2,0.0,4,12.0,10,17.0,0,0,2,1,120.0,29.0,84.0,0,phase_2,rl_policy_v3,,,
1749.0,2,61,241.0,3.951,2,0.0,2,0.0,5,15.0,10,20.0,0,0,1,1,129.0,35.0,77.0,0,phase_2,rl_policy_v3,,,
1750.0,2,60,185.0,3.083,2,0.0,2,0.0,5,18.0,11,23.0,0,0,1,0,59.0,41.0,85.0,0,phase_2,rl_policy_v3,,,
1751.0,2,59,154.0,2.61,2,0.0,2,0.0,5,21.0,11,26.0,0,0,1,0,28.0,47.0,79.0,0,phase_2,rl_policy_v3,,,
1752.0,2,60,133.0,2.217,2,0.0,2,0.0,5,24.0,12,22.0,0,0,1,0,14.0,46.0,73.0,0,phase_2,rl_policy_v3,,,
1753.0,2,59,136.0,2.305,3,0.0,3,0.0,5,27.0,12,24.0,0,0,1,0,6.0,51.0,79.0,0,phase_2,rl_policy_v3,,,
1754.0,2,59,128.0,2.169,3,0.0,3,0.0,5,30.0,12,26.0,0,0,1,0,2.0,56.0,70.0,0,phase_2,rl_policy_v3,,,
1755.0,2,58,123.0,2.121,3,0.0,3,0.0,5,33.0,12,28.0,0,0,1,0,0.0,61.0,62.0,0,phase_2,rl_policy_v3,,,
1756.0,2,56,121.0,2.161,3,0.0,3,0.0,5,36.0,13,30.0,0,0,1,0,0.0,66.0,55.0,0,phase_2,rl_policy_v3,,,
1757.0,2,55,130.0,2.364,3,0.0,3,0.0,5,39.0,13,33.0,0,0,1,0,0.0,72.0,58.0,0,phase_2,rl_policy_v3,,,
1758.0,2,54,141.0,2.611,3,0.0,3,0.0,5,42.0,13,37.0,0,0,1,0,0.0,79.0,62.0,0,phase_2,rl_policy_v3,,,
1759.0,2,54,152.0,2.815,3,0.0,3,0.0,5,45.0,14,41.0,0,0,1,0,0.0,86.0,66.0,0,phase_2,rl_policy_v3,,,
1760.0,2,52,163.0,3.135,3,0.0,3,0.0,5,48.0,14,45.0,0,0,1,1,0.0,93.0,70.0,0,phase_2,rl_policy_v3,,,
1761.0,2,52,174.0,3.346,3,0.0,3,0.0,5,51.0,15,49.0,0,0,1,1,0.0,100.0,74.0,0,phase_2,rl_policy_v3,,,
1762.0,2,51,185.0,3.627,3,0.0,3,0.0,5,54.0,15,53.0,0,0,1,1,0.0,107.0,78.0,0,phase_2,rl_policy_v3,,,
1763.0,2,51,196.0,3.843,3,0.0,3,0.0,5,57.0,15,57.0,0,0,1,1,0.0,114.0,82.0,0,phase_2,rl_policy_v3,,,
1764.0,2,51,207.0,4.059,3,0.0,3,0.0,5,60.0,16,61.0,0,0,1,1,0.0,121.0,86.0,0,phase_2,rl_policy_v3,,,
1765.0,2,52,218.0,4.192,3,0.0,3,0.0,5,63.0,16,65.0,0,0,1,1,0.0,128.0,90.0,0,phase_2,rl_policy_v3,,,
1766.0,2,52,231.0,4.442,3,0.0,3,0.0,5,66.0,16,71.0,0,0,1,0,0.0,137.0,94.0,0,phase_2,rl_policy_v3,,,
1767.0,2,50,244.0,4.88,3,0.0,2,0.0,5,69.0,16,77.0,0,0,1,0,0.0,146.0,98.0,0,phase_2,rl_policy_v3,,,
1768.0,2,52,257.0,4.942,3,0.0,2,0.0,5,72.0,17,83.0,0,0,1,0,0.0,155.0,102.0,0,phase_2,rl_policy_v3,,,
1769.0,2,51,270.0,5.294,3,0.0,2,0.0,5,75.0,17,89.0,0,0,1,0,0.0,164.0,106.0,0,phase_2,rl_policy_v3,,,
1770.0,2,51,284.0,5.569,3,0.0,2,0.0,5,78.0,17,96.0,0,0,1,0,0.0,174.0,110.0,0,phase_2,rl_policy_v3,,,
1771.0,2,52,298.0,5.731,2,0.0,2,0.0,5,81.0,18,103.0,0,0,1,0,0.0,184.0,114.0,0,phase_2,rl_policy_v3,,,
1772.0,3,52,309.0,5.942,2,0.0,2,0.0,5,84.0,18,107.0,0,0,1,0,0.0,191.0,118.0,0,phase_3,rl_policy_v3,,,
1773.0,3,52,323.0,6.212,2,0.0,2,0.0,5,87.0,18,114.0,0,0,1,0,0.0,201.0,122.0,0,phase_3,rl_policy_v3,,,
1774.0,3,52,338.0,6.5,2,0.0,2,0.0,5,90.0,18,121.0,0,0,1,0,0.0,211.0,127.0,0,phase_3,rl_policy_v3,,,
1775.0,0,47,173.0,3.681,2,0.0,2,0.0,2,0.0,15,41.0,0,0,0,0,0.0,41.0,132.0,0,phase_0,rl_policy_v3,,,
1776.0,0,43,47.0,1.093,2,0.0,2,0.0,2,0.0,15,12.0,0,0,0,0,0.0,12.0,35.0,0,phase_0,rl_policy_v3,,,
1777.0,0,48,5.0,0.104,4,0.0,4,0.0,2,0.0,16,0.0,0,0,0,0,0.0,0.0,5.0,0,phase_0,rl_policy_v3,,,
1778.0,0,46,7.0,0.152,4,0.0,4,0.0,1,0.0,14,0.0,0,0,0,0,0.0,0.0,7.0,0,phase_0,rl_policy_v3,,,
1779.0,0,48,10.0,0.208,4,0.0,4,0.0,0,0.0,14,0.0,0,0,0,0,0.0,0.0,10.0,0,phase_0,rl_policy_v3,,,
1780.0,0,50,14.0,0.28,4,0.0,4,0.0,0,0.0,14,0.0,0,0,0,0,0.0,0.0,14.0,0,phase_0,rl_policy_v3,,,
1781.0,0,53,19.0,0.358,4,0.0,4,0.0,1,0.0,12,0.0,0,0,0,0,0.0,0.0,19.0,0,phase_0,rl_policy_v3,,,
1782.0,0,53,25.0,0.472,4,0.0,4,0.0,1,0.0,12,0.0,0,0,0,0,1.0,0.0,24.0,0,phase_0,rl_policy_v3,,,
1783.0,0,54,32.0,0.593,4,0.0,4,0.0,1,0.0,10,0.0,0,0,0,0,2.0,0.0,30.0,0,phase_0,rl_policy_v3,,,
1784.0,0,55,39.0,0.709,4,0.0,4,0.0,1,0.0,10,0.0,0,0,0,0,3.0,0.0,36.0,0,phase_0,rl_policy_v3,,,
1785.0,1,55,47.0,0.855,4,0.0,4,0.0,1,0.0,9,0.0,0,0,0,0,4.0,0.0,43.0,0,phase_1,rl_policy_v3,,,
1786.0,1,55,55.0,1.0,4,0.0,4,0.0,1,0.0,9,0.0,0,0,0,0,5.0,0.0,50.0,0,phase_1,rl_policy_v3,,,
1787.0,1,56,64.0,1.143,4,0.0,4,0.0,1,0.0,9,0.0,0,0,0,0,6.0,0.0,58.0,0,phase_1,rl_policy_v3,,,
1788.0,2,57,74.0,1.298,4,0.0,4,0.0,1,0.0,10,0.0,0,0,0,0,7.0,0.0,67.0,0,phase_2,rl_policy_v3,,,
1789.0,2,57,85.0,1.491,4,0.0,4,0.0,1,0.0,10,0.0,0,0,0,0,8.0,0.0,77.0,0,phase_2,rl_policy_v3,,,
1790.0,2,57,95.0,1.667,4,0.0,4,0.0,1,0.0,10,0.0,0,0,0,0,9.0,0.0,86.0,0,phase_2,rl_policy_v3,,,
1791.0,2,56,89.0,1.589,3,0.0,3,0.0,1,0.0,10,2.0,0,0,0,0,10.0,2.0,77.0,0,phase_2,rl_policy_v3,,,
1792.0,2,56,86.0,1.536,3,0.0,3,0.0,1,0.0,10,4.0,0,0,0,0,11.0,4.0,71.0,0,phase_2,rl_policy_v3,,,
1793.0,2,56,85.0,1.518,3,0.0,3,0.0,1,0.0,10,6.0,0,0,0,0,12.0,6.0,67.0,0,phase_2,rl_policy_v3,,,
1794.0,2,56,84.0,1.5,3,0.0,3,0.0,1,0.0,10,9.0,0,0,0,0,13.0,9.0,62.0,0,phase_2,rl_policy_v3,,,
1795.0,2,55,70.0,1.273,3,0.0,3,0.0,1,0.0,10,13.0,0,0,0,0,0.0,13.0,57.0,0,phase_2,rl_policy_v3,,,
1796.0,2,54,70.0,1.296,3,0.0,3,0.0,1,0.0,10,18.0,0,0,0,2,0.0,18.0,52.0,0,phase_2,rl_policy_v3,,,
1797.0,2,56,72.0,1.286,3,0.0,3,0.0,1,0.0,11,23.0,0,0,0,2,0.0,23.0,49.0,0,phase_2,rl_policy_v3,,,
1798.0,2,54,75.0,1.389,2,0.0,3,0.0,1,0.0,11,28.0,0,0,0,2,0.0,28.0,47.0,0,phase_2,rl_policy_v3,,,
1799.0,2,54,88.0,1.63,2,0.0,2,0.0,2,0.0,11,33.0,0,0,0,2,0.0,33.0,55.0,0,phase_2,rl_policy_v3,,,
1800.0,3,54,88.0,1.63,2,0.0,2,0.0,2,0.0,11,38.0,0,0,0,2,0.0,38.0,50.0,0,phase_3,rl_policy_v3,,,
1801.0,3,61,91.0,1.492,4,0.0,4,0.0,2,0.0,12,43.0,0,0,0,2,0.0,43.0,48.0,0,phase_3,rl_policy_v3,,,
1802.0,3,65,94.0,1.446,5,0.0,5,0.0,2,0.0,12,48.0,0,0,0,2,0.0,48.0,46.0,0,phase_3,rl_policy_v3,,,
1803.0,0,67,61.0,0.91,5,1.0,5,0.0,2,0.0,12,17.0,0,0,0,1,0.0,18.0,43.0,0,phase_0,rl_policy_v3,,,
1804.0,0,65,55.0,0.846,5,3.0,5,1.0,2,0.0,10,0.0,0,0,0,0,0.0,4.0,51.0,0,phase_0,rl_policy_v3,,,
1805.0,0,66,54.0,0.818,5,5.0,5,2.0,2,0.0,10,0.0,0,0,0,0,0.0,7.0,47.0,0,phase_0,rl_policy_v3,,,
1806.0,0,65,56.0,0.862,5,7.0,5,4.0,2,0.0,10,0.0,0,0,0,0,0.0,11.0,45.0,0,phase_0,rl_policy_v3,,,
1807.0,0,66,58.0,0.879,5,9.0,5,6.0,2,0.0,11,0.0,0,0,0,0,0.0,15.0,43.0,0,phase_0,rl_policy_v3,,,
1808.0,0,64,60.0,0.938,5,11.0,5,8.0,2,0.0,11,1.0,0,0,0,0,0.0,20.0,40.0,0,phase_0,rl_policy_v3,,,
1809.0,0,64,64.0,1.0,5,13.0,5,10.0,2,0.0,11,3.0,0,0,0,0,0.0,26.0,38.0,0,phase_0,rl_policy_v3,,,
1810.0,0,63,69.0,1.095,5,15.0,5,12.0,2,0.0,11,5.0,0,0,0,0,0.0,32.0,37.0,0,phase_0,rl_policy_v3,,,
1811.0,0,63,85.0,1.349,5,17.0,5,14.0,1,0.0,12,9.0,0,0,0,0,0.0,40.0,45.0,0,phase_0,rl_policy_v3,,,
1812.0,0,63,90.0,1.429,5,19.0,5,16.0,1,0.0,12,12.0,0,0,0,0,0.0,47.0,43.0,0,phase_0,rl_policy_v3,,,
1813.0,0,62,96.0,1.548,5,21.0,5,18.0,1,0.0,12,15.0,0,0,0,0,0.0,54.0,42.0,0,phase_0,rl_policy_v3,,,
1814.0,0,64,97.0,1.516,5,23.0,5,20.0,1,0.0,12,13.0,0,0,0,0,0.0,56.0,41.0,0,phase_0,rl_policy_v3,,,
1815.0,0,64,101.0,1.578,5,25.0,5,22.0,1,0.0,12,15.0,0,0,0,0,0.0,62.0,39.0,0,phase_0,rl_policy_v3,,,
1816.0,0,61,106.0,1.738,5,27.0,5,24.0,1,0.0,11,16.0,0,0,0,2,0.0,67.0,39.0,0,phase_0,rl_policy_v3,,,
1817.0,0,60,117.0,1.95,5,29.0,5,26.0,2,0.0,11,16.0,0,0,0,2,0.0,71.0,46.0,0,phase_0,rl_policy_v3,,,
1818.0,0,57,122.0,2.14,5,31.0,5,29.0,2,0.0,10,8.0,0,0,0,0,0.0,68.0,54.0,0,phase_0,rl_policy_v3,,,
1819.0,1,57,130.0,2.281,5,34.0,5,32.0,2,0.0,10,1.0,0,0,0,0,0.0,67.0,63.0,0,phase_1,rl_policy_v3,,,
1820.0,1,59,147.0,2.492,5,37.0,5,35.0,3,0.0,10,2.0,2,0,0,0,0.0,74.0,73.0,0,phase_1,rl_policy_v3,,,
1821.0,1,59,169.0,2.864,5,41.0,5,39.0,3,0.0,10,4.0,2,2,0,2,0.0,84.0,85.0,0,phase_1,rl_policy_v3,,,
1822.0,2,56,126.0,2.25,3,21.0,3,19.0,3,0.0,10,6.0,1,1,0,2,0.0,46.0,80.0,0,phase_2,rl_policy_v3,,,
1823.0,2,57,87.0,1.526,3,0.0,3,0.0,4,0.0,10,10.0,0,0,0,2,1.0,10.0,76.0,0,phase_2,rl_policy_v3,,,
1824.0,2,58,87.0,1.5,3,0.0,3,0.0,4,0.0,10,14.0,0,0,0,2,2.0,14.0,71.0,0,phase_2,rl_policy_v3,,,
1825.0,2,55,89.0,1.618,2,0.0,2,0.0,4,0.0,10,18.0,0,0,0,2,4.0,18.0,67.0,0,phase_2,rl_policy_v3,,,
1826.0,2,58,92.0,1.586,2,0.0,2,0.0,5,0.0,11,22.0,0,0,0,0,7.0,22.0,63.0,0,phase_2,rl_policy_v3,,,
1827.0,2,60,95.0,1.583,2,0.0,2,0.0,5,0.0,11,26.0,0,0,0,0,10.0,26.0,59.0,0,phase_2,rl_policy_v3,,,
1828.0,2,59,100.0,1.695,2,0.0,2,0.0,5,0.0,11,31.0,0,0,0,0,13.0,31.0,56.0,0,phase_2,rl_policy_v3,,,
1829.0,2,61,105.0,1.721,2,0.0,2,0.0,5,0.0,12,36.0,0,0,0,0,16.0,36.0,53.0,0,phase_2,rl_policy_v3,,,
1830.0,2,60,103.0,1.717,2,0.0,2,0.0,5,0.0,12,41.0,0,0,0,0,12.0,41.0,50.0,0,phase_2,rl_policy_v3,,,
1831.0,2,62,103.0,1.661,2,0.0,2,0.0,6,1.0,13,46.0,0,0,1,0,9.0,47.0,47.0,0,phase_2,rl_policy_v3,,,
1832.0,2,64,102.0,1.594,2,0.0,2,0.0,6,2.0,13,51.0,0,0,0,0,6.0,53.0,43.0,0,phase_2,rl_policy_v3,,,
1833.0,2,62,115.0,1.855,2,0.0,2,0.0,6,3.0,13,56.0,0,0,0,0,5.0,59.0,51.0,0,phase_2,rl_policy_v3,,,
1834.0,2,63,113.0,1.794,2,0.0,2,0.0,6,4.0,14,61.0,0,0,0,0,3.0,65.0,45.0,0,phase_2,rl_policy_v3,,,
1835.0,2,63,115.0,1.825,2,0.0,2,0.0,7,5.0,14,66.0,0,0,0,0,2.0,71.0,42.0,0,phase_2,rl_policy_v3,,,
1836.0,2,64,117.0,1.828,2,0.0,2,0.0,7,6.0,15,71.0,0,0,0,0,2.0,77.0,38.0,0,phase_2,rl_policy_v3,,,
1837.0,2,65,120.0,1.846,2,0.0,2,0.0,7,7.0,15,76.0,0,0,0,0,3.0,83.0,34.0,0,phase_2,rl_policy_v3,,,
1838.0,2,63,124.0,1.968,2,0.0,2,0.0,7,8.0,15,81.0,0,0,0,0,5.0,89.0,30.0,0,phase_2,rl_policy_v3,,,
1839.0,2,64,128.0,2.0,2,0.0,1,0.0,8,9.0,16,86.0,0,0,0,0,7.0,95.0,26.0,0,phase_2,rl_policy_v3,,,
1840.0,2,63,128.0,2.032,2,0.0,1,0.0,8,10.0,16,92.0,0,0,0,0,4.0,102.0,22.0,0,phase_2,rl_policy_v3,,,
1841.0,2,64,131.0,2.047,2,0.0,1,0.0,8,11.0,17,99.0,0,0,0,0,3.0,110.0,18.0,0,phase_2,rl_policy_v3,,,
1842.0,2,64,136.0,2.125,1,0.0,1,0.0,9,12.0,17,106.0,0,0,0,0,4.0,118.0,14.0,0,phase_2,rl_policy_v3,,,
1843.0,2,65,142.0,2.185,1,0.0,1,0.0,9,13.0,17,113.0,0,0,0,0,6.0,126.0,10.0,0,phase_2,rl_policy_v3,,,
1844.0,2,66,155.0,2.348,1,0.0,1,0.0,9,14.0,18,121.0,0,0,0,0,8.0,135.0,12.0,0,phase_2,rl_policy_v3,,,
1845.0,2,65,163.0,2.508,1,0.0,1,0.0,9,15.0,18,129.0,0,0,0,0,13.0,144.0,6.0,0,phase_2,rl_policy_v3,,,
1846.0,2,65,173.0,2.662,1,0.0,1,0.0,9,16.0,19,138.0,0,0,0,0,18.0,154.0,1.0,0,phase_2,rl_policy_v3,,,
1847.0,2,64,188.0,2.938,1,0.0,1,0.0,9,17.0,19,147.0,0,0,0,0,22.0,164.0,2.0,0,phase_2,rl_policy_v3,,,
1848.0,2,64,206.0,3.219,1,0.0,1,0.0,10,19.0,20,156.0,0,0,0,0,28.0,175.0,3.0,0,phase_2,rl_policy_v3,,,
1849.0,2,67,225.0,3.358,2,0.0,2,0.0,10,21.0,20,165.0,0,0,0,0,35.0,186.0,4.0,0,phase_2,rl_policy_v3,,,
1850.0,2,69,244.0,3.536,3,0.0,3,0.0,10,23.0,20,174.0,0,0,0,0,42.0,197.0,5.0,0,phase_2,rl_policy_v3,,,
1851.0,2,68,263.0,3.868,3,0.0,3,0.0,10,25.0,20,183.0,0,0,0,0,49.0,208.0,6.0,0,phase_2,rl_policy_v3,,,
1852.0,2,68,284.0,4.176,3,0.0,3,0.0,10,27.0,20,193.0,0,0,0,0,56.0,220.0,8.0,0,phase_2,rl_policy_v3,,,
1853.0,2,70,306.0,4.371,3,0.0,3,0.0,10,30.0,20,203.0,0,0,0,0,63.0,233.0,10.0,0,phase_2,rl_policy_v3,,,
1854.0,2,67,319.0,4.761,3,0.0,3,0.0,10,33.0,20,213.0,0,0,0,0,70.0,246.0,3.0,0,phase_2,rl_policy_v3,,,
1855.0,2,68,341.0,5.015,3,0.0,3,0.0,10,36.0,21,223.0,0,0,0,0,77.0,259.0,5.0,0,phase_2,rl_policy_v3,,,
1856.0,2,68,359.0,5.279,3,0.0,3,0.0,10,39.0,21,233.0,0,0,0,0,84.0,272.0,3.0,0,phase_2,rl_policy_v3,,,
1857.0,3,68,379.0,5.574,3,0.0,3,0.0,10,42.0,21,243.0,0,0,0,0,92.0,285.0,2.0,0,phase_3,rl_policy_v3,,,
1858.0,3,68,400.0,5.882,3,0.0,3,0.0,10,45.0,21,254.0,0,0,0,0,100.0,299.0,1.0,0,phase_3,rl_policy_v3,,,
1859.0,3,66,422.0,6.394,3,0.0,3,0.0,10,48.0,21,265.0,0,0,0,0,108.0,313.0,1.0,0,phase_3,rl_policy_v3,,,
1860.0,0,62,283.0,4.565,3,0.0,3,0.0,8,8.0,19,158.0,0,0,0,0,116.0,166.0,1.0,0,phase_0,rl_policy_v3,,,
1861.0,0,63,196.0,3.111,3,0.0,3,0.0,8,0.0,19,69.0,0,0,0,0,124.0,69.0,3.0,0,phase_0,rl_policy_v3,,,
1862.0,0,62,153.0,2.468,3,0.0,3,0.0,8,0.0,19,17.0,0,0,0,0,132.0,17.0,4.0,0,phase_0,rl_policy_v3,,,
1863.0,0,61,147.0,2.41,3,0.0,3,0.0,7,0.0,17,1.0,0,0,0,0,140.0,1.0,6.0,0,phase_0,rl_policy_v3,,,
1864.0,0,66,157.0,2.379,3,0.0,3,0.0,7,0.0,16,0.0,0,0,0,0,148.0,0.0,9.0,0,phase_0,rl_policy_v3,,,
1865.0,0,62,170.0,2.742,3,1.0,3,0.0,6,0.0,14,0.0,0,0,0,0,156.0,1.0,13.0,0,phase_0,rl_policy_v3,,,
1866.0,0,64,184.0,2.875,3,3.0,3,0.0,5,0.0,13,0.0,2,0,0,0,164.0,3.0,17.0,0,phase_0,rl_policy_v3,,,
1867.0,0,64,201.0,3.141,3,5.0,3,1.0,4,0.0,13,0.0,2,0,0,0,173.0,6.0,22.0,0,phase_0,rl_policy_v3,,,
1868.0,0,64,220.0,3.438,3,7.0,3,3.0,4,0.0,10,0.0,2,1,0,0,182.0,10.0,28.0,0,phase_0,rl_policy_v3,,,
1869.0,0,67,237.0,3.537,3,9.0,3,3.0,5,0.0,10,0.0,1,0,0,0,191.0,12.0,34.0,0,phase_0,rl_policy_v3,,,
1870.0,0,67,251.0,3.746,3,6.0,3,4.0,5,0.0,8,0.0,0,0,0,0,200.0,10.0,41.0,0,phase_0,rl_policy_v3,,,
1871.0,0,68,269.0,3.956,3,7.0,3,5.0,4,0.0,8,0.0,0,0,0,0,209.0,12.0,48.0,0,phase_0,rl_policy_v3,,,
1872.0,0,68,289.0,4.25,3,8.0,3,6.0,4,0.0,7,1.0,0,0,0,0,218.0,15.0,56.0,0,phase_0,rl_policy_v3,,,
1873.0,0,75,310.0,4.133,4,9.0,4,8.0,4,0.0,7,2.0,0,0,0,0,227.0,19.0,64.0,0,phase_0,rl_policy_v3,,,
1874.0,0,76,334.0,4.395,4,11.0,4,10.0,4,0.0,5,3.0,0,0,0,0,237.0,24.0,73.0,0,phase_0,rl_policy_v3,,,
1875.0,1,77,358.0,4.649,4,13.0,4,12.0,4,0.0,5,4.0,0,0,0,0,247.0,29.0,82.0,0,phase_1,rl_policy_v3,,,
1876.0,1,78,379.0,4.859,4,15.0,4,14.0,4,0.0,5,0.0,0,0,0,0,257.0,29.0,93.0,0,phase_1,rl_policy_v3,,,
1877.0,1,79,405.0,5.127,4,17.0,4,16.0,4,0.0,5,1.0,0,0,0,1,267.0,34.0,104.0,0,phase_1,rl_policy_v3,,,
1878.0,2,73,337.0,4.616,2,0.0,2,0.0,4,0.0,5,2.0,0,0,0,1,239.0,2.0,96.0,0,phase_2,rl_policy_v3,,,
1879.0,2,73,304.0,4.164,2,0.0,2,0.0,4,0.0,5,4.0,0,0,0,3,210.0,4.0,90.0,0,phase_2,rl_policy_v3,,,
1880.0,2,72,271.0,3.764,2,0.0,2,0.0,4,0.0,5,6.0,0,0,0,1,181.0,6.0,84.0,0,phase_2,rl_policy_v3,,,
1881.0,2,73,238.0,3.26,2,0.0,2,0.0,5,1.0,5,9.0,0,0,0,3,151.0,10.0,77.0,0,phase_2,rl_policy_v3,,,
1882.0,2,72,205.0,2.847,2,0.0,2,0.0,5,2.0,5,12.0,0,0,0,3,120.0,14.0,71.0,0,phase_2,rl_policy_v3,,,
1883.0,2,73,172.0,2.356,2,0.0,2,0.0,6,3.0,5,15.0,0,0,0,2,89.0,18.0,65.0,0,phase_2,rl_policy_v3,,,
1884.0,2,74,141.0,1.905,2,0.0,2,0.0,6,5.0,6,18.0,0,0,1,2,58.0,23.0,60.0,0,phase_2,rl_policy_v3,,,
1885.0,2,77,116.0,1.506,2,0.0,2,0.0,7,7.0,6,21.0,0,0,1,2,33.0,28.0,55.0,0,phase_2,rl_policy_v3,,,
1886.0,2,77,100.0,1.299,2,0.0,2,0.0,7,9.0,6,24.0,0,0,1,1,16.0,33.0,51.0,0,phase_2,rl_policy_v3,,,
1887.0,2,76,95.0,1.25,2,0.0,1,0.0,7,11.0,6,20.0,0,0,1,0,5.0,31.0,59.0,0,phase_2,rl_policy_v3,,,
1888.0,2,74,93.0,1.257,2,0.0,1,0.0,7,13.0,6,22.0,0,0,1,0,2.0,35.0,56.0,0,phase_2,rl_policy_v3,,,
1889.0,2,75,106.0,1.413,1,0.0,1,0.0,8,15.0,7,24.0,0,0,1,1,1.0,39.0,66.0,0,phase_2,rl_policy_v3,,,
1890.0,2,74,105.0,1.419,1,0.0,1,0.0,8,17.0,7,27.0,0,0,1,1,2.0,44.0,59.0,0,phase_2,rl_policy_v3,,,
1891.0,2,75,109.0,1.453,1,0.0,1,0.0,8,19.0,7,30.0,0,0,1,1,4.0,49.0,56.0,0,phase_2,rl_policy_v3,,,
1892.0,2,77,114.0,1.481,1,0.0,1,0.0,9,21.0,8,34.0,0,0,1,1,7.0,55.0,52.0,0,phase_2,rl_policy_v3,,,
1893.0,2,76,122.0,1.605,1,0.0,1,0.0,9,24.0,8,38.0,0,0,1,1,10.0,62.0,50.0,0,phase_2,rl_policy_v3,,,
1894.0,2,78,130.0,1.667,1,0.0,1,0.0,9,27.0,8,42.0,0,0,1,1,14.0,69.0,47.0,0,phase_2,rl_policy_v3,,,
1895.0,2,79,138.0,1.747,1,0.0,1,0.0,9,30.0,9,46.0,0,0,1,1,19.0,76.0,43.0,0,phase_2,rl_policy_v3,,,
1896.0,2,78,148.0,1.897,1,0.0,1,0.0,9,33.0,9,50.0,0,0,1,1,24.0,83.0,41.0,0,phase_2,rl_policy_v3,,,
1897.0,2,81,161.0,1.988,2,0.0,2,0.0,9,36.0,10,54.0,0,0,0,1,31.0,90.0,40.0,0,phase_2,rl_policy_v3,,,
1898.0,2,83,185.0,2.229,3,0.0,3,0.0,9,39.0,10,58.0,0,0,1,0,40.0,97.0,48.0,0,phase_2,rl_policy_v3,,,
1899.0,2,81,201.0,2.481,3,0.0,3,0.0,9,42.0,10,63.0,0,0,1,0,51.0,105.0,45.0,0,phase_2,rl_policy_v3,,,
1900.0,2,83,218.0,2.627,3,0.0,3,0.0,10,45.0,11,68.0,0,0,1,0,63.0,113.0,42.0,0,phase_2,rl_policy_v3,,,
1901.0,2,83,236.0,2.843,3,0.0,3,0.0,10,48.0,11,73.0,0,0,1,0,77.0,121.0,38.0,0,phase_2,rl_policy_v3,,,
1902.0,2,82,256.0,3.122,3,0.0,3,0.0,10,52.0,11,78.0,0,0,1,0,93.0,130.0,33.0,0,phase_2,rl_policy_v3,,,
1903.0,2,83,276.0,3.325,3,0.0,3,0.0,10,56.0,12,83.0,0,0,1,0,110.0,139.0,27.0,0,phase_2,rl_policy_v3,,,
1904.0,2,84,307.0,3.655,3,0.0,3,0.0,10,60.0,12,88.0,0,0,1,0,128.0,148.0,31.0,0,phase_2,rl_policy_v3,,,
1905.0,2,85,340.0,4.0,3,0.0,3,0.0,10,64.0,13,93.0,0,0,1,0,147.0,157.0,36.0,0,phase_2,rl_policy_v3,,,
1906.0,2,86,377.0,4.384,3,0.0,3,0.0,10,68.0,13,98.0,0,0,1,0,168.0,166.0,43.0,0,phase_2,rl_policy_v3,,,
1907.0,2,85,416.0,4.894,3,0.0,3,0.0,10,72.0,13,103.0,0,0,1,1,191.0,175.0,50.0,0,phase_2,rl_policy_v3,,,
1908.0,2,85,456.0,5.365,3,0.0,3,0.0,10,76.0,14,108.0,0,0,1,1,215.0,184.0,57.0,0,phase_2,rl_policy_v3,,,
1909.0,2,86,496.0,5.767,3,0.0,3,0.0,11,80.0,14,113.0,0,0,1,1,239.0,193.0,64.0,0,phase_2,rl_policy_v3,,,
1910.0,2,88,538.0,6.114,3,0.0,3,0.0,11,84.0,15,118.0,0,0,1,0,265.0,202.0,71.0,0,phase_2,rl_policy_v3,,,
1911.0,2,87,581.0,6.678,3,0.0,3,0.0,11,88.0,15,123.0,0,0,1,0,292.0,211.0,78.0,0,phase_2,rl_policy_v3,,,
1912.0,2,85,625.0,7.353,2,0.0,2,0.0,12,92.0,15,128.0,0,0,0,0,320.0,220.0,85.0,0,phase_2,rl_policy_v3,,,
1913.0,2,87,669.0,7.69,2,0.0,2,0.0,12,96.0,16,133.0,0,0,0,0,348.0,229.0,92.0,0,phase_2,rl_policy_v3,,,
1914.0,2,84,714.0,8.5,1,0.0,1,0.0,12,101.0,16,138.0,0,0,0,0,376.0,239.0,99.0,0,phase_2,rl_policy_v3,,,
1915.0,2,87,761.0,8.747,1,0.0,1,0.0,12,106.0,17,143.0,0,0,3,0,405.0,249.0,107.0,0,phase_2,rl_policy_v3,,,
1916.0,2,87,810.0,9.31,1,0.0,1,0.0,12,112.0,17,148.0,0,0,3,0,435.0,260.0,115.0,0,phase_2,rl_policy_v3,,,
1917.0,2,86,860.0,10.0,1,0.0,1,0.0,12,119.0,17,153.0,0,0,5,0,465.0,272.0,123.0,0,phase_2,rl_policy_v3,,,
1918.0,2,86,910.0,10.581,0,0.0,0,0.0,12,126.0,18,158.0,0,0,5,0,495.0,284.0,131.0,0,phase_2,rl_policy_v3,,,
1919.0,2,84,960.0,11.429,0,0.0,0,0.0,12,133.0,18,163.0,0,0,5,0,525.0,296.0,139.0,0,phase_2,rl_policy_v3,,,
1920.0,3,86,1011.0,11.756,0,0.0,0,0.0,13,140.0,19,169.0,0,0,5,0,555.0,309.0,147.0,0,phase_3,rl_policy_v3,,,
1921.0,3,90,1031.0,11.456,2,0.0,2,0.0,13,148.0,19,176.0,0,0,5,0,552.0,324.0,155.0,0,phase_3,rl_policy_v3,,,
1922.0,3,91,1048.0,11.516,2,0.0,2,0.0,13,156.0,19,180.0,0,0,5,0,549.0,336.0,163.0,0,phase_3,rl_policy_v3,,,
1923.0,0,86,678.0,7.884,2,0.0,2,0.0,13,59.0,18,62.0,0,0,0,0,469.0,121.0,88.0,0,phase_0,rl_policy_v3,,,
1924.0,1,84,449.0,5.345,2,0.0,2,0.0,14,16.0,18,6.0,0,0,0,0,388.0,22.0,39.0,0,phase_1,rl_policy_v3,,,
1925.0,1,88,325.0,3.693,2,0.0,2,0.0,14,8.0,19,5.0,0,0,0,0,309.0,13.0,3.0,0,phase_1,rl_policy_v3,,,
1926.0,1,85,284.0,3.341,2,0.0,2,0.0,14,15.0,19,8.0,0,0,0,0,256.0,23.0,5.0,0,phase_1,rl_policy_v3,,,
1927.0,2,84,249.0,2.964,2,0.0,2,0.0,14,23.0,19,13.0,0,0,3,0,205.0,36.0,8.0,0,phase_2,rl_policy_v3,,,
1928.0,2,83,214.0,2.578,2,0.0,2,0.0,14,32.0,19,19.0,0,0,3,0,152.0,51.0,11.0,0,phase_2,rl_policy_v3,,,
1929.0,2,81,183.0,2.259,2,0.0,2,0.0,14,41.0,19,25.0,0,0,3,0,102.0,66.0,15.0,0,phase_2,rl_policy_v3,,,
1930.0,2,78,208.0,2.667,2,0.0,2,0.0,14,50.0,19,29.0,0,0,3,0,110.0,79.0,19.0,0,phase_2,rl_policy_v3,,,
1931.0,2,79,209.0,2.646,2,0.0,2,0.0,15,60.0,19,34.0,0,0,3,0,91.0,94.0,24.0,0,phase_2,rl_policy_v3,,,
1932.0,2,81,211.0,2.605,2,0.0,2,0.0,15,70.0,19,39.0,0,0,3,0,73.0,109.0,29.0,0,phase_2,rl_policy_v3,,,
1933.0,2,80,218.0,2.725,2,0.0,2,0.0,15,80.0,20,47.0,0,0,3,0,56.0,127.0,35.0,0,phase_2,rl_policy_v3,,,
1934.0,2,81,253.0,3.123,2,0.0,2,0.0,15,90.0,20,56.0,0,0,3,0,66.0,146.0,41.0,0,phase_2,rl_policy_v3,,,
1935.0,2,80,270.0,3.375,2,0.0,1,0.0,15,100.0,20,66.0,0,0,3,0,56.0,166.0,48.0,0,phase_2,rl_policy_v3,,,
1936.0,2,79,295.0,3.734,1,0.0,1,0.0,15,110.0,20,77.0,0,0,7,0,52.0,187.0,56.0,0,phase_2,rl_policy_v3,,,
1937.0,2,78,322.0,4.128,1,0.0,1,0.0,15,113.0,20,88.0,0,0,7,0,56.0,201.0,65.0,0,phase_2,rl_policy_v3,,,
1938.0,2,78,361.0,4.628,1,0.0,1,0.0,15,122.0,20,100.0,0,0,3,0,65.0,222.0,74.0,0,phase_2,rl_policy_v3,,,
1939.0,2,77,402.0,5.221,1,0.0,1,0.0,15,131.0,20,113.0,0,0,3,0,74.0,244.0,84.0,0,phase_2,rl_policy_v3,,,
1940.0,2,76,445.0,5.855,1,0.0,1,0.0,15,140.0,20,126.0,0,0,7,0,84.0,266.0,95.0,0,phase_2,rl_policy_v3,,,
1941.0,2,78,490.0,6.282,1,0.0,1,0.0,16,149.0,20,140.0,0,0,7,0,95.0,289.0,106.0,0,phase_2,rl_policy_v3,,,
1942.0,2,78,538.0,6.897,1,0.0,1,0.0,16,160.0,20,154.0,0,0,7,0,106.0,314.0,118.0,0,phase_2,rl_policy_v3,,,
1943.0,2,79,588.0,7.443,1,0.0,1,0.0,16,171.0,20,168.0,0,0,4,0,118.0,339.0,131.0,0,phase_2,rl_policy_v3,,,
1944.0,2,79,640.0,8.101,1,0.0,1,0.0,16,182.0,20,183.0,0,0,4,5,130.0,365.0,145.0,0,phase_2,rl_policy_v3,,,
1945.0,2,84,695.0,8.274,2,0.0,2,0.0,16,193.0,20,198.0,0,0,4,0,144.0,391.0,160.0,0,phase_2,rl_policy_v3,,,
1946.0,2,89,750.0,8.427,3,0.0,3,0.0,16,204.0,20,213.0,0,0,4,0,158.0,417.0,175.0,0,phase_2,rl_policy_v3,,,
1947.0,2,89,809.0,9.09,3,0.0,3,0.0,16,216.0,20,229.0,0,0,4,0,172.0,445.0,192.0,0,phase_2,rl_policy_v3,,,
1948.0,2,89,868.0,9.753,3,0.0,3,0.0,16,228.0,20,245.0,0,0,4,0,187.0,473.0,208.0,0,phase_2,rl_policy_v3,,,
1949.0,2,89,930.0,10.449,3,0.0,3,0.0,16,240.0,20,262.0,0,0,4,12,203.0,502.0,225.0,0,phase_2,rl_policy_v3,,,
1950.0,2,89,994.0,11.169,3,0.0,3,0.0,16,252.0,20,280.0,0,0,4,12,219.0,532.0,243.0,0,phase_2,rl_policy_v3,,,
1951.0,2,90,1059.0,11.767,3,0.0,3,0.0,17,265.0,20,298.0,0,0,4,6,235.0,563.0,261.0,0,phase_2,rl_policy_v3,,,
1952.0,2,90,1126.0,12.511,3,0.0,3,0.0,17,278.0,20,316.0,0,0,4,6,252.0,594.0,280.0,0,phase_2,rl_policy_v3,,,
1953.0,2,89,1135.0,12.753,3,0.0,3,0.0,17,291.0,20,334.0,0,0,4,6,240.0,625.0,270.0,0,phase_2,rl_policy_v3,,,
1954.0,2,88,1143.0,12.989,3,0.0,3,0.0,17,304.0,20,352.0,0,0,0,13,228.0,656.0,259.0,0,phase_2,rl_policy_v3,,,
1955.0,2,88,1153.0,13.102,3,0.0,3,0.0,17,317.0,20,371.0,0,0,0,13,216.0,688.0,249.0,0,phase_2,rl_policy_v3,,,
1956.0,2,89,1164.0,13.079,3,0.0,3,0.0,17,330.0,20,390.0,0,0,0,13,205.0,720.0,239.0,0,phase_2,rl_policy_v3,,,
1957.0,2,90,1175.0,13.056,3,0.0,3,0.0,17,343.0,21,409.0,0,0,0,7,193.0,752.0,230.0,0,phase_2,rl_policy_v3,,,
1958.0,2,90,1186.0,13.178,3,0.0,3,0.0,17,356.0,21,428.0,0,0,0,7,180.0,784.0,222.0,0,phase_2,rl_policy_v3,,,
1959.0,2,89,1224.0,13.753,2,0.0,3,0.0,17,369.0,21,447.0,0,0,0,13,193.0,816.0,215.0,0,phase_2,rl_policy_v3,,,
1960.0,2,86,1234.0,14.349,2,0.0,2,0.0,17,382.0,21,466.0,0,0,0,13,179.0,848.0,207.0,0,phase_2,rl_policy_v3,,,
1961.0,2,88,1245.0,14.148,2,0.0,2,0.0,18,395.0,22,485.0,0,0,0,7,166.0,880.0,199.0,0,phase_2,rl_policy_v3,,,
1962.0,2,84,1254.0,14.929,1,0.0,1,0.0,18,409.0,22,504.0,0,0,5,7,152.0,913.0,189.0,0,phase_2,rl_policy_v3,,,
1963.0,2,84,1267.0,15.083,1,0.0,1,0.0,18,423.0,22,524.0,0,0,10,7,141.0,947.0,179.0,0,phase_2,rl_policy_v3,,,
1964.0,2,86,1304.0,15.163,1,0.0,1,0.0,19,437.0,23,544.0,0,0,10,7,130.0,981.0,193.0,0,phase_2,rl_policy_v3,,,
1965.0,2,86,1319.0,15.337,1,0.0,1,0.0,19,452.0,23,564.0,0,0,10,7,120.0,1016.0,183.0,0,phase_2,rl_policy_v3,,,
1966.0,2,90,1333.0,14.811,1,0.0,1,0.0,19,467.0,24,584.0,0,0,10,7,110.0,1051.0,172.0,0,phase_2,rl_policy_v3,,,
1967.0,2,90,1345.0,14.944,1,0.0,1,0.0,19,482.0,24,604.0,0,0,10,7,99.0,1086.0,160.0,0,phase_2,rl_policy_v3,,,
1968.0,2,89,1379.0,15.494,1,0.0,1,0.0,19,497.0,24,624.0,0,0,10,7,111.0,1121.0,147.0,0,phase_2,rl_policy_v3,,,
1969.0,3,92,1415.0,15.38,2,0.0,2,0.0,19,512.0,25,644.0,0,0,10,0,102.0,1156.0,157.0,0,phase_3,rl_policy_v3,,,
1970.0,3,92,1426.0,15.5,2,0.0,2,0.0,19,527.0,25,664.0,0,0,10,0,92.0,1191.0,143.0,0,phase_3,rl_policy_v3,,,
1971.0,3,90,1439.0,15.989,2,0.0,2,0.0,19,543.0,25,684.0,0,0,10,0,84.0,1227.0,128.0,0,phase_3,rl_policy_v3,,,
1972.0,0,86,1187.0,13.802,2,0.0,2,0.0,17,412.0,23,566.0,0,0,8,0,96.0,978.0,113.0,0,phase_0,rl_policy_v3,,,
1973.0,0,85,915.0,10.765,2,0.0,2,0.0,17,279.0,23,447.0,0,0,0,0,91.0,726.0,98.0,0,phase_0,rl_policy_v3,,,
1974.0,0,85,649.0,7.635,2,0.0,2,0.0,17,145.0,23,331.0,0,0,0,0,91.0,476.0,82.0,0,phase_0,rl_policy_v3,,,
1975.0,0,85,440.0,5.176,2,0.0,2,0.0,15,55.0,22,220.0,0,0,0,0,99.0,275.0,66.0,0,phase_0,rl_policy_v3,,,
1976.0,0,87,308.0,3.54,2,0.0,2,0.0,14,6.0,21,121.0,0,0,0,0,111.0,127.0,70.0,0,phase_0,rl_policy_v3,,,
1977.0,0,89,216.0,2.427,2,0.0,2,0.0,14,0.0,22,38.0,0,0,0,0,125.0,38.0,53.0,0,phase_0,rl_policy_v3,,,
1978.0,0,87,173.0,1.989,2,0.0,2,0.0,12,0.0,20,0.0,0,0,0,0,138.0,0.0,35.0,0,phase_0,rl_policy_v3,,,
1979.0,0,89,167.0,1.876,2,0.0,2,0.0,12,0.0,21,0.0,0,0,0,0,151.0,0.0,16.0,0,phase_0,rl_policy_v3,,,
1980.0,0,88,183.0,2.08,2,0.0,2,0.0,11,1.0,19,0.0,0,0,0,0,165.0,1.0,17.0,0,phase_0,rl_policy_v3,,,
1981.0,0,91,201.0,2.209,2,0.0,2,0.0,10,3.0,20,0.0,0,0,0,0,180.0,3.0,18.0,0,phase_0,rl_policy_v3,,,
1982.0,0,93,220.0,2.366,2,0.0,2,0.0,11,5.0,18,0.0,0,0,3,0,196.0,5.0,19.0,0,phase_0,rl_policy_v3,,,
1983.0,0,93,216.0,2.323,2,0.0,2,0.0,9,8.0,17,0.0,0,0,3,0,188.0,8.0,20.0,0,phase_0,rl_policy_v3,,,
1984.0,0,93,215.0,2.312,2,0.0,2,0.0,9,11.0,16,0.0,0,0,3,0,183.0,11.0,21.0,0,phase_0,rl_policy_v3,,,
1985.0,0,93,213.0,2.29,2,0.0,2,0.0,8,14.0,16,0.0,0,0,3,0,177.0,14.0,22.0,0,phase_0,rl_policy_v3,,,
1986.0,0,93,212.0,2.28,2,0.0,2,1.0,7,17.0,14,0.0,0,1,3,0,171.0,18.0,23.0,0,phase_0,rl_policy_v3,,,
1987.0,0,97,200.0,2.062,2,0.0,2,2.0,8,8.0,15,0.0,0,1,0,0,166.0,10.0,24.0,0,phase_0,rl_policy_v3,,,
1988.0,0,99,199.0,2.01,2,1.0,2,3.0,8,9.0,14,0.0,0,0,0,0,161.0,13.0,25.0,0,phase_0,rl_policy_v3,,,
1989.0,0,97,197.0,2.031,2,2.0,2,4.0,7,10.0,14,0.0,0,0,0,0,155.0,16.0,26.0,0,phase_0,rl_policy_v3,,,
1990.0,0,98,216.0,2.204,2,3.0,2,5.0,7,11.0,14,0.0,0,0,0,0,170.0,19.0,27.0,0,phase_0,rl_policy_v3,,,
1991.0,0,97,215.0,2.216,2,4.0,2,6.0,5,12.0,13,0.0,0,0,0,0,165.0,22.0,28.0,0,phase_0,rl_policy_v3,,,
1992.0,0,95,215.0,2.263,2,5.0,2,7.0,5,13.0,12,0.0,0,0,1,0,161.0,25.0,29.0,0,phase_0,rl_policy_v3,,,
1993.0,0,98,201.0,2.051,3,6.0,3,8.0,5,0.0,12,0.0,0,0,0,0,157.0,14.0,30.0,0,phase_0,rl_policy_v3,,,
1994.0,0,100,199.0,1.99,4,7.0,4,9.0,4,0.0,12,0.0,0,0,0,0,152.0,16.0,31.0,0,phase_0,rl_policy_v3,,,
1995.0,0,101,196.0,1.941,4,8.0,4,10.0,4,0.0,11,0.0,0,0,0,0,146.0,18.0,32.0,0,phase_0,rl_policy_v3,,,
1996.0,0,103,213.0,2.068,4,9.0,4,11.0,5,0.0,11,1.0,0,0,0,0,158.0,21.0,34.0,0,phase_0,rl_policy_v3,,,
1997.0,0,105,212.0,2.019,4,10.0,4,12.0,5,0.0,12,2.0,0,0,0,0,151.0,24.0,37.0,0,phase_0,rl_policy_v3,,,
1998.0,0,105,138.0,1.314,4,11.0,4,13.0,5,0.0,12,0.0,0,0,0,0,108.0,24.0,6.0,0,phase_0,rl_policy_v3,,,
1999.0,1,103,131.0,1.272,4,12.0,4,14.0,5,0.0,12,0.0,0,0,0,0,100.0,26.0,5.0,0,phase_1,rl_policy_v3,,,
2000.0,1,105,129.0,1.229,4,13.0,4,15.0,5,0.0,13,1.0,0,0,0,0,92.0,29.0,8.0,0,phase_1,rl_policy_v3,,,
2001.0,1,105,127.0,1.21,4,14.0,4,16.0,5,0.0,13,2.0,0,0,0,0,83.0,32.0,12.0,0,phase_1,rl_policy_v3,,,
2002.0,2,104,111.0,1.067,3,0.0,3,0.0,6,0.0,13,4.0,0,0,0,0,91.0,4.0,16.0,0,phase_2,rl_policy_v3,,,
2003.0,2,103,109.0,1.058,3,0.0,3,0.0,6,0.0,13,6.0,0,0,0,0,82.0,6.0,21.0,0,phase_2,rl_policy_v3,,,
2004.0,2,105,92.0,0.876,3,0.0,3,0.0,7,1.0,13,8.0,0,0,0,0,56.0,9.0,27.0,0,phase_2,rl_policy_v3,,,
2005.0,2,103,93.0,0.903,3,0.0,3,0.0,7,2.0,13,10.0,0,0,0,0,48.0,12.0,33.0,0,phase_2,rl_policy_v3,,,
2006.0,2,102,112.0,1.098,3,0.0,3,0.0,7,3.0,13,13.0,0,0,0,0,56.0,16.0,40.0,0,phase_2,rl_policy_v3,,,
2007.0,2,101,115.0,1.139,2,0.0,2,0.0,7,4.0,13,16.0,0,0,0,0,48.0,20.0,47.0,0,phase_2,rl_policy_v3,,,
2008.0,2,102,127.0,1.245,2,0.0,2,0.0,8,5.0,13,20.0,0,0,0,0,47.0,25.0,55.0,0,phase_2,rl_policy_v3,,,
2009.0,2,99,122.0,1.232,1,0.0,1,0.0,8,6.0,13,24.0,0,0,0,0,29.0,30.0,63.0,0,phase_2,rl_policy_v3,,,
2010.0,2,100,140.0,1.4,1,0.0,1,0.0,9,7.0,13,30.0,0,0,0,0,31.0,37.0,72.0,0,phase_2,rl_policy_v3,,,
2011.0,2,100,159.0,1.59,1,0.0,1,0.0,9,8.0,13,36.0,0,0,0,0,33.0,44.0,82.0,0,phase_2,rl_policy_v3,,,
2012.0,2,102,181.0,1.775,1,0.0,1,0.0,9,9.0,13,42.0,0,0,0,0,37.0,51.0,93.0,0,phase_2,rl_policy_v3,,,
2013.0,2,103,203.0,1.971,1,0.0,1,0.0,9,10.0,13,48.0,0,0,0,0,41.0,58.0,104.0,0,phase_2,rl_policy_v3,,,
2014.0,2,102,228.0,2.235,1,0.0,1,0.0,9,11.0,13,54.0,0,0,0,0,47.0,65.0,116.0,0,phase_2,rl_policy_v3,,,
2015.0,2,101,253.0,2.505,1,0.0,1,0.0,10,13.0,13,60.0,0,0,0,0,52.0,73.0,128.0,0,phase_2,rl_policy_v3,,,
2016.0,2,100,282.0,2.82,1,0.0,1,0.0,10,15.0,13,67.0,0,0,0,0,59.0,82.0,141.0,0,phase_2,rl_policy_v3,,,
2017.0,2,105,317.0,3.019,2,0.0,2,0.0,11,17.0,13,74.0,0,0,0,0,71.0,91.0,155.0,0,phase_2,rl_policy_v3,,,
2018.0,2,106,352.0,3.321,2,0.0,2,0.0,11,19.0,13,81.0,0,0,0,0,82.0,100.0,170.0,0,phase_2,rl_policy_v3,,,
2019.0,2,104,385.0,3.702,2,0.0,2,0.0,11,21.0,13,89.0,0,0,0,4,91.0,110.0,184.0,0,phase_2,rl_policy_v3,,,
2020.0,2,105,422.0,4.019,2,0.0,2,0.0,12,23.0,13,97.0,0,0,0,4,102.0,120.0,200.0,0,phase_2,rl_policy_v3,,,
2021.0,2,105,462.0,4.4,2,0.0,2,0.0,12,25.0,13,106.0,0,0,0,4,114.0,131.0,217.0,0,phase_2,rl_policy_v3,,,
2022.0,2,104,506.0,4.865,2,0.0,2,0.0,12,27.0,13,116.0,0,0,0,4,129.0,143.0,234.0,0,phase_2,rl_policy_v3,,,
2023.0,2,104,553.0,5.317,2,0.0,2,0.0,12,29.0,13,127.0,0,0,0,4,146.0,156.0,251.0,0,phase_2,rl_policy_v3,,,
2024.0,2,102,602.0,5.902,2,0.0,2,0.0,12,31.0,13,138.0,0,0,0,3,164.0,169.0,269.0,0,phase_2,rl_policy_v3,,,
2025.0,2,101,653.0,6.465,2,0.0,2,0.0,12,33.0,13,149.0,0,0,0,3,183.0,182.0,288.0,0,phase_2,rl_policy_v3,,,
2026.0,2,101,705.0,6.98,2,0.0,2,0.0,13,36.0,13,160.0,0,0,0,3,201.0,196.0,308.0,0,phase_2,rl_policy_v3,,,
2027.0,2,100,760.0,7.6,2,0.0,2,0.0,13,41.0,13,171.0,0,0,0,8,219.0,212.0,329.0,0,phase_2,rl_policy_v3,,,
2028.0,2,102,817.0,8.01,2,0.0,2,0.0,14,46.0,13,183.0,0,0,0,8,238.0,229.0,350.0,0,phase_2,rl_policy_v3,,,
2029.0,2,102,877.0,8.598,2,0.0,2,0.0,14,51.0,13,195.0,0,0,0,8,259.0,246.0,372.0,0,phase_2,rl_policy_v3,,,
2030.0,2,102,939.0,9.206,2,0.0,2,0.0,14,56.0,13,208.0,0,0,0,13,281.0,264.0,394.0,0,phase_2,rl_policy_v3,,,
2031.0,2,101,1002.0,9.921,2,0.0,1,0.0,14,61.0,13,221.0,0,0,0,13,303.0,282.0,417.0,0,phase_2,rl_policy_v3,,,
2032.0,2,98,1067.0,10.888,1,0.0,1,0.0,14,66.0,13,234.0,0,0,0,13,327.0,300.0,440.0,0,phase_2,rl_policy_v3,,,
2033.0,2,100,1131.0,11.31,1,0.0,1,0.0,15,71.0,14,247.0,0,0,0,10,350.0,318.0,463.0,0,phase_2,rl_policy_v3,,,
2034.0,2,99,1195.0,12.071,1,0.0,1,0.0,15,76.0,14,260.0,0,0,0,10,373.0,336.0,486.0,0,phase_2,rl_policy_v3,,,
2035.0,2,99,1262.0,12.747,1,0.0,1,0.0,15,81.0,14,273.0,0,0,0,10,399.0,354.0,509.0,0,phase_2,rl_policy_v3,,,
2036.0,2,101,1324.0,13.109,1,0.0,1,0.0,16,86.0,14,286.0,0,0,0,10,420.0,372.0,532.0,0,phase_2,rl_policy_v3,,,
2037.0,2,98,1387.0,14.153,0,0.0,0,0.0,16,91.0,14,299.0,0,0,0,10,442.0,390.0,555.0,0,phase_2,rl_policy_v3,,,
2038.0,2,100,1447.0,14.47,0,0.0,0,0.0,17,96.0,14,312.0,0,0,0,10,461.0,408.0,578.0,0,phase_2,rl_policy_v3,,,
2039.0,2,100,1507.0,15.07,0,0.0,0,0.0,17,101.0,14,325.0,0,0,0,10,480.0,426.0,601.0,0,phase_2,rl_policy_v3,,,
2040.0,2,99,1571.0,15.869,0,0.0,0,0.0,17,107.0,14,338.0,0,0,0,10,502.0,445.0,624.0,0,phase_2,rl_policy_v3,,,
2041.0,2,104,1637.0,15.74,2,0.0,2,0.0,18,114.0,14,351.0,0,0,0,10,525.0,465.0,647.0,0,phase_2,rl_policy_v3,,,
2042.0,2,106,1704.0,16.075,3,0.0,3,0.0,18,122.0,14,364.0,0,0,0,10,548.0,486.0,670.0,0,phase_2,rl_policy_v3,,,
2043.0,2,105,1724.0,16.419,3,0.0,3,0.0,18,131.0,14,377.0,0,0,0,10,570.0,508.0,646.0,0,phase_2,rl_policy_v3,,,
2044.0,3,105,1744.0,16.61,3,0.0,3,0.0,18,140.0,14,390.0,0,0,0,10,593.0,530.0,621.0,0,phase_3,rl_policy_v3,,,
2045.0,3,106,1764.0,16.642,3,0.0,3,0.0,19,149.0,14,403.0,0,0,0,10,616.0,552.0,596.0,0,phase_3,rl_policy_v3,,,
2046.0,3,103,1667.0,16.184,3,0.0,3,0.0,19,158.0,14,416.0,0,0,0,10,522.0,574.0,571.0,0,phase_3,rl_policy_v3,,,
2047.0,0,103,1339.0,13.0,3,0.0,3,0.0,20,68.0,14,293.0,0,0,0,4,432.0,361.0,546.0,0,phase_0,rl_policy_v3,,,
2048.0,1,105,1087.0,10.352,3,0.0,3,0.0,20,28.0,14,186.0,0,0,0,0,353.0,214.0,520.0,0,phase_1,rl_policy_v3,,,
2049.0,1,102,895.0,8.775,3,0.0,3,0.0,20,17.0,14,104.0,0,0,0,0,280.0,121.0,494.0,0,phase_1,rl_policy_v3,,,
2050.0,1,102,795.0,7.794,3,0.0,3,0.0,20,13.0,15,84.0,0,0,0,0,230.0,97.0,468.0,0,phase_1,rl_policy_v3,,,
2051.0,2,100,683.0,6.83,3,0.0,3,0.0,20,21.0,15,38.0,0,0,0,0,182.0,59.0,442.0,0,phase_2,rl_policy_v3,,,
2052.0,2,100,602.0,6.02,3,0.0,3,0.0,20,31.0,16,22.0,0,0,0,0,134.0,53.0,415.0,0,phase_2,rl_policy_v3,,,
2053.0,2,98,574.0,5.857,3,0.0,3,0.0,20,43.0,16,31.0,0,0,0,0,113.0,74.0,387.0,0,phase_2,rl_policy_v3,,,
2054.0,2,99,549.0,5.545,3,0.0,3,0.0,21,55.0,17,41.0,0,0,0,0,94.0,96.0,359.0,0,phase_2,rl_policy_v3,,,
2055.0,2,97,565.0,5.825,2,0.0,3,0.0,21,67.0,17,51.0,0,0,0,0,76.0,118.0,371.0,0,phase_2,rl_policy_v3,,,
2056.0,2,93,542.0,5.828,1,0.0,1,0.0,21,79.0,17,62.0,0,0,0,0,58.0,141.0,343.0,0,phase_2,rl_policy_v3,,,
2057.0,2,93,526.0,5.656,1,0.0,1,0.0,21,91.0,18,74.0,0,0,0,0,49.0,165.0,312.0,0,phase_2,rl_policy_v3,,,
2058.0,2,91,528.0,5.802,1,0.0,1,0.0,21,103.0,18,86.0,0,0,0,0,57.0,189.0,282.0,0,phase_2,rl_policy_v3,,,
2059.0,2,92,530.0,5.761,1,0.0,1,0.0,21,115.0,19,98.0,0,0,0,0,66.0,213.0,251.0,0,phase_2,rl_policy_v3,,,
2060.0,2,91,531.0,5.835,1,0.0,1,0.0,21,127.0,19,110.0,0,0,0,0,75.0,237.0,219.0,0,phase_2,rl_policy_v3,,,
2061.0,2,90,535.0,5.944,1,0.0,1,0.0,21,140.0,20,122.0,0,0,0,0,85.0,262.0,188.0,0,phase_2,rl_policy_v3,,,
2062.0,2,91,539.0,5.923,1,0.0,1,0.0,21,153.0,20,134.0,0,0,0,0,96.0,287.0,156.0,0,phase_2,rl_policy_v3,,,
2063.0,2,89,543.0,6.101,1,0.0,1,0.0,21,166.0,20,146.0,0,0,0,0,108.0,312.0,123.0,0,phase_2,rl_policy_v3,,,
2064.0,2,89,585.0,6.573,1,0.0,1,0.0,21,179.0,21,158.0,0,0,0,0,121.0,337.0,127.0,0,phase_2,rl_policy_v3,,,
2065.0,2,89,588.0,6.607,2,0.0,2,0.0,21,192.0,21,171.0,0,0,0,0,133.0,363.0,92.0,0,phase_2,rl_policy_v3,,,
2066.0,2,91,592.0,6.505,2,0.0,2,0.0,22,205.0,22,184.0,0,0,0,0,146.0,389.0,57.0,0,phase_2,rl_policy_v3,,,
2067.0,2,91,599.0,6.582,2,0.0,2,0.0,22,221.0,22,197.0,0,0,6,0,159.0,418.0,22.0,0,phase_2,rl_policy_v3,,,
2068.0,2,89,644.0,7.236,2,0.0,2,0.0,22,237.0,22,210.0,0,0,0,0,174.0,447.0,23.0,0,phase_2,rl_policy_v3,,,
2069.0,2,91,691.0,7.593,2,0.0,2,0.0,22,254.0,23,223.0,0,0,0,0,190.0,477.0,24.0,0,phase_2,rl_policy_v3,,,
2070.0,2,90,739.0,8.211,2,0.0,2,0.0,22,271.0,23,236.0,0,0,6,0,207.0,507.0,25.0,0,phase_2,rl_policy_v3,,,
2071.0,2,92,789.0,8.576,2,0.0,2,0.0,22,289.0,23,249.0,0,0,6,0,225.0,538.0,26.0,0,phase_2,rl_policy_v3,,,
2072.0,2,93,839.0,9.022,2,0.0,2,0.0,22,307.0,24,262.0,0,0,6,0,243.0,569.0,27.0,0,phase_2,rl_policy_v3,,,
2073.0,2,92,890.0,9.674,2,0.0,2,0.0,22,325.0,24,275.0,0,0,6,0,262.0,600.0,28.0,0,phase_2,rl_policy_v3,,,
2074.0,2,93,941.0,10.118,2,0.0,2,0.0,22,343.0,24,288.0,0,0,6,0,281.0,631.0,29.0,0,phase_2,rl_policy_v3,,,
2075.0,2,95,993.0,10.453,2,0.0,2,0.0,23,361.0,25,301.0,0,0,6,0,301.0,662.0,30.0,0,phase_2,rl_policy_v3,,,
2076.0,2,94,1047.0,11.138,2,0.0,2,0.0,23,380.0,25,314.0,0,0,6,0,322.0,694.0,31.0,0,phase_2,rl_policy_v3,,,
2077.0,2,95,1104.0,11.621,2,0.0,2,0.0,23,400.0,26,328.0,0,0,13,0,344.0,728.0,32.0,0,phase_2,rl_policy_v3,,,
2078.0,2,96,1161.0,12.094,2,0.0,2,0.0,23,420.0,26,342.0,0,0,6,0,366.0,762.0,33.0,0,phase_2,rl_policy_v3,,,
2079.0,2,95,1220.0,12.842,2,0.0,1,0.0,23,440.0,26,357.0,0,0,6,0,389.0,797.0,34.0,0,phase_2,rl_policy_v3,,,
2080.0,2,97,1280.0,13.196,2,0.0,1,0.0,23,460.0,27,372.0,0,0,6,0,413.0,832.0,35.0,0,phase_2,rl_policy_v3,,,
2081.0,2,96,1342.0,13.979,2,0.0,1,0.0,23,481.0,27,387.0,0,0,14,0,438.0,868.0,36.0,0,phase_2,rl_policy_v3,,,
2082.0,2,98,1404.0,14.327,2,0.0,1,0.0,23,502.0,28,402.0,0,0,14,0,463.0,904.0,37.0,0,phase_2,rl_policy_v3,,,
2083.0,2,97,1466.0,15.113,1,0.0,1,0.0,23,523.0,28,417.0,0,0,14,0,488.0,940.0,38.0,0,phase_2,rl_policy_v3,,,
2084.0,2,97,1529.0,15.763,1,0.0,1,0.0,23,544.0,28,433.0,0,0,14,0,513.0,977.0,39.0,0,phase_2,rl_policy_v3,,,
2085.0,2,97,1593.0,16.423,1,0.0,1,0.0,23,565.0,29,450.0,0,0,14,0,538.0,1015.0,40.0,0,phase_2,rl_policy_v3,,,
2086.0,2,98,1658.0,16.918,1,0.0,1,0.0,24,586.0,29,468.0,0,0,14,0,563.0,1054.0,41.0,0,phase_2,rl_policy_v3,,,
2087.0,2,99,1724.0,17.414,1,0.0,1,0.0,24,607.0,30,487.0,0,0,14,0,588.0,1094.0,42.0,0,phase_2,rl_policy_v3,,,
2088.0,2,98,1747.0,17.827,1,0.0,1,0.0,24,628.0,30,506.0,0,0,14,0,613.0,1134.0,0.0,0,phase_2,rl_policy_v3,,,
2089.0,2,104,1814.0,17.442,2,0.0,2,0.0,25,649.0,30,526.0,0,0,14,0,638.0,1175.0,1.0,0,phase_2,rl_policy_v3,,,
2090.0,2,107,1882.0,17.589,3,0.0,3,0.0,25,670.0,30,546.0,0,0,14,0,663.0,1216.0,3.0,0,phase_2,rl_policy_v3,,,
2091.0,2,106,1905.0,17.972,3,0.0,3,0.0,25,691.0,30,566.0,0,0,14,0,642.0,1257.0,6.0,0,phase_2,rl_policy_v3,,,
2092.0,2,107,1929.0,18.028,3,0.0,3,0.0,25,712.0,30,586.0,0,0,6,0,622.0,1298.0,9.0,0,phase_2,rl_policy_v3,,,
2093.0,3,106,1954.0,18.434,3,0.0,3,0.0,25,733.0,30,607.0,0,0,6,0,601.0,1340.0,13.0,0,phase_3,rl_policy_v3,,,
2094.0,3,105,1980.0,18.857,3,0.0,3,0.0,25,754.0,30,629.0,0,0,6,0,579.0,1383.0,18.0,0,phase_3,rl_policy_v3,,,
2095.0,3,106,2005.0,18.915,3,0.0,3,0.0,26,775.0,30,651.0,0,0,6,0,556.0,1426.0,23.0,0,phase_3,rl_policy_v3,,,
2096.0,0,100,1741.0,17.41,3,0.0,3,0.0,23,650.0,27,530.0,0,0,5,0,533.0,1180.0,28.0,0,phase_0,rl_policy_v3,,,
2097.0,0,100,1478.0,14.78,3,0.0,3,0.0,23,524.0,27,410.0,0,0,5,0,510.0,934.0,34.0,0,phase_0,rl_policy_v3,,,
2098.0,0,102,1213.0,11.892,3,0.0,3,0.0,24,397.0,27,288.0,0,0,0,0,488.0,685.0,40.0,0,phase_0,rl_policy_v3,,,
2099.0,0,96,959.0,9.99,3,0.0,3,0.0,22,282.0,24,176.0,0,0,0,0,465.0,458.0,36.0,0,phase_0,rl_policy_v3,,,
2100.0,0,102,786.0,7.706,3,0.0,3,0.0,23,172.0,24,100.0,0,0,0,0,482.0,272.0,32.0,0,phase_0,rl_policy_v3,,,
2101.0,0,104,624.0,6.0,3,0.0,3,0.0,23,78.0,24,60.0,0,0,0,0,458.0,138.0,28.0,0,phase_0,rl_policy_v3,,,
2102.0,0,103,512.0,4.971,3,0.0,3,0.0,20,29.0,21,26.0,0,0,0,0,433.0,55.0,24.0,0,phase_0,rl_policy_v3,,,
2103.0,0,103,422.0,4.097,3,0.0,3,0.0,20,0.0,21,3.0,0,0,0,0,400.0,3.0,19.0,0,phase_0,rl_policy_v3,,,
2104.0,0,101,395.0,3.911,3,0.0,3,0.0,18,0.0,19,4.0,0,0,0,0,375.0,4.0,16.0,0,phase_0,rl_policy_v3,,,
2105.0,0,104,364.0,3.5,3,0.0,3,0.0,18,0.0,20,0.0,0,0,0,0,349.0,0.0,15.0,0,phase_0,rl_policy_v3,,,
2106.0,0,101,336.0,3.327,3,0.0,3,0.0,17,0.0,18,0.0,0,0,0,0,323.0,0.0,13.0,0,phase_0,rl_policy_v3,,,
2107.0,0,102,315.0,3.088,3,1.0,3,0.0,16,0.0,18,0.0,0,0,0,0,297.0,1.0,17.0,0,phase_0,rl_policy_v3,,,
2108.0,1,105,327.0,3.114,3,2.0,3,1.0,16,0.0,17,1.0,0,0,0,0,309.0,4.0,14.0,0,phase_1,rl_policy_v3,,,
2109.0,1,107,301.0,2.813,3,3.0,3,2.0,16,0.0,17,2.0,0,0,0,0,282.0,7.0,12.0,0,phase_1,rl_policy_v3,,,
2110.0,1,113,316.0,2.796,3,4.0,3,3.0,17,1.0,18,3.0,0,0,0,0,295.0,11.0,10.0,0,phase_1,rl_policy_v3,,,
2111.0,2,109,243.0,2.229,1,0.0,1,0.0,17,4.0,18,2.0,0,0,0,0,229.0,6.0,8.0,0,phase_2,rl_policy_v3,,,
2112.0,2,109,258.0,2.367,1,0.0,1,0.0,17,7.0,18,3.0,0,0,0,0,241.0,10.0,7.0,0,phase_2,rl_policy_v3,,,
2113.0,2,112,236.0,2.107,2,0.0,2,0.0,17,11.0,18,4.0,0,0,0,0,214.0,15.0,7.0,0,phase_2,rl_policy_v3,,,
2114.0,2,112,220.0,1.964,2,0.0,2,0.0,17,17.0,18,8.0,0,0,0,0,187.0,25.0,8.0,0,phase_2,rl_policy_v3,,,
2115.0,2,111,250.0,2.252,2,0.0,2,0.0,17,25.0,18,14.0,0,0,0,0,199.0,39.0,12.0,0,phase_2,rl_policy_v3,,,
2116.0,2,112,243.0,2.17,2,0.0,2,0.0,18,34.0,18,22.0,0,0,0,0,171.0,56.0,16.0,0,phase_2,rl_policy_v3,,,
2117.0,2,112,240.0,2.143,2,0.0,2,0.0,18,43.0,18,32.0,0,0,0,5,144.0,75.0,21.0,0,phase_2,rl_policy_v3,,,
2118.0,2,112,238.0,2.125,2,0.0,2,0.0,18,53.0,18,43.0,0,0,0,5,116.0,96.0,26.0,0,phase_2,rl_policy_v3,,,
2119.0,2,114,279.0,2.447,2,0.0,2,0.0,18,64.0,18,56.0,0,0,0,6,127.0,120.0,32.0,0,phase_2,rl_policy_v3,,,
2120.0,2,115,282.0,2.452,2,0.0,2,0.0,18,75.0,18,70.0,0,0,0,0,98.0,145.0,39.0,0,phase_2,rl_policy_v3,,,
2121.0,2,115,325.0,2.826,2,0.0,2,0.0,18,86.0,18,84.0,0,0,0,6,109.0,170.0,46.0,0,phase_2,rl_policy_v3,,,
2122.0,2,115,370.0,3.217,2,0.0,2,0.0,18,97.0,18,98.0,0,0,0,6,121.0,195.0,54.0,0,phase_2,rl_policy_v3,,,
2123.0,2,115,418.0,3.635,2,0.0,2,0.0,18,108.0,18,113.0,0,0,0,6,134.0,221.0,63.0,0,phase_2,rl_policy_v3,,,
2124.0,2,116,466.0,4.017,2,0.0,2,0.0,18,119.0,18,128.0,0,0,0,5,147.0,247.0,72.0,0,phase_2,rl_policy_v3,,,
2125.0,2,116,512.0,4.414,2,0.0,2,0.0,18,130.0,18,140.0,0,0,0,5,161.0,270.0,81.0,0,phase_2,rl_policy_v3,,,
2126.0,2,117,563.0,4.812,2,0.0,2,0.0,19,142.0,18,154.0,0,0,0,5,176.0,296.0,91.0,0,phase_2,rl_policy_v3,,,
2127.0,2,116,616.0,5.31,1,0.0,2,0.0,19,155.0,18,168.0,0,0,0,5,191.0,323.0,102.0,0,phase_2,rl_policy_v3,,,
2128.0,2,116,672.0,5.793,1,0.0,1,0.0,19,168.0,18,183.0,0,0,4,5,208.0,351.0,113.0,0,phase_2,rl_policy_v3,,,
2129.0,2,114,729.0,6.395,1,0.0,1,0.0,19,181.0,18,198.0,0,0,4,5,225.0,379.0,125.0,0,phase_2,rl_policy_v3,,,
2130.0,2,112,789.0,7.045,1,0.0,1,0.0,19,195.0,18,213.0,0,0,4,5,242.0,408.0,139.0,0,phase_2,rl_policy_v3,,,
2131.0,2,111,850.0,7.658,1,0.0,1,0.0,19,209.0,18,228.0,0,0,4,5,259.0,437.0,154.0,0,phase_2,rl_policy_v3,,,
2132.0,2,110,910.0,8.273,1,0.0,1,0.0,19,223.0,18,243.0,0,0,4,0,277.0,466.0,167.0,0,phase_2,rl_policy_v3,,,
2133.0,2,108,974.0,9.019,1,0.0,1,0.0,19,237.0,18,258.0,0,0,4,0,297.0,495.0,182.0,0,phase_2,rl_policy_v3,,,
2134.0,2,107,1038.0,9.701,1,0.0,1,0.0,19,251.0,18,273.0,0,0,4,6,316.0,524.0,198.0,0,phase_2,rl_policy_v3,,,
2135.0,2,107,1104.0,10.318,1,0.0,1,0.0,19,266.0,18,288.0,0,0,4,6,335.0,554.0,215.0,0,phase_2,rl_policy_v3,,,
2136.0,2,108,1174.0,10.87,1,0.0,1,0.0,19,281.0,18,304.0,0,0,0,12,357.0,585.0,232.0,0,phase_2,rl_policy_v3,,,
2137.0,2,106,1247.0,11.764,2,0.0,2,0.0,19,296.0,18,321.0,0,0,0,12,380.0,617.0,250.0,0,phase_2,rl_policy_v3,,,
2138.0,2,108,1318.0,12.204,3,0.0,3,0.0,19,311.0,18,338.0,0,0,0,12,401.0,649.0,268.0,0,phase_2,rl_policy_v3,,,
2139.0,3,109,1393.0,12.78,3,0.0,3,0.0,20,326.0,18,355.0,0,0,5,12,424.0,681.0,288.0,0,phase_3,rl_policy_v3,,,
2140.0,3,107,1470.0,13.738,3,0.0,3,0.0,20,341.0,18,372.0,0,0,11,12,449.0,713.0,308.0,0,phase_3,rl_policy_v3,,,
2141.0,3,109,1551.0,14.229,3,0.0,3,0.0,20,358.0,19,390.0,0,0,6,12,474.0,748.0,329.0,0,phase_3,rl_policy_v3,,,
2142.0,0,102,1375.0,13.48,3,0.0,3,0.0,17,278.0,16,317.0,0,0,5,10,461.0,595.0,319.0,0,phase_0,rl_policy_v3,,,
2143.0,0,101,1203.0,11.911,3,0.0,3,0.0,17,202.0,16,244.0,0,0,0,0,448.0,446.0,309.0,0,phase_0,rl_policy_v3,,,
2144.0,0,101,1030.0,10.198,3,0.0,3,0.0,17,123.0,16,170.0,0,0,0,0,435.0,293.0,302.0,0,phase_0,rl_policy_v3,,,
2145.0,0,96,872.0,9.083,3,0.0,3,0.0,14,60.0,13,95.0,0,0,0,0,423.0,155.0,294.0,0,phase_0,rl_policy_v3,,,
2146.0,0,99,772.0,7.798,3,0.0,3,0.0,14,18.0,13,27.0,0,0,0,0,410.0,45.0,317.0,0,phase_0,rl_policy_v3,,,
2147.0,0,99,708.0,7.152,3,0.0,3,0.0,15,0.0,11,0.0,0,0,0,0,398.0,0.0,310.0,0,phase_0,rl_policy_v3,,,
2148.0,0,99,689.0,6.96,3,0.0,3,0.0,13,0.0,11,0.0,0,0,0,0,385.0,0.0,304.0,0,phase_0,rl_policy_v3,,,
2149.0,0,98,671.0,6.847,3,0.0,3,0.0,13,0.0,10,0.0,0,0,0,0,372.0,0.0,299.0,0,phase_0,rl_policy_v3,,,
2150.0,0,100,654.0,6.54,3,0.0,3,0.0,12,1.0,8,0.0,0,0,0,0,359.0,1.0,294.0,0,phase_0,rl_policy_v3,,,
2151.0,0,100,637.0,6.37,3,0.0,3,0.0,12,2.0,7,0.0,0,0,0,0,346.0,2.0,289.0,0,phase_0,rl_policy_v3,,,
2152.0,0,101,622.0,6.158,3,0.0,3,0.0,11,4.0,6,0.0,0,0,0,0,333.0,4.0,285.0,0,phase_0,rl_policy_v3,,,
2153.0,0,101,605.0,5.99,3,0.0,3,0.0,11,6.0,6,0.0,0,0,0,0,319.0,6.0,280.0,0,phase_0,rl_policy_v3,,,
2154.0,0,102,588.0,5.765,3,0.0,3,0.0,10,9.0,5,0.0,0,0,0,0,304.0,9.0,275.0,0,phase_0,rl_policy_v3,,,
2155.0,0,101,630.0,6.238,3,1.0,3,1.0,9,12.0,5,1.0,0,0,0,0,320.0,15.0,295.0,0,phase_0,rl_policy_v3,,,
2156.0,0,102,613.0,6.01,3,2.0,3,3.0,8,16.0,6,0.0,2,2,0,0,304.0,21.0,288.0,0,phase_0,rl_policy_v3,,,
2157.0,0,102,578.0,5.667,3,4.0,3,6.0,9,0.0,5,0.0,2,3,0,0,289.0,10.0,279.0,0,phase_0,rl_policy_v3,,,
2158.0,0,100,559.0,5.59,3,7.0,3,9.0,8,0.0,5,0.0,3,3,0,0,272.0,16.0,271.0,0,phase_0,rl_policy_v3,,,
2159.0,0,101,538.0,5.327,3,10.0,3,12.0,8,0.0,6,0.0,3,3,0,0,254.0,22.0,262.0,0,phase_0,rl_policy_v3,,,
2160.0,0,101,548.0,5.426,3,13.0,3,15.0,8,0.0,6,1.0,3,3,0,1,267.0,29.0,252.0,0,phase_0,rl_policy_v3,,,
2161.0,0,109,528.0,4.844,5,16.0,5,18.0,8,0.0,7,2.0,0,0,0,1,250.0,36.0,242.0,0,phase_0,rl_policy_v3,,,
2162.0,0,110,508.0,4.618,5,19.0,5,21.0,8,0.0,7,3.0,0,0,0,1,233.0,43.0,232.0,0,phase_0,rl_policy_v3,,,
2163.0,0,111,486.0,4.378,5,22.0,5,24.0,8,0.0,7,4.0,0,0,0,1,216.0,50.0,220.0,0,phase_0,rl_policy_v3,,,
2164.0,0,112,463.0,4.134,5,25.0,5,27.0,7,0.0,8,5.0,0,0,0,1,198.0,57.0,208.0,0,phase_0,rl_policy_v3,,,
2165.0,0,107,359.0,3.355,5,28.0,5,30.0,7,0.0,8,6.0,0,0,0,0,138.0,64.0,157.0,0,phase_0,rl_policy_v3,,,
2166.0,1,108,247.0,2.287,5,31.0,5,33.0,7,0.0,8,7.0,0,0,0,0,72.0,71.0,104.0,0,phase_1,rl_policy_v3,,,
2167.0,1,109,180.0,1.651,5,34.0,5,36.0,8,0.0,8,8.0,2,2,0,0,38.0,78.0,64.0,0,phase_1,rl_policy_v3,,,
2168.0,1,105,114.0,1.086,5,37.0,5,39.0,8,0.0,8,0.0,2,2,0,0,14.0,76.0,24.0,0,phase_1,rl_policy_v3,,,
2169.0,2,104,55.0,0.529,4,13.0,4,14.0,8,0.0,8,0.0,1,1,0,0,19.0,27.0,9.0,0,phase_2,rl_policy_v3,,,
2170.0,2,102,39.0,0.382,4,0.0,3,0.0,8,0.0,8,0.0,0,0,0,0,26.0,0.0,13.0,0,phase_2,rl_policy_v3,,,
2171.0,2,102,48.0,0.471,4,0.0,3,0.0,8,0.0,8,0.0,0,0,0,0,31.0,0.0,17.0,0,phase_2,rl_policy_v3,,,
2172.0,2,100,60.0,0.6,2,0.0,2,0.0,8,0.0,8,1.0,0,0,0,0,37.0,1.0,22.0,0,phase_2,rl_policy_v3,,,
2173.0,2,99,73.0,0.737,2,0.0,2,0.0,8,0.0,8,2.0,0,0,0,0,44.0,2.0,27.0,0,phase_2,rl_policy_v3,,,
2174.0,2,99,87.0,0.879,2,0.0,2,0.0,8,0.0,8,3.0,0,0,0,0,51.0,3.0,33.0,0,phase_2,rl_policy_v3,,,
2175.0,2,96,103.0,1.073,2,0.0,2,0.0,8,0.0,8,5.0,0,0,0,0,59.0,5.0,39.0,0,phase_2,rl_policy_v3,,,
2176.0,2,93,119.0,1.28,1,0.0,1,0.0,8,0.0,8,7.0,0,0,0,0,67.0,7.0,45.0,0,phase_2,rl_policy_v3,,,
2177.0,2,90,137.0,1.522,1,0.0,1,0.0,9,0.0,8,9.0,0,0,0,0,76.0,9.0,52.0,0,phase_2,rl_policy_v3,,,
2178.0,2,91,158.0,1.736,1,0.0,1,0.0,9,1.0,8,11.0,0,0,0,0,86.0,12.0,60.0,0,phase_2,rl_policy_v3,,,
2179.0,2,87,180.0,2.069,1,0.0,1,0.0,9,2.0,9,13.0,0,0,0,0,97.0,15.0,68.0,0,phase_2,rl_policy_v3,,,
2180.0,2,86,203.0,2.36,1,0.0,1,0.0,9,3.0,9,15.0,0,0,0,0,108.0,18.0,77.0,0,phase_2,rl_policy_v3,,,
2181.0,2,85,229.0,2.694,1,0.0,1,0.0,10,5.0,9,17.0,0,0,0,0,120.0,22.0,87.0,0,phase_2,rl_policy_v3,,,
2182.0,2,86,256.0,2.977,1,0.0,1,0.0,10,7.0,9,19.0,0,0,0,0,133.0,26.0,97.0,0,phase_2,rl_policy_v3,,,
2183.0,2,86,284.0,3.302,1,0.0,1,0.0,11,9.0,9,21.0,0,0,0,0,146.0,30.0,108.0,0,phase_2,rl_policy_v3,,,
2184.0,2,86,315.0,3.663,1,0.0,1,0.0,11,11.0,9,23.0,0,0,0,0,161.0,34.0,120.0,0,phase_2,rl_policy_v3,,,
2185.0,2,86,345.0,4.012,2,0.0,2,0.0,11,13.0,9,25.0,0,0,0,0,174.0,38.0,133.0,0,phase_2,rl_policy_v3,,,
2186.0,2,87,378.0,4.345,3,0.0,3,0.0,11,16.0,9,27.0,0,0,0,0,189.0,43.0,146.0,0,phase_2,rl_policy_v3,,,
2187.0,2,88,412.0,4.682,3,0.0,3,0.0,12,19.0,9,30.0,0,0,0,0,203.0,49.0,160.0,0,phase_2,rl_policy_v3,,,
2188.0,2,85,449.0,5.282,3,0.0,3,0.0,12,22.0,9,33.0,0,0,0,0,219.0,55.0,175.0,0,phase_2,rl_policy_v3,,,
2189.0,2,84,489.0,5.821,3,0.0,3,0.0,12,25.0,9,37.0,0,0,0,0,236.0,62.0,191.0,0,phase_2,rl_policy_v3,,,
2190.0,2,85,530.0,6.235,3,0.0,3,0.0,12,28.0,9,41.0,0,0,0,0,254.0,69.0,207.0,0,phase_2,rl_policy_v3,,,
2191.0,2,84,575.0,6.845,3,0.0,3,0.0,13,33.0,9,45.0,0,0,0,0,273.0,78.0,224.0,0,phase_2,rl_policy_v3,,,
2192.0,2,82,622.0,7.585,3,0.0,3,0.0,13,39.0,9,49.0,0,0,2,0,293.0,88.0,241.0,0,phase_2,rl_policy_v3,,,
2193.0,2,83,672.0,8.096,3,0.0,3,0.0,14,45.0,9,54.0,0,0,2,0,314.0,99.0,259.0,0,phase_2,rl_policy_v3,,,
2194.0,2,82,725.0,8.841,3,0.0,3,0.0,14,52.0,9,60.0,0,0,5,0,335.0,112.0,278.0,0,phase_2,rl_policy_v3,,,
2195.0,2,82,779.0,9.5,3,0.0,3,0.0,14,59.0,9,66.0,0,0,5,0,357.0,125.0,297.0,0,phase_2,rl_policy_v3,,,
2196.0,2,82,834.0,10.171,3,0.0,3,0.0,14,66.0,9,73.0,0,0,5,6,379.0,139.0,316.0,0,phase_2,rl_policy_v3,,,
2197.0,2,81,892.0,11.012,3,0.0,3,0.0,14,73.0,9,81.0,0,0,5,6,402.0,154.0,336.0,0,phase_2,rl_policy_v3,,,
2198.0,2,82,952.0,11.61,3,0.0,3,0.0,15,81.0,9,89.0,0,0,5,6,425.0,170.0,357.0,0,phase_2,rl_policy_v3,,,
2199.0,2,81,1014.0,12.519,3,0.0,2,0.0,15,89.0,9,97.0,0,0,3,6,449.0,186.0,379.0,0,phase_2,rl_policy_v3,,,
2200.0,2,80,1076.0,13.45,2,0.0,2,0.0,15,97.0,9,105.0,0,0,3,6,473.0,202.0,401.0,0,phase_2,rl_policy_v3,,,
2201.0,2,79,1140.0,14.43,2,0.0,1,0.0,15,105.0,9,113.0,0,0,3,6,497.0,218.0,425.0,0,phase_2,rl_policy_v3,,,
2202.0,2,78,1204.0,15.436,1,0.0,1,0.0,15,113.0,9,121.0,0,0,3,6,521.0,234.0,449.0,0,phase_2,rl_policy_v3,,,
2203.0,2,79,1268.0,16.051,1,0.0,1,0.0,15,121.0,9,129.0,0,0,3,6,545.0,250.0,473.0,0,phase_2,rl_policy_v3,,,
2204.0,2,79,1332.0,16.861,1,0.0,1,0.0,15,129.0,9,137.0,0,0,3,6,569.0,266.0,497.0,0,phase_2,rl_policy_v3,,,
2205.0,2,80,1396.0,17.45,1,0.0,1,0.0,15,137.0,9,145.0,0,0,3,6,593.0,282.0,521.0,0,phase_2,rl_policy_v3,,,
2206.0,2,81,1460.0,18.025,1,0.0,1,0.0,15,145.0,9,153.0,0,0,3,6,617.0,298.0,545.0,0,phase_2,rl_policy_v3,,,
2207.0,2,80,1524.0,19.05,1,0.0,1,0.0,15,153.0,9,161.0,0,0,3,6,641.0,314.0,569.0,0,phase_2,rl_policy_v3,,,
2208.0,2,81,1588.0,19.605,1,0.0,1,0.0,16,161.0,9,169.0,0,0,3,6,665.0,330.0,593.0,0,phase_2,rl_policy_v3,,,
2209.0,2,83,1652.0,19.904,2,0.0,2,0.0,16,169.0,9,177.0,0,0,3,6,689.0,346.0,617.0,0,phase_2,rl_policy_v3,,,
2210.0,2,81,1622.0,20.025,2,0.0,2,0.0,16,178.0,9,185.0,0,0,3,6,664.0,363.0,595.0,0,phase_2,rl_policy_v3,,,
2211.0,3,81,1593.0,19.667,2,0.0,2,0.0,16,187.0,9,193.0,0,0,3,6,640.0,380.0,573.0,0,phase_3,rl_policy_v3,,,
2212.0,3,80,1564.0,19.55,2,0.0,2,0.0,16,196.0,9,201.0,0,0,3,6,616.0,397.0,551.0,0,phase_3,rl_policy_v3,,,
2213.0,3,82,1534.0,18.707,2,0.0,2,0.0,16,205.0,10,210.0,0,0,3,6,591.0,415.0,528.0,0,phase_3,rl_policy_v3,,,
2214.0,0,74,1292.0,17.459,2,0.0,2,0.0,13,114.0,7,108.0,0,0,2,4,565.0,222.0,505.0,0,phase_0,rl_policy_v3,,,
2215.0,0,76,1108.0,14.579,2,0.0,2,0.0,14,46.0,8,42.0,0,0,0,0,538.0,88.0,482.0,0,phase_0,rl_policy_v3,,,
2216.0,0,74,979.0,13.23,2,0.0,2,0.0,14,7.0,8,0.0,0,0,0,0,512.0,7.0,460.0,0,phase_0,rl_policy_v3,,,
2217.0,0,74,966.0,13.054,2,0.0,2,0.0,12,0.0,9,0.0,0,0,0,0,529.0,0.0,437.0,0,phase_0,rl_policy_v3,,,
2218.0,0,76,916.0,12.053,2,0.0,2,0.0,12,0.0,8,0.0,0,0,0,0,502.0,0.0,414.0,0,phase_0,rl_policy_v3,,,
2219.0,0,77,865.0,11.234,2,0.0,2,0.0,11,0.0,8,0.0,0,0,0,0,475.0,0.0,390.0,0,phase_0,rl_policy_v3,,,
2220.0,0,76,813.0,10.697,2,0.0,2,0.0,9,0.0,8,0.0,0,0,0,0,447.0,0.0,366.0,0,phase_0,rl_policy_v3,,,
2221.0,0,78,800.0,10.256,2,0.0,2,0.0,10,0.0,8,1.0,0,0,0,0,419.0,1.0,380.0,0,phase_0,rl_policy_v3,,,
2222.0,0,75,749.0,9.987,2,0.0,2,0.0,8,0.0,6,3.0,0,0,0,2,391.0,3.0,355.0,0,phase_0,rl_policy_v3,,,
2223.0,0,77,697.0,9.052,2,0.0,2,0.0,8,0.0,6,5.0,0,0,0,1,362.0,5.0,330.0,0,phase_0,rl_policy_v3,,,
2224.0,0,78,680.0,8.718,2,0.0,2,0.0,8,0.0,6,0.0,0,0,0,0,374.0,0.0,306.0,0,phase_0,rl_policy_v3,,,
2225.0,0,78,626.0,8.026,2,0.0,2,0.0,7,0.0,5,0.0,0,0,0,0,344.0,0.0,282.0,0,phase_0,rl_policy_v3,,,
2226.0,0,79,611.0,7.734,2,1.0,2,0.0,7,0.0,5,0.0,1,0,0,0,315.0,1.0,295.0,0,phase_0,rl_policy_v3,,,
2227.0,0,78,557.0,7.141,2,2.0,2,0.0,5,0.0,5,1.0,1,0,0,1,285.0,3.0,269.0,0,phase_0,rl_policy_v3,,,
2228.0,0,79,503.0,6.367,2,3.0,2,0.0,5,0.0,5,2.0,0,0,0,0,254.0,5.0,244.0,0,phase_0,rl_policy_v3,,,
2229.0,0,80,447.0,5.588,2,4.0,2,1.0,5,0.0,5,0.0,0,0,0,0,223.0,5.0,219.0,0,phase_0,rl_policy_v3,,,
2230.0,0,79,432.0,5.468,2,5.0,2,2.0,5,0.0,4,0.0,0,0,0,0,232.0,7.0,193.0,0,phase_0,rl_policy_v3,,,
2231.0,0,79,411.0,5.203,2,6.0,2,3.0,6,0.0,4,0.0,0,0,0,0,198.0,9.0,204.0,0,phase_0,rl_policy_v3,,,
2232.0,0,79,353.0,4.468,2,7.0,2,4.0,6,0.0,4,0.0,0,0,0,0,162.0,11.0,180.0,0,phase_0,rl_policy_v3,,,
2233.0,0,85,293.0,3.447,3,8.0,3,5.0,7,0.0,4,0.0,0,0,0,0,124.0,13.0,156.0,0,phase_0,rl_policy_v3,,,
2234.0,1,88,234.0,2.659,4,9.0,4,6.0,7,0.0,4,0.0,0,0,0,0,88.0,15.0,131.0,0,phase_1,rl_policy_v3,,,
2235.0,1,88,176.0,2.0,4,10.0,4,7.0,8,0.0,4,0.0,0,0,0,0,52.0,17.0,107.0,0,phase_1,rl_policy_v3,,,
2236.0,1,89,191.0,2.146,4,11.0,4,8.0,8,0.0,4,0.0,0,0,0,0,54.0,19.0,118.0,0,phase_1,rl_policy_v3,,,
2237.0,2,85,94.0,1.106,3,0.0,3,0.0,8,0.0,4,0.0,0,0,0,0,2.0,0.0,92.0,0,phase_2,rl_policy_v3,,,
2238.0,2,85,106.0,1.247,3,0.0,3,0.0,8,0.0,4,0.0,0,0,0,0,3.0,0.0,103.0,0,phase_2,rl_policy_v3,,,
2239.0,2,86,121.0,1.407,3,0.0,3,0.0,9,1.0,4,0.0,0,0,0,0,6.0,1.0,114.0,0,phase_2,rl_policy_v3,,,
2240.0,2,86,137.0,1.593,3,0.0,3,0.0,9,2.0,4,0.0,0,0,0,0,9.0,2.0,126.0,0,phase_2,rl_policy_v3,,,
2241.0,2,87,153.0,1.759,3,0.0,3,0.0,9,3.0,4,0.0,0,0,0,0,12.0,3.0,138.0,0,phase_2,rl_policy_v3,,,
2242.0,2,88,172.0,1.955,3,0.0,3,0.0,9,4.0,4,0.0,0,0,0,0,16.0,4.0,152.0,0,phase_2,rl_policy_v3,,,
2243.0,2,88,192.0,2.182,3,0.0,3,0.0,9,5.0,4,0.0,0,0,0,0,21.0,5.0,166.0,0,phase_2,rl_policy_v3,,,
2244.0,2,89,213.0,2.393,3,0.0,3,0.0,9,6.0,4,0.0,0,0,0,0,26.0,6.0,181.0,0,phase_2,rl_policy_v3,,,
2245.0,2,89,234.0,2.629,3,0.0,3,0.0,9,7.0,4,1.0,0,0,0,0,32.0,8.0,194.0,0,phase_2,rl_policy_v3,,,
2246.0,2,91,259.0,2.846,3,0.0,3,0.0,9,8.0,4,2.0,0,0,0,0,39.0,10.0,210.0,0,phase_2,rl_policy_v3,,,
2247.0,2,90,286.0,3.178,3,0.0,2,0.0,9,10.0,4,3.0,0,0,0,0,47.0,13.0,226.0,0,phase_2,rl_policy_v3,,,
2248.0,2,86,286.0,3.326,3,0.0,2,0.0,9,12.0,4,5.0,0,0,0,1,54.0,17.0,215.0,0,phase_2,rl_policy_v3,,,
2249.0,2,86,289.0,3.36,2,0.0,1,0.0,10,15.0,5,7.0,0,0,0,1,62.0,22.0,205.0,0,phase_2,rl_policy_v3,,,
2250.0,2,85,294.0,3.459,2,0.0,1,0.0,10,18.0,5,9.0,0,0,0,1,70.0,27.0,197.0,0,phase_2,rl_policy_v3,,,
2251.0,2,85,300.0,3.529,1,0.0,1,0.0,10,21.0,5,12.0,0,0,0,2,79.0,33.0,188.0,0,phase_2,rl_policy_v3,,,
2252.0,2,87,312.0,3.586,1,0.0,1,0.0,11,24.0,6,16.0,0,0,0,1,89.0,40.0,183.0,0,phase_2,rl_policy_v3,,,
2253.0,2,87,329.0,3.782,1,0.0,1,0.0,11,27.0,6,20.0,0,0,0,1,101.0,47.0,181.0,0,phase_2,rl_policy_v3,,,
2254.0,2,88,347.0,3.943,1,0.0,1,0.0,11,30.0,6,24.0,0,0,0,1,112.0,54.0,181.0,0,phase_2,rl_policy_v3,,,
2255.0,2,88,368.0,4.182,1,0.0,1,0.0,11,34.0,7,28.0,0,0,0,0,125.0,62.0,181.0,0,phase_2,rl_policy_v3,,,
2256.0,2,87,390.0,4.483,1,0.0,1,0.0,11,38.0,7,32.0,0,0,0,0,138.0,70.0,182.0,0,phase_2,rl_policy_v3,,,
2257.0,2,91,434.0,4.769,2,0.0,2,0.0,11,42.0,8,36.0,0,0,0,0,150.0,78.0,206.0,0,phase_2,rl_policy_v3,,,
2258.0,2,88,458.0,5.205,2,0.0,2,0.0,11,46.0,8,40.0,0,0,2,0,165.0,86.0,207.0,0,phase_2,rl_policy_v3,,,
2259.0,2,86,484.0,5.628,2,0.0,2,0.0,11,51.0,8,44.0,0,0,2,0,180.0,95.0,209.0,0,phase_2,rl_policy_v3,,,
2260.0,2,87,510.0,5.862,2,0.0,2,0.0,11,56.0,9,48.0,0,0,2,0,194.0,104.0,212.0,0,phase_2,rl_policy_v3,,,
2261.0,2,87,539.0,6.195,2,0.0,2,0.0,12,61.0,9,52.0,0,0,2,0,210.0,113.0,216.0,0,phase_2,rl_policy_v3,,,
2262.0,2,88,568.0,6.455,2,0.0,2,0.0,12,66.0,10,56.0,0,0,2,0,227.0,122.0,219.0,0,phase_2,rl_policy_v3,,,
2263.0,2,87,602.0,6.92,2,0.0,2,0.0,12,71.0,10,60.0,0,0,0,0,246.0,131.0,225.0,0,phase_2,rl_policy_v3,,,
2264.0,2,86,634.0,7.372,2,0.0,2,0.0,12,77.0,10,64.0,0,0,2,0,264.0,141.0,229.0,0,phase_2,rl_policy_v3,,,
2265.0,2,86,669.0,7.779,2,0.0,2,0.0,12,84.0,11,68.0,0,0,2,0,284.0,152.0,233.0,0,phase_2,rl_policy_v3,,,
2266.0,2,86,721.0,8.384,2,0.0,2,0.0,13,92.0,11,72.0,0,0,3,0,303.0,164.0,254.0,0,phase_2,rl_policy_v3,,,
2267.0,2,87,757.0,8.701,2,0.0,2,0.0,13,100.0,12,76.0,0,0,3,0,325.0,176.0,256.0,0,phase_2,rl_policy_v3,,,
2268.0,2,86,788.0,9.163,2,0.0,2,0.0,13,108.0,12,80.0,0,0,3,0,342.0,188.0,258.0,0,phase_2,rl_policy_v3,,,
2269.0,2,88,823.0,9.352,2,0.0,2,0.0,13,116.0,13,84.0,0,0,6,0,364.0,200.0,259.0,0,phase_2,rl_policy_v3,,,
2270.0,2,88,857.0,9.739,2,0.0,2,0.0,13,125.0,13,88.0,0,0,6,0,385.0,213.0,259.0,0,phase_2,rl_policy_v3,,,
2271.0,2,86,911.0,10.593,2,0.0,2,0.0,13,134.0,13,92.0,0,0,6,0,409.0,226.0,276.0,0,phase_2,rl_policy_v3,,,
2272.0,2,86,946.0,11.0,1,0.0,1,0.0,14,143.0,14,96.0,0,0,6,0,433.0,239.0,274.0,0,phase_2,rl_policy_v3,,,
2273.0,2,86,977.0,11.36,1,0.0,1,0.0,14,152.0,14,100.0,0,0,6,0,454.0,252.0,271.0,0,phase_2,rl_policy_v3,,,
2274.0,2,86,1010.0,11.744,1,0.0,1,0.0,14,161.0,15,104.0,0,0,6,0,478.0,265.0,267.0,0,phase_2,rl_policy_v3,,,
2275.0,2,87,1061.0,12.195,1,0.0,1,0.0,14,170.0,15,108.0,0,0,6,0,502.0,278.0,281.0,0,phase_2,rl_policy_v3,,,
2276.0,2,87,1112.0,12.782,1,0.0,1,0.0,14,179.0,15,112.0,0,0,6,0,526.0,291.0,295.0,0,phase_2,rl_policy_v3,,,
2277.0,2,87,1163.0,13.368,1,0.0,0,0.0,14,188.0,16,116.0,0,0,6,0,550.0,304.0,309.0,0,phase_2,rl_policy_v3,,,
2278.0,2,86,1214.0,14.116,1,0.0,0,0.0,14,197.0,16,120.0,0,0,6,0,574.0,317.0,323.0,0,phase_2,rl_policy_v3,,,
2279.0,3,87,1265.0,14.54,1,0.0,0,0.0,14,206.0,17,124.0,0,0,3,0,598.0,330.0,337.0,0,phase_3,rl_policy_v3,,,
2280.0,3,87,1317.0,15.138,1,0.0,0,0.0,14,216.0,17,128.0,0,0,3,0,622.0,344.0,351.0,0,phase_3,rl_policy_v3,,,
2281.0,3,92,1370.0,14.891,3,1.0,2,0.0,15,226.0,17,132.0,0,0,3,0,646.0,359.0,365.0,0,phase_3,rl_policy_v3,,,
2282.0,0,91,1160.0,12.747,4,2.0,3,0.0,12,122.0,17,33.0,0,0,5,0,624.0,157.0,379.0,0,phase_0,rl_policy_v3,,,
2283.0,0,89,1055.0,11.854,4,3.0,3,0.0,12,56.0,15,0.0,0,0,0,0,601.0,59.0,395.0,0,phase_0,rl_policy_v3,,,
2284.0,0,87,999.0,11.483,4,4.0,3,0.0,12,7.0,14,0.0,0,0,0,0,577.0,11.0,411.0,0,phase_0,rl_policy_v3,,,
2285.0,0,89,986.0,11.079,4,5.0,3,0.0,12,0.0,15,0.0,0,0,0,0,554.0,5.0,427.0,0,phase_0,rl_policy_v3,,,
2286.0,0,88,871.0,9.898,4,6.0,3,0.0,11,0.0,15,0.0,0,0,0,0,530.0,6.0,335.0,0,phase_0,rl_policy_v3,,,
2287.0,0,87,757.0,8.701,4,7.0,3,0.0,11,0.0,15,0.0,0,0,0,0,506.0,7.0,244.0,0,phase_0,rl_policy_v3,,,
2288.0,0,89,649.0,7.292,4,8.0,3,0.0,9,1.0,16,1.0,0,0,0,0,482.0,10.0,157.0,0,phase_0,rl_policy_v3,,,
2289.0,0,87,549.0,6.31,4,9.0,3,0.0,9,2.0,16,3.0,0,0,0,0,458.0,14.0,77.0,0,phase_0,rl_policy_v3,,,
2290.0,0,85,512.0,6.024,4,10.0,3,0.0,7,4.0,16,3.0,0,0,0,0,475.0,17.0,20.0,0,phase_0,rl_policy_v3,,,
2291.0,0,85,501.0,5.894,4,11.0,3,0.0,8,6.0,15,7.0,0,0,0,0,452.0,24.0,25.0,0,phase_0,rl_policy_v3,,,
2292.0,0,85,483.0,5.682,4,12.0,3,0.0,7,8.0,15,6.0,0,0,1,0,426.0,26.0,31.0,0,phase_0,rl_policy_v3,,,
2293.0,0,83,464.0,5.59,4,13.0,3,0.0,6,6.0,15,9.0,0,0,0,0,400.0,28.0,36.0,0,phase_0,rl_policy_v3,,,
2294.0,0,82,443.0,5.402,4,14.0,3,0.0,6,7.0,14,6.0,0,0,0,0,373.0,27.0,43.0,0,phase_0,rl_policy_v3,,,
2295.0,0,83,423.0,5.096,4,15.0,3,0.0,5,8.0,14,3.0,0,0,0,0,346.0,26.0,51.0,0,phase_0,rl_policy_v3,,,
2296.0,0,82,405.0,4.939,4,16.0,3,0.0,6,9.0,13,1.0,0,0,1,0,319.0,26.0,60.0,0,phase_0,rl_policy_v3,,,
2297.0,0,81,379.0,4.679,4,17.0,3,0.0,6,0.0,12,2.0,0,0,0,0,291.0,19.0,69.0,0,phase_0,rl_policy_v3,,,
2298.0,0,81,362.0,4.469,4,18.0,3,0.0,5,0.0,12,3.0,0,0,0,0,263.0,21.0,78.0,0,phase_0,rl_policy_v3,,,
2299.0,0,81,386.0,4.765,4,20.0,3,1.0,5,0.0,10,4.0,0,0,0,0,272.0,25.0,89.0,0,phase_0,rl_policy_v3,,,
2300.0,0,80,373.0,4.662,4,22.0,3,3.0,5,0.0,10,5.0,2,1,0,0,242.0,30.0,101.0,0,phase_0,rl_policy_v3,,,
2301.0,0,83,360.0,4.337,4,25.0,3,5.0,6,0.0,8,6.0,2,1,0,0,211.0,36.0,113.0,0,phase_0,rl_policy_v3,,,
2302.0,0,82,386.0,4.707,4,28.0,3,7.0,6,0.0,8,7.0,2,1,0,0,218.0,42.0,126.0,0,phase_0,rl_policy_v3,,,
2303.0,0,84,372.0,4.429,4,31.0,3,9.0,6,0.0,8,8.0,2,1,0,0,185.0,48.0,139.0,0,phase_0,rl_policy_v3,,,
2304.0,1,85,361.0,4.247,4,34.0,3,11.0,7,0.0,7,10.0,2,1,0,0,153.0,55.0,153.0,0,phase_1,rl_policy_v3,,,
2305.0,1,90,340.0,3.778,5,37.0,4,13.0,7,0.0,7,2.0,0,0,0,0,121.0,52.0,167.0,0,phase_1,rl_policy_v3,,,
2306.0,1,93,326.0,3.505,5,40.0,4,15.0,8,0.0,7,1.0,0,0,0,0,88.0,56.0,182.0,0,phase_1,rl_policy_v3,,,
2307.0,2,91,240.0,2.637,5,7.0,2,0.0,8,0.0,7,1.0,0,0,0,0,35.0,8.0,197.0,0,phase_2,rl_policy_v3,,,
2308.0,2,90,219.0,2.433,4,0.0,2,0.0,8,1.0,7,3.0,0,0,0,0,2.0,4.0,213.0,0,phase_2,rl_policy_v3,,,
2309.0,2,90,240.0,2.667,3,0.0,2,0.0,8,2.0,7,5.0,0,0,0,2,3.0,7.0,230.0,0,phase_2,rl_policy_v3,,,
2310.0,2,89,264.0,2.966,3,0.0,2,0.0,8,3.0,7,8.0,0,0,0,2,5.0,11.0,248.0,0,phase_2,rl_policy_v3,,,
2311.0,2,89,291.0,3.27,2,0.0,2,0.0,9,4.0,7,12.0,0,0,0,4,8.0,16.0,267.0,0,phase_2,rl_policy_v3,,,
2312.0,2,89,319.0,3.584,2,0.0,2,0.0,9,5.0,7,17.0,0,0,0,4,11.0,22.0,286.0,0,phase_2,rl_policy_v3,,,
2313.0,2,90,350.0,3.889,2,0.0,2,0.0,9,7.0,7,22.0,0,0,0,2,15.0,29.0,306.0,0,phase_2,rl_policy_v3,,,
2314.0,2,91,384.0,4.22,2,0.0,2,0.0,9,9.0,7,27.0,0,0,0,2,21.0,36.0,327.0,0,phase_2,rl_policy_v3,,,
2315.0,2,90,419.0,4.656,2,0.0,2,0.0,9,12.0,7,32.0,0,0,0,2,26.0,44.0,349.0,0,phase_2,rl_policy_v3,,,
2316.0,2,90,455.0,5.056,2,0.0,2,0.0,9,15.0,7,37.0,0,0,0,2,32.0,52.0,371.0,0,phase_2,rl_policy_v3,,,
2317.0,2,89,493.0,5.539,2,0.0,2,0.0,9,18.0,7,43.0,0,0,0,4,38.0,61.0,394.0,0,phase_2,rl_policy_v3,,,
2318.0,2,89,533.0,5.989,2,0.0,2,0.0,9,21.0,7,49.0,0,0,0,7,45.0,70.0,418.0,0,phase_2,rl_policy_v3,,,
2319.0,2,88,575.0,6.534,2,0.0,2,0.0,9,24.0,7,56.0,0,0,0,7,53.0,80.0,442.0,0,phase_2,rl_policy_v3,,,
2320.0,2,86,617.0,7.174,2,0.0,2,0.0,9,27.0,7,63.0,0,0,0,7,61.0,90.0,466.0,0,phase_2,rl_policy_v3,,,
2321.0,2,84,659.0,7.845,1,0.0,1,0.0,10,30.0,8,70.0,0,0,0,5,69.0,100.0,490.0,0,phase_2,rl_policy_v3,,,
2322.0,2,82,702.0,8.561,1,0.0,1,0.0,10,33.0,8,77.0,0,0,0,5,78.0,110.0,514.0,0,phase_2,rl_policy_v3,,,
2323.0,2,81,747.0,9.222,1,0.0,1,0.0,10,37.0,8,84.0,0,0,0,5,88.0,121.0,538.0,0,phase_2,rl_policy_v3,,,
2324.0,2,82,792.0,9.659,1,0.0,1,0.0,11,41.0,8,91.0,0,0,0,5,98.0,132.0,562.0,0,phase_2,rl_policy_v3,,,
2325.0,2,81,837.0,10.333,1,0.0,1,0.0,11,45.0,8,98.0,0,0,0,5,108.0,143.0,586.0,0,phase_2,rl_policy_v3,,,
2326.0,2,80,884.0,11.05,1,0.0,1,0.0,11,49.0,8,105.0,0,0,0,5,120.0,154.0,610.0,0,phase_2,rl_policy_v3,,,
2327.0,2,80,930.0,11.625,1,0.0,1,0.0,11,53.0,8,112.0,0,0,0,5,131.0,165.0,634.0,0,phase_2,rl_policy_v3,,,
2328.0,2,78,978.0,12.538,1,0.0,1,0.0,11,57.0,8,119.0,0,0,0,5,144.0,176.0,658.0,0,phase_2,rl_policy_v3,,,
2329.0,2,80,1026.0,12.825,2,0.0,2,0.0,11,61.0,8,126.0,0,0,0,5,157.0,187.0,682.0,0,phase_2,rl_policy_v3,,,
2330.0,2,81,1075.0,13.272,3,0.0,3,0.0,11,65.0,8,133.0,0,0,0,5,171.0,198.0,706.0,0,phase_2,rl_policy_v3,,,
2331.0,2,79,1077.0,13.633,3,0.0,3,0.0,11,70.0,8,140.0,0,0,0,5,186.0,210.0,681.0,0,phase_2,rl_policy_v3,,,
2332.0,2,79,1081.0,13.684,3,0.0,3,0.0,12,75.0,8,147.0,0,0,0,5,202.0,222.0,657.0,0,phase_2,rl_policy_v3,,,
2333.0,2,79,1086.0,13.747,3,0.0,3,0.0,12,81.0,8,154.0,0,0,2,5,218.0,235.0,633.0,0,phase_2,rl_policy_v3,,,
2334.0,2,77,1092.0,14.182,3,0.0,3,0.0,12,87.0,8,161.0,0,0,2,5,235.0,248.0,609.0,0,phase_2,rl_policy_v3,,,
2335.0,2,77,1099.0,14.273,3,0.0,3,0.0,12,94.0,9,168.0,0,0,2,2,253.0,262.0,584.0,0,phase_2,rl_policy_v3,,,
2336.0,2,78,1108.0,14.205,3,0.0,3,0.0,12,101.0,9,175.0,0,0,5,2,272.0,276.0,560.0,0,phase_2,rl_policy_v3,,,
2337.0,2,77,1116.0,14.494,3,0.0,3,0.0,12,108.0,10,182.0,0,0,5,2,291.0,290.0,535.0,0,phase_2,rl_policy_v3,,,
2338.0,2,77,1124.0,14.597,3,0.0,3,0.0,12,116.0,10,189.0,0,0,5,2,310.0,305.0,509.0,0,phase_2,rl_policy_v3,,,
2339.0,2,77,1177.0,15.286,3,0.0,3,0.0,12,124.0,10,196.0,0,0,5,2,331.0,320.0,526.0,0,phase_2,rl_policy_v3,,,
2340.0,2,77,1185.0,15.39,3,0.0,3,0.0,12,132.0,10,203.0,0,0,5,2,352.0,335.0,498.0,0,phase_2,rl_policy_v3,,,
2341.0,2,78,1196.0,15.333,3,0.0,3,0.0,12,141.0,11,210.0,0,0,6,2,374.0,351.0,471.0,0,phase_2,rl_policy_v3,,,
2342.0,2,80,1203.0,15.037,3,0.0,3,0.0,13,148.0,11,217.0,0,0,6,2,396.0,365.0,442.0,0,phase_2,rl_policy_v3,,,
2343.0,2,79,1211.0,15.329,3,0.0,2,0.0,13,156.0,11,224.0,0,0,2,2,419.0,380.0,412.0,0,phase_2,rl_policy_v3,,,
2344.0,2,78,1219.0,15.628,3,0.0,2,0.0,13,164.0,11,231.0,0,0,2,2,442.0,395.0,382.0,0,phase_2,rl_policy_v3,,,
2345.0,2,78,1228.0,15.744,2,0.0,2,0.0,13,173.0,12,238.0,0,0,6,2,465.0,411.0,352.0,0,phase_2,rl_policy_v3,,,
2346.0,2,77,1238.0,16.078,2,0.0,1,0.0,13,182.0,12,245.0,0,0,6,2,488.0,427.0,323.0,0,phase_2,rl_policy_v3,,,
2347.0,2,76,1288.0,16.947,1,0.0,1,0.0,13,191.0,12,252.0,0,0,6,2,511.0,443.0,334.0,0,phase_2,rl_policy_v3,,,
2348.0,2,77,1297.0,16.844,1,0.0,1,0.0,13,200.0,13,259.0,0,0,6,2,534.0,459.0,304.0,0,phase_2,rl_policy_v3,,,
2349.0,3,76,1305.0,17.171,1,0.0,1,0.0,13,209.0,13,266.0,0,0,6,2,557.0,475.0,273.0,0,phase_3,rl_policy_v3,,,
2350.0,3,79,1312.0,16.608,1,0.0,1,0.0,13,218.0,14,273.0,0,0,6,2,580.0,491.0,241.0,0,phase_3,rl_policy_v3,,,
2351.0,3,78,1318.0,16.897,1,0.0,1,0.0,13,227.0,14,280.0,0,0,4,2,603.0,507.0,208.0,0,phase_3,rl_policy_v3,,,
2352.0,0,70,1062.0,15.171,1,0.0,1,0.0,10,113.0,11,154.0,0,0,3,1,580.0,267.0,215.0,0,phase_0,rl_policy_v3,,,
2353.0,0,74,824.0,11.135,2,0.0,2,0.0,11,49.0,12,36.0,0,0,0,0,558.0,85.0,181.0,0,phase_0,rl_policy_v3,,,
2354.0,0,74,693.0,9.365,2,0.0,2,0.0,11,12.0,12,0.0,0,0,0,0,535.0,12.0,146.0,0,phase_0,rl_policy_v3,,,
2355.0,0,69,622.0,9.014,2,0.0,2,0.0,9,0.0,9,0.0,0,0,0,0,512.0,0.0,110.0,0,phase_0,rl_policy_v3,,,
2356.0,0,73,562.0,7.699,2,0.0,2,0.0,9,0.0,9,0.0,0,0,0,0,488.0,0.0,74.0,0,phase_0,rl_policy_v3,,,
2357.0,0,74,502.0,6.784,2,0.0,2,0.0,8,0.0,8,0.0,0,0,0,0,464.0,0.0,38.0,0,phase_0,rl_policy_v3,,,
2358.0,0,75,481.0,6.413,2,0.0,2,0.0,7,0.0,8,0.0,0,0,0,0,441.0,0.0,40.0,0,phase_0,rl_policy_v3,,,
2359.0,0,77,459.0,5.961,2,0.0,2,0.0,6,0.0,8,0.0,0,0,0,0,418.0,0.0,41.0,0,phase_0,rl_policy_v3,,,
2360.0,1,78,439.0,5.628,2,0.0,2,0.0,5,0.0,9,0.0,0,0,0,0,396.0,0.0,43.0,0,phase_1,rl_policy_v3,,,
2361.0,1,79,419.0,5.304,2,0.0,2,0.0,6,1.0,9,0.0,0,0,1,0,373.0,1.0,45.0,0,phase_1,rl_policy_v3,,,
2362.0,1,80,402.0,5.025,2,0.0,2,0.0,6,2.0,10,0.0,0,0,1,0,353.0,2.0,47.0,0,phase_1,rl_policy_v3,,,
2363.0,2,80,384.0,4.8,2,0.0,2,0.0,6,3.0,10,0.0,0,0,1,0,332.0,3.0,49.0,0,phase_2,rl_policy_v3,,,
2364.0,2,81,358.0,4.42,2,0.0,2,0.0,7,4.0,10,0.0,0,0,1,0,303.0,4.0,51.0,0,phase_2,rl_policy_v3,,,
2365.0,2,82,373.0,4.549,2,0.0,2,0.0,7,6.0,11,0.0,0,0,0,0,313.0,6.0,54.0,0,phase_2,rl_policy_v3,,,
2366.0,2,83,354.0,4.265,2,0.0,2,0.0,7,8.0,11,1.0,0,0,0,0,288.0,9.0,57.0,0,phase_2,rl_policy_v3,,,
2367.0,2,82,299.0,3.646,2,0.0,1,0.0,8,10.0,11,2.0,0,0,0,0,261.0,12.0,26.0,0,phase_2,rl_policy_v3,,,
2368.0,2,82,255.0,3.11,2,0.0,1,0.0,8,12.0,11,3.0,0,0,0,0,234.0,15.0,6.0,0,phase_2,rl_policy_v3,,,
2369.0,2,82,240.0,2.927,1,0.0,1,0.0,8,14.0,11,4.0,0,0,0,0,213.0,18.0,9.0,0,phase_2,rl_policy_v3,,,
2370.0,2,81,218.0,2.691,1,0.0,1,0.0,8,16.0,11,5.0,0,0,0,0,185.0,21.0,12.0,0,phase_2,rl_policy_v3,,,
2371.0,2,81,196.0,2.42,1,0.0,1,0.0,8,18.0,11,6.0,0,0,0,0,156.0,24.0,16.0,0,phase_2,rl_policy_v3,,,
2372.0,2,82,178.0,2.171,1,0.0,1,0.0,8,20.0,11,7.0,0,0,0,0,131.0,27.0,20.0,0,phase_2,rl_policy_v3,,,
2373.0,2,82,200.0,2.439,1,0.0,1,0.0,8,23.0,11,8.0,0,0,0,0,144.0,31.0,25.0,0,phase_2,rl_policy_v3,,,
2374.0,2,82,223.0,2.72,1,0.0,1,0.0,8,26.0,11,9.0,0,0,0,0,158.0,35.0,30.0,0,phase_2,rl_policy_v3,,,
2375.0,2,82,212.0,2.585,1,0.0,1,0.0,8,29.0,11,11.0,0,0,0,0,136.0,40.0,36.0,0,phase_2,rl_policy_v3,,,
2376.0,2,83,201.0,2.422,1,0.0,1,0.0,9,32.0,11,13.0,0,0,0,0,114.0,45.0,42.0,0,phase_2,rl_policy_v3,,,
2377.0,2,88,192.0,2.182,2,0.0,2,0.0,9,35.0,11,15.0,0,0,0,0,92.0,50.0,50.0,0,phase_2,rl_policy_v3,,,
2378.0,2,91,220.0,2.418,3,0.0,3,0.0,9,38.0,11,17.0,0,0,0,0,106.0,55.0,59.0,0,phase_2,rl_policy_v3,,,
2379.0,2,92,250.0,2.717,3,0.0,3,0.0,9,41.0,11,21.0,0,0,0,0,119.0,62.0,69.0,0,phase_2,rl_policy_v3,,,
2380.0,2,93,284.0,3.054,3,0.0,3,0.0,9,44.0,11,25.0,0,0,0,0,136.0,69.0,79.0,0,phase_2,rl_policy_v3,,,
2381.0,2,93,312.0,3.355,3,0.0,3,0.0,9,47.0,11,30.0,0,0,0,0,146.0,77.0,89.0,0,phase_2,rl_policy_v3,,,
2382.0,2,90,346.0,3.844,3,0.0,3,0.0,9,50.0,11,35.0,0,0,0,0,161.0,85.0,100.0,0,phase_2,rl_policy_v3,,,
2383.0,2,91,383.0,4.209,3,0.0,3,0.0,10,53.0,11,41.0,0,0,0,0,178.0,94.0,111.0,0,phase_2,rl_policy_v3,,,
2384.0,2,90,422.0,4.689,3,0.0,3,0.0,10,57.0,11,47.0,0,0,0,0,195.0,104.0,123.0,0,phase_2,rl_policy_v3,,,
2385.0,2,89,464.0,5.213,3,0.0,3,0.0,10,61.0,11,54.0,0,0,0,3,213.0,115.0,136.0,0,phase_2,rl_policy_v3,,,
2386.0,2,88,509.0,5.784,3,0.0,3,0.0,10,65.0,11,61.0,0,0,0,3,233.0,126.0,150.0,0,phase_2,rl_policy_v3,,,
2387.0,2,85,555.0,6.529,3,0.0,3,0.0,10,69.0,11,68.0,0,0,0,3,253.0,137.0,165.0,0,phase_2,rl_policy_v3,,,
2388.0,2,85,603.0,7.094,3,0.0,3,0.0,10,74.0,11,75.0,0,0,1,3,274.0,149.0,180.0,0,phase_2,rl_policy_v3,,,
2389.0,2,82,649.0,7.915,3,0.0,3,0.0,10,79.0,11,82.0,0,0,1,3,292.0,161.0,196.0,0,phase_2,rl_policy_v3,,,
2390.0,2,81,702.0,8.667,3,0.0,3,0.0,10,84.0,11,90.0,0,0,1,3,315.0,174.0,213.0,0,phase_2,rl_policy_v3,,,
2391.0,2,78,751.0,9.628,2,0.0,2,0.0,10,89.0,11,98.0,0,0,1,3,334.0,187.0,230.0,0,phase_2,rl_policy_v3,,,
2392.0,2,78,806.0,10.333,2,0.0,2,0.0,10,94.0,11,108.0,0,0,0,7,357.0,202.0,247.0,0,phase_2,rl_policy_v3,,,
2393.0,2,75,862.0,11.493,2,0.0,1,0.0,10,99.0,11,118.0,0,0,0,6,380.0,217.0,265.0,0,phase_2,rl_policy_v3,,,
2394.0,2,75,916.0,12.213,1,0.0,1,0.0,10,104.0,12,125.0,0,0,0,0,403.0,229.0,284.0,0,phase_2,rl_policy_v3,,,
2395.0,2,75,973.0,12.973,1,0.0,1,0.0,11,109.0,12,134.0,0,0,3,4,426.0,243.0,304.0,0,phase_2,rl_policy_v3,,,
2396.0,2,74,1033.0,13.959,1,0.0,1,0.0,11,115.0,12,144.0,0,0,3,4,449.0,259.0,325.0,0,phase_2,rl_policy_v3,,,
2397.0,2,74,1094.0,14.784,0,0.0,1,0.0,11,121.0,12,155.0,0,0,5,8,472.0,276.0,346.0,0,phase_2,rl_policy_v3,,,
2398.0,2,76,1158.0,15.237,0,0.0,1,0.0,12,129.0,12,166.0,0,0,5,8,495.0,295.0,368.0,0,phase_2,rl_policy_v3,,,
2399.0,2,76,1223.0,16.092,0,0.0,1,0.0,12,137.0,12,177.0,0,0,5,8,518.0,314.0,391.0,0,phase_2,rl_policy_v3,,,
2400.0,2,75,1287.0,17.16,0,0.0,0,0.0,12,145.0,12,188.0,0,0,5,8,541.0,333.0,413.0,0,phase_2,rl_policy_v3,,,
2401.0,2,79,1353.0,17.127,2,0.0,2,0.0,12,153.0,12,199.0,0,0,5,8,564.0,352.0,437.0,0,phase_2,rl_policy_v3,,,
2402.0,2,79,1420.0,17.975,2,0.0,2,0.0,12,161.0,12,210.0,0,0,5,8,587.0,371.0,462.0,0,phase_2,rl_policy_v3,,,
2403.0,2,78,1487.0,19.064,2,0.0,2,0.0,12,169.0,12,221.0,0,0,5,8,610.0,390.0,487.0,0,phase_2,rl_policy_v3,,,
2404.0,2,79,1554.0,19.671,2,0.0,2,0.0,13,177.0,12,232.0,0,0,2,8,633.0,409.0,512.0,0,phase_2,rl_policy_v3,,,
2405.0,3,79,1621.0,20.519,2,0.0,2,0.0,13,185.0,12,243.0,0,0,2,8,656.0,428.0,537.0,0,phase_3,rl_policy_v3,,,
2406.0,3,79,1688.0,21.367,2,0.0,2,0.0,13,193.0,12,254.0,0,0,2,8,679.0,447.0,562.0,0,phase_3,rl_policy_v3,,,
2407.0,3,79,1755.0,22.215,2,0.0,2,0.0,13,201.0,12,265.0,0,0,2,8,702.0,466.0,587.0,0,phase_3,rl_policy_v3,,,
2408.0,0,80,1602.0,20.025,2,0.0,2,0.0,13,96.0,12,169.0,0,0,0,0,725.0,265.0,612.0,0,phase_0,rl_policy_v3,,,
2409.0,0,75,1501.0,20.013,2,0.0,2,0.0,11,26.0,9,90.0,0,0,0,0,748.0,116.0,637.0,0,phase_0,rl_policy_v3,,,
2410.0,0,75,1462.0,19.493,2,0.0,2,0.0,10,0.0,9,29.0,0,0,0,0,771.0,29.0,662.0,0,phase_0,rl_policy_v3,,,
2411.0,0,75,1481.0,19.747,2,0.0,2,0.0,10,0.0,9,0.0,0,0,0,0,794.0,0.0,687.0,0,phase_0,rl_policy_v3,,,
2412.0,0,73,1433.0,19.63,2,0.0,2,0.0,10,0.0,9,0.0,0,0,0,0,769.0,0.0,664.0,0,phase_0,rl_policy_v3,,,
2413.0,0,73,1384.0,18.959,2,0.0,2,0.0,9,0.0,8,0.0,0,0,0,0,743.0,0.0,641.0,0,phase_0,rl_policy_v3,,,
2414.0,0,73,1335.0,18.288,2,0.0,2,0.0,8,0.0,8,1.0,0,0,0,0,716.0,1.0,618.0,0,phase_0,rl_policy_v3,,,
2415.0,0,73,1284.0,17.589,2,0.0,2,0.0,8,0.0,8,0.0,0,0,0,0,689.0,0.0,595.0,0,phase_0,rl_policy_v3,,,
2416.0,0,72,1234.0,17.139,2,0.0,2,0.0,7,0.0,6,0.0,0,0,0,0,662.0,0.0,572.0,0,phase_0,rl_policy_v3,,,
2417.0,0,74,1183.0,15.986,2,0.0,2,0.0,6,0.0,7,0.0,0,0,0,0,634.0,0.0,549.0,0,phase_0,rl_policy_v3,,,
2418.0,0,74,1132.0,15.297,2,1.0,2,0.0,6,0.0,6,0.0,0,0,0,0,605.0,1.0,526.0,0,phase_0,rl_policy_v3,,,
2419.0,0,76,1073.0,14.118,2,2.0,2,0.0,6,0.0,6,0.0,0,0,0,0,570.0,2.0,501.0,0,phase_0,rl_policy_v3,,,
2420.0,0,78,1015.0,13.013,2,3.0,2,1.0,6,0.0,6,0.0,0,0,0,0,535.0,4.0,476.0,0,phase_0,rl_policy_v3,,,
2421.0,0,78,956.0,12.256,2,4.0,2,2.0,6,0.0,5,1.0,0,0,0,0,499.0,7.0,450.0,0,phase_0,rl_policy_v3,,,
2422.0,0,78,899.0,11.526,2,5.0,2,3.0,6,0.0,4,2.0,0,0,0,1,463.0,10.0,426.0,0,phase_0,rl_policy_v3,,,
2423.0,0,79,887.0,11.228,2,6.0,2,4.0,6,0.0,4,0.0,0,0,0,0,475.0,10.0,402.0,0,phase_0,rl_policy_v3,,,
2424.0,0,79,867.0,10.975,2,7.0,2,5.0,7,0.0,3,0.0,0,0,0,0,437.0,12.0,418.0,0,phase_0,rl_policy_v3,,,
2425.0,0,81,807.0,9.963,3,8.0,3,6.0,7,0.0,2,0.0,0,0,0,0,400.0,14.0,393.0,0,phase_0,rl_policy_v3,,,
2426.0,1,81,747.0,9.222,4,9.0,4,7.0,7,0.0,2,0.0,0,0,0,0,363.0,16.0,368.0,0,phase_1,rl_policy_v3,,,
2427.0,1,84,687.0,8.179,4,10.0,4,8.0,8,0.0,2,0.0,0,0,0,0,326.0,18.0,343.0,0,phase_1,rl_policy_v3,,,
2428.0,1,83,627.0,7.554,4,11.0,4,9.0,8,0.0,2,0.0,0,0,0,0,288.0,20.0,319.0,0,phase_1,rl_policy_v3,,,
2429.0,2,84,543.0,6.464,3,0.0,3,0.0,9,0.0,3,0.0,0,0,0,0,248.0,0.0,295.0,0,phase_2,rl_policy_v3,,,
2430.0,2,84,565.0,6.726,3,0.0,3,0.0,9,1.0,3,0.0,0,0,0,0,254.0,1.0,310.0,0,phase_2,rl_policy_v3,,,
2431.0,2,85,502.0,5.906,3,0.0,3,0.0,9,2.0,3,0.0,0,0,1,0,214.0,2.0,286.0,0,phase_2,rl_policy_v3,,,
2432.0,2,85,439.0,5.165,3,0.0,3,0.0,9,4.0,3,0.0,0,0,1,0,173.0,4.0,262.0,0,phase_2,rl_policy_v3,,,
2433.0,2,85,380.0,4.471,3,0.0,3,0.0,9,6.0,3,0.0,0,0,1,0,137.0,6.0,237.0,0,phase_2,rl_policy_v3,,,
2434.0,2,84,355.0,4.226,3,0.0,3,0.0,9,8.0,3,0.0,0,0,1,0,96.0,8.0,251.0,0,phase_2,rl_policy_v3,,,
2435.0,2,84,290.0,3.452,3,0.0,3,0.0,9,10.0,3,0.0,0,0,1,0,54.0,10.0,226.0,0,phase_2,rl_policy_v3,,,
2436.0,2,85,228.0,2.682,3,0.0,3,0.0,10,13.0,3,0.0,0,0,1,0,13.0,13.0,202.0,0,phase_2,rl_policy_v3,,,
2437.0,2,85,211.0,2.482,3,0.0,3,0.0,10,16.0,3,0.0,0,0,1,0,17.0,16.0,178.0,0,phase_2,rl_policy_v3,,,
2438.0,2,85,193.0,2.271,3,0.0,3,0.0,10,19.0,3,0.0,0,0,1,0,21.0,19.0,153.0,0,phase_2,rl_policy_v3,,,
2439.0,2,84,177.0,2.107,2,0.0,3,0.0,10,22.0,3,0.0,0,0,1,0,26.0,22.0,129.0,0,phase_2,rl_policy_v3,,,
2440.0,2,84,199.0,2.369,2,0.0,2,0.0,10,25.0,3,0.0,0,0,0,0,31.0,25.0,143.0,0,phase_2,rl_policy_v3,,,
2441.0,2,83,222.0,2.675,1,0.0,2,0.0,10,28.0,3,0.0,0,0,0,0,37.0,28.0,157.0,0,phase_2,rl_policy_v3,,,
2442.0,2,82,248.0,3.024,1,0.0,1,0.0,10,31.0,3,0.0,0,0,0,0,44.0,31.0,173.0,0,phase_2,rl_policy_v3,,,
2443.0,2,83,274.0,3.301,1,0.0,1,0.0,10,34.0,3,0.0,0,0,0,0,52.0,34.0,188.0,1,phase_2,rl_policy_v3,,,
2444.0,2,82,301.0,3.671,1,0.0,1,0.0,10,37.0,3,0.0,0,0,0,0,61.0,37.0,203.0,1,phase_2,rl_policy_v3,,,
2445.0,2,80,331.0,4.138,1,0.0,1,0.0,10,40.0,3,0.0,0,0,0,0,71.0,40.0,220.0,1,phase_2,rl_policy_v3,,,
2446.0,2,79,361.0,4.57,1,0.0,1,0.0,10,43.0,3,0.0,0,0,0,0,81.0,43.0,237.0,1,phase_2,rl_policy_v3,,,
2447.0,2,79,393.0,4.975,1,0.0,1,0.0,11,46.0,3,0.0,0,0,0,0,92.0,46.0,255.0,1,phase_2,rl_policy_v3,,,
2448.0,2,79,428.0,5.418,1,0.0,1,0.0,11,50.0,3,0.0,0,0,0,0,104.0,50.0,274.0,1,phase_2,rl_policy_v3,,,
2449.0,2,83,466.0,5.614,2,0.0,2,0.0,11,54.0,3,0.0,0,0,0,0,117.0,54.0,295.0,1,phase_2,rl_policy_v3,,,
2450.0,2,83,502.0,6.048,2,0.0,2,0.0,12,58.0,3,0.0,0,0,0,0,129.0,58.0,315.0,1,phase_2,rl_policy_v3,,,
2451.0,2,81,544.0,6.716,2,0.0,2,0.0,12,63.0,3,1.0,0,0,0,0,143.0,64.0,337.0,1,phase_2,rl_policy_v3,,,
2452.0,2,80,587.0,7.338,2,0.0,2,0.0,12,68.0,3,2.0,0,0,0,0,158.0,70.0,359.0,1,phase_2,rl_policy_v3,,,
2453.0,2,79,631.0,7.987,2,0.0,2,0.0,12,73.0,3,3.0,0,0,0,0,173.0,76.0,382.0,1,phase_2,rl_policy_v3,,,
2454.0,2,77,678.0,8.805,2,0.0,2,0.0,12,79.0,3,4.0,0,0,0,0,189.0,83.0,406.0,1,phase_2,rl_policy_v3,,,
2455.0,2,77,728.0,9.455,2,0.0,2,0.0,12,86.0,3,5.0,0,0,0,0,206.0,91.0,431.0,1,phase_2,rl_policy_v3,,,
2456.0,2,78,779.0,9.987,2,0.0,2,0.0,13,93.0,3,6.0,0,0,0,0,224.0,99.0,456.0,1,phase_2,rl_policy_v3,,,
2457.0,2,76,831.0,10.934,2,0.0,2,0.0,13,100.0,3,7.0,0,0,3,0,243.0,107.0,481.0,1,phase_2,rl_policy_v3,,,
2458.0,2,75,884.0,11.787,2,0.0,2,0.0,13,108.0,3,8.0,0,0,3,0,262.0,116.0,506.0,1,phase_2,rl_policy_v3,,,
2459.0,2,74,938.0,12.676,2,0.0,2,0.0,13,116.0,3,9.0,0,0,6,0,282.0,125.0,531.0,1,phase_2,rl_policy_v3,,,
2460.0,2,74,993.0,13.419,2,0.0,2,0.0,13,125.0,3,12.0,0,0,6,3,300.0,137.0,556.0,1,phase_2,rl_policy_v3,,,
2461.0,2,75,1050.0,14.0,2,0.0,3,0.0,13,134.0,3,15.0,0,0,6,3,320.0,149.0,581.0,2,phase_2,rl_policy_v3,,,
2462.0,3,75,1109.0,14.787,2,0.0,3,0.0,13,143.0,3,18.0,0,0,6,3,342.0,161.0,606.0,2,phase_3,rl_policy_v3,,,
2463.0,3,75,1169.0,15.587,2,0.0,3,0.0,13,152.0,3,21.0,0,0,6,3,365.0,173.0,631.0,2,phase_3,rl_policy_v3,,,
2464.0,3,73,1227.0,16.808,2,0.0,3,0.0,13,161.0,3,24.0,0,0,6,3,386.0,185.0,656.0,2,phase_3,rl_policy_v3,,,
2465.0,0,69,1135.0,16.449,2,0.0,3,0.0,11,85.0,2,6.0,0,0,4,0,409.0,91.0,635.0,2,phase_0,rl_policy_v3,,,
2466.0,0,68,1075.0,15.809,2,0.0,3,1.0,11,28.0,2,0.0,0,0,0,0,432.0,29.0,614.0,2,phase_0,rl_policy_v3,,,
2467.0,0,69,1052.0,15.246,2,1.0,3,2.0,12,1.0,2,0.0,1,0,0,0,455.0,4.0,593.0,2,phase_0,rl_policy_v3,,,
2468.0,0,66,1055.0,15.985,2,2.0,3,3.0,10,0.0,1,0.0,1,0,0,0,478.0,5.0,572.0,2,phase_0,rl_policy_v3,,,
2469.0,0,69,1059.0,15.348,2,3.0,3,4.0,10,1.0,2,0.0,1,0,0,0,501.0,8.0,550.0,2,phase_0,rl_policy_v3,,,
2470.0,0,68,1062.0,15.618,2,4.0,3,5.0,9,2.0,2,0.0,0,0,0,0,524.0,11.0,527.0,2,phase_0,rl_policy_v3,,,
2471.0,0,71,1065.0,15.0,2,5.0,3,6.0,8,4.0,3,0.0,0,0,2,0,547.0,15.0,503.0,2,phase_0,rl_policy_v3,,,
2472.0,0,71,1063.0,14.972,2,6.0,3,7.0,8,0.0,3,0.0,0,0,0,0,570.0,13.0,480.0,2,phase_0,rl_policy_v3,,,
2473.0,0,72,1066.0,14.806,3,7.0,4,9.0,6,0.0,3,0.0,0,0,0,0,593.0,16.0,457.0,2,phase_0,rl_policy_v3,,,
2474.0,0,75,1068.0,14.24,4,8.0,5,11.0,5,0.0,4,0.0,0,0,0,0,616.0,19.0,433.0,2,phase_0,rl_policy_v3,,,
2475.0,0,74,1069.0,14.446,4,9.0,5,13.0,5,0.0,4,0.0,0,0,0,0,639.0,22.0,408.0,2,phase_0,rl_policy_v3,,,
2476.0,0,75,1064.0,14.187,4,10.0,5,15.0,5,0.0,5,0.0,0,0,0,0,616.0,25.0,423.0,2,phase_0,rl_policy_v3,,,
2477.0,0,75,1021.0,13.613,4,11.0,5,17.0,5,0.0,5,0.0,0,0,0,0,594.0,28.0,399.0,2,phase_0,rl_policy_v3,,,
2478.0,0,75,975.0,13.0,4,12.0,5,19.0,6,0.0,5,0.0,0,0,0,0,571.0,31.0,373.0,2,phase_0,rl_policy_v3,,,
2479.0,0,74,929.0,12.554,4,13.0,5,21.0,5,0.0,6,0.0,0,0,0,0,549.0,34.0,346.0,2,phase_0,rl_policy_v3,,,
2480.0,0,76,883.0,11.618,4,14.0,5,23.0,6,0.0,6,0.0,0,0,0,0,527.0,37.0,319.0,2,phase_0,rl_policy_v3,,,
2481.0,0,75,837.0,11.16,4,15.0,5,25.0,6,0.0,6,0.0,0,0,0,0,505.0,40.0,292.0,2,phase_0,rl_policy_v3,,,
2482.0,1,77,789.0,10.247,4,16.0,5,27.0,7,0.0,7,0.0,0,0,0,0,482.0,43.0,264.0,2,phase_1,rl_policy_v3,,,
2483.0,1,76,740.0,9.737,4,17.0,5,29.0,7,0.0,7,0.0,0,0,0,0,458.0,46.0,236.0,2,phase_1,rl_policy_v3,,,
2484.0,1,77,689.0,8.948,4,18.0,5,31.0,7,0.0,8,0.0,0,0,0,0,433.0,49.0,207.0,2,phase_1,rl_policy_v3,,,
2485.0,2,74,663.0,8.959,3,0.0,3,0.0,7,1.0,8,0.0,0,0,0,0,448.0,1.0,214.0,1,phase_2,rl_policy_v3,,,
2486.0,2,75,606.0,8.08,3,0.0,3,0.0,8,2.0,8,0.0,0,0,0,0,421.0,2.0,183.0,1,phase_2,rl_policy_v3,,,
2487.0,2,76,549.0,7.224,3,0.0,3,0.0,8,3.0,9,0.0,0,0,0,0,395.0,3.0,151.0,1,phase_2,rl_policy_v3,,,
2488.0,2,74,491.0,6.635,2,0.0,2,0.0,8,4.0,9,0.0,0,0,0,0,368.0,4.0,119.0,1,phase_2,rl_policy_v3,,,
2489.0,2,73,408.0,5.589,2,0.0,2,0.0,9,6.0,9,0.0,0,0,0,0,329.0,6.0,73.0,1,phase_2,rl_policy_v3,,,
2490.0,2,71,349.0,4.915,1,0.0,1,0.0,9,8.0,9,0.0,0,0,0,0,301.0,8.0,40.0,1,phase_2,rl_policy_v3,,,
2491.0,2,72,289.0,4.014,1,0.0,1,0.0,9,10.0,9,0.0,0,0,0,0,273.0,10.0,6.0,1,phase_2,rl_policy_v3,,,
2492.0,2,72,265.0,3.681,1,0.0,1,0.0,9,12.0,9,0.0,0,0,0,0,246.0,12.0,7.0,1,phase_2,rl_policy_v3,,,
2493.0,2,74,243.0,3.284,1,0.0,1,0.0,9,14.0,9,0.0,0,0,1,0,218.0,14.0,11.0,1,phase_2,rl_policy_v3,,,
2494.0,2,74,221.0,2.986,1,0.0,1,0.0,9,16.0,9,0.0,0,0,1,0,190.0,16.0,15.0,1,phase_2,rl_policy_v3,,,
2495.0,2,74,200.0,2.703,1,0.0,1,0.0,9,18.0,9,0.0,0,0,0,0,162.0,18.0,20.0,1,phase_2,rl_policy_v3,,,
2496.0,2,75,218.0,2.907,1,0.0,1,0.0,10,20.0,9,0.0,0,0,0,0,173.0,20.0,25.0,1,phase_2,rl_policy_v3,,,
2497.0,2,76,202.0,2.658,2,0.0,2,0.0,10,23.0,9,1.0,0,0,0,0,147.0,24.0,31.0,1,phase_2,rl_policy_v3,,,
2498.0,2,75,186.0,2.48,2,0.0,2,0.0,10,26.0,9,2.0,0,0,0,0,121.0,28.0,37.0,1,phase_2,rl_policy_v3,,,
2499.0,2,76,169.0,2.224,2,0.0,2,0.0,10,29.0,9,3.0,0,0,0,0,93.0,32.0,44.0,1,phase_2,rl_policy_v3,,,
2500.0,2,75,155.0,2.067,2,0.0,2,0.0,10,32.0,9,4.0,0,0,0,0,67.0,36.0,52.0,1,phase_2,rl_policy_v3,,,
2501.0,2,74,179.0,2.419,2,0.0,2,0.0,10,36.0,9,6.0,0,0,0,0,77.0,42.0,60.0,1,phase_2,rl_policy_v3,,,
2502.0,2,74,205.0,2.77,2,0.0,2,0.0,10,40.0,10,8.0,0,0,0,0,88.0,48.0,69.0,1,phase_2,rl_policy_v3,,,
2503.0,2,74,233.0,3.149,2,0.0,2,0.0,10,44.0,10,10.0,0,0,0,0,100.0,54.0,79.0,1,phase_2,rl_policy_v3,,,
2504.0,2,75,263.0,3.507,2,0.0,2,0.0,10,48.0,10,12.0,0,0,0,0,113.0,60.0,90.0,1,phase_2,rl_policy_v3,,,
2505.0,2,74,294.0,3.973,2,0.0,2,0.0,10,52.0,10,15.0,0,0,0,0,125.0,67.0,102.0,1,phase_2,rl_policy_v3,,,
2506.0,2,72,325.0,4.514,2,0.0,2,0.0,10,56.0,10,19.0,0,0,0,2,138.0,75.0,112.0,1,phase_2,rl_policy_v3,,,
2507.0,2,74,360.0,4.865,2,0.0,2,0.0,11,60.0,10,23.0,0,0,0,2,153.0,83.0,124.0,1,phase_2,rl_policy_v3,,,
2508.0,2,75,394.0,5.253,2,0.0,2,0.0,11,64.0,10,27.0,0,0,0,2,166.0,91.0,137.0,1,phase_2,rl_policy_v3,,,
2509.0,2,75,431.0,5.747,2,0.0,2,0.0,11,68.0,10,31.0,0,0,0,2,181.0,99.0,151.0,1,phase_2,rl_policy_v3,,,
2510.0,2,74,470.0,6.351,2,0.0,2,0.0,11,72.0,10,36.0,0,0,0,2,197.0,108.0,165.0,1,phase_2,rl_policy_v3,,,
2511.0,2,73,511.0,7.0,1,0.0,1,0.0,11,76.0,10,42.0,0,0,0,2,213.0,118.0,180.0,1,phase_2,rl_policy_v3,,,
2512.0,2,74,554.0,7.486,1,0.0,1,0.0,11,80.0,10,48.0,0,0,0,2,230.0,128.0,196.0,1,phase_2,rl_policy_v3,,,
2513.0,2,74,599.0,8.095,1,0.0,1,0.0,11,84.0,10,54.0,0,0,0,2,248.0,138.0,213.0,1,phase_2,rl_policy_v3,,,
2514.0,2,74,645.0,8.716,1,0.0,1,0.0,11,88.0,10,60.0,0,0,0,2,266.0,148.0,231.0,1,phase_2,rl_policy_v3,,,
2515.0,2,74,695.0,9.392,1,0.0,1,0.0,11,94.0,10,67.0,0,0,2,2,284.0,161.0,250.0,1,phase_2,rl_policy_v3,,,
2516.0,2,74,748.0,10.108,1,0.0,1,0.0,11,102.0,10,74.0,0,0,2,3,303.0,176.0,269.0,1,phase_2,rl_policy_v3,,,
2517.0,2,72,804.0,11.167,1,0.0,0,0.0,11,110.0,10,82.0,0,0,2,3,323.0,192.0,289.0,1,phase_2,rl_policy_v3,,,
2518.0,2,72,861.0,11.958,0,0.0,0,0.0,12,118.0,10,90.0,0,0,2,3,344.0,208.0,309.0,1,phase_2,rl_policy_v3,,,
2519.0,2,72,920.0,12.778,0,0.0,0,0.0,12,126.0,10,98.0,0,0,2,6,366.0,224.0,330.0,1,phase_2,rl_policy_v3,,,
2520.0,2,72,982.0,13.639,0,0.0,0,0.0,12,134.0,10,107.0,0,0,3,6,389.0,241.0,352.0,1,phase_2,rl_policy_v3,,,
2521.0,2,78,1045.0,13.397,2,0.0,2,0.0,12,142.0,10,116.0,0,0,3,6,412.0,258.0,375.0,1,phase_2,rl_policy_v3,,,
2522.0,2,79,1108.0,14.025,3,0.0,3,0.0,12,150.0,10,125.0,0,0,3,6,435.0,275.0,398.0,1,phase_2,rl_policy_v3,,,
2523.0,3,79,1172.0,14.835,3,0.0,3,0.0,12,158.0,10,134.0,0,0,3,6,458.0,292.0,422.0,1,phase_3,rl_policy_v3,,,
2524.0,3,80,1236.0,15.45,3,0.0,3,0.0,12,166.0,10,143.0,0,0,3,6,481.0,309.0,446.0,1,phase_3,rl_policy_v3,,,
2525.0,3,80,1300.0,16.25,3,0.0,3,0.0,12,174.0,10,152.0,0,0,6,6,504.0,326.0,470.0,1,phase_3,rl_policy_v3,,,
2526.0,0,80,1181.0,14.762,3,0.0,3,0.0,12,77.0,10,83.0,0,0,0,0,527.0,160.0,494.0,1,phase_0,rl_policy_v3,,,
2527.0,0,75,1126.0,15.013,3,0.0,3,0.0,10,26.0,7,32.0,0,0,0,0,550.0,58.0,518.0,1,phase_0,rl_policy_v3,,,
2528.0,0,74,1116.0,15.081,3,0.0,3,0.0,9,1.0,7,0.0,0,0,0,0,573.0,1.0,542.0,1,phase_0,rl_policy_v3,,,
2529.0,0,74,1162.0,15.703,3,0.0,3,0.0,9,0.0,7,0.0,0,0,0,0,596.0,0.0,566.0,1,phase_0,rl_policy_v3,,,
2530.0,0,76,1209.0,15.908,3,0.0,3,0.0,10,0.0,7,0.0,0,0,0,0,619.0,0.0,590.0,1,phase_0,rl_policy_v3,,,
2531.0,0,75,1258.0,16.773,3,0.0,3,0.0,10,2.0,6,0.0,0,0,0,0,642.0,2.0,614.0,1,phase_0,rl_policy_v3,,,
2532.0,0,77,1307.0,16.974,3,0.0,3,0.0,10,4.0,6,0.0,0,0,0,0,665.0,4.0,638.0,1,phase_0,rl_policy_v3,,,
2533.0,0,76,1355.0,17.829,3,0.0,3,0.0,9,4.0,5,1.0,0,0,0,0,688.0,5.0,662.0,1,phase_0,rl_policy_v3,,,
2534.0,0,75,1307.0,17.427,3,0.0,3,0.0,9,5.0,5,0.0,0,0,0,0,663.0,5.0,639.0,1,phase_0,rl_policy_v3,,,
2535.0,0,74,1258.0,17.0,3,0.0,3,0.0,7,3.0,5,0.0,0,0,0,0,638.0,3.0,617.0,1,phase_0,rl_policy_v3,,,
2536.0,0,72,1211.0,16.819,3,0.0,3,0.0,6,2.0,3,1.0,0,0,0,0,613.0,3.0,595.0,1,phase_0,rl_policy_v3,,,
2537.0,0,74,1160.0,15.676,3,0.0,3,0.0,5,0.0,4,2.0,0,0,0,2,587.0,2.0,571.0,1,phase_0,rl_policy_v3,,,
2538.0,0,74,1114.0,15.054,3,1.0,3,1.0,5,0.0,3,4.0,0,1,0,2,561.0,6.0,547.0,1,phase_0,rl_policy_v3,,,
2539.0,0,75,1065.0,14.2,3,2.0,3,2.0,4,0.0,4,4.0,0,1,0,1,534.0,8.0,523.0,1,phase_0,rl_policy_v3,,,
2540.0,0,76,1016.0,13.368,3,3.0,3,3.0,4,0.0,4,5.0,0,1,0,1,506.0,11.0,499.0,1,phase_0,rl_policy_v3,,,
2541.0,0,75,966.0,12.88,3,4.0,3,4.0,3,0.0,4,6.0,0,1,0,1,478.0,14.0,474.0,1,phase_0,rl_policy_v3,,,
2542.0,0,78,919.0,11.782,3,6.0,3,5.0,4,0.0,4,7.0,1,1,0,0,451.0,18.0,450.0,1,phase_0,rl_policy_v3,,,
2543.0,0,77,903.0,11.727,3,8.0,3,6.0,4,0.0,4,0.0,1,1,0,0,466.0,14.0,423.0,1,phase_0,rl_policy_v3,,,
2544.0,1,79,852.0,10.785,3,10.0,3,7.0,4,0.0,5,1.0,1,1,0,0,438.0,18.0,396.0,1,phase_1,rl_policy_v3,,,
2545.0,1,81,802.0,9.901,4,12.0,4,9.0,5,0.0,5,2.0,0,0,0,0,409.0,23.0,370.0,1,phase_1,rl_policy_v3,,,
2546.0,1,80,790.0,9.875,4,14.0,4,11.0,5,0.0,5,3.0,0,0,0,0,380.0,28.0,382.0,1,phase_1,rl_policy_v3,,,
2547.0,2,77,710.0,9.221,2,0.0,2,0.0,5,0.0,6,4.0,0,0,0,0,352.0,4.0,354.0,1,phase_2,rl_policy_v3,,,
2548.0,2,77,654.0,8.494,2,0.0,2,0.0,6,0.0,6,5.0,0,0,0,0,324.0,5.0,325.0,1,phase_2,rl_policy_v3,,,
2549.0,2,78,638.0,8.179,2,0.0,2,0.0,6,0.0,7,6.0,0,0,0,0,297.0,6.0,335.0,1,phase_2,rl_policy_v3,,,
2550.0,2,76,582.0,7.658,2,0.0,2,0.0,6,0.0,7,7.0,0,0,0,0,270.0,7.0,305.0,1,phase_2,rl_policy_v3,,,
2551.0,2,78,525.0,6.731,2,0.0,2,0.0,7,0.0,8,8.0,0,0,0,0,243.0,8.0,274.0,1,phase_2,rl_policy_v3,,,
2552.0,2,79,467.0,5.911,2,0.0,2,0.0,7,0.0,8,9.0,0,0,0,0,216.0,9.0,242.0,1,phase_2,rl_policy_v3,,,
2553.0,2,79,398.0,5.038,2,0.0,2,0.0,7,0.0,8,10.0,0,0,0,0,179.0,10.0,209.0,1,phase_2,rl_policy_v3,,,
2554.0,2,80,331.0,4.138,2,0.0,2,0.0,7,1.0,9,11.0,0,0,0,0,144.0,12.0,175.0,1,phase_2,rl_policy_v3,,,
2555.0,2,81,311.0,3.84,2,0.0,2,0.0,7,2.0,9,12.0,0,0,0,0,155.0,14.0,142.0,1,phase_2,rl_policy_v3,,,
2556.0,2,82,255.0,3.11,2,0.0,2,0.0,8,3.0,9,13.0,0,0,0,0,129.0,16.0,110.0,1,phase_2,rl_policy_v3,,,
2557.0,2,82,198.0,2.415,2,0.0,2,0.0,8,4.0,9,14.0,0,0,0,0,103.0,18.0,77.0,1,phase_2,rl_policy_v3,,,
2558.0,2,82,129.0,1.573,2,0.0,2,0.0,8,5.0,9,15.0,0,0,0,0,65.0,20.0,44.0,1,phase_2,rl_policy_v3,,,
2559.0,2,81,111.0,1.37,1,0.0,1,0.0,9,6.0,9,16.0,0,0,0,0,78.0,22.0,11.0,1,phase_2,rl_policy_v3,,,
2560.0,2,80,119.0,1.488,1,0.0,1,0.0,9,7.0,9,17.0,0,0,0,0,80.0,24.0,15.0,1,phase_2,rl_policy_v3,,,
2561.0,2,83,140.0,1.687,1,0.0,1,0.0,10,8.0,9,18.0,0,0,0,0,94.0,26.0,20.0,1,phase_2,rl_policy_v3,,,
2562.0,2,82,153.0,1.866,1,0.0,1,0.0,10,9.0,9,19.0,0,0,0,0,99.0,28.0,26.0,1,phase_2,rl_policy_v3,,,
2563.0,2,81,177.0,2.185,1,0.0,1,0.0,10,10.0,9,20.0,0,0,0,0,114.0,30.0,33.0,1,phase_2,rl_policy_v3,,,
2564.0,2,83,201.0,2.422,1,0.0,1,0.0,11,11.0,9,21.0,0,0,0,0,129.0,32.0,40.0,1,phase_2,rl_policy_v3,,,
2565.0,2,83,227.0,2.735,1,0.0,1,0.0,11,12.0,9,22.0,0,0,0,0,145.0,34.0,48.0,1,phase_2,rl_policy_v3,,,
2566.0,2,81,255.0,3.148,1,0.0,1,0.0,11,13.0,9,23.0,0,0,0,0,162.0,36.0,57.0,1,phase_2,rl_policy_v3,,,
2567.0,2,80,285.0,3.562,1,0.0,1,0.0,11,15.0,9,24.0,0,0,0,0,180.0,39.0,66.0,1,phase_2,rl_policy_v3,,,
2568.0,2,79,317.0,4.013,1,0.0,1,0.0,11,17.0,9,25.0,0,0,0,0,200.0,42.0,75.0,1,phase_2,rl_policy_v3,,,
2569.0,2,79,349.0,4.418,2,0.0,2,0.0,11,19.0,9,26.0,0,0,0,0,219.0,45.0,85.0,1,phase_2,rl_policy_v3,,,
2570.0,2,81,384.0,4.741,3,0.0,3,0.0,12,21.0,9,28.0,0,0,0,0,239.0,49.0,96.0,1,phase_2,rl_policy_v3,,,
2571.0,3,81,420.0,5.185,3,0.0,3,0.0,12,23.0,9,30.0,0,0,0,0,260.0,53.0,107.0,1,phase_3,rl_policy_v3,,,
2572.0,3,80,462.0,5.775,3,0.0,3,0.0,12,26.0,9,34.0,0,0,0,1,283.0,60.0,119.0,1,phase_3,rl_policy_v3,,,
2573.0,3,82,505.0,6.159,3,0.0,3,0.0,12,29.0,10,38.0,0,0,0,1,306.0,67.0,132.0,1,phase_3,rl_policy_v3,,,
2574.0,0,74,441.0,5.959,3,0.0,3,0.0,9,0.0,7,5.0,0,0,0,0,309.0,5.0,127.0,1,phase_0,rl_policy_v3,,,
2575.0,0,74,434.0,5.865,3,0.0,3,0.0,9,0.0,7,0.0,0,0,0,0,311.0,0.0,123.0,1,phase_0,rl_policy_v3,,,
2576.0,0,74,422.0,5.703,3,0.0,3,0.0,9,0.0,7,0.0,0,0,0,0,303.0,0.0,119.0,1,phase_0,rl_policy_v3,,,
2577.0,0,73,424.0,5.808,3,0.0,3,0.0,9,0.0,5,0.0,0,0,0,0,306.0,0.0,118.0,1,phase_0,rl_policy_v3,,,
2578.0,0,75,416.0,5.547,3,0.0,3,0.0,9,0.0,4,0.0,0,0,0,0,298.0,0.0,118.0,1,phase_0,rl_policy_v3,,,
2579.0,0,78,418.0,5.359,3,0.0,3,0.0,10,0.0,5,0.0,0,0,0,0,300.0,0.0,118.0,1,phase_0,rl_policy_v3,,,
2580.0,0,75,408.0,5.44,3,0.0,3,0.0,9,0.0,3,0.0,0,0,0,0,291.0,0.0,117.0,1,phase_0,rl_policy_v3,,,
2581.0,0,77,408.0,5.299,3,0.0,3,0.0,9,0.0,4,0.0,0,0,0,0,291.0,0.0,117.0,1,phase_0,rl_policy_v3,,,
2582.0,0,78,396.0,5.077,3,0.0,3,0.0,10,0.0,4,0.0,0,0,0,0,280.0,0.0,116.0,1,phase_0,rl_policy_v3,,,
2583.0,0,80,400.0,5.0,3,0.0,3,0.0,10,0.0,5,0.0,0,0,0,0,269.0,0.0,131.0,1,phase_0,rl_policy_v3,,,
2584.0,0,78,387.0,4.962,3,0.0,3,0.0,9,0.0,5,0.0,0,0,0,0,257.0,0.0,130.0,1,phase_0,rl_policy_v3,,,
2585.0,0,77,372.0,4.831,3,0.0,3,0.0,9,0.0,5,0.0,0,0,0,0,244.0,0.0,128.0,1,phase_0,rl_policy_v3,,,
2586.0,0,79,386.0,4.886,3,0.0,3,1.0,9,0.0,6,0.0,0,0,0,0,259.0,1.0,126.0,1,phase_0,rl_policy_v3,,,
2587.0,0,77,370.0,4.805,3,0.0,3,2.0,8,0.0,5,0.0,0,0,0,0,245.0,2.0,123.0,1,phase_0,rl_policy_v3,,,
2588.0,0,76,355.0,4.671,3,1.0,3,3.0,7,0.0,6,0.0,0,0,0,0,231.0,4.0,120.0,1,phase_0,rl_policy_v3,,,
2589.0,0,78,339.0,4.346,3,2.0,3,4.0,8,0.0,6,0.0,0,0,0,0,217.0,6.0,116.0,1,phase_0,rl_policy_v3,,,
2590.0,0,79,279.0,3.532,3,3.0,3,5.0,8,0.0,7,0.0,0,0,0,0,160.0,8.0,111.0,1,phase_0,rl_policy_v3,,,
2591.0,0,76,254.0,3.342,3,5.0,3,6.0,7,0.0,7,0.0,1,0,0,0,138.0,11.0,105.0,1,phase_0,rl_policy_v3,,,
2592.0,0,77,233.0,3.026,3,7.0,3,7.0,8,0.0,7,0.0,1,0,0,0,121.0,14.0,98.0,1,phase_0,rl_policy_v3,,,
2593.0,0,82,252.0,3.073,4,9.0,4,9.0,7,0.0,8,0.0,0,0,0,0,129.0,18.0,105.0,1,phase_0,rl_policy_v3,,,
2594.0,0,81,231.0,2.852,4,11.0,4,11.0,7,0.0,8,0.0,0,0,0,0,111.0,22.0,98.0,0,phase_0,rl_policy_v3,,,
2595.0,1,83,223.0,2.687,4,13.0,4,13.0,7,0.0,9,0.0,0,0,0,0,93.0,26.0,104.0,0,phase_1,rl_policy_v3,,,
2596.0,1,84,214.0,2.548,4,15.0,4,15.0,7,0.0,10,0.0,0,0,0,0,74.0,30.0,110.0,1,phase_1,rl_policy_v3,,,
2597.0,1,83,205.0,2.47,4,17.0,4,17.0,7,0.0,10,0.0,0,0,0,0,55.0,34.0,116.0,1,phase_1,rl_policy_v3,,,
2598.0,2,78,158.0,2.026,2,0.0,2,0.0,7,1.0,10,0.0,0,0,0,0,35.0,1.0,122.0,1,phase_2,rl_policy_v3,,,
2599.0,2,78,172.0,2.205,2,0.0,2,0.0,7,2.0,10,0.0,0,0,0,0,42.0,2.0,128.0,1,phase_2,rl_policy_v3,,,
2600.0,2,80,187.0,2.337,2,0.0,2,0.0,8,3.0,11,0.0,0,0,0,0,50.0,3.0,134.0,1,phase_2,rl_policy_v3,,,
2601.0,2,80,203.0,2.538,2,0.0,2,0.0,8,4.0,11,0.0,0,0,0,0,59.0,4.0,140.0,1,phase_2,rl_policy_v3,,,
2602.0,2,78,135.0,1.731,2,0.0,2,0.0,8,5.0,11,0.0,0,0,0,0,68.0,5.0,62.0,1,phase_2,rl_policy_v3,,,
2603.0,2,77,83.0,1.078,2,0.0,2,0.0,8,6.0,11,0.0,0,0,0,0,63.0,6.0,14.0,1,phase_2,rl_policy_v3,,,
2604.0,2,78,71.0,0.91,2,0.0,2,0.0,8,7.0,11,0.0,0,0,0,0,58.0,7.0,6.0,1,phase_2,rl_policy_v3,,,
2605.0,2,76,71.0,0.934,2,0.0,2,0.0,8,8.0,11,0.0,0,0,0,0,53.0,8.0,10.0,1,phase_2,rl_policy_v3,,,
2606.0,2,76,72.0,0.947,2,0.0,2,0.0,8,9.0,11,0.0,0,0,0,0,49.0,9.0,14.0,1,phase_2,rl_policy_v3,,,
2607.0,2,76,75.0,0.987,2,0.0,2,0.0,8,11.0,11,1.0,0,0,0,0,45.0,12.0,18.0,1,phase_2,rl_policy_v3,,,
2608.0,2,75,80.0,1.067,2,0.0,2,0.0,8,13.0,11,2.0,0,0,0,0,42.0,15.0,23.0,1,phase_2,rl_policy_v3,,,
2609.0,2,75,87.0,1.16,2,0.0,2,0.0,9,15.0,11,3.0,0,0,0,0,40.0,18.0,29.0,1,phase_2,rl_policy_v3,,,
2610.0,2,71,97.0,1.366,1,0.0,1,0.0,9,17.0,12,4.0,0,0,0,0,40.0,21.0,36.0,1,phase_2,rl_policy_v3,,,
2611.0,2,72,108.0,1.5,1,0.0,1,0.0,9,19.0,12,6.0,0,0,0,0,40.0,25.0,43.0,1,phase_2,rl_policy_v3,,,
2612.0,2,72,120.0,1.667,1,0.0,1,0.0,10,22.0,12,8.0,0,0,0,0,40.0,30.0,50.0,1,phase_2,rl_policy_v3,,,
2613.0,2,72,137.0,1.903,1,0.0,1,0.0,10,25.0,12,11.0,0,0,0,0,43.0,36.0,58.0,1,phase_2,rl_policy_v3,,,
2614.0,2,74,155.0,2.095,1,0.0,1,0.0,11,28.0,12,14.0,0,0,0,0,46.0,42.0,67.0,1,phase_2,rl_policy_v3,,,
2615.0,2,74,185.0,2.5,1,0.0,1,0.0,11,32.0,12,17.0,0,0,0,0,60.0,49.0,76.0,1,phase_2,rl_policy_v3,,,
2616.0,2,74,208.0,2.811,1,0.0,1,0.0,12,36.0,12,20.0,0,0,0,0,66.0,56.0,86.0,1,phase_2,rl_policy_v3,,,
2617.0,2,77,230.0,2.987,2,0.0,2,0.0,12,40.0,12,23.0,0,0,0,0,71.0,63.0,96.0,1,phase_2,rl_policy_v3,,,
2618.0,2,80,253.0,3.163,3,0.0,3,0.0,12,45.0,12,26.0,0,0,0,0,76.0,71.0,106.0,1,phase_2,rl_policy_v3,,,
2619.0,2,78,286.0,3.667,3,0.0,3,0.0,12,50.0,12,30.0,0,0,0,0,90.0,80.0,116.0,1,phase_2,rl_policy_v3,,,
2620.0,2,78,312.0,4.0,3,0.0,3,0.0,12,55.0,12,36.0,0,0,0,3,95.0,91.0,126.0,1,phase_2,rl_policy_v3,,,
2621.0,2,78,339.0,4.346,3,0.0,3,0.0,13,61.0,12,43.0,0,0,0,3,99.0,104.0,136.0,1,phase_2,rl_policy_v3,,,
2622.0,2,76,369.0,4.855,3,0.0,3,0.0,13,67.0,12,51.0,0,0,0,3,105.0,118.0,146.0,1,phase_2,rl_policy_v3,,,
2623.0,2,76,399.0,5.25,3,0.0,3,0.0,14,73.0,12,59.0,0,0,0,3,111.0,132.0,156.0,1,phase_2,rl_policy_v3,,,
2624.0,2,77,430.0,5.584,3,0.0,3,0.0,14,79.0,12,68.0,0,0,0,3,117.0,147.0,166.0,1,phase_2,rl_policy_v3,,,
2625.0,2,77,468.0,6.078,3,0.0,3,0.0,14,85.0,12,78.0,0,0,2,3,129.0,163.0,176.0,1,phase_2,rl_policy_v3,,,
2626.0,2,77,499.0,6.481,3,0.0,3,0.0,14,92.0,12,88.0,0,0,2,3,133.0,180.0,186.0,1,phase_2,rl_policy_v3,,,
2627.0,2,74,530.0,7.162,3,0.0,3,0.0,14,99.0,12,98.0,0,0,2,3,137.0,197.0,196.0,1,phase_2,rl_policy_v3,,,
2628.0,2,74,561.0,7.581,3,0.0,3,0.0,14,106.0,12,108.0,0,0,0,3,141.0,214.0,206.0,1,phase_2,rl_policy_v3,,,
2629.0,2,76,598.0,7.868,3,0.0,3,0.0,15,113.0,12,118.0,0,0,0,7,151.0,231.0,216.0,1,phase_2,rl_policy_v3,,,
2630.0,2,76,637.0,8.382,3,0.0,3,0.0,15,120.0,12,129.0,0,0,0,7,162.0,249.0,226.0,1,phase_2,rl_policy_v3,,,
2631.0,2,75,672.0,8.96,2,0.0,2,0.0,16,127.0,12,140.0,0,0,0,7,169.0,267.0,236.0,1,phase_2,rl_policy_v3,,,
2632.0,2,76,711.0,9.355,2,0.0,2,0.0,16,135.0,12,151.0,0,0,0,7,179.0,286.0,246.0,1,phase_2,rl_policy_v3,,,
2633.0,2,76,749.0,9.855,2,0.0,1,0.0,17,143.0,12,162.0,0,0,0,7,188.0,305.0,256.0,1,phase_2,rl_policy_v3,,,
2634.0,2,75,788.0,10.507,1,0.0,1,0.0,17,151.0,12,173.0,0,0,0,7,198.0,324.0,266.0,1,phase_2,rl_policy_v3,,,
2635.0,2,73,752.0,10.301,1,0.0,1,0.0,17,159.0,12,184.0,0,0,0,7,133.0,343.0,276.0,1,phase_2,rl_policy_v3,,,
2636.0,2,73,739.0,10.123,1,0.0,1,0.0,17,167.0,12,195.0,0,0,0,7,91.0,362.0,286.0,1,phase_2,rl_policy_v3,,,
2637.0,2,75,726.0,9.68,1,0.0,1,0.0,17,175.0,12,206.0,0,0,0,7,49.0,381.0,296.0,1,phase_2,rl_policy_v3,,,
2638.0,2,74,721.0,9.743,1,0.0,1,0.0,17,183.0,12,217.0,0,0,0,7,15.0,400.0,306.0,1,phase_2,rl_policy_v3,,,
2639.0,2,70,755.0,10.786,0,0.0,0,0.0,17,191.0,12,228.0,0,0,0,7,20.0,419.0,316.0,1,phase_2,rl_policy_v3,,,
2640.0,3,71,791.0,11.141,0,0.0,0,0.0,18,200.0,12,239.0,0,0,0,12,26.0,439.0,326.0,1,phase_3,rl_policy_v3,,,
2641.0,3,74,828.0,11.189,2,0.0,2,0.0,18,209.0,12,250.0,0,0,0,12,32.0,459.0,337.0,1,phase_3,rl_policy_v3,,,
2642.0,3,74,868.0,11.73,2,0.0,2,0.0,18,218.0,12,262.0,0,0,0,12,40.0,480.0,348.0,1,phase_3,rl_policy_v3,,,
2643.0,0,71,701.0,9.873,2,0.0,2,0.0,17,115.0,12,180.0,0,0,0,0,47.0,295.0,359.0,1,phase_0,rl_policy_v3,,,
2644.0,0,67,574.0,8.567,2,0.0,2,0.0,16,42.0,10,108.0,0,0,0,0,54.0,150.0,370.0,1,phase_0,rl_policy_v3,,,
2645.0,0,68,493.0,7.25,2,0.0,2,0.0,15,6.0,10,42.0,0,0,0,0,64.0,48.0,381.0,1,phase_0,rl_policy_v3,,,
2646.0,0,68,470.0,6.912,2,0.0,2,0.0,15,0.0,10,5.0,0,0,0,0,73.0,5.0,392.0,1,phase_0,rl_policy_v3,,,
2647.0,0,67,441.0,6.582,2,0.0,2,0.0,15,0.0,10,0.0,0,0,0,0,84.0,0.0,357.0,1,phase_0,rl_policy_v3,,,
2648.0,0,67,418.0,6.239,2,0.0,2,0.0,15,1.0,10,0.0,0,0,0,0,96.0,1.0,321.0,1,phase_0,rl_policy_v3,,,
2649.0,0,67,395.0,5.896,2,0.0,2,0.0,15,3.0,10,0.0,0,0,0,0,108.0,3.0,284.0,1,phase_0,rl_policy_v3,,,
2650.0,0,66,372.0,5.636,2,0.0,2,0.0,15,5.0,10,1.0,0,0,3,0,120.0,6.0,246.0,1,phase_0,rl_policy_v3,,,
2651.0,0,67,359.0,5.358,2,0.0,2,0.0,16,11.0,11,4.0,0,0,3,0,135.0,15.0,209.0,1,phase_0,rl_policy_v3,,,
2652.0,0,67,338.0,5.045,2,0.0,2,0.0,16,13.0,11,5.0,0,0,3,0,149.0,18.0,171.0,1,phase_0,rl_policy_v3,,,
2653.0,0,66,319.0,4.833,2,0.0,2,0.0,16,20.0,10,2.0,0,0,3,0,165.0,22.0,132.0,0,phase_0,rl_policy_v3,,,
2654.0,0,66,282.0,4.273,2,0.0,2,0.0,16,25.0,11,4.0,0,0,0,0,159.0,29.0,94.0,0,phase_0,rl_policy_v3,,,
2655.0,0,67,246.0,3.672,2,0.0,2,0.0,16,30.0,11,6.0,0,0,0,0,154.0,36.0,56.0,0,phase_0,rl_policy_v3,,,
2656.0,0,67,241.0,3.597,2,0.0,2,0.0,15,29.0,10,3.0,0,0,0,0,150.0,32.0,59.0,0,phase_0,rl_policy_v3,,,
2657.0,0,66,197.0,2.985,2,0.0,2,0.0,15,30.0,10,1.0,0,0,4,0,145.0,31.0,21.0,0,phase_0,rl_policy_v3,,,
2658.0,0,66,180.0,2.727,2,0.0,2,1.0,15,31.0,8,1.0,0,0,0,0,140.0,33.0,7.0,0,phase_0,rl_policy_v3,,,
2659.0,0,67,182.0,2.716,2,1.0,2,2.0,14,32.0,8,2.0,0,0,0,2,135.0,37.0,10.0,0,phase_0,rl_policy_v3,,,
2660.0,0,65,188.0,2.892,2,2.0,2,3.0,13,36.0,6,4.0,0,0,0,2,130.0,45.0,13.0,0,phase_0,rl_policy_v3,,,
2661.0,0,66,194.0,2.939,2,3.0,2,4.0,12,40.0,6,6.0,0,0,0,2,124.0,53.0,17.0,0,phase_0,rl_policy_v3,,,
2662.0,0,66,203.0,3.076,2,4.0,2,5.0,12,44.0,5,8.0,0,0,0,2,120.0,61.0,22.0,0,phase_0,rl_policy_v3,,,
2663.0,0,67,209.0,3.119,2,5.0,2,6.0,11,48.0,5,10.0,0,0,0,2,113.0,69.0,27.0,0,phase_0,rl_policy_v3,,,
2664.0,0,68,225.0,3.309,2,6.0,2,7.0,11,53.0,5,0.0,0,0,0,0,126.0,66.0,33.0,0,phase_0,rl_policy_v3,,,
2665.0,0,72,202.0,2.806,3,7.0,3,8.0,10,28.0,4,0.0,0,0,0,0,120.0,43.0,39.0,0,phase_0,rl_policy_v3,,,
2666.0,0,74,200.0,2.703,4,8.0,4,9.0,10,22.0,4,0.0,0,0,0,0,115.0,39.0,46.0,0,phase_0,rl_policy_v3,,,
2667.0,0,76,202.0,2.658,4,9.0,4,10.0,10,20.0,4,0.0,0,0,0,0,109.0,39.0,54.0,0,phase_0,rl_policy_v3,,,
2668.0,1,76,206.0,2.711,4,10.0,4,11.0,10,21.0,4,1.0,0,0,0,1,100.0,43.0,63.0,0,phase_1,rl_policy_v3,,,
2669.0,1,76,208.0,2.737,4,11.0,4,12.0,10,22.0,4,0.0,0,0,0,0,91.0,45.0,72.0,0,phase_1,rl_policy_v3,,,
2670.0,1,77,189.0,2.455,4,12.0,4,13.0,10,0.0,4,1.0,0,0,0,1,82.0,26.0,81.0,0,phase_1,rl_policy_v3,,,
2671.0,2,73,182.0,2.493,3,0.0,3,0.0,10,2.0,4,2.0,0,0,0,1,88.0,4.0,90.0,0,phase_2,rl_policy_v3,,,
2672.0,2,74,184.0,2.486,3,0.0,3,0.0,11,5.0,4,3.0,0,0,0,1,77.0,8.0,99.0,0,phase_2,rl_policy_v3,,,
2673.0,2,74,185.0,2.5,3,0.0,3,0.0,11,8.0,4,4.0,0,0,0,1,65.0,12.0,108.0,0,phase_2,rl_policy_v3,,,
2674.0,2,74,189.0,2.554,3,0.0,3,0.0,11,12.0,4,5.0,0,0,2,1,55.0,17.0,117.0,0,phase_2,rl_policy_v3,,,
2675.0,2,74,196.0,2.649,3,0.0,3,0.0,11,17.0,4,6.0,0,0,2,1,47.0,23.0,126.0,0,phase_2,rl_policy_v3,,,
2676.0,2,75,202.0,2.693,3,0.0,3,0.0,11,22.0,4,7.0,0,0,2,1,38.0,29.0,135.0,0,phase_2,rl_policy_v3,,,
2677.0,2,75,224.0,2.987,3,0.0,3,0.0,11,27.0,4,9.0,0,0,2,1,44.0,36.0,144.0,0,phase_2,rl_policy_v3,,,
2678.0,2,75,231.0,3.08,3,0.0,3,0.0,11,32.0,4,11.0,0,0,2,1,35.0,43.0,153.0,0,phase_2,rl_policy_v3,,,
2679.0,2,74,239.0,3.23,2,0.0,3,0.0,11,37.0,4,13.0,0,0,2,0,26.0,50.0,163.0,0,phase_2,rl_policy_v3,,,
2680.0,2,71,262.0,3.69,2,0.0,2,0.0,11,42.0,4,15.0,0,0,2,1,32.0,57.0,173.0,0,phase_2,rl_policy_v3,,,
2681.0,2,73,286.0,3.918,1,0.0,2,0.0,12,47.0,5,17.0,0,0,2,1,39.0,64.0,183.0,0,phase_2,rl_policy_v3,,,
2682.0,2,71,310.0,4.366,1,0.0,1,0.0,12,52.0,5,19.0,0,0,2,1,46.0,71.0,193.0,0,phase_2,rl_policy_v3,,,
2683.0,2,70,336.0,4.8,1,0.0,1,0.0,12,58.0,5,21.0,0,0,2,1,54.0,79.0,203.0,0,phase_2,rl_policy_v3,,,
2684.0,2,71,363.0,5.113,1,0.0,1,0.0,13,64.0,5,24.0,0,0,2,2,62.0,88.0,213.0,0,phase_2,rl_policy_v3,,,
2685.0,2,71,391.0,5.507,1,0.0,1,0.0,13,70.0,5,27.0,0,0,2,2,71.0,97.0,223.0,0,phase_2,rl_policy_v3,,,
2686.0,2,74,420.0,5.676,1,0.0,1,0.0,13,76.0,5,30.0,0,0,2,2,81.0,106.0,233.0,0,phase_2,rl_policy_v3,,,
2687.0,2,74,450.0,6.081,1,0.0,1,0.0,13,82.0,5,33.0,0,0,2,2,92.0,115.0,243.0,0,phase_2,rl_policy_v3,,,
2688.0,2,74,480.0,6.486,1,0.0,1,0.0,13,88.0,5,36.0,0,0,2,2,103.0,124.0,253.0,0,phase_2,rl_policy_v3,,,
2689.0,2,74,513.0,6.932,2,0.0,2,0.0,13,95.0,5,40.0,0,0,2,2,115.0,135.0,263.0,0,phase_2,rl_policy_v3,,,
2690.0,2,71,547.0,7.704,2,0.0,2,0.0,13,102.0,5,44.0,0,0,2,2,128.0,146.0,273.0,0,phase_2,rl_policy_v3,,,
2691.0,2,70,582.0,8.314,2,0.0,2,0.0,13,109.0,5,48.0,0,0,2,2,142.0,157.0,283.0,0,phase_2,rl_policy_v3,,,
2692.0,2,70,618.0,8.829,2,0.0,2,0.0,14,116.0,5,52.0,0,0,2,2,157.0,168.0,293.0,0,phase_2,rl_policy_v3,,,
2693.0,2,67,653.0,9.746,2,0.0,2,0.0,14,123.0,5,56.0,0,0,2,2,171.0,179.0,303.0,0,phase_2,rl_policy_v3,,,
2694.0,2,67,689.0,10.284,2,0.0,2,0.0,14,130.0,5,60.0,0,0,2,3,186.0,190.0,313.0,0,phase_2,rl_policy_v3,,,
2695.0,2,68,726.0,10.676,2,0.0,2,0.0,14,137.0,5,64.0,0,0,2,3,202.0,201.0,323.0,0,phase_2,rl_policy_v3,,,
2696.0,2,68,765.0,11.25,2,0.0,2,0.0,14,145.0,5,68.0,0,0,4,3,219.0,213.0,333.0,0,phase_2,rl_policy_v3,,,
2697.0,2,68,803.0,11.809,2,0.0,2,0.0,14,153.0,5,72.0,0,0,4,3,235.0,225.0,343.0,0,phase_2,rl_policy_v3,,,
2698.0,2,66,845.0,12.803,2,0.0,2,0.0,14,162.0,5,76.0,0,0,4,3,253.0,238.0,354.0,0,phase_2,rl_policy_v3,,,
2699.0,2,65,843.0,12.969,2,0.0,2,0.0,14,171.0,5,80.0,0,0,4,3,272.0,251.0,320.0,0,phase_2,rl_policy_v3,,,
2700.0,3,65,843.0,12.969,2,0.0,2,0.0,14,180.0,5,84.0,0,0,4,3,291.0,264.0,288.0,0,phase_3,rl_policy_v3,,,
2701.0,3,68,844.0,12.412,2,0.0,2,0.0,14,189.0,5,88.0,0,0,7,3,311.0,277.0,256.0,0,phase_3,rl_policy_v3,,,
2702.0,3,67,848.0,12.657,2,0.0,2,0.0,14,199.0,5,92.0,0,0,7,3,332.0,291.0,225.0,0,phase_3,rl_policy_v3,,,
2703.0,0,62,673.0,10.855,2,0.0,2,0.0,11,111.0,3,15.0,0,0,3,0,354.0,126.0,193.0,0,phase_0,rl_policy_v3,,,
2704.0,0,63,574.0,9.111,2,0.0,2,0.0,12,35.0,3,0.0,0,0,0,0,377.0,35.0,162.0,0,phase_0,rl_policy_v3,,,
2705.0,0,62,543.0,8.758,2,0.0,2,0.0,12,11.0,3,0.0,0,0,0,0,400.0,11.0,132.0,0,phase_0,rl_policy_v3,,,
2706.0,0,63,524.0,8.317,2,0.0,2,0.0,11,0.0,4,0.0,0,0,0,0,423.0,0.0,101.0,0,phase_0,rl_policy_v3,,,
2707.0,0,66,557.0,8.439,2,1.0,2,1.0,9,0.0,3,0.0,1,1,0,0,446.0,2.0,109.0,0,phase_0,rl_policy_v3,,,
2708.0,0,65,549.0,8.446,2,2.0,2,2.0,9,0.0,3,0.0,0,0,0,0,469.0,4.0,76.0,0,phase_0,rl_policy_v3,,,
2709.0,0,67,550.0,8.209,2,3.0,2,3.0,6,0.0,4,0.0,0,0,0,0,492.0,6.0,52.0,0,phase_0,rl_policy_v3,,,
2710.0,0,65,581.0,8.938,2,4.0,2,4.0,6,0.0,3,0.0,0,0,0,0,515.0,8.0,58.0,0,phase_0,rl_policy_v3,,,
2711.0,0,66,612.0,9.273,2,5.0,2,5.0,4,0.0,4,0.0,0,0,0,0,538.0,10.0,64.0,0,phase_0,rl_policy_v3,,,
2712.0,0,68,643.0,9.456,2,6.0,2,6.0,5,0.0,4,0.0,0,0,0,0,561.0,12.0,70.0,0,phase_0,rl_policy_v3,,,
2713.0,0,68,674.0,9.912,3,7.0,3,7.0,4,0.0,4,0.0,0,0,0,0,584.0,14.0,76.0,0,phase_0,rl_policy_v3,,,
2714.0,1,71,705.0,9.93,4,8.0,4,8.0,3,0.0,5,0.0,0,0,0,0,607.0,16.0,82.0,0,phase_1,rl_policy_v3,,,
2715.0,1,71,737.0,10.38,4,9.0,4,9.0,3,0.0,5,0.0,0,0,0,0,630.0,18.0,89.0,0,phase_1,rl_policy_v3,,,
2716.0,1,70,770.0,11.0,4,10.0,4,10.0,3,0.0,5,0.0,0,0,0,0,654.0,20.0,96.0,0,phase_1,rl_policy_v3,,,
2717.0,2,71,781.0,11.0,3,0.0,3,0.0,4,0.0,6,0.0,0,0,0,0,678.0,0.0,103.0,0,phase_2,rl_policy_v3,,,
2718.0,2,71,813.0,11.451,3,0.0,3,0.0,4,0.0,6,0.0,0,0,0,0,702.0,0.0,111.0,0,phase_2,rl_policy_v3,,,
2719.0,2,71,845.0,11.901,3,0.0,3,0.0,4,0.0,6,0.0,0,0,0,0,726.0,0.0,119.0,0,phase_2,rl_policy_v3,,,
2720.0,2,70,878.0,12.543,3,0.0,3,0.0,4,0.0,6,0.0,0,0,0,0,750.0,0.0,128.0,0,phase_2,rl_policy_v3,,,
2721.0,2,68,844.0,12.412,3,0.0,3,0.0,4,0.0,7,0.0,0,0,0,0,774.0,0.0,70.0,0,phase_2,rl_policy_v3,,,
2722.0,2,69,773.0,11.203,3,0.0,3,0.0,5,0.0,7,0.0,0,0,0,0,746.0,0.0,27.0,0,phase_2,rl_policy_v3,,,
2723.0,2,69,731.0,10.594,3,0.0,3,0.0,5,0.0,7,0.0,0,0,0,0,719.0,0.0,12.0,0,phase_2,rl_policy_v3,,,
2724.0,2,65,707.0,10.877,3,0.0,3,0.0,5,1.0,7,0.0,0,0,0,0,691.0,1.0,15.0,0,phase_2,rl_policy_v3,,,
2725.0,2,66,685.0,10.379,3,0.0,3,0.0,7,2.0,7,0.0,0,0,0,0,663.0,2.0,20.0,0,phase_2,rl_policy_v3,,,
2726.0,2,65,662.0,10.185,3,0.0,3,0.0,7,3.0,7,0.0,0,0,0,0,634.0,3.0,25.0,0,phase_2,rl_policy_v3,,,
2727.0,2,65,638.0,9.815,3,0.0,2,0.0,7,4.0,7,0.0,0,0,0,0,604.0,4.0,30.0,0,phase_2,rl_policy_v3,,,
2728.0,2,64,662.0,10.344,2,0.0,2,0.0,7,5.0,7,0.0,0,0,0,0,622.0,5.0,35.0,0,phase_2,rl_policy_v3,,,
2729.0,2,65,637.0,9.8,2,0.0,2,0.0,8,6.0,7,0.0,0,0,0,0,591.0,6.0,40.0,0,phase_2,rl_policy_v3,,,
2730.0,2,64,612.0,9.562,2,0.0,2,0.0,8,7.0,7,0.0,0,0,0,0,560.0,7.0,45.0,0,phase_2,rl_policy_v3,,,
2731.0,2,62,587.0,9.468,1,0.0,1,0.0,8,8.0,7,0.0,0,0,0,0,529.0,8.0,50.0,0,phase_2,rl_policy_v3,,,
2732.0,2,62,561.0,9.048,1,0.0,1,0.0,8,9.0,7,0.0,0,0,0,0,497.0,9.0,55.0,0,phase_2,rl_policy_v3,,,
2733.0,2,62,534.0,8.613,1,0.0,1,0.0,8,10.0,7,0.0,0,0,0,0,464.0,10.0,60.0,0,phase_2,rl_policy_v3,,,
2734.0,2,64,554.0,8.656,1,0.0,1,0.0,8,11.0,7,0.0,0,0,0,0,478.0,11.0,65.0,0,phase_2,rl_policy_v3,,,
2735.0,2,63,527.0,8.365,1,0.0,1,0.0,8,12.0,7,0.0,0,0,0,0,445.0,12.0,70.0,0,phase_2,rl_policy_v3,,,
2736.0,2,62,497.0,8.016,1,0.0,1,0.0,8,13.0,7,0.0,0,0,0,0,409.0,13.0,75.0,0,phase_2,rl_policy_v3,,,
2737.0,3,67,468.0,6.985,2,0.0,2,0.0,9,14.0,7,1.0,0,0,0,0,373.0,15.0,80.0,0,phase_3,rl_policy_v3,,,
2738.0,3,68,443.0,6.515,2,0.0,2,0.0,9,15.0,7,3.0,0,0,0,0,340.0,18.0,85.0,0,phase_3,rl_policy_v3,,,
2739.0,3,66,395.0,5.985,2,0.0,2,0.0,10,16.0,7,5.0,0,0,0,0,284.0,21.0,90.0,0,phase_3,rl_policy_v3,,,
2740.0,0,60,320.0,5.333,2,0.0,2,0.0,8,0.0,4,0.0,0,0,0,0,248.0,0.0,72.0,0,phase_0,rl_policy_v3,,,
2741.0,0,60,312.0,5.2,2,0.0,2,0.0,8,0.0,4,0.0,0,0,0,0,258.0,0.0,54.0,0,phase_0,rl_policy_v3,,,
2742.0,0,58,261.0,4.5,2,0.0,2,0.0,8,0.0,3,0.0,0,0,0,0,223.0,0.0,38.0,0,phase_0,rl_policy_v3,,,
2743.0,0,56,211.0,3.768,2,0.0,2,0.0,8,0.0,3,0.0,0,0,0,0,188.0,0.0,23.0,0,phase_0,rl_policy_v3,,,
2744.0,0,59,160.0,2.712,2,0.0,2,0.0,8,0.0,3,0.0,0,0,0,0,153.0,0.0,7.0,0,phase_0,rl_policy_v3,,,
2745.0,0,58,128.0,2.207,2,0.0,2,0.0,7,0.0,3,0.0,0,0,0,0,118.0,0.0,10.0,0,phase_0,rl_policy_v3,,,
2746.0,0,62,98.0,1.581,2,0.0,2,0.0,7,0.0,4,0.0,0,0,0,0,83.0,0.0,15.0,0,phase_0,rl_policy_v3,,,
2747.0,0,61,113.0,1.852,2,0.0,2,0.0,7,0.0,3,0.0,0,0,0,0,92.0,0.0,21.0,0,phase_0,rl_policy_v3,,,
2748.0,0,62,83.0,1.339,2,0.0,2,0.0,7,0.0,3,0.0,0,0,0,0,55.0,0.0,28.0,0,phase_0,rl_policy_v3,,,
2749.0,0,63,101.0,1.603,2,0.0,2,0.0,7,0.0,4,0.0,0,0,0,0,64.0,0.0,37.0,0,phase_0,rl_policy_v3,,,
2750.0,1,62,120.0,1.935,2,0.0,2,0.0,7,0.0,3,0.0,0,0,0,0,74.0,0.0,46.0,0,phase_1,rl_policy_v3,,,
2751.0,1,63,139.0,2.206,2,0.0,2,0.0,7,0.0,3,0.0,0,0,0,0,84.0,0.0,55.0,0,phase_1,rl_policy_v3,,,
2752.0,1,62,159.0,2.565,2,0.0,2,0.0,7,0.0,3,0.0,0,0,0,0,95.0,0.0,64.0,0,phase_1,rl_policy_v3,,,
2753.0,2,62,179.0,2.887,1,0.0,1,0.0,7,0.0,4,0.0,0,0,0,0,106.0,0.0,73.0,0,phase_2,rl_policy_v3,,,
2754.0,2,60,200.0,3.333,1,0.0,1,0.0,7,0.0,4,0.0,0,0,0,0,118.0,0.0,82.0,0,phase_2,rl_policy_v3,,,
2755.0,2,62,222.0,3.581,1,0.0,1,0.0,8,0.0,4,0.0,0,0,0,0,131.0,0.0,91.0,0,phase_2,rl_policy_v3,,,
2756.0,2,62,245.0,3.952,1,0.0,1,0.0,8,0.0,5,0.0,0,0,0,0,145.0,0.0,100.0,0,phase_2,rl_policy_v3,,,
2757.0,2,60,268.0,4.467,1,0.0,0,0.0,8,0.0,5,0.0,0,0,0,0,159.0,0.0,109.0,0,phase_2,rl_policy_v3,,,
2758.0,2,62,292.0,4.71,0,0.0,0,0.0,9,1.0,6,0.0,0,0,0,0,173.0,1.0,118.0,0,phase_2,rl_policy_v3,,,
2759.0,2,62,318.0,5.129,0,0.0,0,0.0,9,2.0,6,0.0,0,0,0,0,189.0,2.0,127.0,0,phase_2,rl_policy_v3,,,
2760.0,2,63,344.0,5.46,0,0.0,0,0.0,9,3.0,6,0.0,0,0,0,0,205.0,3.0,136.0,0,phase_2,rl_policy_v3,,,
2761.0,2,68,372.0,5.471,2,0.0,2,0.0,9,5.0,7,0.0,0,0,0,0,222.0,5.0,145.0,0,phase_2,rl_policy_v3,,,
2762.0,2,70,401.0,5.729,3,0.0,3,0.0,9,7.0,7,0.0,0,0,0,0,240.0,7.0,154.0,0,phase_2,rl_policy_v3,,,
2763.0,2,69,429.0,6.217,3,0.0,3,0.0,9,9.0,7,0.0,0,0,0,0,257.0,9.0,163.0,0,phase_2,rl_policy_v3,,,
2764.0,2,70,460.0,6.571,3,0.0,3,0.0,10,12.0,7,0.0,0,0,0,0,276.0,12.0,172.0,0,phase_2,rl_policy_v3,,,
2765.0,2,70,492.0,7.029,3,0.0,3,0.0,10,15.0,7,0.0,0,0,0,0,296.0,15.0,181.0,0,phase_2,rl_policy_v3,,,
2766.0,2,70,524.0,7.486,3,0.0,3,0.0,10,18.0,7,0.0,0,0,2,0,316.0,18.0,190.0,0,phase_2,rl_policy_v3,,,
2767.0,2,70,558.0,7.971,3,0.0,3,0.0,10,22.0,7,0.0,0,0,2,0,337.0,22.0,199.0,0,phase_2,rl_policy_v3,,,
2768.0,2,71,592.0,8.338,3,0.0,3,0.0,10,26.0,7,0.0,0,0,0,0,357.0,26.0,209.0,0,phase_2,rl_policy_v3,,,
2769.0,2,70,626.0,8.943,3,0.0,3,0.0,10,30.0,7,0.0,0,0,0,0,377.0,30.0,219.0,0,phase_2,rl_policy_v3,,,
2770.0,2,70,665.0,9.5,3,0.0,3,0.0,10,35.0,7,0.0,0,0,2,0,401.0,35.0,229.0,0,phase_2,rl_policy_v3,,,
2771.0,2,69,702.0,10.174,3,0.0,3,0.0,10,40.0,7,0.0,0,0,2,0,423.0,40.0,239.0,0,phase_2,rl_policy_v3,,,
2772.0,2,69,741.0,10.739,3,0.0,3,0.0,10,45.0,7,0.0,0,0,2,0,447.0,45.0,249.0,0,phase_2,rl_policy_v3,,,
2773.0,2,70,780.0,11.143,3,0.0,3,0.0,10,50.0,7,0.0,0,0,5,0,471.0,50.0,259.0,0,phase_2,rl_policy_v3,,,
2774.0,2,69,820.0,11.884,3,0.0,3,0.0,11,56.0,7,0.0,0,0,3,0,495.0,56.0,269.0,0,phase_2,rl_policy_v3,,,
2775.0,2,68,860.0,12.647,2,0.0,3,0.0,11,61.0,7,0.0,0,0,0,0,519.0,61.0,280.0,0,phase_2,rl_policy_v3,,,
2776.0,2,64,902.0,14.094,1,0.0,2,0.0,11,67.0,7,0.0,0,0,3,0,543.0,67.0,292.0,0,phase_2,rl_policy_v3,,,
2777.0,2,63,945.0,15.0,1,0.0,1,0.0,11,74.0,7,0.0,0,0,3,0,567.0,74.0,304.0,0,phase_2,rl_policy_v3,,,
2778.0,2,62,989.0,15.952,1,0.0,1,0.0,11,81.0,7,0.0,0,0,3,0,591.0,81.0,317.0,0,phase_2,rl_policy_v3,,,
2779.0,2,63,1034.0,16.413,1,0.0,1,0.0,11,88.0,7,0.0,0,0,3,0,615.0,88.0,331.0,0,phase_2,rl_policy_v3,,,
2780.0,2,62,1079.0,17.403,1,0.0,1,0.0,11,95.0,7,0.0,0,0,3,0,639.0,95.0,345.0,0,phase_2,rl_policy_v3,,,
2781.0,2,63,1125.0,17.857,1,0.0,1,0.0,11,102.0,7,1.0,0,0,3,0,663.0,103.0,359.0,0,phase_2,rl_policy_v3,,,
2782.0,2,64,1172.0,18.312,1,0.0,1,0.0,11,109.0,7,3.0,0,0,3,0,687.0,112.0,373.0,0,phase_2,rl_policy_v3,,,
2783.0,2,64,1220.0,19.062,1,0.0,1,0.0,11,116.0,7,6.0,0,0,3,0,711.0,122.0,387.0,0,phase_2,rl_policy_v3,,,
2784.0,2,62,1220.0,19.677,1,0.0,1,0.0,11,123.0,7,9.0,0,0,3,0,687.0,132.0,401.0,0,phase_2,rl_policy_v3,,,
2785.0,2,61,1091.0,17.885,2,0.0,2,0.0,11,130.0,7,12.0,0,0,3,0,662.0,142.0,287.0,0,phase_2,rl_policy_v3,,,
2786.0,2,62,965.0,15.565,2,0.0,2,0.0,12,137.0,7,15.0,0,0,3,0,636.0,152.0,177.0,0,phase_2,rl_policy_v3,,,
2787.0,2,61,891.0,14.607,2,0.0,2,0.0,12,144.0,7,19.0,0,0,3,0,610.0,163.0,118.0,0,phase_2,rl_policy_v3,,,
2788.0,2,58,819.0,14.121,2,0.0,2,0.0,13,151.0,7,23.0,0,0,0,2,584.0,174.0,61.0,0,phase_2,rl_policy_v3,,,
2789.0,2,59,767.0,13.0,2,0.0,2,0.0,13,159.0,7,28.0,0,0,3,2,558.0,187.0,22.0,0,phase_2,rl_policy_v3,,,
2790.0,2,58,732.0,12.621,2,0.0,2,0.0,13,168.0,8,33.0,0,0,3,2,531.0,201.0,0.0,0,phase_2,rl_policy_v3,,,
2791.0,2,58,722.0,12.448,2,0.0,2,0.0,14,177.0,8,39.0,0,0,3,2,505.0,216.0,1.0,0,phase_2,rl_policy_v3,,,
2792.0,2,58,709.0,12.224,2,0.0,2,0.0,14,186.0,8,45.0,0,0,3,4,476.0,231.0,2.0,0,phase_2,rl_policy_v3,,,
2793.0,2,55,697.0,12.673,2,0.0,2,0.0,14,195.0,8,52.0,0,0,3,4,447.0,247.0,3.0,0,phase_2,rl_policy_v3,,,
2794.0,2,54,729.0,13.5,2,0.0,2,0.0,14,205.0,8,59.0,0,0,3,4,461.0,264.0,4.0,0,phase_2,rl_policy_v3,,,
2795.0,3,54,718.0,13.296,2,0.0,2,0.0,15,215.0,8,66.0,0,0,3,4,432.0,281.0,5.0,0,phase_3,rl_policy_v3,,,
2796.0,3,53,705.0,13.302,2,0.0,2,0.0,15,225.0,8,73.0,0,0,3,4,401.0,298.0,6.0,0,phase_3,rl_policy_v3,,,
2797.0,3,52,692.0,13.308,2,0.0,2,0.0,15,235.0,8,80.0,0,0,3,4,370.0,315.0,7.0,0,phase_3,rl_policy_v3,,,
2798.0,0,47,517.0,11.0,2,0.0,2,0.0,13,131.0,5,40.0,0,0,2,2,338.0,171.0,8.0,0,phase_0,rl_policy_v3,,,
2799.0,0,48,375.0,7.812,2,0.0,2,0.0,13,50.0,5,9.0,0,0,0,0,307.0,59.0,9.0,0,phase_0,rl_policy_v3,,,
2800.0,0,48,291.0,6.062,2,0.0,2,0.0,14,7.0,5,0.0,0,0,0,0,274.0,7.0,10.0,0,phase_0,rl_policy_v3,,,
2801.0,0,45,253.0,5.622,2,0.0,2,1.0,14,0.0,2,0.0,0,1,0,0,241.0,1.0,11.0,0,phase_0,rl_policy_v3,,,
2802.0,0,48,224.0,4.667,2,1.0,2,2.0,13,0.0,2,0.0,1,1,0,0,209.0,3.0,12.0,0,phase_0,rl_policy_v3,,,
2803.0,0,50,234.0,4.68,2,2.0,2,3.0,12,0.0,2,0.0,1,1,0,0,216.0,5.0,13.0,0,phase_0,rl_policy_v3,,,
2804.0,1,49,200.0,4.082,2,3.0,2,4.0,11,0.0,1,0.0,0,1,0,0,179.0,7.0,14.0,0,phase_1,rl_policy_v3,,,
2805.0,1,51,208.0,4.078,2,4.0,2,5.0,12,0.0,1,0.0,0,0,0,0,184.0,9.0,15.0,0,phase_1,rl_policy_v3,,,
2806.0,1,53,175.0,3.302,2,5.0,2,6.0,12,0.0,1,0.0,0,0,0,0,148.0,11.0,16.0,0,phase_1,rl_policy_v3,,,
2807.0,2,51,131.0,2.569,1,0.0,1,0.0,12,0.0,1,0.0,0,0,0,0,114.0,0.0,17.0,0,phase_2,rl_policy_v3,,,
2808.0,2,52,96.0,1.846,1,0.0,1,0.0,13,1.0,1,0.0,0,0,0,0,77.0,1.0,18.0,0,phase_2,rl_policy_v3,,,
2809.0,2,56,61.0,1.089,2,0.0,2,0.0,13,3.0,1,0.0,0,0,0,0,39.0,3.0,19.0,0,phase_2,rl_policy_v3,,,
2810.0,2,60,28.0,0.467,3,0.0,3,0.0,14,8.0,1,0.0,0,0,0,0,0.0,8.0,20.0,0,phase_2,rl_policy_v3,,,
2811.0,2,61,34.0,0.557,3,0.0,3,0.0,14,13.0,1,0.0,0,0,0,0,0.0,13.0,21.0,0,phase_2,rl_policy_v3,,,
2812.0,2,61,41.0,0.672,3,0.0,3,0.0,15,18.0,1,0.0,0,0,0,0,1.0,18.0,22.0,0,phase_2,rl_policy_v3,,,
2813.0,2,61,47.0,0.77,3,0.0,3,0.0,15,23.0,1,0.0,0,0,0,0,0.0,23.0,24.0,0,phase_2,rl_policy_v3,,,
2814.0,2,60,30.0,0.5,3,0.0,3,0.0,15,28.0,1,0.0,0,0,0,0,0.0,28.0,2.0,0,phase_2,rl_policy_v3,,,
2815.0,2,60,37.0,0.617,3,0.0,3,0.0,15,33.0,1,0.0,0,0,0,0,1.0,33.0,3.0,0,phase_2,rl_policy_v3,,,
2816.0,2,60,44.0,0.733,3,0.0,3,0.0,15,38.0,1,0.0,0,0,0,0,2.0,38.0,4.0,0,phase_2,rl_policy_v3,,,
2817.0,2,60,52.0,0.867,3,0.0,3,0.0,16,44.0,1,0.0,0,0,0,0,3.0,44.0,5.0,0,phase_2,rl_policy_v3,,,
2818.0,2,61,60.0,0.984,3,0.0,3,0.0,16,50.0,2,0.0,0,0,0,0,4.0,50.0,6.0,0,phase_2,rl_policy_v3,,,
2819.0,2,62,68.0,1.097,3,0.0,3,0.0,17,56.0,2,0.0,0,0,0,0,5.0,56.0,7.0,0,phase_2,rl_policy_v3,,,
2820.0,2,64,76.0,1.188,3,0.0,3,0.0,17,62.0,2,0.0,0,0,0,0,6.0,62.0,8.0,0,phase_2,rl_policy_v3,,,
2821.0,2,64,84.0,1.312,3,0.0,3,0.0,17,68.0,2,0.0,0,0,0,0,7.0,68.0,9.0,0,phase_2,rl_policy_v3,,,
2822.0,2,64,93.0,1.453,3,0.0,3,0.0,17,75.0,2,0.0,0,0,0,0,8.0,75.0,10.0,0,phase_2,rl_policy_v3,,,
2823.0,2,64,103.0,1.609,3,0.0,3,0.0,17,82.0,2,0.0,0,0,0,0,10.0,82.0,11.0,0,phase_2,rl_policy_v3,,,
2824.0,2,62,113.0,1.823,3,0.0,3,0.0,17,89.0,2,0.0,0,0,0,0,12.0,89.0,12.0,0,phase_2,rl_policy_v3,,,
2825.0,2,64,125.0,1.953,3,0.0,3,0.0,18,96.0,3,1.0,0,0,0,0,15.0,97.0,13.0,0,phase_2,rl_policy_v3,,,
2826.0,2,62,135.0,2.177,2,0.0,2,0.0,18,104.0,3,2.0,0,0,0,0,15.0,106.0,14.0,0,phase_2,rl_policy_v3,,,
2827.0,2,61,146.0,2.393,2,0.0,2,0.0,18,112.0,3,3.0,0,0,0,0,16.0,115.0,15.0,0,phase_2,rl_policy_v3,,,
2828.0,2,61,158.0,2.59,1,0.0,1,0.0,19,121.0,4,4.0,0,0,0,0,17.0,125.0,16.0,0,phase_2,rl_policy_v3,,,
2829.0,2,62,157.0,2.532,1,0.0,1,0.0,19,130.0,4,5.0,0,0,0,0,5.0,135.0,17.0,0,phase_2,rl_policy_v3,,,
2830.0,3,62,171.0,2.758,1,0.0,1,0.0,19,139.0,4,6.0,0,0,0,0,8.0,145.0,18.0,0,phase_3,rl_policy_v3,,,
2831.0,3,64,186.0,2.906,1,0.0,1,0.0,20,148.0,4,7.0,0,0,0,0,12.0,155.0,19.0,0,phase_3,rl_policy_v3,,,
2832.0,3,64,202.0,3.156,1,0.0,1,0.0,20,157.0,4,8.0,0,0,0,0,17.0,165.0,20.0,0,phase_3,rl_policy_v3,,,
2833.0,0,59,113.0,1.915,2,0.0,2,0.0,17,91.0,3,0.0,0,0,0,0,22.0,91.0,0.0,0,phase_0,rl_policy_v3,,,
2834.0,0,59,63.0,1.068,2,0.0,2,0.0,17,35.0,3,0.0,0,0,0,0,28.0,35.0,0.0,0,phase_0,rl_policy_v3,,,
2835.0,0,56,37.0,0.661,2,0.0,2,0.0,17,2.0,3,0.0,0,0,0,0,35.0,2.0,0.0,0,phase_0,rl_policy_v3,,,
2836.0,0,54,43.0,0.796,2,0.0,2,0.0,15,0.0,3,0.0,0,0,0,0,43.0,0.0,0.0,0,phase_0,rl_policy_v3,,,
2837.0,0,57,51.0,0.895,2,0.0,2,0.0,15,0.0,3,0.0,0,0,0,0,51.0,0.0,0.0,0,phase_0,rl_policy_v3,,,
2838.0,0,55,60.0,1.091,2,0.0,2,0.0,13,0.0,3,0.0,0,0,0,0,60.0,0.0,0.0,0,phase_0,rl_policy_v3,,,
2839.0,0,55,70.0,1.273,2,0.0,2,0.0,12,0.0,3,0.0,0,0,0,0,70.0,0.0,0.0,0,phase_0,rl_policy_v3,,,
2840.0,0,56,81.0,1.446,2,0.0,2,0.0,12,0.0,3,0.0,0,0,0,0,81.0,0.0,0.0,0,phase_0,rl_policy_v3,,,
2841.0,0,55,92.0,1.673,2,0.0,2,0.0,9,0.0,3,0.0,0,0,0,0,92.0,0.0,0.0,0,phase_0,rl_policy_v3,,,
2842.0,0,55,104.0,1.891,2,0.0,2,0.0,9,0.0,3,0.0,0,0,0,0,104.0,0.0,0.0,0,phase_0,rl_policy_v3,,,
2843.0,0,54,116.0,2.148,2,0.0,2,0.0,7,0.0,3,0.0,0,0,0,0,116.0,0.0,0.0,0,phase_0,rl_policy_v3,,,
2844.0,0,54,128.0,2.37,2,0.0,2,0.0,7,0.0,3,0.0,0,0,0,0,128.0,0.0,0.0,0,phase_0,rl_policy_v3,,,
2845.0,0,55,141.0,2.564,2,0.0,2,0.0,6,0.0,3,0.0,0,0,0,0,141.0,0.0,0.0,0,phase_0,rl_policy_v3,,,
2846.0,0,56,155.0,2.768,2,0.0,2,0.0,7,0.0,3,0.0,0,0,0,0,155.0,0.0,0.0,0,phase_0,rl_policy_v3,,,
2847.0,0,58,170.0,2.931,2,0.0,2,0.0,7,0.0,3,0.0,0,0,0,0,170.0,0.0,0.0,0,phase_0,rl_policy_v3,,,
2848.0,0,58,186.0,3.207,2,0.0,2,0.0,7,0.0,3,0.0,0,0,0,0,186.0,0.0,0.0,0,phase_0,rl_policy_v3,,,
2849.0,0,56,203.0,3.625,2,0.0,2,0.0,5,0.0,3,0.0,0,0,0,0,203.0,0.0,0.0,0,phase_0,rl_policy_v3,,,
2850.0,0,55,221.0,4.018,2,0.0,2,1.0,5,0.0,2,0.0,0,1,0,0,220.0,1.0,0.0,0,phase_0,rl_policy_v3,,,
2851.0,0,57,241.0,4.228,2,1.0,2,2.0,5,0.0,2,0.0,1,1,0,0,238.0,3.0,0.0,0,phase_0,rl_policy_v3,,,
2852.0,0,58,261.0,4.5,2,2.0,2,3.0,5,0.0,2,0.0,0,0,0,0,256.0,5.0,0.0,0,phase_0,rl_policy_v3,,,
2853.0,0,59,282.0,4.78,2,3.0,2,4.0,5,0.0,2,0.0,0,0,0,0,275.0,7.0,0.0,0,phase_0,rl_policy_v3,,,
2854.0,0,59,304.0,5.153,2,4.0,2,5.0,5,0.0,2,0.0,0,0,0,0,295.0,9.0,0.0,0,phase_0,rl_policy_v3,,,
2855.0,0,56,327.0,5.839,2,5.0,2,6.0,4,0.0,1,0.0,0,0,0,0,316.0,11.0,0.0,0,phase_0,rl_policy_v3,,,
2856.0,0,58,350.0,6.034,2,6.0,2,7.0,5,0.0,1,0.0,0,0,0,0,337.0,13.0,0.0,0,phase_0,rl_policy_v3,,,
2857.0,0,60,374.0,6.233,3,7.0,3,8.0,5,0.0,1,0.0,0,0,0,0,359.0,15.0,0.0,0,phase_0,rl_policy_v3,,,
2858.0,0,62,399.0,6.435,4,8.0,4,9.0,5,0.0,1,0.0,0,0,0,0,382.0,17.0,0.0,0,phase_0,rl_policy_v3,,,
2859.0,0,61,424.0,6.951,4,9.0,4,10.0,5,0.0,0,0.0,0,0,0,0,405.0,19.0,0.0,0,phase_0,rl_policy_v3,,,
2860.0,0,59,450.0,7.627,4,10.0,4,11.0,4,0.0,0,0.0,0,0,0,0,429.0,21.0,0.0,0,phase_0,rl_policy_v3,,,
2861.0,1,61,476.0,7.803,4,11.0,4,12.0,4,0.0,0,0.0,0,0,0,0,453.0,23.0,0.0,0,phase_1,rl_policy_v3,,,
2862.0,1,61,503.0,8.246,4,12.0,4,13.0,4,0.0,0,0.0,0,0,0,0,478.0,25.0,0.0,0,phase_1,rl_policy_v3,,,
2863.0,1,62,531.0,8.565,4,13.0,4,14.0,4,0.0,1,0.0,0,0,0,0,503.0,27.0,1.0,0,phase_1,rl_policy_v3,,,
2864.0,2,58,490.0,8.448,3,0.0,3,0.0,4,0.0,1,0.0,0,0,0,0,490.0,0.0,0.0,0,phase_2,rl_policy_v3,,,
2865.0,2,58,477.0,8.224,3,0.0,3,0.0,4,0.0,1,0.0,0,0,0,0,476.0,0.0,1.0,0,phase_2,rl_policy_v3,,,
2866.0,2,57,464.0,8.14,3,0.0,3,0.0,4,0.0,1,0.0,0,0,0,0,462.0,0.0,2.0,0,phase_2,rl_policy_v3,,,
2867.0,2,58,451.0,7.776,3,0.0,3,0.0,5,1.0,1,0.0,0,0,1,0,447.0,1.0,3.0,0,phase_2,rl_policy_v3,,,
2868.0,2,58,439.0,7.569,3,0.0,3,0.0,5,2.0,2,0.0,0,0,1,0,432.0,2.0,5.0,0,phase_2,rl_policy_v3,,,
2869.0,2,58,428.0,7.379,3,0.0,3,0.0,5,4.0,2,0.0,0,0,1,0,417.0,4.0,7.0,0,phase_2,rl_policy_v3,,,
2870.0,2,59,417.0,7.068,3,0.0,3,0.0,6,6.0,2,0.0,0,0,1,0,401.0,6.0,10.0,0,phase_2,rl_policy_v3,,,
2871.0,2,57,406.0,7.123,2,0.0,2,0.0,6,8.0,2,0.0,0,0,1,0,384.0,8.0,14.0,0,phase_2,rl_policy_v3,,,
2872.0,2,58,396.0,6.828,2,0.0,2,0.0,7,10.0,2,0.0,0,0,1,0,367.0,10.0,19.0,0,phase_2,rl_policy_v3,,,
2873.0,2,58,386.0,6.655,2,0.0,2,0.0,7,12.0,2,0.0,0,0,1,0,349.0,12.0,25.0,0,phase_2,rl_policy_v3,,,
2874.0,2,56,411.0,7.339,1,0.0,1,0.0,7,14.0,2,0.0,0,0,1,0,365.0,14.0,32.0,0,phase_2,rl_policy_v3,,,
2875.0,2,56,402.0,7.179,1,0.0,1,0.0,7,16.0,2,0.0,0,0,1,0,346.0,16.0,40.0,0,phase_2,rl_policy_v3,,,
2876.0,2,55,395.0,7.182,1,0.0,1,0.0,7,18.0,2,0.0,0,0,1,0,327.0,18.0,50.0,0,phase_2,rl_policy_v3,,,
2877.0,2,56,390.0,6.964,1,0.0,1,0.0,8,20.0,2,0.0,0,0,1,0,310.0,20.0,60.0,0,phase_2,rl_policy_v3,,,
2878.0,2,53,382.0,7.208,0,0.0,0,0.0,8,22.0,2,0.0,0,0,1,0,289.0,22.0,71.0,0,phase_2,rl_policy_v3,,,
2879.0,2,53,408.0,7.698,0,0.0,0,0.0,8,25.0,2,0.0,0,0,1,0,300.0,25.0,83.0,0,phase_2,rl_policy_v3,,,
2880.0,2,54,400.0,7.407,0,0.0,0,0.0,9,28.0,2,0.0,0,0,1,0,277.0,28.0,95.0,0,phase_2,rl_policy_v3,,,
2881.0,2,60,392.0,6.533,2,0.0,2,0.0,9,31.0,2,0.0,0,0,1,0,253.0,31.0,108.0,0,phase_2,rl_policy_v3,,,
2882.0,2,62,384.0,6.194,2,0.0,2,0.0,10,34.0,2,0.0,0,0,1,0,229.0,34.0,121.0,0,phase_2,rl_policy_v3,,,
2883.0,2,62,376.0,6.065,2,0.0,2,0.0,10,37.0,2,0.0,0,0,1,0,205.0,37.0,134.0,0,phase_2,rl_policy_v3,,,
2884.0,2,63,368.0,5.841,2,0.0,2,0.0,10,40.0,2,0.0,0,0,0,0,181.0,40.0,147.0,0,phase_2,rl_policy_v3,,,
2885.0,2,63,361.0,5.73,2,0.0,2,0.0,10,43.0,2,0.0,0,0,0,0,156.0,43.0,162.0,0,phase_2,rl_policy_v3,,,
2886.0,2,62,355.0,5.726,2,0.0,2,0.0,10,46.0,2,0.0,0,0,1,0,131.0,46.0,178.0,0,phase_2,rl_policy_v3,,,
2887.0,2,64,350.0,5.469,2,0.0,2,0.0,11,49.0,2,0.0,0,0,1,0,107.0,49.0,194.0,0,phase_2,rl_policy_v3,,,
2888.0,2,65,373.0,5.738,2,0.0,2,0.0,11,52.0,2,0.0,0,0,1,0,111.0,52.0,210.0,0,phase_2,rl_policy_v3,,,
2889.0,2,64,366.0,5.719,2,0.0,2,0.0,11,55.0,2,0.0,0,0,1,0,85.0,55.0,226.0,0,phase_2,rl_policy_v3,,,
2890.0,2,65,360.0,5.538,2,0.0,2,0.0,12,59.0,2,0.0,0,0,0,0,59.0,59.0,242.0,0,phase_2,rl_policy_v3,,,
2891.0,2,66,354.0,5.364,2,0.0,2,0.0,12,63.0,2,0.0,0,0,0,0,33.0,63.0,258.0,0,phase_2,rl_policy_v3,,,
2892.0,3,68,377.0,5.544,2,0.0,2,0.0,13,67.0,2,0.0,0,0,0,0,36.0,67.0,274.0,0,phase_3,rl_policy_v3,,,
2893.0,3,68,401.0,5.897,2,0.0,2,0.0,13,71.0,2,0.0,0,0,0,0,39.0,71.0,291.0,0,phase_3,rl_policy_v3,,,
2894.0,3,68,425.0,6.25,2,0.0,2,0.0,13,75.0,2,0.0,0,0,0,0,42.0,75.0,308.0,0,phase_3,rl_policy_v3,,,
2895.0,0,65,388.0,5.969,2,0.0,2,0.0,10,17.0,2,0.0,0,0,0,0,46.0,17.0,325.0,0,phase_0,rl_policy_v3,,,
2896.0,0,61,393.0,6.443,2,0.0,2,0.0,10,0.0,1,0.0,0,0,0,0,51.0,0.0,342.0,0,phase_0,rl_policy_v3,,,
2897.0,0,63,415.0,6.587,2,0.0,2,0.0,11,0.0,1,0.0,0,0,0,0,56.0,0.0,359.0,0,phase_0,rl_policy_v3,,,
2898.0,0,61,439.0,7.197,2,0.0,2,1.0,9,0.0,1,0.0,0,0,0,0,62.0,1.0,376.0,0,phase_0,rl_policy_v3,,,
2899.0,0,66,465.0,7.045,2,1.0,2,2.0,9,0.0,2,0.0,0,0,0,0,69.0,3.0,393.0,0,phase_0,rl_policy_v3,,,
2900.0,0,67,491.0,7.328,2,2.0,2,3.0,10,0.0,2,0.0,0,0,0,0,76.0,5.0,410.0,0,phase_0,rl_policy_v3,,,
2901.0,0,69,517.0,7.493,2,3.0,2,4.0,9,0.0,2,0.0,0,0,0,0,83.0,7.0,427.0,0,phase_0,rl_policy_v3,,,
2902.0,0,69,544.0,7.884,2,4.0,2,5.0,9,0.0,2,0.0,0,0,0,0,91.0,9.0,444.0,0,phase_0,rl_policy_v3,,,
2903.0,0,70,571.0,8.157,2,5.0,2,6.0,9,0.0,2,0.0,0,0,0,0,99.0,11.0,461.0,0,phase_0,rl_policy_v3,,,
2904.0,0,71,599.0,8.437,2,6.0,2,7.0,9,0.0,2,0.0,0,0,0,0,108.0,13.0,478.0,0,phase_0,rl_policy_v3,,,
2905.0,0,73,628.0,8.603,3,7.0,3,8.0,9,0.0,2,0.0,0,0,0,0,118.0,15.0,495.0,0,phase_0,rl_policy_v3,,,
2906.0,0,75,647.0,8.627,4,8.0,4,9.0,9,0.0,2,0.0,0,0,0,0,118.0,17.0,512.0,0,phase_0,rl_policy_v3,,,
2907.0,0,75,667.0,8.893,4,9.0,4,10.0,9,0.0,2,0.0,0,0,0,0,119.0,19.0,529.0,0,phase_0,rl_policy_v3,,,
2908.0,0,73,573.0,7.849,4,10.0,4,11.0,9,0.0,2,0.0,0,0,0,0,130.0,21.0,422.0,0,phase_0,rl_policy_v3,,,
2909.0,0,68,409.0,6.015,4,11.0,4,12.0,8,0.0,2,0.0,0,0,0,0,63.0,23.0,323.0,0,phase_0,rl_policy_v3,,,
2910.0,0,69,300.0,4.348,4,12.0,4,13.0,8,0.0,2,0.0,0,0,0,0,49.0,25.0,226.0,0,phase_0,rl_policy_v3,,,
2911.0,0,66,216.0,3.273,4,13.0,4,14.0,8,0.0,2,0.0,0,0,0,0,59.0,27.0,130.0,0,phase_0,rl_policy_v3,,,
2912.0,0,66,154.0,2.333,4,14.0,4,15.0,8,0.0,2,0.0,0,0,0,0,70.0,29.0,55.0,0,phase_0,rl_policy_v3,,,
2913.0,0,68,140.0,2.059,4,15.0,4,16.0,9,0.0,2,0.0,0,0,0,0,81.0,31.0,28.0,0,phase_0,rl_policy_v3,,,
2914.0,0,65,126.0,1.938,4,16.0,4,17.0,9,0.0,2,0.0,0,0,0,0,93.0,33.0,0.0,0,phase_0,rl_policy_v3,,,
2915.0,0,65,140.0,2.154,4,17.0,4,18.0,9,0.0,2,0.0,0,0,0,0,105.0,35.0,0.0,0,phase_0,rl_policy_v3,,,
2916.0,0,64,155.0,2.422,4,18.0,4,19.0,9,0.0,2,0.0,0,0,0,0,118.0,37.0,0.0,0,phase_0,rl_policy_v3,,,
2917.0,0,64,170.0,2.656,4,19.0,4,20.0,8,0.0,2,0.0,0,0,0,0,131.0,39.0,0.0,0,phase_0,rl_policy_v3,,,
2918.0,0,64,186.0,2.906,4,20.0,4,21.0,9,0.0,2,0.0,0,0,0,0,145.0,41.0,0.0,0,phase_0,rl_policy_v3,,,
2919.0,0,61,203.0,3.328,4,21.0,4,22.0,8,0.0,2,0.0,0,0,0,0,160.0,43.0,0.0,0,phase_0,rl_policy_v3,,,
2920.0,0,61,219.0,3.59,4,22.0,4,23.0,9,0.0,2,0.0,0,0,0,0,174.0,45.0,0.0,0,phase_0,rl_policy_v3,,,
2921.0,0,63,238.0,3.778,4,23.0,4,25.0,9,0.0,2,0.0,0,0,0,0,190.0,48.0,0.0,0,phase_0,rl_policy_v3,,,
2922.0,0,61,259.0,4.246,4,25.0,4,27.0,9,0.0,2,0.0,0,0,0,0,207.0,52.0,0.0,0,phase_0,rl_policy_v3,,,
2923.0,0,62,282.0,4.548,4,28.0,4,29.0,9,0.0,2,0.0,2,2,0,0,225.0,57.0,0.0,0,phase_0,rl_policy_v3,,,
2924.0,0,62,306.0,4.935,4,31.0,4,32.0,9,0.0,2,0.0,2,2,0,0,243.0,63.0,0.0,0,phase_0,rl_policy_v3,,,
2925.0,0,61,331.0,5.426,4,34.0,4,35.0,9,0.0,2,0.0,2,2,0,0,262.0,69.0,0.0,0,phase_0,rl_policy_v3,,,
2926.0,0,59,357.0,6.051,4,37.0,4,38.0,8,0.0,1,0.0,2,2,0,0,282.0,75.0,0.0,0,phase_0,rl_policy_v3,,,
2927.0,0,58,383.0,6.603,4,40.0,4,41.0,8,0.0,1,0.0,2,2,0,0,302.0,81.0,0.0,0,phase_0,rl_policy_v3,,,
2928.0,0,56,410.0,7.321,4,43.0,4,44.0,6,0.0,0,0.0,2,2,0,0,323.0,87.0,0.0,0,phase_0,rl_policy_v3,,,
2929.0,0,57,438.0,7.684,5,46.0,5,47.0,6,0.0,0,0.0,0,0,0,0,345.0,93.0,0.0,0,phase_0,rl_policy_v3,,,
2930.0,0,59,466.0,7.898,5,49.0,5,50.0,7,0.0,0,0.0,0,0,0,0,367.0,99.0,0.0,0,phase_0,rl_policy_v3,,,
2931.0,0,57,489.0,8.579,5,52.0,5,53.0,7,0.0,0,0.0,0,0,0,0,384.0,105.0,0.0,0,phase_0,rl_policy_v3,,,
2932.0,0,56,518.0,9.25,5,55.0,5,56.0,7,0.0,0,0.0,0,0,0,0,407.0,111.0,0.0,0,phase_0,rl_policy_v3,,,
2933.0,1,55,522.0,9.491,5,58.0,5,59.0,7,0.0,0,0.0,0,0,0,0,405.0,117.0,0.0,0,phase_1,rl_policy_v3,,,
2934.0,1,55,526.0,9.564,5,61.0,5,62.0,7,0.0,1,0.0,0,0,0,0,402.0,123.0,1.0,0,phase_1,rl_policy_v3,,,
2935.0,1,55,519.0,9.436,5,64.0,5,65.0,7,0.0,1,0.0,0,0,0,0,388.0,129.0,2.0,0,phase_1,rl_policy_v3,,,
2936.0,2,51,405.0,7.941,3,14.0,3,13.0,7,0.0,1,0.0,0,0,0,0,375.0,27.0,3.0,0,phase_2,rl_policy_v3,,,
2937.0,2,50,367.0,7.34,3,0.0,3,0.0,7,0.0,1,0.0,0,0,0,0,363.0,0.0,4.0,0,phase_2,rl_policy_v3,,,
2938.0,2,49,356.0,7.265,3,0.0,3,0.0,7,0.0,1,0.0,0,0,0,0,351.0,0.0,5.0,0,phase_2,rl_policy_v3,,,
2939.0,2,45,342.0,7.6,2,0.0,2,0.0,7,0.0,1,0.0,0,0,0,0,336.0,0.0,6.0,0,phase_2,rl_policy_v3,,,
2940.0,2,46,330.0,7.174,2,0.0,2,0.0,8,0.0,1,0.0,0,0,0,0,323.0,0.0,7.0,0,phase_2,rl_policy_v3,,,
2941.0,2,45,314.0,6.978,2,0.0,2,0.0,8,1.0,1,0.0,0,0,0,0,305.0,1.0,8.0,1,phase_2,rl_policy_v3,,,
2942.0,2,45,331.0,7.356,2,0.0,2,0.0,8,2.0,1,0.0,0,0,0,0,320.0,2.0,9.0,1,phase_2,rl_policy_v3,,,
2943.0,2,47,317.0,6.745,2,0.0,2,0.0,9,4.0,1,0.0,0,0,0,0,303.0,4.0,10.0,1,phase_2,rl_policy_v3,,,
2944.0,2,45,291.0,6.467,2,0.0,2,0.0,9,6.0,1,0.0,0,0,0,0,285.0,6.0,0.0,1,phase_2,rl_policy_v3,,,
2945.0,2,46,275.0,5.978,2,0.0,2,0.0,10,8.0,1,0.0,0,0,0,0,267.0,8.0,0.0,1,phase_2,rl_policy_v3,,,
2946.0,2,45,259.0,5.756,2,0.0,1,0.0,10,10.0,1,0.0,0,0,0,0,249.0,10.0,0.0,1,phase_2,rl_policy_v3,,,
2947.0,2,44,244.0,5.545,1,0.0,1,0.0,10,13.0,1,0.0,0,0,0,0,231.0,13.0,0.0,1,phase_2,rl_policy_v3,,,
2948.0,2,45,258.0,5.733,1,0.0,1,0.0,10,16.0,2,0.0,0,0,2,0,242.0,16.0,0.0,1,phase_2,rl_policy_v3,,,
2949.0,2,44,244.0,5.545,1,0.0,1,0.0,10,20.0,2,0.0,0,0,2,0,224.0,20.0,0.0,1,phase_2,rl_policy_v3,,,
2950.0,2,45,230.0,5.111,1,0.0,1,0.0,11,25.0,2,0.0,0,0,2,0,204.0,25.0,1.0,1,phase_2,rl_policy_v3,,,
2951.0,2,44,214.0,4.864,1,0.0,1,0.0,11,30.0,2,0.0,0,0,0,0,182.0,30.0,2.0,1,phase_2,rl_policy_v3,,,
2952.0,2,43,198.0,4.605,1,0.0,1,0.0,11,35.0,2,0.0,0,0,0,0,160.0,35.0,3.0,0,phase_2,rl_policy_v3,,,
2953.0,3,50,189.0,3.78,2,0.0,2,0.0,12,40.0,2,0.0,0,0,0,0,145.0,40.0,4.0,0,phase_3,rl_policy_v3,,,
2954.0,3,55,173.0,3.145,3,0.0,3,0.0,12,45.0,3,0.0,0,0,0,0,122.0,45.0,6.0,1,phase_3,rl_policy_v3,,,
2955.0,3,56,158.0,2.821,3,0.0,3,0.0,13,51.0,3,0.0,0,0,0,0,99.0,51.0,8.0,1,phase_3,rl_policy_v3,,,
2956.0,0,52,111.0,2.135,3,0.0,3,0.0,10,22.0,3,0.0,0,0,0,0,79.0,22.0,10.0,1,phase_0,rl_policy_v3,,,
2957.0,0,49,54.0,1.102,3,0.0,3,0.0,10,0.0,3,0.0,0,0,0,0,54.0,0.0,0.0,1,phase_0,rl_policy_v3,,,
2958.0,0,47,29.0,0.617,3,0.0,3,0.0,10,0.0,3,0.0,0,0,0,0,29.0,0.0,0.0,1,phase_0,rl_policy_v3,,,
2959.0,0,46,4.0,0.087,3,0.0,3,0.0,10,0.0,3,0.0,0,0,0,0,4.0,0.0,0.0,1,phase_0,rl_policy_v3,,,
2960.0,0,47,6.0,0.128,3,0.0,3,0.0,9,0.0,3,0.0,0,0,0,0,6.0,0.0,0.0,1,phase_0,rl_policy_v3,,,
2961.0,0,46,9.0,0.196,3,0.0,3,0.0,8,0.0,3,0.0,0,0,0,0,9.0,0.0,0.0,1,phase_0,rl_policy_v3,,,
2962.0,0,49,12.0,0.245,3,0.0,3,0.0,8,0.0,3,0.0,0,0,0,0,12.0,0.0,0.0,1,phase_0,rl_policy_v3,,,
2963.0,0,48,16.0,0.333,3,0.0,3,0.0,7,0.0,3,0.0,0,0,0,0,16.0,0.0,0.0,1,phase_0,rl_policy_v3,,,
2964.0,0,50,21.0,0.42,3,0.0,3,0.0,7,0.0,3,0.0,0,0,0,0,21.0,0.0,0.0,1,phase_0,rl_policy_v3,,,
2965.0,0,51,26.0,0.51,3,0.0,3,0.0,7,0.0,3,0.0,0,0,0,0,26.0,0.0,0.0,1,phase_0,rl_policy_v3,,,
2966.0,0,50,32.0,0.64,3,0.0,3,0.0,7,0.0,2,0.0,0,0,0,0,32.0,0.0,0.0,1,phase_0,rl_policy_v3,,,
2967.0,0,51,38.0,0.745,3,0.0,3,0.0,7,0.0,2,0.0,0,0,0,0,38.0,0.0,0.0,1,phase_0,rl_policy_v3,,,
2968.0,0,49,46.0,0.939,3,0.0,3,0.0,7,0.0,2,0.0,0,0,0,0,46.0,0.0,0.0,1,phase_0,rl_policy_v3,,,
2969.0,0,51,56.0,1.098,3,0.0,3,1.0,8,0.0,3,0.0,0,0,0,0,55.0,1.0,0.0,1,phase_0,rl_policy_v3,,,
2970.0,0,51,65.0,1.275,3,0.0,3,2.0,8,0.0,3,0.0,0,0,0,0,63.0,2.0,0.0,1,phase_0,rl_policy_v3,,,
2971.0,0,53,78.0,1.472,3,1.0,3,4.0,9,0.0,3,0.0,0,2,0,0,72.0,5.0,1.0,1,phase_0,rl_policy_v3,,,
2972.0,0,52,91.0,1.75,3,2.0,3,6.0,8,0.0,3,0.0,0,1,0,0,81.0,8.0,2.0,1,phase_0,rl_policy_v3,,,
2973.0,0,53,103.0,1.943,3,3.0,3,5.0,8,0.0,3,0.0,0,0,0,0,92.0,8.0,3.0,1,phase_0,rl_policy_v3,,,
2974.0,0,54,118.0,2.185,3,4.0,3,6.0,7,0.0,3,0.0,0,0,0,0,104.0,10.0,4.0,1,phase_0,rl_policy_v3,,,
2975.0,0,54,134.0,2.481,3,5.0,3,7.0,7,0.0,3,0.0,0,0,0,0,117.0,12.0,5.0,1,phase_0,rl_policy_v3,,,
2976.0,0,53,151.0,2.849,3,6.0,3,9.0,7,0.0,2,0.0,0,1,0,0,130.0,15.0,6.0,0,phase_0,rl_policy_v3,,,
2977.0,0,55,169.0,3.073,4,8.0,4,11.0,7,0.0,1,0.0,0,0,0,0,143.0,19.0,7.0,1,phase_0,rl_policy_v3,,,
2978.0,0,54,188.0,3.481,4,10.0,4,13.0,6,0.0,1,0.0,0,0,0,0,157.0,23.0,8.0,1,phase_0,rl_policy_v3,,,
2979.0,0,55,208.0,3.782,4,12.0,4,15.0,6,0.0,1,0.0,0,0,0,0,172.0,27.0,9.0,1,phase_0,rl_policy_v3,,,
2980.0,0,57,229.0,4.018,4,14.0,4,17.0,6,0.0,1,0.0,0,0,0,0,188.0,31.0,10.0,1,phase_0,rl_policy_v3,,,
2981.0,0,55,251.0,4.564,4,16.0,4,19.0,5,0.0,1,0.0,0,0,0,0,205.0,35.0,11.0,1,phase_0,rl_policy_v3,,,
2982.0,0,56,273.0,4.875,4,18.0,4,21.0,6,0.0,1,0.0,0,0,0,0,222.0,39.0,12.0,1,phase_0,rl_policy_v3,,,
2983.0,0,56,296.0,5.286,4,20.0,4,23.0,5,0.0,1,0.0,0,0,0,0,240.0,43.0,13.0,1,phase_0,rl_policy_v3,,,
2984.0,0,56,320.0,5.714,4,22.0,4,25.0,5,0.0,1,0.0,0,0,0,0,259.0,47.0,14.0,1,phase_0,rl_policy_v3,,,
2985.0,0,56,344.0,6.143,4,24.0,4,27.0,5,0.0,1,0.0,0,0,0,0,278.0,51.0,15.0,1,phase_0,rl_policy_v3,,,
2986.0,0,57,369.0,6.474,4,26.0,4,29.0,5,0.0,1,0.0,0,0,0,0,298.0,55.0,16.0,1,phase_0,rl_policy_v3,,,
2987.0,0,57,395.0,6.93,4,28.0,4,31.0,5,0.0,1,0.0,0,0,0,0,319.0,59.0,17.0,1,phase_0,rl_policy_v3,,,
2988.0,0,57,421.0,7.386,4,30.0,4,33.0,5,0.0,1,0.0,0,0,0,0,340.0,63.0,18.0,1,phase_0,rl_policy_v3,,,
2989.0,0,56,448.0,8.0,4,32.0,4,35.0,3,0.0,1,0.0,0,0,0,0,362.0,67.0,19.0,1,phase_0,rl_policy_v3,,,
2990.0,1,58,475.0,8.19,4,34.0,4,37.0,3,0.0,1,0.0,0,0,0,0,384.0,71.0,20.0,1,phase_1,rl_policy_v3,,,
2991.0,1,58,503.0,8.672,4,36.0,4,39.0,3,0.0,1,0.0,0,0,0,0,407.0,75.0,21.0,1,phase_1,rl_policy_v3,,,
2992.0,1,57,533.0,9.351,4,38.0,4,41.0,3,0.0,1,0.0,0,0,0,0,432.0,79.0,22.0,1,phase_1,rl_policy_v3,,,
2993.0,2,52,458.0,8.808,2,0.0,2,0.0,3,0.0,1,0.0,0,0,0,0,457.0,0.0,1.0,1,phase_2,rl_policy_v3,,,
2994.0,2,51,485.0,9.51,2,0.0,2,0.0,3,0.0,1,0.0,0,0,0,0,482.0,0.0,3.0,1,phase_2,rl_policy_v3,,,
2995.0,2,53,512.0,9.66,2,0.0,2,0.0,4,0.0,1,0.0,0,0,0,0,507.0,0.0,5.0,1,phase_2,rl_policy_v3,,,
2996.0,2,53,539.0,10.17,2,0.0,2,0.0,4,0.0,1,0.0,0,0,0,0,532.0,0.0,7.0,1,phase_2,rl_policy_v3,,,
2997.0,2,54,525.0,9.722,2,0.0,2,0.0,5,0.0,2,0.0,0,0,0,0,515.0,0.0,10.0,1,phase_2,rl_policy_v3,,,
2998.0,2,54,515.0,9.537,2,1.0,2,0.0,5,0.0,2,0.0,1,0,0,0,500.0,1.0,14.0,1,phase_2,rl_policy_v3,,,
2999.0,2,53,504.0,9.509,2,2.0,2,0.0,5,0.0,2,0.0,1,0,0,0,484.0,2.0,18.0,1,phase_2,rl_policy_v3,,,
3000.0,2,54,495.0,9.167,2,3.0,2,1.0,6,0.0,2,0.0,1,1,0,0,468.0,4.0,23.0,1,phase_2,rl_policy_v3,,,
3001.0,2,56,488.0,8.714,3,4.0,3,2.0,6,0.0,2,0.0,0,0,0,0,453.0,6.0,29.0,1,phase_2,rl_policy_v3,,,
3002.0,2,57,482.0,8.456,4,5.0,4,3.0,6,0.0,2,1.0,0,0,0,1,438.0,9.0,35.0,1,phase_2,rl_policy_v3,,,
3003.0,2,57,478.0,8.386,4,6.0,4,4.0,7,2.0,2,2.0,0,0,0,1,423.0,14.0,41.0,1,phase_2,rl_policy_v3,,,
3004.0,2,54,504.0,9.333,4,7.0,3,0.0,7,4.0,2,3.0,0,0,0,1,443.0,14.0,47.0,1,phase_2,rl_policy_v3,,,
3005.0,2,55,488.0,8.873,3,0.0,3,0.0,8,6.0,2,4.0,0,0,0,1,425.0,10.0,53.0,1,phase_2,rl_policy_v3,,,
3006.0,2,54,454.0,8.407,3,0.0,3,0.0,8,8.0,3,5.0,0,0,0,0,408.0,13.0,33.0,1,phase_2,rl_policy_v3,,,
3007.0,2,55,423.0,7.691,3,0.0,3,0.0,9,10.0,4,6.0,0,0,0,0,390.0,16.0,17.0,1,phase_2,rl_policy_v3,,,
3008.0,2,55,429.0,7.8,3,0.0,3,0.0,9,12.0,4,7.0,0,0,0,0,407.0,19.0,3.0,1,phase_2,rl_policy_v3,,,
3009.0,2,54,409.0,7.574,3,0.0,3,0.0,9,14.0,4,8.0,0,0,0,0,387.0,22.0,0.0,1,phase_2,rl_policy_v3,,,
3010.0,2,53,392.0,7.396,3,0.0,3,0.0,9,16.0,4,9.0,0,0,0,0,367.0,25.0,0.0,1,phase_2,rl_policy_v3,,,
3011.0,2,53,374.0,7.057,3,0.0,3,0.0,9,18.0,4,10.0,0,0,0,0,346.0,28.0,0.0,1,phase_2,rl_policy_v3,,,
3012.0,2,51,357.0,7.0,3,0.0,3,0.0,9,20.0,4,11.0,0,0,0,0,326.0,31.0,0.0,1,phase_2,rl_policy_v3,,,
3013.0,2,50,340.0,6.8,3,0.0,3,0.0,9,22.0,4,12.0,0,0,0,0,306.0,34.0,0.0,1,phase_2,rl_policy_v3,,,
3014.0,2,49,320.0,6.531,3,0.0,3,0.0,10,24.0,4,13.0,0,0,0,0,283.0,37.0,0.0,1,phase_2,rl_policy_v3,,,
3015.0,2,48,335.0,6.979,3,0.0,3,0.0,10,26.0,4,14.0,0,0,0,0,295.0,40.0,0.0,1,phase_2,rl_policy_v3,,,
3016.0,2,45,314.0,6.978,2,0.0,2,0.0,10,28.0,4,15.0,0,0,0,0,271.0,43.0,0.0,1,phase_2,rl_policy_v3,,,
3017.0,2,46,293.0,6.37,2,0.0,2,0.0,11,30.0,4,16.0,0,0,0,0,247.0,46.0,0.0,1,phase_2,rl_policy_v3,,,
3018.0,2,46,273.0,5.935,2,1.0,2,0.0,11,33.0,4,17.0,1,0,0,0,222.0,51.0,0.0,1,phase_2,rl_policy_v3,,,
3019.0,2,46,287.0,6.239,2,2.0,2,0.0,11,36.0,4,18.0,1,0,0,0,231.0,56.0,0.0,1,phase_2,rl_policy_v3,,,
3020.0,2,44,264.0,6.0,2,0.0,2,0.0,11,39.0,4,19.0,0,0,0,0,206.0,58.0,0.0,1,phase_2,rl_policy_v3,,,
3021.0,2,44,242.0,5.5,1,0.0,2,0.0,12,42.0,4,20.0,0,0,0,0,180.0,62.0,0.0,1,phase_2,rl_policy_v3,,,
3022.0,2,44,217.0,4.932,1,0.0,1,0.0,12,45.0,4,21.0,0,0,0,0,151.0,66.0,0.0,1,phase_2,rl_policy_v3,,,
3023.0,2,44,194.0,4.409,1,0.0,1,0.0,12,48.0,4,22.0,0,0,0,0,124.0,70.0,0.0,1,phase_2,rl_policy_v3,,,
3024.0,2,45,170.0,3.778,1,0.0,1,0.0,13,51.0,4,23.0,0,0,0,0,96.0,74.0,0.0,1,phase_2,rl_policy_v3,,,
3025.0,2,50,145.0,2.9,2,0.0,2,0.0,13,54.0,4,24.0,0,0,0,0,67.0,78.0,0.0,1,phase_2,rl_policy_v3,,,
3026.0,2,52,152.0,2.923,2,0.0,2,0.0,14,57.0,4,25.0,0,0,0,0,70.0,82.0,0.0,1,phase_2,rl_policy_v3,,,
3027.0,2,52,158.0,3.038,2,0.0,2,0.0,14,60.0,4,26.0,0,0,0,0,72.0,86.0,0.0,1,phase_2,rl_policy_v3,,,
3028.0,2,51,165.0,3.235,2,0.0,2,0.0,14,63.0,4,27.0,0,0,0,0,75.0,90.0,0.0,1,phase_2,rl_policy_v3,,,
3029.0,2,52,173.0,3.327,2,0.0,2,0.0,15,66.0,4,29.0,0,0,0,0,78.0,95.0,0.0,1,phase_2,rl_policy_v3,,,
3030.0,2,52,182.0,3.5,2,0.0,2,0.0,15,70.0,4,31.0,0,0,0,0,81.0,101.0,0.0,1,phase_2,rl_policy_v3,,,
3031.0,2,53,191.0,3.604,2,0.0,2,0.0,15,74.0,4,33.0,0,0,0,0,84.0,107.0,0.0,1,phase_2,rl_policy_v3,,,
3032.0,2,53,201.0,3.792,2,0.0,2,0.0,15,79.0,4,35.0,0,0,0,0,87.0,114.0,0.0,1,phase_2,rl_policy_v3,,,
3033.0,2,52,211.0,4.058,2,0.0,2,0.0,15,84.0,4,37.0,0,0,0,0,90.0,121.0,0.0,1,phase_2,rl_policy_v3,,,
3034.0,2,53,222.0,4.189,2,0.0,2,0.0,16,89.0,4,39.0,0,0,0,1,94.0,128.0,0.0,1,phase_2,rl_policy_v3,,,
3035.0,3,53,233.0,4.396,2,0.0,2,0.0,16,95.0,4,41.0,0,0,0,1,97.0,136.0,0.0,1,phase_3,rl_policy_v3,,,
3036.0,3,53,244.0,4.604,2,0.0,2,0.0,16,101.0,4,43.0,0,0,0,1,100.0,144.0,0.0,1,phase_3,rl_policy_v3,,,
3037.0,3,54,255.0,4.722,2,0.0,2,0.0,17,108.0,4,45.0,0,0,0,1,102.0,153.0,0.0,1,phase_3,rl_policy_v3,,,
3038.0,0,49,140.0,2.857,2,0.0,2,0.0,14,34.0,1,1.0,0,0,0,1,105.0,35.0,0.0,1,phase_0,rl_policy_v3,,,
3039.0,0,49,111.0,2.265,2,0.0,2,0.0,14,3.0,1,0.0,0,0,0,0,108.0,3.0,0.0,1,phase_0,rl_policy_v3,,,
3040.0,0,48,112.0,2.333,2,0.0,2,0.0,14,0.0,1,0.0,0,0,0,0,112.0,0.0,0.0,1,phase_0,rl_policy_v3,,,
3041.0,0,45,116.0,2.578,2,0.0,2,0.0,11,0.0,1,0.0,0,0,0,0,116.0,0.0,0.0,1,phase_0,rl_policy_v3,,,
3042.0,0,46,5.0,0.109,2,0.0,2,0.0,11,0.0,1,0.0,0,0,0,0,4.0,0.0,1.0,0,phase_0,rl_policy_v3,,,
3043.0,0,48,10.0,0.208,2,1.0,2,1.0,11,0.0,1,0.0,1,1,0,0,6.0,2.0,2.0,0,phase_0,rl_policy_v3,,,
3044.0,0,48,15.0,0.312,2,2.0,2,2.0,9,0.0,1,0.0,1,1,0,0,8.0,4.0,3.0,0,phase_0,rl_policy_v3,,,
3045.0,0,49,21.0,0.429,2,3.0,2,3.0,9,0.0,1,0.0,0,0,0,0,11.0,6.0,4.0,0,phase_0,rl_policy_v3,,,
3046.0,0,53,28.0,0.528,2,4.0,2,4.0,10,0.0,1,0.0,0,0,0,0,15.0,8.0,5.0,0,phase_0,rl_policy_v3,,,
3047.0,1,53,36.0,0.679,2,5.0,2,5.0,10,0.0,1,0.0,0,0,0,0,20.0,10.0,6.0,0,phase_1,rl_policy_v3,,,
3048.0,1,53,44.0,0.83,2,6.0,2,6.0,10,0.0,1,0.0,0,0,0,0,25.0,12.0,7.0,0,phase_1,rl_policy_v3,,,
3049.0,1,55,53.0,0.964,3,7.0,3,7.0,10,0.0,1,0.0,0,0,0,0,31.0,14.0,8.0,0,phase_1,rl_policy_v3,,,
3050.0,2,56,47.0,0.839,3,0.0,3,0.0,10,1.0,1,0.0,0,0,0,0,37.0,1.0,9.0,0,phase_2,rl_policy_v3,,,
3051.0,2,54,46.0,0.852,3,0.0,3,0.0,10,2.0,1,0.0,0,0,0,0,44.0,2.0,0.0,0,phase_2,rl_policy_v3,,,
3052.0,2,55,53.0,0.964,3,0.0,3,0.0,11,3.0,1,0.0,0,0,0,0,50.0,3.0,0.0,0,phase_2,rl_policy_v3,,,
3053.0,2,55,50.0,0.909,3,0.0,3,0.0,11,6.0,1,0.0,0,0,0,0,44.0,6.0,0.0,0,phase_2,rl_policy_v3,,,
3054.0,2,55,49.0,0.891,3,0.0,3,0.0,11,9.0,1,0.0,0,0,0,0,39.0,9.0,1.0,0,phase_2,rl_policy_v3,,,
3055.0,2,56,48.0,0.857,3,0.0,3,0.0,12,12.0,2,0.0,0,0,0,0,36.0,12.0,0.0,0,phase_2,rl_policy_v3,,,
3056.0,2,57,48.0,0.842,3,0.0,3,0.0,12,15.0,2,0.0,0,0,0,0,33.0,15.0,0.0,0,phase_2,rl_policy_v3,,,
3057.0,2,57,48.0,0.842,3,0.0,3,0.0,13,18.0,2,0.0,0,0,0,0,30.0,18.0,0.0,0,phase_2,rl_policy_v3,,,
3058.0,2,57,49.0,0.86,3,0.0,3,0.0,13,21.0,2,0.0,0,0,0,0,28.0,21.0,0.0,0,phase_2,rl_policy_v3,,,
3059.0,2,57,53.0,0.93,3,0.0,3,0.0,13,25.0,2,0.0,0,0,0,0,28.0,25.0,0.0,0,phase_2,rl_policy_v3,,,
3060.0,2,57,65.0,1.14,3,0.0,3,0.0,13,29.0,2,0.0,0,0,0,0,36.0,29.0,0.0,0,phase_2,rl_policy_v3,,,
3061.0,2,59,69.0,1.169,3,0.0,3,0.0,13,33.0,2,0.0,0,0,0,0,36.0,33.0,0.0,0,phase_2,rl_policy_v3,,,
3062.0,2,61,72.0,1.18,3,0.0,3,0.0,14,37.0,2,0.0,0,0,0,0,35.0,37.0,0.0,0,phase_2,rl_policy_v3,,,
3063.0,2,58,76.0,1.31,2,0.0,2,0.0,14,42.0,2,0.0,0,0,0,0,34.0,42.0,0.0,0,phase_2,rl_policy_v3,,,
3064.0,2,58,88.0,1.517,2,0.0,2,0.0,14,47.0,2,0.0,0,0,0,0,41.0,47.0,0.0,0,phase_2,rl_policy_v3,,,
3065.0,2,59,92.0,1.559,2,0.0,1,0.0,15,53.0,2,0.0,0,0,0,0,39.0,53.0,0.0,0,phase_2,rl_policy_v3,,,
3066.0,2,58,96.0,1.655,1,0.0,1,0.0,15,59.0,2,0.0,0,0,0,0,37.0,59.0,0.0,0,phase_2,rl_policy_v3,,,
3067.0,2,59,101.0,1.712,1,0.0,1,0.0,16,66.0,2,0.0,0,0,0,0,35.0,66.0,0.0,0,phase_2,rl_policy_v3,,,
3068.0,2,59,106.0,1.797,1,0.0,1,0.0,16,73.0,2,0.0,0,0,0,0,33.0,73.0,0.0,0,phase_2,rl_policy_v3,,,
3069.0,2,61,111.0,1.82,1,0.0,1,0.0,16,80.0,2,0.0,0,0,0,0,31.0,80.0,0.0,0,phase_2,rl_policy_v3,,,
3070.0,2,61,119.0,1.951,1,0.0,1,0.0,16,87.0,2,0.0,0,0,0,0,32.0,87.0,0.0,0,phase_2,rl_policy_v3,,,
3071.0,2,58,129.0,2.224,1,0.0,1,0.0,16,95.0,2,0.0,0,0,0,0,34.0,95.0,0.0,0,phase_2,rl_policy_v3,,,
3072.0,2,59,137.0,2.322,1,0.0,1,0.0,17,103.0,2,0.0,0,0,0,0,34.0,103.0,0.0,0,phase_2,rl_policy_v3,,,
3073.0,2,60,148.0,2.467,2,0.0,2,0.0,17,111.0,2,0.0,0,0,0,0,37.0,111.0,0.0,0,phase_2,rl_policy_v3,,,
3074.0,2,59,168.0,2.847,2,0.0,2,0.0,17,119.0,2,1.0,0,0,0,0,48.0,120.0,0.0,0,phase_2,rl_policy_v3,,,
3075.0,2,58,181.0,3.121,2,0.0,2,0.0,17,127.0,2,2.0,0,0,0,0,52.0,129.0,0.0,0,phase_2,rl_policy_v3,,,
3076.0,2,59,194.0,3.288,2,0.0,2,0.0,18,135.0,2,3.0,0,0,0,0,56.0,138.0,0.0,0,phase_2,rl_policy_v3,,,
3077.0,2,59,210.0,3.559,2,0.0,2,0.0,18,144.0,2,4.0,0,0,0,0,62.0,148.0,0.0,0,phase_2,rl_policy_v3,,,
3078.0,2,59,226.0,3.831,2,0.0,2,0.0,18,153.0,2,5.0,0,0,0,0,68.0,158.0,0.0,0,phase_2,rl_policy_v3,,,
3079.0,2,58,249.0,4.293,2,0.0,2,0.0,18,163.0,2,6.0,0,0,0,0,79.0,169.0,1.0,0,phase_2,rl_policy_v3,,,
3080.0,2,57,273.0,4.789,2,0.0,2,0.0,18,173.0,2,7.0,0,0,0,0,91.0,180.0,2.0,0,phase_2,rl_policy_v3,,,
3081.0,2,59,298.0,5.051,2,0.0,2,0.0,19,183.0,3,8.0,0,0,0,0,104.0,191.0,3.0,0,phase_2,rl_policy_v3,,,
3082.0,2,59,323.0,5.475,2,0.0,2,0.0,19,193.0,3,9.0,0,0,0,0,117.0,202.0,4.0,0,phase_2,rl_policy_v3,,,
3083.0,2,58,350.0,6.034,2,0.0,2,0.0,19,204.0,3,10.0,0,0,0,0,131.0,214.0,5.0,0,phase_2,rl_policy_v3,,,
3084.0,2,57,378.0,6.632,2,0.0,2,0.0,19,215.0,3,11.0,0,0,0,0,146.0,226.0,6.0,0,phase_2,rl_policy_v3,,,
3085.0,2,59,407.0,6.898,2,0.0,2,0.0,20,226.0,3,12.0,0,0,0,0,162.0,238.0,7.0,0,phase_2,rl_policy_v3,,,
3086.0,2,58,423.0,7.293,2,0.0,2,0.0,20,237.0,3,13.0,0,0,0,0,165.0,250.0,8.0,0,phase_2,rl_policy_v3,,,
3087.0,2,58,437.0,7.534,2,0.0,2,0.0,20,248.0,3,15.0,0,0,4,1,165.0,263.0,9.0,0,phase_2,rl_policy_v3,,,
3088.0,2,59,453.0,7.678,2,0.0,2,0.0,21,259.0,3,17.0,0,0,0,1,167.0,276.0,10.0,0,phase_2,rl_policy_v3,,,
3089.0,2,56,470.0,8.393,1,0.0,1,0.0,21,270.0,3,19.0,0,0,0,1,170.0,289.0,11.0,0,phase_2,rl_policy_v3,,,
3090.0,2,57,488.0,8.561,1,0.0,1,0.0,22,282.0,3,21.0,0,0,0,1,173.0,303.0,12.0,0,phase_2,rl_policy_v3,,,
3091.0,2,58,507.0,8.741,1,0.0,1,0.0,22,296.0,3,23.0,0,0,0,1,175.0,319.0,13.0,0,phase_2,rl_policy_v3,,,
3092.0,3,58,527.0,9.086,1,0.0,1,0.0,22,310.0,3,25.0,0,0,0,1,178.0,335.0,14.0,0,phase_3,rl_policy_v3,,,
3093.0,3,58,547.0,9.431,1,0.0,1,0.0,22,324.0,3,27.0,0,0,0,1,181.0,351.0,15.0,0,phase_3,rl_policy_v3,,,
3094.0,3,58,567.0,9.776,1,0.0,1,0.0,22,338.0,3,29.0,0,0,0,1,184.0,367.0,16.0,0,phase_3,rl_policy_v3,,,
3095.0,0,49,343.0,7.0,1,0.0,1,0.0,19,226.0,1,0.0,0,0,0,0,100.0,226.0,17.0,0,phase_0,rl_policy_v3,,,
3096.0,0,50,178.0,3.56,1,0.0,1,0.0,19,128.0,1,0.0,0,0,0,0,32.0,128.0,18.0,0,phase_0,rl_policy_v3,,,
3097.0,0,56,110.0,1.964,2,0.0,2,0.0,20,60.0,1,0.0,0,0,0,0,31.0,60.0,19.0,0,phase_0,rl_policy_v3,,,
3098.0,0,56,72.0,1.286,3,0.0,3,0.0,18,20.0,1,0.0,0,0,0,0,32.0,20.0,20.0,0,phase_0,rl_policy_v3,,,
3099.0,0,59,57.0,0.966,3,0.0,3,0.0,18,4.0,1,0.0,0,0,0,0,32.0,4.0,21.0,0,phase_0,rl_policy_v3,,,
3100.0,0,58,44.0,0.759,3,0.0,3,0.0,18,0.0,1,0.0,0,0,0,0,44.0,0.0,0.0,0,phase_0,rl_policy_v3,,,
3101.0,0,56,45.0,0.804,3,0.0,3,0.0,15,0.0,1,0.0,0,0,0,0,45.0,0.0,0.0,0,phase_0,rl_policy_v3,,,
3102.0,0,56,49.0,0.875,3,0.0,3,0.0,15,0.0,1,0.0,0,0,0,0,49.0,0.0,0.0,0,phase_0,rl_policy_v3,,,
3103.0,0,55,54.0,0.982,3,0.0,3,0.0,14,0.0,1,0.0,0,0,0,0,53.0,0.0,1.0,0,phase_0,rl_policy_v3,,,
3104.0,0,57,59.0,1.035,3,0.0,3,0.0,13,0.0,2,0.0,0,0,0,0,57.0,0.0,2.0,0,phase_0,rl_policy_v3,,,
3105.0,0,55,51.0,0.927,3,0.0,3,0.0,12,0.0,2,0.0,0,0,0,0,51.0,0.0,0.0,0,phase_0,rl_policy_v3,,,
3106.0,0,54,51.0,0.944,3,0.0,3,0.0,10,0.0,2,0.0,0,0,0,0,51.0,0.0,0.0,0,phase_0,rl_policy_v3,,,
3107.0,0,54,44.0,0.815,3,0.0,3,0.0,9,0.0,2,0.0,0,0,0,0,44.0,0.0,0.0,0,phase_0,rl_policy_v3,,,
3108.0,0,54,37.0,0.685,3,0.0,3,0.0,8,0.0,2,0.0,0,0,0,0,37.0,0.0,0.0,0,phase_0,rl_policy_v3,,,
3109.0,0,56,28.0,0.5,3,0.0,3,0.0,8,0.0,2,0.0,0,0,0,0,28.0,0.0,0.0,0,phase_0,rl_policy_v3,,,
3110.0,0,58,19.0,0.328,3,0.0,3,0.0,8,0.0,2,0.0,0,0,0,0,19.0,0.0,0.0,0,phase_0,rl_policy_v3,,,
3111.0,0,58,18.0,0.31,3,0.0,3,0.0,8,0.0,2,0.0,0,0,0,0,18.0,0.0,0.0,0,phase_0,rl_policy_v3,,,
3112.0,0,57,18.0,0.316,3,0.0,3,0.0,8,0.0,2,0.0,0,0,0,0,18.0,0.0,0.0,0,phase_0,rl_policy_v3,,,
3113.0,0,58,17.0,0.293,3,0.0,3,0.0,9,0.0,2,0.0,0,0,0,0,17.0,0.0,0.0,0,phase_0,rl_policy_v3,,,
3114.0,0,57,17.0,0.298,3,1.0,3,0.0,9,0.0,2,0.0,0,0,0,0,16.0,1.0,0.0,0,phase_0,rl_policy_v3,,,
3115.0,0,59,21.0,0.356,3,2.0,3,1.0,10,0.0,3,0.0,0,0,0,0,17.0,3.0,1.0,0,phase_0,rl_policy_v3,,,
3116.0,0,58,20.0,0.345,3,3.0,3,2.0,9,0.0,3,0.0,0,0,0,0,13.0,5.0,2.0,0,phase_0,rl_policy_v3,,,
3117.0,0,56,26.0,0.464,3,5.0,3,3.0,8,0.0,3,0.0,2,2,0,0,15.0,8.0,3.0,0,phase_0,rl_policy_v3,,,
3118.0,0,59,29.0,0.492,3,7.0,3,5.0,9,0.0,2,0.0,2,2,0,0,13.0,12.0,4.0,0,phase_0,rl_policy_v3,,,
3119.0,0,58,34.0,0.586,3,9.0,3,8.0,7,0.0,2,0.0,2,3,0,0,12.0,17.0,5.0,0,phase_0,rl_policy_v3,,,
3120.0,0,59,39.0,0.661,3,12.0,3,11.0,7,0.0,2,0.0,3,3,0,0,10.0,23.0,6.0,0,phase_0,rl_policy_v3,,,
3121.0,0,65,44.0,0.677,5,15.0,5,14.0,7,0.0,2,0.0,0,0,0,0,8.0,29.0,7.0,0,phase_0,rl_policy_v3,,,
3122.0,0,65,50.0,0.769,5,18.0,5,17.0,7,0.0,2,0.0,0,0,0,0,7.0,35.0,8.0,0,phase_0,rl_policy_v3,,,
3123.0,0,64,57.0,0.891,5,21.0,5,20.0,7,0.0,2,0.0,0,0,0,0,7.0,41.0,9.0,0,phase_0,rl_policy_v3,,,
3124.0,0,65,65.0,1.0,5,24.0,5,23.0,8,0.0,2,0.0,0,0,0,0,8.0,47.0,10.0,0,phase_0,rl_policy_v3,,,
3125.0,1,64,75.0,1.172,5,27.0,5,26.0,8,0.0,2,0.0,0,0,0,0,11.0,53.0,11.0,0,phase_1,rl_policy_v3,,,
3126.0,1,64,81.0,1.266,5,30.0,5,29.0,8,0.0,2,0.0,0,0,0,0,10.0,59.0,12.0,0,phase_1,rl_policy_v3,,,
3127.0,1,65,85.0,1.308,5,33.0,5,32.0,9,0.0,2,0.0,2,2,0,0,7.0,65.0,13.0,0,phase_1,rl_policy_v3,,,
3128.0,2,62,41.0,0.661,4,12.0,4,11.0,9,0.0,2,0.0,1,1,0,0,4.0,23.0,14.0,0,phase_2,rl_policy_v3,,,
3129.0,2,62,20.0,0.323,3,0.0,4,0.0,10,0.0,2,0.0,0,0,0,0,5.0,0.0,15.0,0,phase_2,rl_policy_v3,,,
3130.0,2,61,17.0,0.279,3,0.0,3,0.0,10,0.0,2,0.0,0,0,0,0,1.0,0.0,16.0,0,phase_2,rl_policy_v3,,,
3131.0,2,58,21.0,0.362,2,0.0,2,0.0,10,1.0,2,0.0,0,0,0,0,3.0,1.0,17.0,0,phase_2,rl_policy_v3,,,
3132.0,2,58,25.0,0.431,2,0.0,2,0.0,10,2.0,2,0.0,0,0,0,0,5.0,2.0,18.0,0,phase_2,rl_policy_v3,,,
3133.0,2,58,29.0,0.5,2,0.0,2,0.0,10,3.0,2,0.0,0,0,0,0,7.0,3.0,19.0,0,phase_2,rl_policy_v3,,,
3134.0,2,58,34.0,0.586,2,0.0,2,0.0,11,4.0,2,0.0,0,0,0,0,10.0,4.0,20.0,0,phase_2,rl_policy_v3,,,
3135.0,2,57,37.0,0.649,2,0.0,2,0.0,11,5.0,2,0.0,0,0,0,0,11.0,5.0,21.0,0,phase_2,rl_policy_v3,,,
3136.0,2,55,43.0,0.782,1,0.0,1,0.0,11,7.0,2,1.0,0,0,0,0,13.0,8.0,22.0,0,phase_2,rl_policy_v3,,,
3137.0,2,56,49.0,0.875,1,0.0,1,0.0,12,9.0,2,2.0,0,0,0,0,15.0,11.0,23.0,0,phase_2,rl_policy_v3,,,
3138.0,2,53,56.0,1.057,1,0.0,1,0.0,12,12.0,2,3.0,0,0,0,0,17.0,15.0,24.0,0,phase_2,rl_policy_v3,,,
3139.0,2,54,63.0,1.167,1,0.0,1,0.0,13,15.0,2,4.0,0,0,0,0,19.0,19.0,25.0,0,phase_2,rl_policy_v3,,,
3140.0,2,53,70.0,1.321,1,0.0,1,0.0,13,18.0,2,5.0,0,0,0,0,21.0,23.0,26.0,0,phase_2,rl_policy_v3,,,
3141.0,2,51,77.0,1.51,1,0.0,1,0.0,13,21.0,2,6.0,0,0,0,0,23.0,27.0,27.0,0,phase_2,rl_policy_v3,,,
3142.0,2,50,84.0,1.68,1,0.0,1,0.0,14,24.0,2,7.0,0,0,0,0,25.0,31.0,28.0,0,phase_2,rl_policy_v3,,,
3143.0,2,50,91.0,1.82,1,0.0,1,0.0,14,27.0,2,8.0,0,0,0,0,27.0,35.0,29.0,0,phase_2,rl_policy_v3,,,
3144.0,2,50,99.0,1.98,1,0.0,1,0.0,14,31.0,2,9.0,0,0,0,0,29.0,40.0,30.0,0,phase_2,rl_policy_v3,,,
3145.0,2,50,108.0,2.16,2,0.0,2,0.0,14,36.0,2,10.0,0,0,0,0,31.0,46.0,31.0,0,phase_2,rl_policy_v3,,,
3146.0,2,53,117.0,2.208,3,0.0,3,0.0,14,41.0,2,11.0,0,0,0,1,33.0,52.0,32.0,0,phase_2,rl_policy_v3,,,
3147.0,2,53,127.0,2.396,3,0.0,3,0.0,15,47.0,2,12.0,0,0,0,1,35.0,59.0,33.0,0,phase_2,rl_policy_v3,,,
3148.0,2,54,139.0,2.574,3,0.0,3,0.0,15,53.0,2,13.0,0,0,0,1,39.0,66.0,34.0,0,phase_2,rl_policy_v3,,,
3149.0,2,57,150.0,2.632,3,0.0,3,0.0,16,59.0,3,14.0,0,0,0,0,41.0,73.0,36.0,0,phase_2,rl_policy_v3,,,
3150.0,2,54,85.0,1.574,3,0.0,3,0.0,16,65.0,3,15.0,0,0,0,0,3.0,80.0,2.0,0,phase_2,rl_policy_v3,,,
3151.0,3,55,95.0,1.727,3,0.0,3,0.0,16,72.0,3,17.0,0,0,0,1,5.0,89.0,1.0,0,phase_3,rl_policy_v3,,,
3152.0,3,55,109.0,1.982,3,0.0,3,0.0,16,79.0,3,19.0,0,0,0,1,8.0,98.0,3.0,0,phase_3,rl_policy_v3,,,
3153.0,3,56,125.0,2.232,3,0.0,3,0.0,16,86.0,3,21.0,0,0,0,1,13.0,107.0,5.0,0,phase_3,rl_policy_v3,,,
3154.0,0,49,60.0,1.224,3,0.0,3,0.0,13,39.0,2,0.0,0,0,0,0,18.0,39.0,3.0,0,phase_0,rl_policy_v3,,,
3155.0,0,49,35.0,0.714,3,0.0,3,0.0,13,11.0,2,0.0,0,0,0,0,24.0,11.0,0.0,0,phase_0,rl_policy_v3,,,
3156.0,0,48,32.0,0.667,3,0.0,3,0.0,13,0.0,2,0.0,0,0,0,0,31.0,0.0,1.0,0,phase_0,rl_policy_v3,,,
3157.0,0,47,40.0,0.851,3,0.0,3,0.0,12,0.0,2,0.0,0,0,0,0,38.0,0.0,2.0,0,phase_0,rl_policy_v3,,,
3158.0,0,50,49.0,0.98,3,0.0,3,0.0,12,1.0,2,0.0,0,0,0,0,45.0,1.0,3.0,0,phase_0,rl_policy_v3,,,
3159.0,0,51,57.0,1.118,3,0.0,3,0.0,12,0.0,2,0.0,0,0,0,0,53.0,0.0,4.0,0,phase_0,rl_policy_v3,,,
3160.0,0,49,67.0,1.367,3,0.0,3,0.0,9,0.0,2,0.0,0,0,0,0,62.0,0.0,5.0,0,phase_0,rl_policy_v3,,,
3161.0,0,49,78.0,1.592,3,0.0,3,0.0,9,0.0,2,0.0,0,0,0,0,72.0,0.0,6.0,0,phase_0,rl_policy_v3,,,
3162.0,0,49,90.0,1.837,3,0.0,3,1.0,8,0.0,2,0.0,0,0,0,0,82.0,1.0,7.0,0,phase_0,rl_policy_v3,,,
3163.0,0,49,104.0,2.122,3,1.0,3,2.0,7,0.0,2,0.0,0,0,0,0,93.0,3.0,8.0,0,phase_0,rl_policy_v3,,,
3164.0,0,49,119.0,2.429,3,2.0,3,3.0,6,0.0,2,0.0,0,0,0,0,105.0,5.0,9.0,0,phase_0,rl_policy_v3,,,
3165.0,0,51,136.0,2.667,3,3.0,3,5.0,7,0.0,2,0.0,0,2,0,0,118.0,8.0,10.0,0,phase_0,rl_policy_v3,,,
3166.0,0,51,154.0,3.02,3,4.0,3,7.0,6,0.0,2,0.0,0,2,0,0,132.0,11.0,11.0,0,phase_0,rl_policy_v3,,,
3167.0,0,51,173.0,3.392,3,5.0,3,9.0,6,0.0,2,0.0,0,2,0,0,147.0,14.0,12.0,0,phase_0,rl_policy_v3,,,
3168.0,0,52,191.0,3.673,3,7.0,3,11.0,6,0.0,2,0.0,1,2,0,0,160.0,18.0,13.0,0,phase_0,rl_policy_v3,,,
3169.0,0,57,211.0,3.702,4,9.0,4,13.0,6,0.0,2,0.0,0,0,0,0,175.0,22.0,14.0,0,phase_0,rl_policy_v3,,,
3170.0,0,60,233.0,3.883,4,11.0,4,15.0,6,0.0,2,0.0,0,0,0,0,192.0,26.0,15.0,0,phase_0,rl_policy_v3,,,
3171.0,0,59,247.0,4.186,4,13.0,4,10.0,5,0.0,2,0.0,0,0,0,0,208.0,23.0,16.0,0,phase_0,rl_policy_v3,,,
3172.0,0,60,267.0,4.45,4,15.0,4,11.0,5,0.0,2,0.0,0,0,0,0,224.0,26.0,17.0,0,phase_0,rl_policy_v3,,,
3173.0,0,60,289.0,4.817,4,17.0,4,12.0,5,0.0,2,0.0,0,0,0,0,242.0,29.0,18.0,0,phase_0,rl_policy_v3,,,
3174.0,0,59,313.0,5.305,4,19.0,4,14.0,5,0.0,2,0.0,0,0,0,0,261.0,33.0,19.0,0,phase_0,rl_policy_v3,,,
3175.0,0,60,338.0,5.633,4,21.0,4,16.0,6,0.0,2,0.0,0,0,0,0,281.0,37.0,20.0,0,phase_0,rl_policy_v3,,,
3176.0,0,60,363.0,6.05,4,23.0,4,18.0,6,0.0,2,0.0,0,0,0,0,301.0,41.0,21.0,0,phase_0,rl_policy_v3,,,
3177.0,0,58,389.0,6.707,4,25.0,4,20.0,6,0.0,2,0.0,0,0,0,0,322.0,45.0,22.0,0,phase_0,rl_policy_v3,,,
3178.0,0,56,416.0,7.429,4,27.0,4,22.0,5,0.0,1,0.0,0,0,0,0,344.0,49.0,23.0,0,phase_0,rl_policy_v3,,,
3179.0,0,56,443.0,7.911,4,29.0,4,24.0,5,0.0,1,0.0,0,0,0,0,366.0,53.0,24.0,0,phase_0,rl_policy_v3,,,
3180.0,0,58,470.0,8.103,4,31.0,4,26.0,4,0.0,1,0.0,0,0,0,0,388.0,57.0,25.0,0,phase_0,rl_policy_v3,,,
3181.0,0,58,498.0,8.586,4,33.0,4,28.0,4,0.0,1,0.0,0,0,0,0,411.0,61.0,26.0,0,phase_0,rl_policy_v3,,,
3182.0,0,59,526.0,8.915,4,35.0,4,30.0,4,0.0,1,0.0,0,0,0,0,434.0,65.0,27.0,0,phase_0,rl_policy_v3,,,
3183.0,0,59,554.0,9.39,4,37.0,4,32.0,4,0.0,1,0.0,0,0,0,0,457.0,69.0,28.0,0,phase_0,rl_policy_v3,,,
3184.0,0,58,582.0,10.034,4,39.0,4,34.0,4,0.0,1,0.0,0,0,0,0,480.0,73.0,29.0,0,phase_0,rl_policy_v3,,,
3185.0,0,57,612.0,10.737,4,41.0,4,37.0,4,0.0,1,0.0,0,2,0,0,503.0,78.0,31.0,0,phase_0,rl_policy_v3,,,
3186.0,0,58,643.0,11.086,4,44.0,4,40.0,4,0.0,1,0.0,2,2,0,0,526.0,84.0,33.0,0,phase_0,rl_policy_v3,,,
3187.0,1,57,602.0,10.561,4,47.0,4,43.0,5,0.0,1,0.0,2,2,0,0,509.0,90.0,3.0,0,phase_1,rl_policy_v3,,,
3188.0,1,56,589.0,10.518,4,50.0,4,46.0,5,0.0,1,0.0,2,2,0,0,493.0,96.0,0.0,0,phase_1,rl_policy_v3,,,
3189.0,1,56,579.0,10.339,4,53.0,4,49.0,5,0.0,1,0.0,2,2,0,0,477.0,102.0,0.0,0,phase_1,rl_policy_v3,,,
3190.0,2,52,472.0,9.077,2,5.0,2,6.0,6,0.0,1,0.0,1,1,0,0,460.0,11.0,1.0,0,phase_2,rl_policy_v3,,,
3191.0,2,54,443.0,8.204,2,0.0,2,0.0,7,0.0,2,0.0,0,0,0,0,441.0,0.0,2.0,0,phase_2,rl_policy_v3,,,
3192.0,2,54,426.0,7.889,2,0.0,2,0.0,7,0.0,2,0.0,0,0,0,0,422.0,0.0,4.0,0,phase_2,rl_policy_v3,,,
3193.0,2,55,410.0,7.455,3,0.0,3,0.0,7,0.0,2,0.0,0,0,0,0,403.0,0.0,7.0,0,phase_2,rl_policy_v3,,,
3194.0,2,58,395.0,6.81,4,0.0,4,0.0,7,0.0,3,0.0,0,0,0,0,385.0,0.0,10.0,0,phase_2,rl_policy_v3,,,
3195.0,2,57,381.0,6.684,4,0.0,4,0.0,7,0.0,3,0.0,0,0,0,0,366.0,0.0,15.0,0,phase_2,rl_policy_v3,,,
3196.0,2,58,370.0,6.379,4,1.0,4,1.0,8,1.0,3,0.0,0,0,0,0,346.0,3.0,21.0,0,phase_2,rl_policy_v3,,,
3197.0,2,57,357.0,6.263,4,0.0,3,0.0,8,2.0,3,0.0,0,0,0,0,327.0,2.0,28.0,0,phase_2,rl_policy_v3,,,
3198.0,2,56,344.0,6.143,3,0.0,3,0.0,8,3.0,3,0.0,0,0,0,0,305.0,3.0,36.0,0,phase_2,rl_policy_v3,,,
3199.0,2,58,333.0,5.741,3,0.0,3,0.0,9,5.0,3,0.0,0,0,1,0,283.0,5.0,45.0,0,phase_2,rl_policy_v3,,,
3200.0,3,55,274.0,4.982,3,0.0,3,0.0,9,8.0,3,0.0,0,0,0,0,240.0,8.0,26.0,0,phase_3,rl_policy_v3,,,
3201.0,3,55,240.0,4.364,3,0.0,3,0.0,9,11.0,3,0.0,0,0,0,0,216.0,11.0,13.0,0,phase_3,rl_policy_v3,,,
3202.0,3,55,245.0,4.455,3,0.0,3,0.0,9,14.0,3,0.0,0,0,0,0,225.0,14.0,6.0,0,phase_3,rl_policy_v3,,,
3203.0,0,50,208.0,4.16,3,0.0,3,0.0,7,4.0,3,0.0,0,0,0,0,200.0,4.0,4.0,0,phase_0,rl_policy_v3,,,
3204.0,0,50,177.0,3.54,3,0.0,3,0.0,7,0.0,3,0.0,0,0,0,0,175.0,0.0,2.0,0,phase_0,rl_policy_v3,,,
3205.0,0,51,151.0,2.961,3,0.0,3,0.0,7,0.0,3,0.0,0,0,0,0,150.0,0.0,1.0,0,phase_0,rl_policy_v3,,,
3206.0,0,50,124.0,2.48,3,0.0,3,0.0,7,0.0,3,0.0,0,0,0,0,124.0,0.0,0.0,0,phase_0,rl_policy_v3,,,
3207.0,0,50,92.0,1.84,3,0.0,3,0.0,6,0.0,3,0.0,0,0,0,0,92.0,0.0,0.0,0,phase_0,rl_policy_v3,,,
3208.0,0,50,62.0,1.24,3,0.0,3,0.0,6,0.0,3,0.0,0,0,0,0,62.0,0.0,0.0,0,phase_0,rl_policy_v3,,,
3209.0,0,50,65.0,1.3,3,0.0,3,1.0,6,0.0,3,0.0,0,0,0,0,64.0,1.0,0.0,0,phase_0,rl_policy_v3,,,
3210.0,0,49,36.0,0.735,3,1.0,3,2.0,6,0.0,3,0.0,0,0,0,0,33.0,3.0,0.0,0,phase_0,rl_policy_v3,,,
3211.0,0,51,10.0,0.196,3,2.0,3,4.0,7,0.0,3,0.0,0,2,0,0,4.0,6.0,0.0,0,phase_0,rl_policy_v3,,,
3212.0,0,50,13.0,0.26,3,3.0,3,6.0,7,0.0,3,0.0,0,1,0,0,4.0,9.0,0.0,0,phase_0,rl_policy_v3,,,
3213.0,0,50,12.0,0.24,3,4.0,3,5.0,7,0.0,3,0.0,0,0,0,0,3.0,9.0,0.0,0,phase_0,rl_policy_v3,,,
3214.0,0,50,17.0,0.34,3,5.0,3,6.0,7,0.0,3,0.0,0,0,0,0,6.0,11.0,0.0,0,phase_0,rl_policy_v3,,,
3215.0,0,47,20.0,0.426,3,6.0,3,7.0,7,0.0,2,0.0,0,0,0,0,7.0,13.0,0.0,0,phase_0,rl_policy_v3,,,
3216.0,0,49,26.0,0.531,3,8.0,3,8.0,8,0.0,2,0.0,1,0,0,0,10.0,16.0,0.0,0,phase_0,rl_policy_v3,,,
3217.0,0,49,34.0,0.694,4,10.0,4,10.0,8,0.0,2,0.0,0,0,0,0,14.0,20.0,0.0,0,phase_0,rl_policy_v3,,,
3218.0,0,49,42.0,0.857,4,12.0,4,12.0,8,0.0,2,0.0,0,0,0,0,18.0,24.0,0.0,0,phase_0,rl_policy_v3,,,
3219.0,0,49,51.0,1.041,4,14.0,4,14.0,8,0.0,2,0.0,0,0,0,0,23.0,28.0,0.0,0,phase_0,rl_policy_v3,,,
3220.0,0,47,61.0,1.298,4,16.0,4,16.0,7,0.0,1,0.0,0,0,0,0,29.0,32.0,0.0,0,phase_0,rl_policy_v3,,,
3221.0,0,48,71.0,1.479,4,18.0,4,18.0,6,0.0,1,0.0,0,0,0,0,35.0,36.0,0.0,0,phase_0,rl_policy_v3,,,
3222.0,0,50,82.0,1.64,4,20.0,4,20.0,6,0.0,2,0.0,0,0,0,0,42.0,40.0,0.0,0,phase_0,rl_policy_v3,,,
3223.0,0,49,94.0,1.918,4,22.0,4,22.0,6,0.0,1,0.0,0,0,0,0,50.0,44.0,0.0,0,phase_0,rl_policy_v3,,,
3224.0,0,50,106.0,2.12,4,24.0,4,24.0,6,0.0,1,0.0,0,0,0,0,58.0,48.0,0.0,0,phase_0,rl_policy_v3,,,
3225.0,0,50,120.0,2.4,4,26.0,4,26.0,6,0.0,1,0.0,0,0,0,0,67.0,52.0,1.0,0,phase_0,rl_policy_v3,,,
3226.0,0,46,134.0,2.913,4,28.0,4,28.0,3,0.0,1,0.0,0,0,0,0,76.0,56.0,2.0,0,phase_0,rl_policy_v3,,,
3227.0,0,48,149.0,3.104,4,30.0,4,30.0,4,0.0,1,0.0,0,0,0,0,86.0,60.0,3.0,0,phase_0,rl_policy_v3,,,
3228.0,0,49,165.0,3.367,4,32.0,4,32.0,4,0.0,1,0.0,0,0,0,0,97.0,64.0,4.0,0,phase_0,rl_policy_v3,,,
3229.0,0,47,182.0,3.872,4,34.0,4,34.0,4,0.0,1,0.0,0,0,0,0,109.0,68.0,5.0,0,phase_0,rl_policy_v3,,,
3230.0,0,48,199.0,4.146,4,36.0,4,36.0,4,0.0,1,0.0,0,0,0,0,121.0,72.0,6.0,1,phase_0,rl_policy_v3,,,
3231.0,0,49,217.0,4.429,4,38.0,4,38.0,4,0.0,1,0.0,0,0,0,0,134.0,76.0,7.0,1,phase_0,rl_policy_v3,,,
3232.0,0,49,235.0,4.796,4,40.0,4,40.0,4,0.0,1,0.0,0,0,0,0,147.0,80.0,8.0,1,phase_0,rl_policy_v3,,,
3233.0,0,49,256.0,5.224,4,44.0,4,42.0,4,0.0,1,0.0,4,4,0,0,161.0,86.0,9.0,1,phase_0,rl_policy_v3,,,
3234.0,0,49,279.0,5.694,4,48.0,4,45.0,4,0.0,1,0.0,4,4,0,0,176.0,93.0,10.0,1,phase_0,rl_policy_v3,,,
3235.0,0,49,304.0,6.204,4,52.0,4,49.0,4,0.0,1,0.0,4,4,0,0,192.0,101.0,11.0,1,phase_0,rl_policy_v3,,,
3236.0,0,46,330.0,7.174,4,56.0,4,53.0,3,0.0,1,0.0,4,4,0,0,209.0,109.0,12.0,1,phase_0,rl_policy_v3,,,
3237.0,1,48,357.0,7.438,4,60.0,4,57.0,4,0.0,1,0.0,4,4,0,0,227.0,117.0,13.0,1,phase_1,rl_policy_v3,,,
3238.0,1,48,385.0,8.021,4,64.0,4,61.0,4,0.0,1,0.0,4,4,0,0,246.0,125.0,14.0,1,phase_1,rl_policy_v3,,,
3239.0,1,48,411.0,8.562,4,68.0,4,65.0,4,0.0,1,0.0,4,4,0,0,263.0,133.0,15.0,1,phase_1,rl_policy_v3,,,
3240.0,2,42,282.0,6.714,2,16.0,2,13.0,4,0.0,1,0.0,2,2,0,0,253.0,29.0,0.0,1,phase_2,rl_policy_v3,,,
3241.0,2,49,244.0,4.98,4,0.0,4,0.0,4,0.0,1,0.0,0,0,0,0,244.0,0.0,0.0,1,phase_2,rl_policy_v3,,,
3242.0,2,52,237.0,4.558,5,0.0,5,0.0,4,0.0,1,0.0,0,0,0,0,236.0,0.0,1.0,1,phase_2,rl_policy_v3,,,
3243.0,2,52,230.0,4.423,5,0.0,5,0.0,4,0.0,1,0.0,0,0,0,0,227.0,0.0,3.0,1,phase_2,rl_policy_v3,,,
3244.0,2,54,224.0,4.148,5,0.0,5,0.0,4,0.0,2,0.0,0,0,0,0,219.0,0.0,5.0,1,phase_2,rl_policy_v3,,,
3245.0,2,54,219.0,4.056,5,0.0,5,0.0,4,0.0,2,0.0,0,0,0,0,212.0,0.0,7.0,1,phase_2,rl_policy_v3,,,
3246.0,2,53,237.0,4.472,5,0.0,5,0.0,4,0.0,2,0.0,0,0,0,0,228.0,0.0,9.0,1,phase_2,rl_policy_v3,,,
3247.0,2,52,235.0,4.519,4,1.0,4,1.0,5,0.0,2,0.0,0,0,0,0,222.0,2.0,11.0,1,phase_2,rl_policy_v3,,,
3248.0,2,53,231.0,4.358,4,2.0,4,2.0,5,0.0,2,0.0,0,0,0,0,214.0,4.0,13.0,1,phase_2,rl_policy_v3,,,
3249.0,2,53,226.0,4.264,4,3.0,4,3.0,5,0.0,2,0.0,0,0,0,0,205.0,6.0,15.0,1,phase_2,rl_policy_v3,,,
3250.0,2,54,222.0,4.111,4,4.0,4,4.0,5,1.0,2,0.0,0,0,1,0,196.0,9.0,17.0,1,phase_2,rl_policy_v3,,,
3251.0,2,54,219.0,4.056,4,5.0,4,5.0,5,3.0,2,0.0,0,0,1,0,187.0,13.0,19.0,1,phase_2,rl_policy_v3,,,
3252.0,2,54,210.0,3.889,3,0.0,4,6.0,6,5.0,2,0.0,0,0,0,0,178.0,11.0,21.0,1,phase_2,rl_policy_v3,,,
3253.0,2,53,222.0,4.189,3,0.0,3,0.0,6,7.0,2,0.0,0,0,1,0,192.0,7.0,23.0,1,phase_2,rl_policy_v3,,,
3254.0,2,52,217.0,4.173,3,0.0,3,0.0,6,9.0,2,0.0,0,0,1,0,182.0,9.0,26.0,1,phase_2,rl_policy_v3,,,
3255.0,2,53,213.0,4.019,3,0.0,3,0.0,7,11.0,2,0.0,0,0,0,0,173.0,11.0,29.0,1,phase_2,rl_policy_v3,,,
3256.0,2,52,209.0,4.019,3,0.0,3,0.0,7,13.0,2,1.0,0,0,1,0,163.0,14.0,32.0,1,phase_2,rl_policy_v3,,,
3257.0,2,52,205.0,3.942,3,0.0,3,0.0,7,15.0,2,2.0,0,0,1,0,152.0,17.0,36.0,1,phase_2,rl_policy_v3,,,
3258.0,2,52,200.0,3.846,3,0.0,3,0.0,7,17.0,3,3.0,0,0,1,0,140.0,20.0,40.0,1,phase_2,rl_policy_v3,,,
3259.0,2,51,195.0,3.824,3,0.0,3,0.0,7,19.0,3,4.0,0,0,0,0,127.0,23.0,45.0,1,phase_2,rl_policy_v3,,,
3260.0,2,52,193.0,3.712,3,1.0,3,0.0,8,22.0,3,5.0,0,0,0,0,115.0,28.0,50.0,1,phase_2,rl_policy_v3,,,
3261.0,2,51,214.0,4.196,3,3.0,3,1.0,8,25.0,3,6.0,2,0,0,0,124.0,35.0,55.0,1,phase_2,rl_policy_v3,,,
3262.0,2,53,213.0,4.019,3,5.0,3,2.0,8,28.0,4,7.0,2,0,0,0,111.0,42.0,60.0,1,phase_2,rl_policy_v3,,,
3263.0,2,53,211.0,3.981,3,7.0,2,1.0,9,31.0,4,8.0,2,1,0,0,99.0,47.0,65.0,1,phase_2,rl_policy_v3,,,
3264.0,2,52,210.0,4.038,3,9.0,2,0.0,9,34.0,4,9.0,2,0,0,0,88.0,52.0,70.0,1,phase_2,rl_policy_v3,,,
3265.0,2,56,210.0,3.75,4,11.0,3,0.0,10,37.0,4,10.0,0,0,0,0,77.0,58.0,75.0,1,phase_2,rl_policy_v3,,,
3266.0,2,54,197.0,3.648,3,0.0,2,0.0,10,40.0,4,11.0,0,0,0,0,66.0,51.0,80.0,1,phase_2,rl_policy_v3,,,
3267.0,2,53,214.0,4.038,3,0.0,2,0.0,10,43.0,4,12.0,0,0,0,0,74.0,55.0,85.0,1,phase_2,rl_policy_v3,,,
3268.0,2,53,233.0,4.396,3,0.0,2,0.0,10,46.0,4,13.0,0,0,0,0,83.0,59.0,91.0,1,phase_2,rl_policy_v3,,,
3269.0,2,54,252.0,4.667,3,0.0,2,0.0,11,49.0,4,14.0,0,0,0,0,92.0,63.0,97.0,1,phase_2,rl_policy_v3,,,
3270.0,2,53,272.0,5.132,2,0.0,2,0.0,11,52.0,4,15.0,0,0,0,0,102.0,67.0,103.0,1,phase_2,rl_policy_v3,,,
3271.0,2,53,283.0,5.34,2,0.0,2,0.0,11,56.0,4,16.0,0,0,0,0,102.0,72.0,109.0,1,phase_2,rl_policy_v3,,,
3272.0,2,54,295.0,5.463,2,0.0,2,0.0,11,60.0,4,17.0,0,0,0,0,103.0,77.0,115.0,1,phase_2,rl_policy_v3,,,
3273.0,2,57,307.0,5.386,2,0.0,2,0.0,12,64.0,4,18.0,0,0,0,0,104.0,82.0,121.0,1,phase_2,rl_policy_v3,,,
3274.0,2,50,178.0,3.56,2,0.0,2,0.0,12,68.0,4,19.0,0,0,0,0,47.0,87.0,44.0,1,phase_2,rl_policy_v3,,,
3275.0,2,51,155.0,3.039,2,0.0,2,0.0,13,72.0,4,20.0,0,0,0,0,55.0,92.0,8.0,1,phase_2,rl_policy_v3,,,
3276.0,2,51,163.0,3.196,2,0.0,2,0.0,13,76.0,4,21.0,0,0,0,0,66.0,97.0,0.0,1,phase_2,rl_policy_v3,,,
3277.0,2,52,180.0,3.462,2,0.0,2,0.0,13,80.0,4,22.0,0,0,0,0,78.0,102.0,0.0,1,phase_2,rl_policy_v3,,,
3278.0,2,51,198.0,3.882,2,0.0,2,0.0,13,85.0,4,23.0,0,0,0,0,90.0,108.0,0.0,1,phase_2,rl_policy_v3,,,
3279.0,2,49,216.0,4.408,1,0.0,2,0.0,13,90.0,4,24.0,0,0,0,0,102.0,114.0,0.0,1,phase_2,rl_policy_v3,,,
3280.0,2,51,235.0,4.608,1,0.0,2,0.0,14,95.0,4,25.0,0,0,0,0,115.0,120.0,0.0,1,phase_2,rl_policy_v3,,,
3281.0,2,51,256.0,5.02,1,0.0,2,0.0,14,100.0,4,27.0,0,0,0,1,129.0,127.0,0.0,1,phase_2,rl_policy_v3,,,
3282.0,3,52,278.0,5.346,1,0.0,2,0.0,15,105.0,4,29.0,0,0,0,1,144.0,134.0,0.0,1,phase_3,rl_policy_v3,,,
3283.0,3,53,301.0,5.679,1,0.0,2,0.0,15,110.0,4,31.0,0,0,0,1,160.0,141.0,0.0,1,phase_3,rl_policy_v3,,,
3284.0,3,53,324.0,6.113,1,0.0,2,0.0,15,115.0,4,33.0,0,0,0,1,176.0,148.0,0.0,1,phase_3,rl_policy_v3,,,
3285.0,0,50,216.0,4.32,1,0.0,2,0.0,13,23.0,2,0.0,0,0,0,0,193.0,23.0,0.0,1,phase_0,rl_policy_v3,,,
3286.0,0,49,211.0,4.306,1,0.0,2,0.0,12,0.0,2,0.0,0,0,0,0,211.0,0.0,0.0,1,phase_0,rl_policy_v3,,,
3287.0,0,48,229.0,4.771,1,0.0,2,0.0,12,0.0,2,0.0,0,0,0,0,229.0,0.0,0.0,1,phase_0,rl_policy_v3,,,
3288.0,0,47,248.0,5.277,1,0.0,2,0.0,11,0.0,2,0.0,0,0,0,0,248.0,0.0,0.0,1,phase_0,rl_policy_v3,,,
3289.0,0,52,268.0,5.154,2,0.0,3,0.0,11,0.0,1,0.0,0,0,0,0,268.0,0.0,0.0,1,phase_0,rl_policy_v3,,,
3290.0,0,54,289.0,5.352,3,0.0,4,1.0,11,0.0,1,0.0,0,0,0,0,288.0,1.0,0.0,1,phase_0,rl_policy_v3,,,
3291.0,0,55,310.0,5.636,3,0.0,4,2.0,8,0.0,1,0.0,0,0,0,0,308.0,2.0,0.0,1,phase_0,rl_policy_v3,,,
3292.0,0,54,332.0,6.148,3,0.0,4,3.0,8,0.0,1,0.0,0,0,0,0,329.0,3.0,0.0,1,phase_0,rl_policy_v3,,,
3293.0,0,58,356.0,6.138,3,0.0,4,4.0,8,0.0,2,0.0,0,0,0,0,352.0,4.0,0.0,1,phase_0,rl_policy_v3,,,
3294.0,0,58,378.0,6.517,3,0.0,4,5.0,8,0.0,2,0.0,0,0,0,0,373.0,5.0,0.0,1,phase_0,rl_policy_v3,,,
3295.0,0,58,403.0,6.948,3,0.0,4,6.0,8,0.0,2,0.0,0,0,0,0,396.0,6.0,1.0,1,phase_0,rl_policy_v3,,,
3296.0,0,57,429.0,7.526,3,0.0,4,7.0,7,0.0,2,0.0,0,0,0,0,420.0,7.0,2.0,1,phase_0,rl_policy_v3,,,
3297.0,0,57,455.0,7.982,3,0.0,4,8.0,7,0.0,2,0.0,0,0,0,0,444.0,8.0,3.0,1,phase_0,rl_policy_v3,,,
3298.0,0,55,481.0,8.745,3,0.0,4,9.0,7,0.0,1,0.0,0,0,0,0,468.0,9.0,4.0,1,phase_0,rl_policy_v3,,,
3299.0,0,56,507.0,9.054,3,0.0,4,10.0,8,0.0,1,0.0,0,0,0,0,492.0,10.0,5.0,1,phase_0,rl_policy_v3,,,
3300.0,0,57,533.0,9.351,3,0.0,4,11.0,8,0.0,1,0.0,0,0,0,0,516.0,11.0,6.0,1,phase_0,rl_policy_v3,,,
3301.0,0,54,529.0,9.796,3,0.0,4,12.0,7,0.0,1,0.0,0,0,0,0,510.0,12.0,7.0,1,phase_0,rl_policy_v3,,,
3302.0,0,53,524.0,9.887,3,0.0,4,13.0,6,0.0,1,0.0,0,0,0,0,503.0,13.0,8.0,1,phase_0,rl_policy_v3,,,
3303.0,0,55,518.0,9.418,3,0.0,4,14.0,6,0.0,1,0.0,0,0,0,0,495.0,14.0,9.0,1,phase_0,rl_policy_v3,,,
3304.0,1,56,500.0,8.929,3,0.0,4,15.0,6,0.0,1,0.0,0,0,0,0,475.0,15.0,10.0,1,phase_1,rl_policy_v3,,,
3305.0,1,55,481.0,8.745,3,0.0,4,16.0,6,0.0,1,0.0,0,0,0,0,454.0,16.0,11.0,1,phase_1,rl_policy_v3,,,
3306.0,1,55,464.0,8.436,3,0.0,4,17.0,6,0.0,1,0.0,0,0,0,0,435.0,17.0,12.0,1,phase_1,rl_policy_v3,,,
3307.0,2,52,416.0,8.0,2,0.0,2,0.0,6,0.0,1,0.0,0,0,0,0,416.0,0.0,0.0,1,phase_2,rl_policy_v3,,,
3308.0,2,51,397.0,7.784,2,0.0,2,0.0,6,0.0,1,0.0,0,0,0,0,396.0,0.0,1.0,1,phase_2,rl_policy_v3,,,
3309.0,2,52,415.0,7.981,2,0.0,2,0.0,7,0.0,1,0.0,0,0,0,0,413.0,0.0,2.0,1,phase_2,rl_policy_v3,,,
3310.0,2,49,395.0,8.061,1,0.0,1,0.0,7,1.0,1,0.0,0,0,1,0,391.0,1.0,3.0,1,phase_2,rl_policy_v3,,,
3311.0,2,50,377.0,7.54,1,0.0,1,0.0,7,2.0,2,0.0,0,0,1,0,371.0,2.0,4.0,1,phase_2,rl_policy_v3,,,
3312.0,2,51,357.0,7.0,1,0.0,1,0.0,8,3.0,2,0.0,0,0,1,0,349.0,3.0,5.0,1,phase_2,rl_policy_v3,,,
3313.0,2,55,337.0,6.127,2,0.0,2,0.0,8,5.0,2,0.0,0,0,1,0,326.0,5.0,6.0,1,phase_2,rl_policy_v3,,,
3314.0,2,59,318.0,5.39,2,0.0,2,0.0,9,7.0,2,0.0,0,0,1,0,304.0,7.0,7.0,1,phase_2,rl_policy_v3,,,
3315.0,2,59,299.0,5.068,2,0.0,2,0.0,9,10.0,2,0.0,0,0,1,0,281.0,10.0,8.0,1,phase_2,rl_policy_v3,,,
3316.0,2,59,279.0,4.729,2,0.0,2,0.0,9,13.0,2,0.0,0,0,1,0,257.0,13.0,9.0,1,phase_2,rl_policy_v3,,,
3317.0,2,59,259.0,4.39,2,0.0,2,0.0,9,16.0,2,0.0,0,0,1,0,233.0,16.0,10.0,1,phase_2,rl_policy_v3,,,
3318.0,2,58,239.0,4.121,2,0.0,2,0.0,9,19.0,2,0.0,0,0,1,0,209.0,19.0,11.0,1,phase_2,rl_policy_v3,,,
3319.0,2,59,218.0,3.695,2,0.0,2,0.0,10,22.0,2,0.0,0,0,1,0,184.0,22.0,12.0,1,phase_2,rl_policy_v3,,,
3320.0,2,58,195.0,3.362,2,0.0,2,0.0,10,25.0,2,0.0,0,0,1,0,156.0,25.0,14.0,1,phase_2,rl_policy_v3,,,
3321.0,2,58,174.0,3.0,2,0.0,2,0.0,10,28.0,2,0.0,0,0,1,0,129.0,28.0,17.0,1,phase_2,rl_policy_v3,,,
3322.0,2,59,187.0,3.169,2,0.0,2,0.0,11,32.0,2,0.0,0,0,1,0,135.0,32.0,20.0,1,phase_2,rl_policy_v3,,,
3323.0,2,58,169.0,2.914,2,0.0,2,0.0,11,36.0,2,0.0,0,0,1,0,108.0,36.0,25.0,1,phase_2,rl_policy_v3,,,
3324.0,2,60,152.0,2.533,2,0.0,2,0.0,12,40.0,2,0.0,0,0,1,0,81.0,40.0,31.0,1,phase_2,rl_policy_v3,,,
3325.0,2,60,138.0,2.3,2,0.0,2,0.0,12,44.0,2,1.0,0,0,1,0,55.0,45.0,38.0,1,phase_2,rl_policy_v3,,,
3326.0,2,59,123.0,2.085,2,0.0,2,0.0,12,48.0,2,2.0,0,0,1,0,28.0,50.0,45.0,1,phase_2,rl_policy_v3,,,
3327.0,2,58,139.0,2.397,1,0.0,1,0.0,13,52.0,2,3.0,0,0,0,0,32.0,55.0,52.0,1,phase_2,rl_policy_v3,,,
3328.0,2,59,156.0,2.644,1,0.0,1,0.0,13,56.0,2,4.0,0,0,0,0,36.0,60.0,60.0,1,phase_2,rl_policy_v3,,,
3329.0,2,56,174.0,3.107,1,0.0,1,0.0,13,60.0,2,5.0,0,0,0,0,41.0,65.0,68.0,1,phase_2,rl_policy_v3,,,
3330.0,2,57,191.0,3.351,1,0.0,1,0.0,13,64.0,3,6.0,0,0,0,0,44.0,70.0,77.0,1,phase_2,rl_policy_v3,,,
3331.0,2,59,211.0,3.576,1,0.0,1,0.0,14,69.0,3,7.0,0,0,2,0,49.0,76.0,86.0,1,phase_2,rl_policy_v3,,,
3332.0,2,59,232.0,3.932,1,0.0,1,0.0,14,74.0,4,8.0,0,0,2,0,55.0,82.0,95.0,1,phase_2,rl_policy_v3,,,
3333.0,2,61,253.0,4.148,1,0.0,1,0.0,15,79.0,4,9.0,0,0,2,0,61.0,88.0,104.0,1,phase_2,rl_policy_v3,,,
3334.0,2,62,272.0,4.387,1,0.0,1,0.0,15,84.0,4,10.0,0,0,2,0,64.0,94.0,114.0,1,phase_2,rl_policy_v3,,,
3335.0,2,61,290.0,4.754,1,0.0,1,0.0,15,89.0,4,11.0,0,0,2,0,66.0,100.0,124.0,1,phase_2,rl_policy_v3,,,
3336.0,2,62,310.0,5.0,1,0.0,1,0.0,16,95.0,4,12.0,0,0,2,0,69.0,107.0,134.0,1,phase_2,rl_policy_v3,,,
3337.0,2,64,331.0,5.172,2,0.0,2,0.0,16,101.0,4,13.0,0,0,2,0,73.0,114.0,144.0,1,phase_2,rl_policy_v3,,,
3338.0,2,66,352.0,5.333,3,0.0,3,0.0,16,107.0,4,14.0,0,0,2,0,77.0,121.0,154.0,1,phase_2,rl_policy_v3,,,
3339.0,2,66,374.0,5.667,3,0.0,3,0.0,16,113.0,4,15.0,0,0,2,0,82.0,128.0,164.0,1,phase_2,rl_policy_v3,,,
3340.0,2,67,398.0,5.94,3,0.0,3,0.0,17,120.0,4,16.0,0,0,2,0,87.0,136.0,175.0,1,phase_2,rl_policy_v3,,,
3341.0,2,67,422.0,6.299,3,0.0,3,0.0,17,127.0,4,17.0,0,0,0,0,92.0,144.0,186.0,1,phase_2,rl_policy_v3,,,
3342.0,2,66,447.0,6.773,3,0.0,3,0.0,17,134.0,4,18.0,0,0,0,0,97.0,152.0,198.0,1,phase_2,rl_policy_v3,,,
3343.0,2,68,474.0,6.971,3,0.0,3,0.0,18,142.0,4,19.0,0,0,0,0,102.0,161.0,211.0,1,phase_2,rl_policy_v3,,,
3344.0,2,69,502.0,7.275,3,0.0,3,0.0,18,150.0,4,21.0,0,0,0,0,107.0,171.0,224.0,1,phase_2,rl_policy_v3,,,
3345.0,2,70,530.0,7.571,3,0.0,3,0.0,19,158.0,4,23.0,0,0,0,0,112.0,181.0,237.0,1,phase_2,rl_policy_v3,,,
3346.0,2,67,474.0,7.075,3,0.0,3,0.0,19,166.0,4,25.0,0,0,0,0,33.0,191.0,250.0,1,phase_2,rl_policy_v3,,,
3347.0,3,67,468.0,6.985,3,0.0,3,0.0,19,174.0,4,27.0,0,0,0,0,4.0,201.0,263.0,1,phase_3,rl_policy_v3,,,
3348.0,3,67,492.0,7.343,3,0.0,3,0.0,19,183.0,4,29.0,0,0,0,0,4.0,212.0,276.0,1,phase_3,rl_policy_v3,,,
3349.0,3,67,519.0,7.746,3,0.0,3,0.0,19,193.0,4,31.0,0,0,0,1,6.0,224.0,289.0,1,phase_3,rl_policy_v3,,,
3350.0,0,59,295.0,5.0,3,0.0,3,0.0,17,88.0,2,0.0,0,0,0,0,9.0,88.0,198.0,1,phase_0,rl_policy_v3,,,
3351.0,0,58,163.0,2.81,3,0.0,3,0.0,17,28.0,2,0.0,0,0,0,0,12.0,28.0,123.0,1,phase_0,rl_policy_v3,,,
3352.0,0,60,78.0,1.3,3,0.0,3,0.0,18,5.0,2,0.0,0,0,0,0,16.0,5.0,57.0,1,phase_0,rl_policy_v3,,,
3353.0,0,55,33.0,0.6,3,0.0,3,0.0,15,1.0,2,0.0,0,0,0,0,21.0,1.0,11.0,1,phase_0,rl_policy_v3,,,
3354.0,0,59,28.0,0.475,3,0.0,3,1.0,15,0.0,2,0.0,0,0,0,0,27.0,1.0,0.0,1,phase_0,rl_policy_v3,,,
3355.0,0,58,37.0,0.638,3,1.0,3,2.0,13,0.0,2,0.0,0,0,0,0,34.0,3.0,0.0,1,phase_0,rl_policy_v3,,,
3356.0,0,59,46.0,0.78,3,2.0,3,3.0,12,0.0,2,0.0,2,2,0,0,41.0,5.0,0.0,1,phase_0,rl_policy_v3,,,
3357.0,0,59,60.0,1.017,3,5.0,3,6.0,12,0.0,2,0.0,3,3,0,0,49.0,11.0,0.0,1,phase_0,rl_policy_v3,,,
3358.0,0,58,74.0,1.276,3,8.0,3,9.0,10,0.0,2,0.0,3,3,0,0,57.0,17.0,0.0,1,phase_0,rl_policy_v3,,,
3359.0,0,57,89.0,1.561,3,11.0,3,12.0,10,0.0,2,0.0,3,3,0,0,66.0,23.0,0.0,1,phase_0,rl_policy_v3,,,
3360.0,0,56,104.0,1.857,3,14.0,3,15.0,9,0.0,2,0.0,3,3,0,0,75.0,29.0,0.0,1,phase_0,rl_policy_v3,,,
3361.0,0,60,120.0,2.0,5,17.0,5,18.0,10,0.0,1,0.0,0,0,0,0,85.0,35.0,0.0,1,phase_0,rl_policy_v3,,,
3362.0,1,61,137.0,2.246,5,20.0,5,21.0,9,0.0,1,0.0,0,0,0,0,96.0,41.0,0.0,1,phase_1,rl_policy_v3,,,
3363.0,1,61,155.0,2.541,5,23.0,5,24.0,9,0.0,1,0.0,0,0,0,0,108.0,47.0,0.0,1,phase_1,rl_policy_v3,,,
3364.0,1,60,174.0,2.9,5,26.0,5,27.0,9,0.0,1,0.0,0,0,0,0,121.0,53.0,0.0,1,phase_1,rl_policy_v3,,,
3365.0,2,59,153.0,2.593,4,9.0,4,9.0,9,0.0,1,0.0,0,0,0,0,135.0,18.0,0.0,1,phase_2,rl_policy_v3,,,
3366.0,2,60,149.0,2.483,4,0.0,4,0.0,9,1.0,2,0.0,0,0,0,0,148.0,1.0,0.0,1,phase_2,rl_policy_v3,,,
3367.0,2,58,166.0,2.862,3,0.0,3,0.0,9,3.0,2,0.0,0,0,0,0,162.0,3.0,1.0,1,phase_2,rl_policy_v3,,,
3368.0,2,56,185.0,3.304,2,0.0,2,0.0,9,5.0,2,1.0,0,0,0,1,177.0,6.0,2.0,1,phase_2,rl_policy_v3,,,
3369.0,2,57,206.0,3.614,2,0.0,2,0.0,9,8.0,2,2.0,0,0,0,0,193.0,10.0,3.0,1,phase_2,rl_policy_v3,,,
3370.0,2,56,228.0,4.071,2,0.0,2,0.0,9,11.0,2,3.0,0,0,0,0,210.0,14.0,4.0,1,phase_2,rl_policy_v3,,,
3371.0,2,57,251.0,4.404,2,0.0,2,0.0,10,15.0,2,4.0,0,0,0,0,227.0,19.0,5.0,1,phase_2,rl_policy_v3,,,
3372.0,2,57,274.0,4.807,2,0.0,2,0.0,10,19.0,2,5.0,0,0,0,0,244.0,24.0,6.0,1,phase_2,rl_policy_v3,,,
3373.0,2,57,298.0,5.228,2,0.0,2,0.0,10,23.0,2,6.0,0,0,0,0,262.0,29.0,7.0,1,phase_2,rl_policy_v3,,,
3374.0,2,57,324.0,5.684,2,0.0,2,0.0,10,28.0,2,7.0,0,0,0,0,281.0,35.0,8.0,1,phase_2,rl_policy_v3,,,
3375.0,2,58,351.0,6.052,2,0.0,2,0.0,10,33.0,2,8.0,0,0,0,0,301.0,41.0,9.0,1,phase_2,rl_policy_v3,,,
3376.0,2,56,380.0,6.786,1,0.0,1,0.0,10,39.0,2,9.0,0,0,2,0,322.0,48.0,10.0,1,phase_2,rl_policy_v3,,,
3377.0,2,56,409.0,7.304,1,0.0,1,0.0,10,45.0,2,10.0,0,0,2,0,343.0,55.0,11.0,1,phase_2,rl_policy_v3,,,
3378.0,2,56,439.0,7.839,1,0.0,1,0.0,10,51.0,2,11.0,0,0,2,0,365.0,62.0,12.0,1,phase_2,rl_policy_v3,,,
3379.0,2,55,436.0,7.927,1,0.0,1,0.0,10,57.0,2,12.0,0,0,2,0,354.0,69.0,13.0,1,phase_2,rl_policy_v3,,,
3380.0,2,55,434.0,7.891,1,0.0,1,0.0,10,63.0,2,13.0,0,0,2,0,344.0,76.0,14.0,1,phase_2,rl_policy_v3,,,
3381.0,2,55,432.0,7.855,1,0.0,1,0.0,10,69.0,2,14.0,0,0,2,0,334.0,83.0,15.0,1,phase_2,rl_policy_v3,,,
3382.0,2,54,430.0,7.963,1,0.0,1,0.0,10,75.0,2,15.0,0,0,2,0,324.0,90.0,16.0,1,phase_2,rl_policy_v3,,,
3383.0,2,54,427.0,7.907,1,0.0,1,0.0,11,81.0,2,16.0,0,0,5,0,313.0,97.0,17.0,1,phase_2,rl_policy_v3,,,
3384.0,2,53,423.0,7.981,1,0.0,1,0.0,11,87.0,2,17.0,0,0,2,0,301.0,104.0,18.0,1,phase_2,rl_policy_v3,,,
3385.0,2,57,420.0,7.368,2,0.0,2,0.0,11,94.0,2,18.0,0,0,2,0,289.0,112.0,19.0,1,phase_2,rl_policy_v3,,,
3386.0,3,61,418.0,6.852,3,0.0,3,0.0,12,101.0,2,19.0,0,0,2,0,278.0,120.0,20.0,1,phase_3,rl_policy_v3,,,
3387.0,3,60,417.0,6.95,3,0.0,3,0.0,12,109.0,2,20.0,0,0,2,0,267.0,129.0,21.0,1,phase_3,rl_policy_v3,,,
3388.0,3,60,444.0,7.4,3,0.0,3,0.0,12,117.0,2,21.0,0,0,2,0,284.0,138.0,22.0,1,phase_3,rl_policy_v3,,,
3389.0,0,55,330.0,6.0,3,0.0,3,0.0,9,57.0,1,0.0,0,0,1,0,272.0,57.0,1.0,1,phase_0,rl_policy_v3,,,
3390.0,0,54,273.0,5.056,3,0.0,3,0.0,9,10.0,1,0.0,0,0,0,0,260.0,10.0,3.0,1,phase_0,rl_policy_v3,,,
3391.0,0,55,255.0,4.636,3,0.0,3,0.0,10,0.0,1,0.0,0,0,0,0,248.0,0.0,7.0,1,phase_0,rl_policy_v3,,,
3392.0,0,53,243.0,4.585,3,0.0,3,0.0,7,0.0,1,0.0,0,0,0,0,232.0,0.0,11.0,1,phase_0,rl_policy_v3,,,
3393.0,0,55,233.0,4.236,3,0.0,3,0.0,7,0.0,2,0.0,0,0,0,0,217.0,0.0,16.0,1,phase_0,rl_policy_v3,,,
3394.0,0,54,224.0,4.148,3,0.0,3,0.0,6,0.0,2,0.0,0,0,0,0,203.0,0.0,21.0,1,phase_0,rl_policy_v3,,,
3395.0,0,56,240.0,4.286,3,0.0,3,0.0,5,0.0,2,0.0,0,0,0,0,213.0,0.0,27.0,1,phase_0,rl_policy_v3,,,
3396.0,0,58,229.0,3.948,3,0.0,3,0.0,5,0.0,2,0.0,0,0,0,0,197.0,0.0,32.0,1,phase_0,rl_policy_v3,,,
3397.0,0,58,194.0,3.345,3,0.0,3,0.0,6,0.0,1,0.0,0,0,0,0,155.0,0.0,39.0,1,phase_0,rl_policy_v3,,,
3398.0,0,59,179.0,3.034,3,0.0,3,0.0,6,0.0,1,0.0,0,0,0,0,133.0,0.0,46.0,1,phase_0,rl_policy_v3,,,
3399.0,0,58,168.0,2.897,3,0.0,3,0.0,6,0.0,1,0.0,0,0,0,0,115.0,0.0,53.0,1,phase_0,rl_policy_v3,,,
3400.0,0,56,156.0,2.786,3,0.0,3,0.0,6,0.0,1,0.0,0,0,0,0,96.0,0.0,60.0,1,phase_0,rl_policy_v3,,,
3401.0,0,55,144.0,2.618,3,0.0,3,0.0,5,0.0,2,0.0,0,0,0,0,77.0,0.0,67.0,1,phase_0,rl_policy_v3,,,
3402.0,0,53,94.0,1.774,3,0.0,3,1.0,5,0.0,2,0.0,0,0,0,0,58.0,1.0,35.0,1,phase_0,rl_policy_v3,,,
3403.0,0,55,57.0,1.036,3,1.0,3,2.0,6,0.0,3,0.0,2,0,0,0,39.0,3.0,15.0,1,phase_0,rl_policy_v3,,,
3404.0,0,54,59.0,1.093,3,3.0,3,4.0,6,0.0,3,0.0,2,2,0,0,44.0,7.0,8.0,1,phase_0,rl_policy_v3,,,
3405.0,0,53,35.0,0.66,3,5.0,3,6.0,7,0.0,3,0.0,2,1,0,0,24.0,11.0,0.0,1,phase_0,rl_policy_v3,,,
3406.0,0,54,42.0,0.778,3,7.0,3,5.0,7,0.0,3,0.0,2,0,0,0,30.0,12.0,0.0,1,phase_0,rl_policy_v3,,,
3407.0,0,54,52.0,0.963,3,9.0,3,6.0,7,0.0,3,0.0,1,0,0,0,37.0,15.0,0.0,1,phase_0,rl_policy_v3,,,
3408.0,0,54,58.0,1.074,3,6.0,3,7.0,7,0.0,3,0.0,0,0,0,0,45.0,13.0,0.0,1,phase_0,rl_policy_v3,,,
3409.0,0,56,68.0,1.214,4,7.0,4,8.0,7,0.0,3,0.0,0,0,0,0,53.0,15.0,0.0,1,phase_0,rl_policy_v3,,,
3410.0,0,55,78.0,1.418,4,8.0,4,9.0,7,0.0,3,0.0,0,0,0,0,61.0,17.0,0.0,1,phase_0,rl_policy_v3,,,
3411.0,0,55,89.0,1.618,4,9.0,4,10.0,7,0.0,3,0.0,0,0,0,0,70.0,19.0,0.0,1,phase_0,rl_policy_v3,,,
3412.0,0,55,101.0,1.836,4,10.0,4,12.0,7,0.0,3,0.0,0,0,0,0,79.0,22.0,0.0,1,phase_0,rl_policy_v3,,,
3413.0,0,55,116.0,2.109,4,12.0,4,14.0,7,0.0,3,0.0,0,0,0,0,90.0,26.0,0.0,1,phase_0,rl_policy_v3,,,
3414.0,0,55,131.0,2.382,4,14.0,4,16.0,8,0.0,3,0.0,0,0,0,0,101.0,30.0,0.0,1,phase_0,rl_policy_v3,,,
3415.0,0,54,147.0,2.722,4,16.0,4,18.0,7,0.0,3,0.0,0,0,0,0,113.0,34.0,0.0,1,phase_0,rl_policy_v3,,,
3416.0,0,56,163.0,2.911,4,18.0,4,20.0,7,0.0,3,0.0,0,0,0,0,125.0,38.0,0.0,1,phase_0,rl_policy_v3,,,
3417.0,0,55,179.0,3.255,4,20.0,4,22.0,7,0.0,3,0.0,0,0,0,0,137.0,42.0,0.0,1,phase_0,rl_policy_v3,,,
3418.0,0,54,196.0,3.63,4,22.0,4,24.0,6,0.0,3,0.0,0,0,0,0,150.0,46.0,0.0,1,phase_0,rl_policy_v3,,,
3419.0,0,54,214.0,3.963,4,24.0,4,26.0,6,0.0,3,0.0,0,0,0,0,164.0,50.0,0.0,1,phase_0,rl_policy_v3,,,
3420.0,0,55,233.0,4.236,4,26.0,4,28.0,6,0.0,3,0.0,0,0,0,0,179.0,54.0,0.0,1,phase_0,rl_policy_v3,,,
3421.0,0,56,252.0,4.5,4,28.0,4,30.0,5,0.0,3,0.0,0,0,0,0,194.0,58.0,0.0,2,phase_0,rl_policy_v3,,,
3422.0,0,56,272.0,4.857,4,30.0,4,32.0,6,0.0,2,0.0,0,0,0,0,210.0,62.0,0.0,2,phase_0,rl_policy_v3,,,
3423.0,0,57,293.0,5.14,4,32.0,4,34.0,5,0.0,2,0.0,0,0,0,0,227.0,66.0,0.0,2,phase_0,rl_policy_v3,,,
3424.0,0,56,313.0,5.589,4,34.0,4,36.0,5,0.0,2,0.0,0,0,0,0,243.0,70.0,0.0,2,phase_0,rl_policy_v3,,,
3425.0,0,56,335.0,5.982,4,36.0,4,38.0,5,0.0,2,0.0,0,2,0,0,261.0,74.0,0.0,2,phase_0,rl_policy_v3,,,
3426.0,0,56,358.0,6.393,4,38.0,4,41.0,5,0.0,2,0.0,0,2,0,0,279.0,79.0,0.0,2,phase_0,rl_policy_v3,,,
3427.0,0,56,383.0,6.839,4,41.0,4,44.0,5,0.0,2,0.0,2,2,0,0,298.0,85.0,0.0,2,phase_0,rl_policy_v3,,,
3428.0,0,54,409.0,7.574,4,44.0,4,47.0,5,0.0,2,0.0,2,2,0,0,318.0,91.0,0.0,2,phase_0,rl_policy_v3,,,
3429.0,0,53,437.0,8.245,4,47.0,4,50.0,5,0.0,2,0.0,2,2,0,0,340.0,97.0,0.0,2,phase_0,rl_policy_v3,,,
3430.0,0,51,463.0,9.078,4,50.0,4,53.0,4,0.0,2,0.0,2,2,0,0,360.0,103.0,0.0,2,phase_0,rl_policy_v3,,,
3431.0,1,48,492.0,10.25,4,53.0,4,56.0,4,0.0,2,0.0,2,2,0,0,383.0,109.0,0.0,2,phase_1,rl_policy_v3,,,
3432.0,1,51,521.0,10.216,4,56.0,4,59.0,5,0.0,2,0.0,2,2,0,0,406.0,115.0,0.0,2,phase_1,rl_policy_v3,,,
3433.0,1,53,552.0,10.415,5,59.0,5,62.0,5,0.0,2,1.0,0,0,0,1,430.0,122.0,0.0,2,phase_1,rl_policy_v3,,,
3434.0,2,51,473.0,9.275,4,8.0,4,9.0,5,0.0,2,2.0,0,0,0,1,454.0,19.0,0.0,2,phase_2,rl_policy_v3,,,
3435.0,3,51,481.0,9.431,4,0.0,4,0.0,5,0.0,2,3.0,0,0,0,1,478.0,3.0,0.0,2,phase_3,rl_policy_v3,,,
3436.0,3,51,507.0,9.941,4,0.0,4,0.0,5,1.0,2,4.0,0,0,1,1,502.0,5.0,0.0,2,phase_3,rl_policy_v3,,,
3437.0,3,51,533.0,10.451,4,0.0,4,0.0,5,2.0,2,5.0,0,0,1,0,526.0,7.0,0.0,2,phase_3,rl_policy_v3,,,
3438.0,0,50,551.0,11.02,4,0.0,4,1.0,4,0.0,3,0.0,0,0,0,0,550.0,1.0,0.0,2,phase_0,rl_policy_v3,,,
3439.0,0,49,577.0,11.776,4,1.0,4,2.0,4,0.0,2,0.0,0,0,0,0,574.0,3.0,0.0,2,phase_0,rl_policy_v3,,,
3440.0,0,49,603.0,12.306,4,2.0,4,3.0,4,0.0,2,0.0,0,0,0,0,598.0,5.0,0.0,2,phase_0,rl_policy_v3,,,
3441.0,0,48,629.0,13.104,4,3.0,4,4.0,4,0.0,2,0.0,0,0,0,0,622.0,7.0,0.0,2,phase_0,rl_policy_v3,,,
3442.0,0,51,610.0,11.961,4,4.0,4,5.0,5,0.0,3,0.0,0,0,0,0,601.0,9.0,0.0,2,phase_0,rl_policy_v3,,,
3443.0,0,51,590.0,11.569,4,5.0,4,6.0,5,0.0,3,0.0,0,0,0,0,579.0,11.0,0.0,2,phase_0,rl_policy_v3,,,
3444.0,0,50,570.0,11.4,4,6.0,4,7.0,5,0.0,3,0.0,0,0,0,0,557.0,13.0,0.0,2,phase_0,rl_policy_v3,,,
3445.0,0,51,550.0,10.784,4,7.0,4,8.0,5,0.0,3,0.0,0,0,0,0,535.0,15.0,0.0,2,phase_0,rl_policy_v3,,,
3446.0,0,51,530.0,10.392,4,8.0,4,9.0,6,0.0,3,0.0,0,0,0,0,513.0,17.0,0.0,2,phase_0,rl_policy_v3,,,
3447.0,0,51,509.0,9.98,4,9.0,4,10.0,5,0.0,3,0.0,0,0,0,0,490.0,19.0,0.0,2,phase_0,rl_policy_v3,,,
3448.0,0,52,488.0,9.385,4,10.0,4,11.0,6,0.0,3,0.0,0,0,0,0,466.0,21.0,1.0,2,phase_0,rl_policy_v3,,,
3449.0,0,53,466.0,8.792,4,11.0,4,12.0,6,0.0,3,0.0,0,0,0,0,441.0,23.0,2.0,2,phase_0,rl_policy_v3,,,
3450.0,0,53,446.0,8.415,4,13.0,4,13.0,6,0.0,3,0.0,0,0,0,0,417.0,26.0,3.0,2,phase_0,rl_policy_v3,,,
3451.0,0,52,427.0,8.212,4,15.0,4,15.0,6,0.0,2,0.0,2,0,0,0,393.0,30.0,4.0,1,phase_0,rl_policy_v3,,,
3452.0,0,50,407.0,8.14,4,18.0,4,17.0,5,0.0,2,0.0,2,2,0,0,367.0,35.0,5.0,1,phase_0,rl_policy_v3,,,
3453.0,0,52,390.0,7.5,4,21.0,4,20.0,6,0.0,2,0.0,2,2,0,0,343.0,41.0,6.0,1,phase_0,rl_policy_v3,,,
3454.0,0,51,372.0,7.294,4,24.0,4,23.0,6,0.0,2,0.0,2,2,0,0,318.0,47.0,7.0,1,phase_0,rl_policy_v3,,,
3455.0,0,51,352.0,6.902,4,27.0,4,26.0,6,0.0,2,0.0,2,2,0,0,291.0,53.0,8.0,1,phase_0,rl_policy_v3,,,
3456.0,0,52,336.0,6.462,4,30.0,4,29.0,7,0.0,2,0.0,2,2,0,0,265.0,59.0,12.0,1,phase_0,rl_policy_v3,,,
3457.0,0,57,319.0,5.596,5,33.0,5,32.0,7,0.0,2,0.0,0,0,0,0,238.0,65.0,16.0,1,phase_0,rl_policy_v3,,,
3458.0,1,59,339.0,5.746,5,36.0,5,35.0,8,0.0,2,0.0,0,0,0,0,248.0,71.0,20.0,1,phase_1,rl_policy_v3,,,
3459.0,1,59,324.0,5.492,5,39.0,5,38.0,8,0.0,2,0.0,0,0,0,0,223.0,77.0,24.0,1,phase_1,rl_policy_v3,,,
3460.0,1,59,306.0,5.186,5,42.0,5,41.0,8,0.0,2,0.0,0,0,0,0,195.0,83.0,28.0,1,phase_1,rl_policy_v3,,,
3461.0,2,54,214.0,3.963,3,10.0,3,9.0,8,0.0,2,0.0,0,0,0,0,163.0,19.0,32.0,1,phase_2,rl_policy_v3,,,
3462.0,2,52,173.0,3.327,3,0.0,3,0.0,8,0.0,2,0.0,0,0,0,0,137.0,0.0,36.0,1,phase_2,rl_policy_v3,,,
3463.0,2,53,148.0,2.792,3,0.0,3,0.0,9,0.0,2,0.0,0,0,0,0,108.0,0.0,40.0,1,phase_2,rl_policy_v3,,,
3464.0,2,51,125.0,2.451,2,0.0,2,0.0,9,0.0,2,0.0,0,0,0,0,81.0,0.0,44.0,1,phase_2,rl_policy_v3,,,
3465.0,2,48,65.0,1.354,2,0.0,2,0.0,9,1.0,2,0.0,0,0,0,0,53.0,1.0,11.0,1,phase_2,rl_policy_v3,,,
3466.0,2,48,64.0,1.333,2,0.0,2,0.0,9,2.0,2,0.0,0,0,0,0,60.0,2.0,2.0,1,phase_2,rl_policy_v3,,,
3467.0,2,48,35.0,0.729,2,0.0,2,0.0,9,3.0,2,0.0,0,0,0,0,32.0,3.0,0.0,1,phase_2,rl_policy_v3,,,
3468.0,2,49,43.0,0.878,2,0.0,2,0.0,9,4.0,2,0.0,0,0,0,0,39.0,4.0,0.0,1,phase_2,rl_policy_v3,,,
3469.0,2,50,51.0,1.02,2,0.0,2,0.0,9,5.0,2,0.0,0,0,0,0,46.0,5.0,0.0,1,phase_2,rl_policy_v3,,,
3470.0,2,49,60.0,1.224,2,0.0,2,0.0,9,6.0,2,0.0,0,0,0,0,54.0,6.0,0.0,1,phase_2,rl_policy_v3,,,
3471.0,2,48,70.0,1.458,2,0.0,2,0.0,9,7.0,2,0.0,0,0,0,0,63.0,7.0,0.0,1,phase_2,rl_policy_v3,,,
3472.0,2,44,81.0,1.841,1,0.0,1,0.0,9,8.0,2,1.0,0,0,0,1,72.0,9.0,0.0,1,phase_2,rl_policy_v3,,,
3473.0,2,44,93.0,2.114,1,0.0,1,0.0,10,9.0,2,2.0,0,0,0,1,82.0,11.0,0.0,1,phase_2,rl_policy_v3,,,
3474.0,2,43,106.0,2.465,1,0.0,1,0.0,10,10.0,3,3.0,0,0,0,0,92.0,13.0,1.0,1,phase_2,rl_policy_v3,,,
3475.0,2,44,121.0,2.75,1,0.0,1,0.0,10,12.0,3,4.0,0,0,0,0,103.0,16.0,2.0,1,phase_2,rl_policy_v3,,,
3476.0,2,45,137.0,3.044,1,0.0,1,0.0,11,14.0,3,6.0,0,0,0,1,114.0,20.0,3.0,1,phase_2,rl_policy_v3,,,
3477.0,2,43,154.0,3.581,0,0.0,0,0.0,11,16.0,3,8.0,0,0,0,1,126.0,24.0,4.0,1,phase_2,rl_policy_v3,,,
3478.0,2,44,172.0,3.909,0,0.0,0,0.0,11,19.0,3,10.0,0,0,0,1,138.0,29.0,5.0,1,phase_2,rl_policy_v3,,,
3479.0,2,44,191.0,4.341,0,0.0,0,0.0,11,22.0,3,12.0,0,0,0,1,151.0,34.0,6.0,1,phase_2,rl_policy_v3,,,
3480.0,2,44,212.0,4.818,0,0.0,0,0.0,11,26.0,3,14.0,0,0,0,1,165.0,40.0,7.0,1,phase_2,rl_policy_v3,,,
3481.0,2,47,235.0,5.0,2,0.0,2,0.0,11,31.0,3,16.0,0,0,0,1,180.0,47.0,8.0,1,phase_2,rl_policy_v3,,,
3482.0,2,48,259.0,5.396,3,0.0,3,0.0,11,36.0,3,18.0,0,0,0,1,196.0,54.0,9.0,1,phase_2,rl_policy_v3,,,
3483.0,2,47,284.0,6.043,3,0.0,3,0.0,11,41.0,3,20.0,0,0,0,1,213.0,61.0,10.0,1,phase_2,rl_policy_v3,,,
3484.0,2,49,310.0,6.327,3,0.0,3,0.0,12,47.0,3,22.0,0,0,3,1,230.0,69.0,11.0,1,phase_2,rl_policy_v3,,,
3485.0,2,49,337.0,6.878,3,0.0,3,0.0,12,53.0,3,24.0,0,0,3,1,248.0,77.0,12.0,1,phase_2,rl_policy_v3,,,
3486.0,2,49,364.0,7.429,3,0.0,3,0.0,12,59.0,3,26.0,0,0,3,1,266.0,85.0,13.0,1,phase_2,rl_policy_v3,,,
3487.0,2,49,392.0,8.0,3,0.0,3,0.0,12,65.0,3,28.0,0,0,3,1,285.0,93.0,14.0,1,phase_2,rl_policy_v3,,,
3488.0,2,50,420.0,8.4,3,0.0,3,0.0,12,71.0,3,30.0,0,0,3,1,304.0,101.0,15.0,1,phase_2,rl_policy_v3,,,
3489.0,2,49,418.0,8.531,3,0.0,3,0.0,12,78.0,3,32.0,0,0,3,1,292.0,110.0,16.0,1,phase_2,rl_policy_v3,,,
3490.0,2,49,418.0,8.531,3,0.0,3,0.0,12,85.0,3,34.0,0,0,3,1,282.0,119.0,17.0,1,phase_2,rl_policy_v3,,,
3491.0,2,49,418.0,8.531,3,0.0,3,0.0,12,92.0,3,36.0,0,0,3,1,272.0,128.0,18.0,1,phase_2,rl_policy_v3,,,
3492.0,2,49,419.0,8.551,3,0.0,3,0.0,12,100.0,3,38.0,0,0,3,1,262.0,138.0,19.0,1,phase_2,rl_policy_v3,,,
3493.0,2,50,420.0,8.4,3,0.0,3,0.0,12,108.0,3,40.0,0,0,3,1,252.0,148.0,20.0,1,phase_2,rl_policy_v3,,,
3494.0,2,50,420.0,8.4,3,0.0,3,0.0,12,116.0,3,42.0,0,0,7,1,241.0,158.0,21.0,1,phase_2,rl_policy_v3,,,
3495.0,2,47,422.0,8.979,1,0.0,2,0.0,13,125.0,3,44.0,0,0,7,1,231.0,169.0,22.0,1,phase_2,rl_policy_v3,,,
3496.0,2,46,424.0,9.217,1,0.0,1,0.0,13,134.0,3,46.0,0,0,7,1,221.0,180.0,23.0,1,phase_2,rl_policy_v3,,,
3497.0,2,46,452.0,9.826,1,0.0,1,0.0,14,143.0,3,48.0,0,0,4,1,237.0,191.0,24.0,1,phase_2,rl_policy_v3,,,
3498.0,2,45,452.0,10.044,1,0.0,1,0.0,14,152.0,3,50.0,0,0,4,1,225.0,202.0,25.0,1,phase_2,rl_policy_v3,,,
3499.0,2,47,452.0,9.617,1,0.0,1,0.0,15,161.0,3,52.0,0,0,4,1,213.0,213.0,26.0,1,phase_2,rl_policy_v3,,,
3500.0,2,49,452.0,9.224,1,0.0,1,0.0,15,170.0,3,54.0,0,0,4,1,201.0,224.0,27.0,1,phase_2,rl_policy_v3,,,
3501.0,2,49,452.0,9.224,1,0.0,1,0.0,15,179.0,3,56.0,0,0,4,1,189.0,235.0,28.0,1,phase_2,rl_policy_v3,,,
3502.0,2,49,453.0,9.245,1,0.0,1,0.0,15,188.0,3,58.0,0,0,4,1,178.0,246.0,29.0,1,phase_2,rl_policy_v3,,,
3503.0,3,48,454.0,9.458,1,0.0,1,0.0,15,197.0,3,60.0,0,0,4,1,167.0,257.0,30.0,1,phase_3,rl_policy_v3,,,
3504.0,3,48,456.0,9.5,1,0.0,1,0.0,15,207.0,3,62.0,0,0,0,1,156.0,269.0,31.0,1,phase_3,rl_policy_v3,,,
3505.0,3,50,454.0,9.08,2,0.0,2,0.0,16,217.0,3,64.0,0,0,4,1,141.0,281.0,32.0,1,phase_3,rl_policy_v3,,,
3506.0,0,45,307.0,6.822,2,0.0,2,0.0,13,126.0,1,0.0,0,0,3,0,148.0,126.0,33.0,1,phase_0,rl_policy_v3,,,
3507.0,0,46,223.0,4.848,2,0.0,2,0.0,14,57.0,1,0.0,0,0,0,0,132.0,57.0,34.0,1,phase_0,rl_policy_v3,,,
3508.0,0,45,166.0,3.689,2,0.0,2,0.0,14,15.0,1,0.0,0,0,0,0,116.0,15.0,35.0,1,phase_0,rl_policy_v3,,,
3509.0,0,47,129.0,2.745,2,0.0,2,0.0,14,0.0,1,0.0,0,0,0,0,93.0,0.0,36.0,1,phase_0,rl_policy_v3,,,
3510.0,0,47,77.0,1.638,2,0.0,2,0.0,12,0.0,1,0.0,0,0,0,0,77.0,0.0,0.0,1,phase_0,rl_policy_v3,,,
3511.0,0,48,60.0,1.25,2,0.0,2,0.0,12,0.0,1,0.0,0,0,0,0,60.0,0.0,0.0,1,phase_0,rl_policy_v3,,,
3512.0,0,49,65.0,1.327,2,0.0,2,0.0,10,0.0,1,0.0,0,0,0,0,65.0,0.0,0.0,1,phase_0,rl_policy_v3,,,
3513.0,1,49,48.0,0.98,2,0.0,2,0.0,10,0.0,1,0.0,0,0,0,0,48.0,0.0,0.0,1,phase_1,rl_policy_v3,,,
3514.0,1,51,31.0,0.608,2,0.0,2,0.0,10,0.0,2,0.0,0,0,0,0,31.0,0.0,0.0,1,phase_1,rl_policy_v3,,,
3515.0,1,51,16.0,0.314,2,0.0,2,0.0,10,1.0,2,0.0,0,0,0,0,15.0,1.0,0.0,1,phase_1,rl_policy_v3,,,
3516.0,2,52,23.0,0.442,2,0.0,2,0.0,11,3.0,2,0.0,0,0,0,0,19.0,3.0,1.0,1,phase_2,rl_policy_v3,,,
3517.0,2,52,31.0,0.596,2,0.0,2,0.0,11,6.0,2,0.0,0,0,0,0,23.0,6.0,2.0,1,phase_2,rl_policy_v3,,,
3518.0,2,53,41.0,0.774,2,0.0,2,0.0,11,10.0,2,0.0,0,0,0,0,28.0,10.0,3.0,1,phase_2,rl_policy_v3,,,
3519.0,2,53,52.0,0.981,2,0.0,1,0.0,11,14.0,2,0.0,0,0,0,0,34.0,14.0,4.0,1,phase_2,rl_policy_v3,,,
3520.0,2,53,64.0,1.208,2,0.0,1,0.0,11,18.0,2,0.0,0,0,0,0,41.0,18.0,5.0,1,phase_2,rl_policy_v3,,,
3521.0,2,53,76.0,1.434,2,0.0,1,0.0,11,22.0,2,0.0,0,0,0,0,48.0,22.0,6.0,1,phase_2,rl_policy_v3,,,
3522.0,2,53,89.0,1.679,2,0.0,1,0.0,11,26.0,2,0.0,0,0,0,0,56.0,26.0,7.0,1,phase_2,rl_policy_v3,,,
3523.0,2,53,101.0,1.906,2,0.0,1,0.0,11,30.0,2,0.0,0,0,0,0,63.0,30.0,8.0,1,phase_2,rl_policy_v3,,,
3524.0,2,52,115.0,2.212,1,0.0,1,0.0,11,34.0,2,0.0,0,0,0,0,72.0,34.0,9.0,1,phase_2,rl_policy_v3,,,
3525.0,2,53,130.0,2.453,1,0.0,1,0.0,12,38.0,2,0.0,0,0,0,0,82.0,38.0,10.0,1,phase_2,rl_policy_v3,,,
3526.0,2,53,146.0,2.755,1,0.0,1,0.0,12,42.0,2,0.0,0,0,0,0,93.0,42.0,11.0,1,phase_2,rl_policy_v3,,,
3527.0,2,52,162.0,3.115,1,0.0,1,0.0,12,46.0,2,0.0,0,0,0,0,104.0,46.0,12.0,1,phase_2,rl_policy_v3,,,
3528.0,2,54,179.0,3.315,1,0.0,1,0.0,13,50.0,2,0.0,0,0,0,0,116.0,50.0,13.0,1,phase_2,rl_policy_v3,,,
3529.0,2,57,197.0,3.456,2,0.0,2,0.0,13,55.0,2,0.0,0,0,0,0,128.0,55.0,14.0,1,phase_2,rl_policy_v3,,,
3530.0,2,60,216.0,3.6,3,0.0,3,0.0,13,60.0,2,0.0,0,0,0,0,141.0,60.0,15.0,1,phase_2,rl_policy_v3,,,
3531.0,2,60,237.0,3.95,3,0.0,3,0.0,13,66.0,2,0.0,0,0,2,0,155.0,66.0,16.0,1,phase_2,rl_policy_v3,,,
3532.0,2,60,259.0,4.317,3,0.0,3,0.0,13,72.0,2,0.0,0,0,2,0,170.0,72.0,17.0,1,phase_2,rl_policy_v3,,,
3533.0,2,60,281.0,4.683,3,0.0,3,0.0,13,78.0,2,0.0,0,0,2,0,185.0,78.0,18.0,1,phase_2,rl_policy_v3,,,
3534.0,2,60,304.0,5.067,3,0.0,3,0.0,13,85.0,2,0.0,0,0,2,0,200.0,85.0,19.0,1,phase_2,rl_policy_v3,,,
3535.0,2,60,328.0,5.467,3,0.0,3,0.0,13,92.0,2,0.0,0,0,3,0,216.0,92.0,20.0,1,phase_2,rl_policy_v3,,,
3536.0,2,60,352.0,5.867,3,0.0,3,0.0,13,99.0,2,0.0,0,0,3,0,232.0,99.0,21.0,1,phase_2,rl_policy_v3,,,
3537.0,2,61,378.0,6.197,3,0.0,3,0.0,14,107.0,2,0.0,0,0,0,0,249.0,107.0,22.0,1,phase_2,rl_policy_v3,,,
3538.0,2,61,405.0,6.639,3,0.0,3,0.0,14,115.0,2,0.0,0,0,0,0,267.0,115.0,23.0,1,phase_2,rl_policy_v3,,,
3539.0,2,60,432.0,7.2,3,0.0,3,0.0,14,123.0,2,0.0,0,0,0,0,285.0,123.0,24.0,1,phase_2,rl_policy_v3,,,
3540.0,2,58,460.0,7.931,3,0.0,3,0.0,14,131.0,2,0.0,0,0,3,0,304.0,131.0,25.0,1,phase_2,rl_policy_v3,,,
3541.0,2,57,489.0,8.579,3,0.0,3,0.0,14,139.0,2,0.0,0,0,7,0,324.0,139.0,26.0,1,phase_2,rl_policy_v3,,,
3542.0,2,57,523.0,9.175,3,0.0,3,0.0,14,149.0,2,1.0,0,0,7,1,346.0,150.0,27.0,1,phase_2,rl_policy_v3,,,
3543.0,2,53,556.0,10.491,2,0.0,3,0.0,14,159.0,2,2.0,0,0,7,1,367.0,161.0,28.0,1,phase_2,rl_policy_v3,,,
3544.0,2,52,592.0,11.385,2,0.0,2,0.0,14,169.0,2,3.0,0,0,7,1,390.0,172.0,30.0,1,phase_2,rl_policy_v3,,,
3545.0,2,50,629.0,12.58,1,0.0,2,0.0,14,179.0,2,5.0,0,0,7,2,413.0,184.0,32.0,1,phase_2,rl_policy_v3,,,
3546.0,2,49,669.0,13.653,1,0.0,1,0.0,14,190.0,3,7.0,0,0,7,1,438.0,197.0,34.0,1,phase_2,rl_policy_v3,,,
3547.0,2,51,707.0,13.863,1,0.0,1,0.0,15,201.0,3,9.0,0,0,7,1,461.0,210.0,36.0,1,phase_2,rl_policy_v3,,,
3548.0,2,50,747.0,14.94,1,0.0,1,0.0,15,212.0,3,11.0,0,0,7,1,486.0,223.0,38.0,1,phase_2,rl_policy_v3,,,
3549.0,2,51,787.0,15.431,1,0.0,1,0.0,15,223.0,3,13.0,0,0,7,1,511.0,236.0,40.0,1,phase_2,rl_policy_v3,,,
3550.0,2,52,827.0,15.904,1,0.0,1,0.0,16,234.0,3,15.0,0,0,7,1,536.0,249.0,42.0,1,phase_2,rl_policy_v3,,,
3551.0,2,52,867.0,16.673,1,0.0,1,0.0,16,245.0,3,17.0,0,0,7,1,561.0,262.0,44.0,1,phase_2,rl_policy_v3,,,
3552.0,2,52,907.0,17.442,1,0.0,1,0.0,16,256.0,3,19.0,0,0,4,1,586.0,275.0,46.0,1,phase_2,rl_policy_v3,,,
3553.0,2,54,947.0,17.537,2,0.0,2,0.0,16,267.0,3,21.0,0,0,4,1,611.0,288.0,48.0,1,phase_2,rl_policy_v3,,,
3554.0,2,53,941.0,17.755,2,0.0,2,0.0,16,278.0,3,23.0,0,0,4,1,590.0,301.0,50.0,0,phase_2,rl_policy_v3,,,
3555.0,2,53,936.0,17.66,2,0.0,2,0.0,16,289.0,3,25.0,0,0,4,1,570.0,314.0,52.0,0,phase_2,rl_policy_v3,,,
3556.0,2,52,930.0,17.885,2,0.0,2,0.0,16,300.0,3,27.0,0,0,4,1,549.0,327.0,54.0,0,phase_2,rl_policy_v3,,,
3557.0,2,53,924.0,17.434,2,0.0,2,0.0,17,311.0,3,29.0,0,0,4,1,528.0,340.0,56.0,0,phase_2,rl_policy_v3,,,
3558.0,3,53,920.0,17.358,2,0.0,2,0.0,17,323.0,3,31.0,0,0,4,1,508.0,354.0,58.0,0,phase_3,rl_policy_v3,,,
3559.0,3,53,915.0,17.264,2,0.0,2,0.0,18,335.0,3,33.0,0,0,0,1,487.0,368.0,60.0,1,phase_3,rl_policy_v3,,,
3560.0,3,54,910.0,16.852,2,0.0,2,0.0,18,348.0,3,35.0,0,0,0,1,465.0,383.0,62.0,1,phase_3,rl_policy_v3,,,
3561.0,0,47,685.0,14.574,2,0.0,2,0.0,15,223.0,1,0.0,0,0,0,0,444.0,223.0,18.0,1,phase_0,rl_policy_v3,,,
3562.0,0,47,544.0,11.574,2,0.0,2,0.0,15,122.0,1,0.0,0,0,0,0,422.0,122.0,0.0,1,phase_0,rl_policy_v3,,,
3563.0,0,48,488.0,10.167,2,0.0,2,0.0,16,50.0,1,0.0,0,0,0,0,438.0,50.0,0.0,1,phase_0,rl_policy_v3,,,
3564.0,0,45,419.0,9.311,2,0.0,2,0.0,13,5.0,1,0.0,0,0,0,0,414.0,5.0,0.0,1,phase_0,rl_policy_v3,,,
3565.0,0,50,389.0,7.78,2,0.0,2,0.0,13,0.0,2,0.0,0,0,0,0,389.0,0.0,0.0,1,phase_0,rl_policy_v3,,,
3566.0,0,51,364.0,7.137,2,0.0,2,0.0,14,0.0,2,0.0,0,0,0,0,364.0,0.0,0.0,1,phase_0,rl_policy_v3,,,
3567.0,0,51,339.0,6.647,2,0.0,2,0.0,11,0.0,2,0.0,0,0,0,0,339.0,0.0,0.0,1,phase_0,rl_policy_v3,,,
3568.0,0,52,351.0,6.75,2,0.0,2,0.0,11,0.0,3,0.0,0,0,0,0,351.0,0.0,0.0,1,phase_0,rl_policy_v3,,,
3569.0,0,52,324.0,6.231,2,0.0,2,0.0,8,0.0,3,0.0,0,0,0,0,324.0,0.0,0.0,1,phase_0,rl_policy_v3,,,
3570.0,0,51,297.0,5.824,2,1.0,2,0.0,8,0.0,3,0.0,1,0,0,0,296.0,1.0,0.0,1,phase_0,rl_policy_v3,,,
3571.0,0,54,271.0,5.019,2,2.0,2,0.0,7,0.0,3,0.0,0,0,0,0,269.0,2.0,0.0,1,phase_0,rl_policy_v3,,,
3572.0,0,54,246.0,4.556,2,3.0,2,1.0,7,0.0,3,0.0,0,0,0,0,242.0,4.0,0.0,1,phase_0,rl_policy_v3,,,
3573.0,0,56,220.0,3.929,2,4.0,2,2.0,7,0.0,3,0.0,0,0,0,0,214.0,6.0,0.0,1,phase_0,rl_policy_v3,,,
3574.0,0,56,194.0,3.464,2,5.0,2,3.0,7,0.0,3,0.0,0,0,0,0,186.0,8.0,0.0,1,phase_0,rl_policy_v3,,,
3575.0,0,55,202.0,3.673,2,6.0,2,4.0,7,0.0,3,0.0,0,0,0,0,192.0,10.0,0.0,1,phase_0,rl_policy_v3,,,
3576.0,0,55,175.0,3.182,2,7.0,2,5.0,8,0.0,3,0.0,0,0,0,0,163.0,12.0,0.0,1,phase_0,rl_policy_v3,,,
3577.0,0,57,147.0,2.579,3,8.0,3,6.0,8,0.0,3,0.0,0,0,0,0,133.0,14.0,0.0,1,phase_0,rl_policy_v3,,,
3578.0,0,56,119.0,2.125,4,9.0,4,7.0,7,0.0,2,0.0,0,0,0,0,103.0,16.0,0.0,0,phase_0,rl_policy_v3,,,
3579.0,0,56,91.0,1.625,4,10.0,4,8.0,7,0.0,2,0.0,0,0,0,0,73.0,18.0,0.0,0,phase_0,rl_policy_v3,,,
3580.0,0,56,63.0,1.125,4,11.0,4,9.0,7,0.0,2,0.0,0,0,0,0,43.0,20.0,0.0,0,phase_0,rl_policy_v3,,,
3581.0,0,58,37.0,0.638,4,12.0,4,10.0,7,0.0,2,0.0,0,0,0,0,14.0,22.0,1.0,0,phase_0,rl_policy_v3,,,
3582.0,0,58,45.0,0.776,4,13.0,4,11.0,6,0.0,3,0.0,0,0,0,0,19.0,24.0,2.0,0,phase_0,rl_policy_v3,,,
3583.0,0,58,53.0,0.914,4,14.0,4,12.0,6,0.0,3,0.0,0,0,0,0,24.0,26.0,3.0,0,phase_0,rl_policy_v3,,,
3584.0,0,58,62.0,1.069,4,15.0,4,13.0,6,0.0,3,0.0,0,0,0,0,30.0,28.0,4.0,0,phase_0,rl_policy_v3,,,
3585.0,0,58,71.0,1.224,4,16.0,4,14.0,6,0.0,3,0.0,0,0,0,0,36.0,30.0,5.0,0,phase_0,rl_policy_v3,,,
3586.0,0,57,80.0,1.404,4,17.0,4,15.0,6,0.0,3,0.0,0,0,0,0,42.0,32.0,6.0,0,phase_0,rl_policy_v3,,,
3587.0,0,58,90.0,1.552,4,18.0,4,16.0,7,0.0,3,0.0,0,0,0,0,49.0,34.0,7.0,0,phase_0,rl_policy_v3,,,
3588.0,0,57,101.0,1.772,4,19.0,4,17.0,6,0.0,3,0.0,0,0,0,0,57.0,36.0,8.0,0,phase_0,rl_policy_v3,,,
3589.0,0,57,113.0,1.982,4,20.0,4,18.0,6,0.0,3,0.0,0,0,0,0,66.0,38.0,9.0,0,phase_0,rl_policy_v3,,,
3590.0,0,58,126.0,2.172,4,21.0,4,19.0,6,0.0,3,0.0,0,0,0,0,76.0,40.0,10.0,0,phase_0,rl_policy_v3,,,
3591.0,0,60,138.0,2.3,4,22.0,4,20.0,6,0.0,3,0.0,0,0,0,0,85.0,42.0,11.0,0,phase_0,rl_policy_v3,,,
3592.0,0,60,151.0,2.517,4,23.0,4,22.0,6,0.0,3,0.0,0,2,0,0,94.0,45.0,12.0,0,phase_0,rl_policy_v3,,,
3593.0,0,60,166.0,2.767,4,24.0,4,23.0,6,0.0,3,0.0,0,2,0,0,106.0,47.0,13.0,0,phase_0,rl_policy_v3,,,
3594.0,0,57,184.0,3.228,4,25.0,4,26.0,6,0.0,2,0.0,0,2,0,0,119.0,51.0,14.0,0,phase_0,rl_policy_v3,,,
3595.0,0,54,202.0,3.741,4,26.0,4,29.0,5,0.0,2,0.0,0,2,0,0,132.0,55.0,15.0,0,phase_0,rl_policy_v3,,,
3596.0,0,53,223.0,4.208,4,28.0,4,33.0,5,0.0,1,0.0,2,4,0,0,146.0,61.0,16.0,0,phase_0,rl_policy_v3,,,
3597.0,0,51,245.0,4.804,4,31.0,4,37.0,5,0.0,1,0.0,2,4,0,0,160.0,68.0,17.0,0,phase_0,rl_policy_v3,,,
3598.0,0,53,269.0,5.075,4,35.0,4,41.0,6,0.0,1,0.0,4,4,0,0,175.0,76.0,18.0,0,phase_0,rl_policy_v3,,,
3599.0,0,53,294.0,5.547,4,39.0,4,45.0,6,0.0,1,0.0,4,4,0,0,191.0,84.0,19.0,0,phase_0,rl_policy_v3,,,
3600.0,0,51,320.0,6.275,4,43.0,4,49.0,6,0.0,1,0.0,4,4,0,0,208.0,92.0,20.0,0,phase_0,rl_policy_v3,,,
3601.0,0,50,346.0,6.92,4,47.0,4,53.0,5,0.0,1,0.0,4,4,0,0,225.0,100.0,21.0,0,phase_0,rl_policy_v3,,,
3602.0,0,49,372.0,7.592,4,51.0,4,57.0,5,0.0,1,0.0,4,4,0,0,242.0,108.0,22.0,0,phase_0,rl_policy_v3,,,
3603.0,1,48,399.0,8.312,4,55.0,4,61.0,5,0.0,1,0.0,4,4,0,0,260.0,116.0,23.0,0,phase_1,rl_policy_v3,,,
3604.0,1,48,427.0,8.896,4,59.0,4,65.0,5,0.0,1,0.0,4,4,0,0,279.0,124.0,24.0,0,phase_1,rl_policy_v3,,,
3605.0,1,47,455.0,9.681,4,63.0,4,69.0,5,0.0,1,0.0,4,4,0,0,298.0,132.0,25.0,0,phase_1,rl_policy_v3,,,
3606.0,2,42,388.0,9.238,2,20.0,2,24.0,5,0.0,1,0.0,2,2,0,0,318.0,44.0,26.0,0,phase_2,rl_policy_v3,,,
3607.0,2,42,364.0,8.667,2,0.0,2,0.0,5,0.0,1,0.0,0,0,0,0,337.0,0.0,27.0,0,phase_2,rl_policy_v3,,,
3608.0,2,41,386.0,9.415,2,0.0,2,0.0,5,0.0,1,0.0,0,0,0,0,358.0,0.0,28.0,0,phase_2,rl_policy_v3,,,
3609.0,2,42,410.0,9.762,2,0.0,2,0.0,6,1.0,1,0.0,0,0,0,0,380.0,1.0,29.0,0,phase_2,rl_policy_v3,,,
3610.0,2,39,435.0,11.154,1,0.0,1,0.0,6,3.0,1,0.0,0,0,0,0,402.0,3.0,30.0,0,phase_2,rl_policy_v3,,,
3611.0,2,39,461.0,11.821,1,0.0,1,0.0,6,5.0,1,0.0,0,0,1,0,425.0,5.0,31.0,0,phase_2,rl_policy_v3,,,
3612.0,2,38,487.0,12.816,1,0.0,1,0.0,6,7.0,1,0.0,0,0,1,0,448.0,7.0,32.0,0,phase_2,rl_policy_v3,,,
3613.0,2,38,513.0,13.5,1,0.0,1,0.0,6,9.0,1,0.0,0,0,1,0,471.0,9.0,33.0,0,phase_2,rl_policy_v3,,,
3614.0,2,37,540.0,14.595,0,0.0,1,0.0,6,11.0,1,1.0,0,0,1,1,494.0,12.0,34.0,0,phase_2,rl_policy_v3,,,
3615.0,2,36,567.0,15.75,0,0.0,0,0.0,6,13.0,1,2.0,0,0,1,1,517.0,15.0,35.0,0,phase_2,rl_policy_v3,,,
3616.0,2,36,594.0,16.5,0,0.0,0,0.0,6,15.0,1,3.0,0,0,1,1,540.0,18.0,36.0,0,phase_2,rl_policy_v3,,,
3617.0,2,36,622.0,17.278,0,0.0,0,0.0,6,18.0,1,4.0,0,0,1,1,563.0,22.0,37.0,0,phase_2,rl_policy_v3,,,
3618.0,2,36,650.0,18.056,0,0.0,0,0.0,6,21.0,1,5.0,0,0,1,1,586.0,26.0,38.0,0,phase_2,rl_policy_v3,,,
3619.0,2,36,678.0,18.833,0,0.0,0,0.0,6,24.0,1,6.0,0,0,3,1,609.0,30.0,39.0,0,phase_2,rl_policy_v3,,,
3620.0,2,34,622.0,18.294,0,0.0,0,0.0,6,28.0,1,7.0,0,0,3,1,587.0,35.0,0.0,0,phase_2,rl_policy_v3,,,
3621.0,2,34,605.0,17.794,0,0.0,0,0.0,6,32.0,1,8.0,0,0,3,1,565.0,40.0,0.0,0,phase_2,rl_policy_v3,,,
3622.0,2,34,588.0,17.294,0,0.0,0,0.0,6,36.0,1,9.0,0,0,3,1,542.0,45.0,1.0,0,phase_2,rl_policy_v3,,,
3623.0,2,34,571.0,16.794,0,0.0,0,0.0,6,40.0,1,10.0,0,0,3,1,519.0,50.0,2.0,0,phase_2,rl_policy_v3,,,
3624.0,2,36,553.0,15.361,0,0.0,0,0.0,7,44.0,2,11.0,0,0,2,1,495.0,55.0,3.0,0,phase_2,rl_policy_v3,,,
3625.0,2,35,535.0,15.286,0,0.0,0,0.0,7,48.0,2,12.0,0,0,2,1,471.0,60.0,4.0,0,phase_2,rl_policy_v3,,,
3626.0,2,35,519.0,14.829,0,0.0,0,0.0,7,52.0,2,13.0,0,0,2,1,449.0,65.0,5.0,0,phase_2,rl_policy_v3,,,
3627.0,2,35,502.0,14.343,0,0.0,0,0.0,7,56.0,2,14.0,0,0,2,1,426.0,70.0,6.0,0,phase_2,rl_policy_v3,,,
3628.0,2,35,486.0,13.886,0,0.0,0,0.0,7,60.0,2,15.0,0,0,2,1,403.0,75.0,8.0,0,phase_2,rl_policy_v3,,,
3629.0,2,36,471.0,13.083,0,0.0,0,0.0,7,64.0,2,16.0,0,0,2,1,381.0,80.0,10.0,0,phase_2,rl_policy_v3,,,
3630.0,2,36,494.0,13.722,0,0.0,0,0.0,7,68.0,2,17.0,0,0,2,1,397.0,85.0,12.0,0,phase_2,rl_policy_v3,,,
3631.0,2,36,480.0,13.333,0,0.0,0,0.0,7,73.0,2,18.0,0,0,2,1,375.0,91.0,14.0,0,phase_2,rl_policy_v3,,,
3632.0,2,36,464.0,12.889,0,0.0,0,0.0,7,78.0,2,19.0,0,0,2,1,351.0,97.0,16.0,0,phase_2,rl_policy_v3,,,
3633.0,2,36,448.0,12.444,0,0.0,0,0.0,7,83.0,2,20.0,0,0,2,1,327.0,103.0,18.0,0,phase_2,rl_policy_v3,,,
3634.0,2,36,433.0,12.028,0,0.0,0,0.0,7,88.0,2,21.0,0,0,2,1,304.0,109.0,20.0,0,phase_2,rl_policy_v3,,,
3635.0,2,36,418.0,11.611,0,0.0,0,0.0,7,93.0,2,22.0,0,0,2,1,281.0,115.0,22.0,0,phase_2,rl_policy_v3,,,
3636.0,2,36,403.0,11.194,0,0.0,0,0.0,7,98.0,2,23.0,0,0,2,1,258.0,121.0,24.0,0,phase_2,rl_policy_v3,,,
3637.0,2,36,425.0,11.806,0,0.0,0,0.0,7,103.0,2,24.0,0,0,2,1,272.0,127.0,26.0,0,phase_2,rl_policy_v3,,,
3638.0,2,36,410.0,11.389,0,0.0,0,0.0,7,108.0,2,25.0,0,0,2,1,249.0,133.0,28.0,0,phase_2,rl_policy_v3,,,
3639.0,2,36,397.0,11.028,0,0.0,0,0.0,7,113.0,2,26.0,0,0,2,1,228.0,139.0,30.0,0,phase_2,rl_policy_v3,,,
3640.0,2,36,381.0,10.583,0,0.0,0,0.0,7,118.0,2,27.0,0,0,3,1,204.0,145.0,32.0,0,phase_2,rl_policy_v3,,,
3641.0,2,36,403.0,11.194,0,0.0,0,0.0,7,123.0,2,28.0,0,0,3,1,218.0,151.0,34.0,0,phase_2,rl_policy_v3,,,
3642.0,2,36,391.0,10.861,0,0.0,0,0.0,7,128.0,2,29.0,0,0,2,1,197.0,157.0,37.0,0,phase_2,rl_policy_v3,,,
3643.0,2,36,379.0,10.528,0,0.0,0,0.0,7,133.0,2,30.0,0,0,2,1,176.0,163.0,40.0,0,phase_2,rl_policy_v3,,,
3644.0,2,36,367.0,10.194,0,0.0,0,0.0,7,138.0,2,31.0,0,0,2,1,155.0,169.0,43.0,0,phase_2,rl_policy_v3,,,
3645.0,2,36,355.0,9.861,0,0.0,0,0.0,7,143.0,2,32.0,0,0,2,1,134.0,175.0,46.0,0,phase_2,rl_policy_v3,,,
3646.0,2,36,378.0,10.5,0,0.0,0,0.0,7,148.0,2,33.0,0,0,4,1,148.0,181.0,49.0,0,phase_2,rl_policy_v3,,,
3647.0,2,36,403.0,11.194,0,0.0,0,0.0,7,154.0,2,34.0,0,0,4,1,163.0,188.0,52.0,0,phase_2,rl_policy_v3,,,
3648.0,3,37,429.0,11.595,0,0.0,0,0.0,7,160.0,2,35.0,0,0,4,1,179.0,195.0,55.0,0,phase_3,rl_policy_v3,,,
3649.0,3,37,455.0,12.297,0,0.0,0,0.0,7,166.0,2,36.0,0,0,4,1,195.0,202.0,58.0,0,phase_3,rl_policy_v3,,,
3650.0,3,37,482.0,13.027,0,0.0,0,0.0,7,172.0,2,37.0,0,0,4,1,212.0,209.0,61.0,0,phase_3,rl_policy_v3,,,
3651.0,0,33,352.0,10.667,0,0.0,0,0.0,4,58.0,1,0.0,0,0,2,0,230.0,58.0,64.0,0,phase_0,rl_policy_v3,,,
3652.0,0,33,315.0,9.545,0,0.0,0,0.0,4,0.0,1,0.0,0,0,0,0,248.0,0.0,67.0,0,phase_0,rl_policy_v3,,,
3653.0,0,32,337.0,10.531,0,0.0,0,0.0,4,0.0,0,0.0,0,0,0,0,267.0,0.0,70.0,0,phase_0,rl_policy_v3,,,
3654.0,0,31,360.0,11.613,0,0.0,0,0.0,2,0.0,0,0.0,0,0,0,0,287.0,0.0,73.0,0,phase_0,rl_policy_v3,,,
3655.0,0,34,383.0,11.265,0,0.0,0,0.0,2,0.0,0,0.0,0,0,0,0,307.0,0.0,76.0,0,phase_0,rl_policy_v3,,,
3656.0,0,34,376.0,11.059,0,0.0,0,0.0,2,0.0,0,0.0,0,0,0,0,297.0,0.0,79.0,0,phase_0,rl_policy_v3,,,
3657.0,0,34,370.0,10.882,0,0.0,0,0.0,0,0.0,0,0.0,0,0,0,0,288.0,0.0,82.0,0,phase_0,rl_policy_v3,,,
3658.0,0,34,364.0,10.706,0,0.0,0,0.0,0,0.0,0,0.0,0,0,0,0,279.0,0.0,85.0,0,phase_0,rl_policy_v3,,,
3659.0,0,35,359.0,10.257,0,0.0,0,0.0,0,0.0,0,0.0,0,0,0,0,271.0,0.0,88.0,0,phase_0,rl_policy_v3,,,
3660.0,0,36,355.0,9.861,0,0.0,0,0.0,1,0.0,0,0.0,0,0,0,0,263.0,0.0,92.0,0,phase_0,rl_policy_v3,,,
3661.0,0,36,350.0,9.722,0,0.0,0,0.0,1,0.0,0,0.0,0,0,0,0,254.0,0.0,96.0,0,phase_0,rl_policy_v3,,,
3662.0,0,36,345.0,9.583,0,0.0,0,0.0,2,0.0,0,0.0,0,0,0,0,245.0,0.0,100.0,0,phase_0,rl_policy_v3,,,
3663.0,0,36,340.0,9.444,0,0.0,0,0.0,2,0.0,0,0.0,0,0,0,0,236.0,0.0,104.0,0,phase_0,rl_policy_v3,,,
3664.0,0,35,333.0,9.514,0,0.0,0,0.0,2,0.0,0,0.0,0,0,0,0,225.0,0.0,108.0,0,phase_0,rl_policy_v3,,,
3665.0,0,33,246.0,7.455,0,0.0,0,0.0,3,0.0,0,0.0,0,0,0,0,240.0,0.0,6.0,0,phase_0,rl_policy_v3,,,
3666.0,0,33,229.0,6.939,0,0.0,0,0.0,3,0.0,0,0.0,0,0,0,0,229.0,0.0,0.0,0,phase_0,rl_policy_v3,,,
3667.0,0,31,217.0,7.0,0,0.0,0,0.0,3,0.0,0,0.0,0,0,0,0,217.0,0.0,0.0,0,phase_0,rl_policy_v3,,,
3668.0,0,32,204.0,6.375,0,0.0,0,0.0,4,0.0,0,0.0,0,0,0,0,204.0,0.0,0.0,0,phase_0,rl_policy_v3,,,
3669.0,0,31,190.0,6.129,0,0.0,0,0.0,4,0.0,0,0.0,0,0,0,0,190.0,0.0,0.0,0,phase_0,rl_policy_v3,,,
3670.0,0,32,176.0,5.5,0,0.0,0,0.0,5,0.0,0,0.0,0,0,0,0,176.0,0.0,0.0,0,phase_0,rl_policy_v3,,,
3671.0,0,32,161.0,5.031,0,0.0,0,0.0,5,0.0,0,0.0,0,0,0,0,161.0,0.0,0.0,0,phase_0,rl_policy_v3,,,
3672.0,0,31,170.0,5.484,0,0.0,0,0.0,5,0.0,0,0.0,0,0,0,0,170.0,0.0,0.0,0,phase_0,rl_policy_v3,,,
3673.0,0,32,153.0,4.781,0,0.0,0,0.0,6,0.0,0,0.0,0,0,0,0,153.0,0.0,0.0,0,phase_0,rl_policy_v3,,,
3674.0,0,32,136.0,4.25,0,0.0,0,0.0,6,0.0,0,0.0,0,0,0,0,136.0,0.0,0.0,0,phase_0,rl_policy_v3,,,
3675.0,0,31,118.0,3.806,0,0.0,0,0.0,6,0.0,0,0.0,0,0,0,0,118.0,0.0,0.0,0,phase_0,rl_policy_v3,,,
3676.0,0,32,100.0,3.125,0,0.0,0,0.0,7,0.0,0,0.0,0,0,0,0,100.0,0.0,0.0,0,phase_0,rl_policy_v3,,,
3677.0,0,32,81.0,2.531,0,0.0,0,0.0,7,0.0,0,0.0,0,0,0,0,81.0,0.0,0.0,0,phase_0,rl_policy_v3,,,
3678.0,0,32,62.0,1.938,0,0.0,0,0.0,8,0.0,0,0.0,0,0,0,0,62.0,0.0,0.0,0,phase_0,rl_policy_v3,,,
3679.0,0,32,42.0,1.312,0,0.0,0,0.0,8,0.0,0,0.0,0,0,0,0,42.0,0.0,0.0,0,phase_0,rl_policy_v3,,,
3680.0,1,32,22.0,0.688,0,0.0,0,0.0,8,0.0,0,0.0,0,0,0,0,22.0,0.0,0.0,0,phase_1,rl_policy_v3,,,
3681.0,1,33,23.0,0.697,0,0.0,0,0.0,9,0.0,0,0.0,0,0,0,0,23.0,0.0,0.0,0,phase_1,rl_policy_v3,,,
3682.0,1,33,24.0,0.727,0,0.0,0,0.0,9,0.0,0,0.0,0,0,0,0,24.0,0.0,0.0,0,phase_1,rl_policy_v3,,,
3683.0,2,32,1.0,0.031,0,0.0,0,0.0,9,0.0,0,0.0,0,0,0,0,1.0,0.0,0.0,0,phase_2,rl_policy_v3,,,
3684.0,2,31,3.0,0.097,0,0.0,0,0.0,9,0.0,0,0.0,0,0,0,0,3.0,0.0,0.0,0,phase_2,rl_policy_v3,,,
3685.0,2,30,5.0,0.167,0,0.0,0,0.0,9,0.0,0,0.0,0,0,0,0,5.0,0.0,0.0,0,phase_2,rl_policy_v3,,,
3686.0,2,30,8.0,0.267,0,0.0,0,0.0,9,0.0,0,0.0,0,0,0,0,8.0,0.0,0.0,0,phase_2,rl_policy_v3,,,
3687.0,2,31,11.0,0.355,0,0.0,0,0.0,9,0.0,0,0.0,0,0,0,0,11.0,0.0,0.0,0,phase_2,rl_policy_v3,,,
3688.0,2,31,15.0,0.484,0,0.0,0,0.0,9,0.0,0,0.0,0,0,0,0,15.0,0.0,0.0,0,phase_2,rl_policy_v3,,,
3689.0,2,32,19.0,0.594,0,0.0,0,0.0,9,0.0,0,0.0,0,0,0,0,19.0,0.0,0.0,0,phase_2,rl_policy_v3,,,
3690.0,2,32,25.0,0.781,0,0.0,0,0.0,9,0.0,0,0.0,0,0,0,0,24.0,0.0,1.0,0,phase_2,rl_policy_v3,,,
3691.0,2,32,31.0,0.969,0,0.0,0,0.0,9,0.0,0,0.0,0,0,0,0,29.0,0.0,2.0,0,phase_2,rl_policy_v3,,,
3692.0,2,33,39.0,1.182,0,0.0,0,0.0,9,0.0,0,0.0,0,0,0,0,35.0,0.0,4.0,0,phase_2,rl_policy_v3,,,
3693.0,2,33,50.0,1.515,0,0.0,0,0.0,9,0.0,0,0.0,0,0,0,0,42.0,0.0,8.0,0,phase_2,rl_policy_v3,,,
3694.0,2,33,61.0,1.848,0,0.0,0,0.0,9,0.0,0,0.0,0,0,0,0,49.0,0.0,12.0,0,phase_2,rl_policy_v3,,,
3695.0,2,34,76.0,2.235,0,0.0,0,0.0,9,2.0,0,0.0,0,0,1,0,57.0,2.0,17.0,0,phase_2,rl_policy_v3,,,
3696.0,2,34,92.0,2.706,0,0.0,0,0.0,9,4.0,0,0.0,0,0,1,0,66.0,4.0,22.0,0,phase_2,rl_policy_v3,,,
3697.0,2,35,109.0,3.114,0,0.0,0,0.0,9,6.0,0,0.0,0,0,1,0,76.0,6.0,27.0,0,phase_2,rl_policy_v3,,,
3698.0,2,35,127.0,3.629,0,0.0,0,0.0,9,8.0,0,0.0,0,0,1,0,86.0,8.0,33.0,0,phase_2,rl_policy_v3,,,
3699.0,2,35,146.0,4.171,0,0.0,0,0.0,9,10.0,0,0.0,0,0,1,0,97.0,10.0,39.0,0,phase_2,rl_policy_v3,,,
3700.0,2,36,167.0,4.639,0,0.0,0,0.0,9,13.0,0,0.0,0,0,1,0,109.0,13.0,45.0,0,phase_2,rl_policy_v3,,,
3701.0,2,36,189.0,5.25,0,0.0,0,0.0,9,16.0,0,0.0,0,0,1,0,122.0,16.0,51.0,0,phase_2,rl_policy_v3,,,
3702.0,2,37,211.0,5.703,0,0.0,0,0.0,9,19.0,0,0.0,0,0,0,0,135.0,19.0,57.0,0,phase_2,rl_policy_v3,,,
3703.0,2,37,236.0,6.378,0,0.0,0,0.0,9,23.0,0,0.0,0,0,0,0,150.0,23.0,63.0,0,phase_2,rl_policy_v3,,,
3704.0,2,37,260.0,7.027,0,0.0,0,0.0,9,27.0,0,0.0,0,0,0,0,164.0,27.0,69.0,0,phase_2,rl_policy_v3,,,
3705.0,2,37,287.0,7.757,0,0.0,0,0.0,9,32.0,0,0.0,0,0,0,0,180.0,32.0,75.0,0,phase_2,rl_policy_v3,,,
3706.0,2,37,315.0,8.514,0,0.0,0,0.0,9,38.0,0,0.0,0,0,0,0,196.0,38.0,81.0,0,phase_2,rl_policy_v3,,,
3707.0,2,37,345.0,9.324,0,0.0,0,0.0,9,45.0,0,0.0,0,0,2,0,213.0,45.0,87.0,0,phase_2,rl_policy_v3,,,
3708.0,2,37,375.0,10.135,0,0.0,0,0.0,9,52.0,0,0.0,0,0,2,0,230.0,52.0,93.0,0,phase_2,rl_policy_v3,,,
3709.0,2,34,324.0,9.529,0,0.0,0,0.0,9,59.0,0,0.0,0,0,2,0,221.0,59.0,44.0,0,phase_2,rl_policy_v3,,,
3710.0,2,34,292.0,8.588,0,0.0,0,0.0,9,66.0,0,0.0,0,0,5,0,213.0,66.0,13.0,0,phase_2,rl_policy_v3,,,
3711.0,2,34,277.0,8.147,0,0.0,0,0.0,9,74.0,0,0.0,0,0,9,0,203.0,74.0,0.0,0,phase_2,rl_policy_v3,,,
3712.0,2,33,278.0,8.424,0,0.0,0,0.0,9,83.0,0,0.0,0,0,9,0,195.0,83.0,0.0,0,phase_2,rl_policy_v3,,,
3713.0,2,32,278.0,8.688,0,0.0,0,0.0,10,90.0,0,0.0,0,0,3,0,188.0,90.0,0.0,0,phase_2,rl_policy_v3,,,
3714.0,3,32,279.0,8.719,0,0.0,0,0.0,10,98.0,0,0.0,0,0,3,0,181.0,98.0,0.0,0,phase_3,rl_policy_v3,,,
3715.0,3,31,280.0,9.032,0,0.0,0,0.0,10,106.0,0,0.0,0,0,3,0,174.0,106.0,0.0,0,phase_3,rl_policy_v3,,,
3716.0,3,32,282.0,8.812,0,0.0,0,0.0,11,114.0,0,0.0,0,0,3,0,168.0,114.0,0.0,0,phase_3,rl_policy_v3,,,
3717.0,0,28,242.0,8.643,0,0.0,0,0.0,8,59.0,0,0.0,0,0,4,0,183.0,59.0,0.0,0,phase_0,rl_policy_v3,,,
3718.0,0,27,198.0,7.333,0,0.0,0,0.0,8,23.0,0,0.0,0,0,0,0,175.0,23.0,0.0,0,phase_0,rl_policy_v3,,,
3719.0,0,28,166.0,5.929,0,0.0,0,0.0,9,0.0,0,0.0,0,0,0,0,166.0,0.0,0.0,0,phase_0,rl_policy_v3,,,
3720.0,0,26,157.0,6.038,0,0.0,0,0.0,7,0.0,0,0.0,0,0,0,0,157.0,0.0,0.0,0,phase_0,rl_policy_v3,,,
3721.0,0,28,147.0,5.25,0,0.0,0,0.0,7,0.0,0,0.0,0,0,0,0,147.0,0.0,0.0,0,phase_0,rl_policy_v3,,,
3722.0,0,28,136.0,4.857,0,0.0,0,0.0,7,0.0,0,0.0,0,0,0,0,136.0,0.0,0.0,0,phase_0,rl_policy_v3,,,
3723.0,0,27,126.0,4.667,0,0.0,0,0.0,4,0.0,0,0.0,0,0,0,0,126.0,0.0,0.0,0,phase_0,rl_policy_v3,,,
3724.0,0,29,115.0,3.966,0,0.0,0,0.0,4,0.0,0,0.0,0,0,0,0,115.0,0.0,0.0,0,phase_0,rl_policy_v3,,,
3725.0,0,30,104.0,3.467,0,0.0,0,0.0,4,0.0,0,0.0,0,0,0,0,104.0,0.0,0.0,0,phase_0,rl_policy_v3,,,
3726.0,0,30,93.0,3.1,0,0.0,0,0.0,4,0.0,0,0.0,0,0,0,0,93.0,0.0,0.0,0,phase_0,rl_policy_v3,,,
3727.0,0,31,83.0,2.677,0,0.0,0,0.0,4,0.0,0,0.0,0,0,0,0,83.0,0.0,0.0,0,phase_0,rl_policy_v3,,,
3728.0,0,31,92.0,2.968,0,0.0,0,0.0,4,0.0,0,0.0,0,0,0,0,92.0,0.0,0.0,0,phase_0,rl_policy_v3,,,
3729.0,0,31,81.0,2.613,0,0.0,0,0.0,4,0.0,0,0.0,0,0,0,0,81.0,0.0,0.0,0,phase_0,rl_policy_v3,,,
3730.0,0,31,71.0,2.29,0,0.0,0,0.0,4,0.0,0,0.0,0,0,0,0,71.0,0.0,0.0,0,phase_0,rl_policy_v3,,,
3731.0,0,31,60.0,1.935,0,0.0,0,0.0,4,0.0,0,0.0,0,0,0,0,60.0,0.0,0.0,0,phase_0,rl_policy_v3,,,
3732.0,0,31,67.0,2.161,0,0.0,0,0.0,4,0.0,0,0.0,0,0,0,0,67.0,0.0,0.0,0,phase_0,rl_policy_v3,,,
3733.0,0,31,56.0,1.806,0,0.0,0,0.0,4,0.0,0,0.0,0,0,0,0,56.0,0.0,0.0,0,phase_0,rl_policy_v3,,,
3734.0,0,31,45.0,1.452,0,0.0,0,0.0,4,0.0,0,0.0,0,0,0,0,45.0,0.0,0.0,0,phase_0,rl_policy_v3,,,
3735.0,1,31,53.0,1.71,0,0.0,0,0.0,4,0.0,0,0.0,0,0,0,0,53.0,0.0,0.0,0,phase_1,rl_policy_v3,,,
3736.0,1,31,61.0,1.968,0,0.0,0,0.0,4,0.0,0,0.0,0,0,0,0,61.0,0.0,0.0,0,phase_1,rl_policy_v3,,,
3737.0,1,32,70.0,2.188,0,0.0,0,0.0,4,0.0,0,0.0,0,0,0,0,70.0,0.0,0.0,0,phase_1,rl_policy_v3,,,
3738.0,2,31,64.0,2.065,0,0.0,0,0.0,4,0.0,0,0.0,0,0,0,0,64.0,0.0,0.0,0,phase_2,rl_policy_v3,,,
3739.0,2,31,59.0,1.903,0,0.0,0,0.0,4,0.0,0,0.0,0,0,0,0,59.0,0.0,0.0,0,phase_2,rl_policy_v3,,,
3740.0,2,31,54.0,1.742,0,0.0,0,0.0,4,0.0,0,0.0,0,0,0,0,54.0,0.0,0.0,0,phase_2,rl_policy_v3,,,
3741.0,2,31,49.0,1.581,0,0.0,0,0.0,4,0.0,0,0.0,0,0,0,0,49.0,0.0,0.0,0,phase_2,rl_policy_v3,,,
3742.0,2,32,45.0,1.406,0,0.0,0,0.0,5,0.0,0,0.0,0,0,0,0,45.0,0.0,0.0,0,phase_2,rl_policy_v3,,,
3743.0,2,32,43.0,1.344,0,0.0,0,0.0,5,0.0,0,0.0,0,0,0,0,43.0,0.0,0.0,0,phase_2,rl_policy_v3,,,
3744.0,2,32,40.0,1.25,0,0.0,0,0.0,5,0.0,0,0.0,0,0,0,0,40.0,0.0,0.0,0,phase_2,rl_policy_v3,,,
3745.0,2,33,37.0,1.121,0,0.0,0,0.0,6,0.0,0,0.0,0,0,0,0,37.0,0.0,0.0,0,phase_2,rl_policy_v3,,,
3746.0,2,32,36.0,1.125,0,0.0,0,0.0,6,2.0,0,0.0,0,0,1,0,34.0,2.0,0.0,0,phase_2,rl_policy_v3,,,
3747.0,2,33,35.0,1.061,0,0.0,0,0.0,7,4.0,0,0.0,0,0,1,0,31.0,4.0,0.0,0,phase_2,rl_policy_v3,,,
3748.0,2,33,44.0,1.333,0,0.0,0,0.0,7,6.0,0,0.0,0,0,1,0,38.0,6.0,0.0,0,phase_2,rl_policy_v3,,,
3749.0,2,34,43.0,1.265,0,0.0,0,0.0,8,8.0,0,0.0,0,0,1,0,35.0,8.0,0.0,0,phase_2,rl_policy_v3,,,
3750.0,2,34,43.0,1.265,0,0.0,0,0.0,8,10.0,0,0.0,0,0,1,0,33.0,10.0,0.0,0,phase_2,rl_policy_v3,,,
3751.0,2,33,42.0,1.273,0,0.0,0,0.0,8,12.0,0,0.0,0,0,1,0,30.0,12.0,0.0,0,phase_2,rl_policy_v3,,,
3752.0,2,34,40.0,1.176,0,0.0,0,0.0,9,14.0,0,0.0,0,0,1,0,26.0,14.0,0.0,0,phase_2,rl_policy_v3,,,
3753.0,2,33,42.0,1.273,0,0.0,0,0.0,9,18.0,0,0.0,0,0,1,0,23.0,18.0,1.0,0,phase_2,rl_policy_v3,,,
3754.0,2,34,52.0,1.529,0,0.0,0,0.0,10,22.0,0,0.0,0,0,1,0,28.0,22.0,2.0,0,phase_2,rl_policy_v3,,,
3755.0,3,34,54.0,1.588,0,0.0,0,0.0,10,26.0,0,0.0,0,0,1,0,25.0,26.0,3.0,0,phase_3,rl_policy_v3,,,
3756.0,3,33,57.0,1.727,0,0.0,0,0.0,10,30.0,0,0.0,0,0,1,0,22.0,30.0,5.0,0,phase_3,rl_policy_v3,,,
3757.0,3,34,60.0,1.765,0,0.0,0,0.0,11,34.0,0,0.0,0,0,1,0,19.0,34.0,7.0,0,phase_3,rl_policy_v3,,,
3758.0,0,30,25.0,0.833,0,0.0,0,0.0,8,6.0,0,0.0,0,0,0,0,15.0,6.0,4.0,0,phase_0,rl_policy_v3,,,
3759.0,0,30,14.0,0.467,0,0.0,0,0.0,9,0.0,0,0.0,0,0,0,0,12.0,0.0,2.0,0,phase_0,rl_policy_v3,,,
3760.0,0,30,15.0,0.5,0,0.0,0,0.0,9,0.0,0,0.0,0,0,0,0,15.0,0.0,0.0,0,phase_0,rl_policy_v3,,,
3761.0,0,28,5.0,0.179,0,0.0,0,0.0,8,0.0,0,0.0,0,0,0,0,5.0,0.0,0.0,0,phase_0,rl_policy_v3,,,
3762.0,0,30,6.0,0.2,0,0.0,0,0.0,8,0.0,0,0.0,0,0,0,0,6.0,0.0,0.0,0,phase_0,rl_policy_v3,,,
3763.0,0,30,0.0,0.0,0,0.0,0,0.0,9,0.0,0,0.0,0,0,0,0,0.0,0.0,0.0,0,phase_0,rl_policy_v3,,,
3764.0,0,30,0.0,0.0,0,0.0,0,0.0,9,0.0,0,0.0,0,0,0,0,0.0,0.0,0.0,0,phase_0,rl_policy_v3,,,
3765.0,0,30,0.0,0.0,0,0.0,0,0.0,9,0.0,0,0.0,0,0,0,0,0.0,0.0,0.0,0,phase_0,rl_policy_v3,,,
3766.0,0,30,0.0,0.0,0,0.0,0,0.0,9,0.0,0,0.0,0,0,0,0,0.0,0.0,0.0,0,phase_0,rl_policy_v3,,,
3767.0,0,30,0.0,0.0,0,0.0,0,0.0,10,0.0,0,0.0,0,0,0,0,0.0,0.0,0.0,0,phase_0,rl_policy_v3,,,
3768.0,0,31,0.0,0.0,0,0.0,0,0.0,10,0.0,0,0.0,0,0,0,0,0.0,0.0,0.0,0,phase_0,rl_policy_v3,,,
3769.0,0,30,1.0,0.033,0,0.0,0,0.0,10,0.0,0,0.0,0,0,0,0,1.0,0.0,0.0,0,phase_0,rl_policy_v3,,,
3770.0,0,30,2.0,0.067,0,0.0,0,0.0,10,0.0,0,0.0,0,0,0,0,2.0,0.0,0.0,0,phase_0,rl_policy_v3,,,
3771.0,0,29,4.0,0.138,0,0.0,0,0.0,9,0.0,0,0.0,0,0,0,0,4.0,0.0,0.0,0,phase_0,rl_policy_v3,,,
3772.0,0,30,7.0,0.233,0,0.0,0,0.0,9,0.0,0,0.0,0,0,0,0,7.0,0.0,0.0,0,phase_0,rl_policy_v3,,,
3773.0,0,30,11.0,0.367,0,0.0,0,0.0,9,0.0,0,0.0,0,0,0,0,11.0,0.0,0.0,0,phase_0,rl_policy_v3,,,
3774.0,0,30,15.0,0.5,0,0.0,0,0.0,9,0.0,0,0.0,0,0,0,0,15.0,0.0,0.0,0,phase_0,rl_policy_v3,,,
3775.0,0,30,20.0,0.667,0,0.0,0,0.0,9,0.0,0,0.0,0,0,0,0,20.0,0.0,0.0,0,phase_0,rl_policy_v3,,,
3776.0,0,31,25.0,0.806,0,0.0,0,0.0,9,0.0,0,0.0,0,0,0,0,25.0,0.0,0.0,0,phase_0,rl_policy_v3,,,
3777.0,0,31,31.0,1.0,0,0.0,0,0.0,9,0.0,0,0.0,0,0,0,0,31.0,0.0,0.0,0,phase_0,rl_policy_v3,,,
3778.0,0,32,38.0,1.188,0,0.0,0,0.0,9,0.0,0,0.0,0,0,0,0,38.0,0.0,0.0,0,phase_0,rl_policy_v3,,,
3779.0,0,31,45.0,1.452,0,0.0,0,0.0,8,0.0,0,0.0,0,0,0,0,45.0,0.0,0.0,0,phase_0,rl_policy_v3,,,
3780.0,0,31,53.0,1.71,0,0.0,0,0.0,8,0.0,0,0.0,0,0,0,0,53.0,0.0,0.0,0,phase_0,rl_policy_v3,,,
3781.0,0,31,62.0,2.0,0,0.0,0,0.0,6,0.0,0,0.0,0,0,0,0,62.0,0.0,0.0,0,phase_0,rl_policy_v3,,,
3782.0,0,33,72.0,2.182,0,0.0,0,0.0,6,0.0,0,0.0,0,0,0,0,72.0,0.0,0.0,0,phase_0,rl_policy_v3,,,
3783.0,0,33,82.0,2.485,0,0.0,0,0.0,5,0.0,0,0.0,0,0,0,0,82.0,0.0,0.0,0,phase_0,rl_policy_v3,,,
3784.0,0,33,92.0,2.788,0,0.0,0,0.0,4,0.0,0,0.0,0,0,0,0,92.0,0.0,0.0,0,phase_0,rl_policy_v3,,,
3785.0,0,33,102.0,3.091,0,0.0,0,0.0,4,0.0,0,0.0,0,0,0,0,102.0,0.0,0.0,0,phase_0,rl_policy_v3,,,
3786.0,0,32,113.0,3.531,0,0.0,0,0.0,3,0.0,0,0.0,0,0,0,0,113.0,0.0,0.0,0,phase_0,rl_policy_v3,,,
3787.0,0,33,125.0,3.788,0,0.0,0,0.0,3,0.0,0,0.0,0,0,0,0,125.0,0.0,0.0,0,phase_0,rl_policy_v3,,,
3788.0,0,34,137.0,4.029,0,0.0,0,0.0,3,0.0,0,0.0,0,0,0,0,137.0,0.0,0.0,0,phase_0,rl_policy_v3,,,
3789.0,0,34,149.0,4.382,0,0.0,0,0.0,3,0.0,0,0.0,0,0,0,0,149.0,0.0,0.0,0,phase_0,rl_policy_v3,,,
3790.0,0,35,162.0,4.629,0,0.0,0,0.0,3,0.0,0,0.0,0,0,0,0,162.0,0.0,0.0,0,phase_0,rl_policy_v3,,,
3791.0,0,34,176.0,5.176,0,0.0,0,0.0,3,0.0,0,0.0,0,0,0,0,176.0,0.0,0.0,0,phase_0,rl_policy_v3,,,
3792.0,0,34,192.0,5.647,0,0.0,0,0.0,3,0.0,0,0.0,0,0,0,0,192.0,0.0,0.0,0,phase_0,rl_policy_v3,,,
3793.0,0,33,208.0,6.303,0,0.0,0,0.0,3,0.0,0,0.0,0,0,0,0,208.0,0.0,0.0,0,phase_0,rl_policy_v3,,,
3794.0,0,33,225.0,6.818,0,0.0,0,0.0,2,0.0,0,0.0,0,0,0,0,225.0,0.0,0.0,0,phase_0,rl_policy_v3,,,
3795.0,0,32,243.0,7.594,0,0.0,0,0.0,2,0.0,0,0.0,0,0,0,0,243.0,0.0,0.0,0,phase_0,rl_policy_v3,,,
3796.0,0,33,262.0,7.939,0,0.0,0,0.0,2,0.0,0,0.0,0,0,0,0,262.0,0.0,0.0,0,phase_0,rl_policy_v3,,,
3797.0,0,32,282.0,8.812,0,0.0,0,0.0,1,0.0,0,0.0,0,0,0,0,282.0,0.0,0.0,0,phase_0,rl_policy_v3,,,
3798.0,0,33,300.0,9.091,0,0.0,0,0.0,1,0.0,0,0.0,0,0,0,0,300.0,0.0,0.0,0,phase_0,rl_policy_v3,,,
3799.0,0,32,320.0,10.0,0,0.0,0,0.0,0,0.0,0,0.0,0,0,0,0,320.0,0.0,0.0,0,phase_0,rl_policy_v3,,,
3800.0,1,32,341.0,10.656,0,0.0,0,0.0,0,0.0,0,0.0,0,0,0,0,341.0,0.0,0.0,0,phase_1,rl_policy_v3,,,
3801.0,1,33,363.0,11.0,0,0.0,0,0.0,0,0.0,0,0.0,0,0,0,0,363.0,0.0,0.0,0,phase_1,rl_policy_v3,,,
3802.0,1,33,386.0,11.697,0,0.0,0,0.0,0,0.0,0,0.0,0,0,0,0,386.0,0.0,0.0,0,phase_1,rl_policy_v3,,,
3803.0,2,33,411.0,12.455,0,0.0,0,0.0,0,0.0,0,0.0,0,0,0,0,410.0,0.0,1.0,0,phase_2,rl_policy_v3,,,
3804.0,2,33,436.0,13.212,0,0.0,0,0.0,0,0.0,0,0.0,0,0,0,0,434.0,0.0,2.0,0,phase_2,rl_policy_v3,,,
3805.0,2,33,461.0,13.97,0,0.0,0,0.0,0,0.0,0,0.0,0,0,0,0,458.0,0.0,3.0,0,phase_2,rl_policy_v3,,,
3806.0,2,33,486.0,14.727,0,0.0,0,0.0,0,0.0,0,0.0,0,0,0,0,482.0,0.0,4.0,0,phase_2,rl_policy_v3,,,
3807.0,2,31,467.0,15.065,0,0.0,0,0.0,0,0.0,0,0.0,0,0,0,0,467.0,0.0,0.0,0,phase_2,rl_policy_v3,,,
3808.0,3,31,452.0,14.581,0,0.0,0,0.0,0,0.0,0,0.0,0,0,0,0,452.0,0.0,0.0,0,phase_3,rl_policy_v3,,,
3809.0,3,31,436.0,14.065,0,0.0,0,0.0,0,0.0,0,0.0,0,0,0,0,436.0,0.0,0.0,0,phase_3,rl_policy_v3,,,
3810.0,3,30,419.0,13.967,0,0.0,0,0.0,0,0.0,0,0.0,0,0,0,0,419.0,0.0,0.0,0,phase_3,rl_policy_v3,,,
3811.0,0,31,402.0,12.968,0,0.0,0,0.0,1,0.0,0,0.0,0,0,0,0,402.0,0.0,0.0,0,phase_0,rl_policy_v3,,,
3812.0,0,31,385.0,12.419,0,0.0,0,0.0,1,0.0,0,0.0,0,0,0,0,385.0,0.0,0.0,0,phase_0,rl_policy_v3,,,
3813.0,0,30,403.0,13.433,0,0.0,0,0.0,1,0.0,0,0.0,0,0,0,0,403.0,0.0,0.0,0,phase_0,rl_policy_v3,,,
3814.0,0,31,384.0,12.387,0,0.0,0,0.0,2,0.0,0,0.0,0,0,0,0,384.0,0.0,0.0,0,phase_0,rl_policy_v3,,,
3815.0,0,29,365.0,12.586,0,0.0,0,0.0,2,0.0,0,0.0,0,0,0,0,365.0,0.0,0.0,0,phase_0,rl_policy_v3,,,
3816.0,0,30,345.0,11.5,0,0.0,0,0.0,3,0.0,0,0.0,0,0,0,0,345.0,0.0,0.0,0,phase_0,rl_policy_v3,,,
3817.0,0,28,324.0,11.571,0,0.0,0,0.0,3,0.0,0,0.0,0,0,0,0,324.0,0.0,0.0,0,phase_0,rl_policy_v3,,,
3818.0,0,29,305.0,10.517,0,0.0,0,0.0,4,0.0,0,0.0,0,0,0,0,305.0,0.0,0.0,0,phase_0,rl_policy_v3,,,
3819.0,0,28,285.0,10.179,0,0.0,0,0.0,4,0.0,0,0.0,0,0,0,0,285.0,0.0,0.0,0,phase_0,rl_policy_v3,,,
3820.0,0,27,266.0,9.852,0,0.0,0,0.0,4,0.0,0,0.0,0,0,0,0,266.0,0.0,0.0,0,phase_0,rl_policy_v3,,,
3821.0,0,27,246.0,9.111,0,0.0,0,0.0,5,0.0,0,0.0,0,0,0,0,246.0,0.0,0.0,0,phase_0,rl_policy_v3,,,
3822.0,0,27,256.0,9.481,0,0.0,0,0.0,5,0.0,0,0.0,0,0,0,0,256.0,0.0,0.0,0,phase_0,rl_policy_v3,,,
3823.0,0,27,234.0,8.667,0,0.0,0,0.0,6,0.0,0,0.0,0,0,0,0,234.0,0.0,0.0,0,phase_0,rl_policy_v3,,,
3824.0,0,27,211.0,7.815,0,0.0,0,0.0,6,0.0,0,0.0,0,0,0,0,211.0,0.0,0.0,0,phase_0,rl_policy_v3,,,
3825.0,0,27,188.0,6.963,0,0.0,0,0.0,6,0.0,0,0.0,0,0,0,0,188.0,0.0,0.0,0,phase_0,rl_policy_v3,,,
3826.0,0,27,165.0,6.111,0,0.0,0,0.0,6,0.0,0,0.0,0,0,0,0,165.0,0.0,0.0,0,phase_0,rl_policy_v3,,,
3827.0,0,27,142.0,5.259,0,0.0,0,0.0,6,0.0,0,0.0,0,0,0,0,142.0,0.0,0.0,0,phase_0,rl_policy_v3,,,
3828.0,0,27,120.0,4.444,0,0.0,0,0.0,6,0.0,0,0.0,0,0,0,0,120.0,0.0,0.0,0,phase_0,rl_policy_v3,,,
3829.0,0,27,128.0,4.741,0,0.0,0,0.0,6,0.0,0,0.0,0,0,0,0,128.0,0.0,0.0,0,phase_0,rl_policy_v3,,,
3830.0,0,27,105.0,3.889,0,0.0,0,0.0,6,0.0,0,0.0,0,0,0,0,105.0,0.0,0.0,0,phase_0,rl_policy_v3,,,
3831.0,0,27,82.0,3.037,0,0.0,0,0.0,6,0.0,0,0.0,0,0,0,0,82.0,0.0,0.0,0,phase_0,rl_policy_v3,,,
3832.0,0,26,58.0,2.231,0,0.0,0,0.0,6,0.0,0,0.0,0,0,0,0,58.0,0.0,0.0,0,phase_0,rl_policy_v3,,,
3833.0,0,26,34.0,1.308,0,0.0,0,0.0,6,0.0,0,0.0,0,0,0,0,34.0,0.0,0.0,0,phase_0,rl_policy_v3,,,
3834.0,0,27,40.0,1.481,0,0.0,0,0.0,6,0.0,0,0.0,0,0,0,0,40.0,0.0,0.0,0,phase_0,rl_policy_v3,,,
3835.0,0,26,48.0,1.846,0,0.0,0,0.0,6,0.0,0,0.0,0,0,0,0,48.0,0.0,0.0,0,phase_0,rl_policy_v3,,,
3836.0,0,26,56.0,2.154,0,0.0,0,0.0,6,0.0,0,0.0,0,0,0,0,56.0,0.0,0.0,0,phase_0,rl_policy_v3,,,
3837.0,0,26,64.0,2.462,0,0.0,0,0.0,6,0.0,0,0.0,0,0,0,0,64.0,0.0,0.0,0,phase_0,rl_policy_v3,,,
3838.0,0,26,73.0,2.808,0,0.0,0,0.0,6,0.0,0,0.0,0,0,0,0,73.0,0.0,0.0,0,phase_0,rl_policy_v3,,,
3839.0,0,26,83.0,3.192,0,0.0,0,0.0,6,0.0,0,0.0,0,0,0,0,83.0,0.0,0.0,0,phase_0,rl_policy_v3,,,
3840.0,0,26,94.0,3.615,0,0.0,0,0.0,6,0.0,0,0.0,0,0,0,0,94.0,0.0,0.0,0,phase_0,rl_policy_v3,,,
3841.0,0,26,105.0,4.038,0,0.0,0,0.0,5,0.0,0,0.0,0,0,0,0,105.0,0.0,0.0,0,phase_0,rl_policy_v3,,,
3842.0,0,25,117.0,4.68,0,0.0,0,0.0,4,0.0,0,0.0,0,0,0,0,117.0,0.0,0.0,0,phase_0,rl_policy_v3,,,
3843.0,0,26,129.0,4.962,0,0.0,0,0.0,4,0.0,0,0.0,0,0,0,0,129.0,0.0,0.0,0,phase_0,rl_policy_v3,,,
3844.0,0,27,142.0,5.259,0,0.0,0,0.0,3,0.0,0,0.0,0,0,0,0,142.0,0.0,0.0,0,phase_0,rl_policy_v3,,,
3845.0,0,27,155.0,5.741,0,0.0,0,0.0,3,0.0,0,0.0,0,0,0,0,155.0,0.0,0.0,0,phase_0,rl_policy_v3,,,
3846.0,0,28,169.0,6.036,0,0.0,0,0.0,3,0.0,0,0.0,0,0,0,0,169.0,0.0,0.0,0,phase_0,rl_policy_v3,,,
3847.0,0,28,183.0,6.536,0,0.0,0,0.0,2,0.0,0,0.0,0,0,0,0,183.0,0.0,0.0,0,phase_0,rl_policy_v3,,,
3848.0,0,28,199.0,7.107,0,0.0,0,0.0,2,0.0,0,0.0,0,0,0,0,199.0,0.0,0.0,0,phase_0,rl_policy_v3,,,
3849.0,0,29,216.0,7.448,0,0.0,0,0.0,2,0.0,0,0.0,0,0,0,0,216.0,0.0,0.0,0,phase_0,rl_policy_v3,,,
3850.0,0,29,232.0,8.0,0,0.0,0,0.0,1,0.0,0,0.0,0,0,0,0,232.0,0.0,0.0,0,phase_0,rl_policy_v3,,,
3851.0,0,29,250.0,8.621,0,0.0,0,0.0,1,0.0,0,0.0,0,0,0,0,250.0,0.0,0.0,0,phase_0,rl_policy_v3,,,
3852.0,0,30,269.0,8.967,0,0.0,0,0.0,1,0.0,0,0.0,0,0,0,0,269.0,0.0,0.0,0,phase_0,rl_policy_v3,,,
3853.0,1,30,288.0,9.6,0,0.0,0,0.0,1,0.0,0,0.0,0,0,0,0,288.0,0.0,0.0,0,phase_1,rl_policy_v3,,,
3854.0,1,30,308.0,10.267,0,0.0,0,0.0,1,0.0,0,0.0,0,0,0,0,308.0,0.0,0.0,0,phase_1,rl_policy_v3,,,
3855.0,1,30,329.0,10.967,0,0.0,0,0.0,1,0.0,0,0.0,0,0,0,0,329.0,0.0,0.0,0,phase_1,rl_policy_v3,,,
3856.0,2,30,351.0,11.7,0,0.0,0,0.0,1,0.0,0,0.0,0,0,0,0,351.0,0.0,0.0,0,phase_2,rl_policy_v3,,,
3857.0,2,30,374.0,12.467,0,0.0,0,0.0,1,0.0,0,0.0,0,0,0,0,374.0,0.0,0.0,0,phase_2,rl_policy_v3,,,
3858.0,2,30,398.0,13.267,0,0.0,0,0.0,1,1.0,0,0.0,0,0,1,0,397.0,1.0,0.0,0,phase_2,rl_policy_v3,,,
3859.0,2,30,423.0,14.1,0,0.0,0,0.0,1,2.0,0,0.0,0,0,1,0,421.0,2.0,0.0,0,phase_2,rl_policy_v3,,,
3860.0,2,29,411.0,14.172,0,0.0,0,0.0,1,3.0,0,0.0,0,0,1,0,408.0,3.0,0.0,0,phase_2,rl_policy_v3,,,
3861.0,2,29,399.0,13.759,0,0.0,0,0.0,1,4.0,0,0.0,0,0,1,0,395.0,4.0,0.0,0,phase_2,rl_policy_v3,,,
3862.0,2,29,386.0,13.31,0,0.0,0,0.0,1,5.0,0,0.0,0,0,1,0,381.0,5.0,0.0,0,phase_2,rl_policy_v3,,,
3863.0,2,28,373.0,13.321,0,0.0,0,0.0,1,6.0,0,0.0,0,0,1,0,367.0,6.0,0.0,0,phase_2,rl_policy_v3,,,
3864.0,2,29,360.0,12.414,0,0.0,0,0.0,2,7.0,0,0.0,0,0,1,0,353.0,7.0,0.0,0,phase_2,rl_policy_v3,,,
3865.0,2,29,347.0,11.966,0,0.0,0,0.0,2,8.0,0,0.0,0,0,1,0,339.0,8.0,0.0,0,phase_2,rl_policy_v3,,,
3866.0,2,29,334.0,11.517,0,0.0,0,0.0,3,9.0,0,0.0,0,0,1,0,325.0,9.0,0.0,0,phase_2,rl_policy_v3,,,
3867.0,2,29,319.0,11.0,0,0.0,0,0.0,3,10.0,0,0.0,0,0,1,0,309.0,10.0,0.0,0,phase_2,rl_policy_v3,,,
3868.0,2,28,305.0,10.893,0,0.0,0,0.0,3,11.0,0,0.0,0,0,1,0,294.0,11.0,0.0,0,phase_2,rl_policy_v3,,,
3869.0,2,29,290.0,10.0,0,0.0,0,0.0,4,12.0,0,0.0,0,0,1,0,278.0,12.0,0.0,0,phase_2,rl_policy_v3,,,
3870.0,2,29,274.0,9.448,0,0.0,0,0.0,4,13.0,0,0.0,0,0,1,0,261.0,13.0,0.0,0,phase_2,rl_policy_v3,,,
3871.0,2,28,258.0,9.214,0,0.0,0,0.0,4,14.0,0,0.0,0,0,1,0,244.0,14.0,0.0,0,phase_2,rl_policy_v3,,,
3872.0,2,29,271.0,9.345,0,0.0,0,0.0,5,15.0,0,0.0,0,0,1,0,256.0,15.0,0.0,0,phase_2,rl_policy_v3,,,
3873.0,2,27,254.0,9.407,0,0.0,0,0.0,5,16.0,0,0.0,0,0,1,0,238.0,16.0,0.0,0,phase_2,rl_policy_v3,,,
3874.0,2,28,237.0,8.464,0,0.0,0,0.0,6,17.0,0,0.0,0,0,1,0,220.0,17.0,0.0,0,phase_2,rl_policy_v3,,,
3875.0,2,26,220.0,8.462,0,0.0,0,0.0,6,18.0,0,0.0,0,0,1,0,202.0,18.0,0.0,0,phase_2,rl_policy_v3,,,
3876.0,2,27,230.0,8.519,0,0.0,0,0.0,7,19.0,0,0.0,0,0,1,0,211.0,19.0,0.0,0,phase_2,rl_policy_v3,,,
3877.0,2,26,210.0,8.077,0,0.0,0,0.0,7,20.0,0,0.0,0,0,1,0,190.0,20.0,0.0,0,phase_2,rl_policy_v3,,,
3878.0,2,25,190.0,7.6,0,0.0,0,0.0,7,21.0,0,0.0,0,0,1,0,169.0,21.0,0.0,0,phase_2,rl_policy_v3,,,
3879.0,2,25,169.0,6.76,0,0.0,0,0.0,8,22.0,0,0.0,0,0,1,0,147.0,22.0,0.0,0,phase_2,rl_policy_v3,,,
3880.0,2,25,176.0,7.04,0,0.0,0,0.0,8,23.0,0,0.0,0,0,1,0,153.0,23.0,0.0,0,phase_2,rl_policy_v3,,,
3881.0,2,23,125.0,5.435,0,0.0,0,0.0,8,24.0,0,0.0,0,0,1,0,101.0,24.0,0.0,0,phase_2,rl_policy_v3,,,
3882.0,2,24,130.0,5.417,0,0.0,0,0.0,9,25.0,0,0.0,0,0,1,0,105.0,25.0,0.0,0,phase_2,rl_policy_v3,,,
3883.0,2,23,106.0,4.609,0,0.0,0,0.0,9,26.0,0,0.0,0,0,1,0,80.0,26.0,0.0,0,phase_2,rl_policy_v3,,,
3884.0,2,24,81.0,3.375,0,0.0,0,0.0,10,27.0,0,0.0,0,0,1,0,54.0,27.0,0.0,0,phase_2,rl_policy_v3,,,
3885.0,2,23,55.0,2.391,0,0.0,0,0.0,10,28.0,0,0.0,0,0,1,0,27.0,28.0,0.0,0,phase_2,rl_policy_v3,,,
3886.0,2,24,57.0,2.375,0,0.0,0,0.0,11,29.0,0,0.0,0,0,1,0,28.0,29.0,0.0,0,phase_2,rl_policy_v3,,,
3887.0,2,25,30.0,1.2,0,0.0,0,0.0,11,30.0,0,0.0,0,0,1,0,0.0,30.0,0.0,0,phase_2,rl_policy_v3,,,
3888.0,2,24,31.0,1.292,0,0.0,0,0.0,11,31.0,0,0.0,0,0,1,0,0.0,31.0,0.0,0,phase_2,rl_policy_v3,,,
3889.0,2,25,32.0,1.28,0,0.0,0,0.0,12,32.0,0,0.0,0,0,0,0,0.0,32.0,0.0,0,phase_2,rl_policy_v3,,,
3890.0,2,24,33.0,1.375,0,0.0,0,0.0,12,33.0,0,0.0,0,0,0,0,0.0,33.0,0.0,0,phase_2,rl_policy_v3,,,
3891.0,2,25,34.0,1.36,0,0.0,0,0.0,13,34.0,0,0.0,0,0,0,0,0.0,34.0,0.0,0,phase_2,rl_policy_v3,,,
3892.0,2,26,35.0,1.346,0,0.0,0,0.0,13,35.0,0,0.0,0,0,0,0,0.0,35.0,0.0,0,phase_2,rl_policy_v3,,,
3893.0,2,26,36.0,1.385,0,0.0,0,0.0,14,36.0,0,0.0,0,0,0,0,0.0,36.0,0.0,0,phase_2,rl_policy_v3,,,
3894.0,2,27,37.0,1.37,0,0.0,0,0.0,14,37.0,0,0.0,0,0,0,0,0.0,37.0,0.0,0,phase_2,rl_policy_v3,,,
3895.0,2,27,38.0,1.407,0,0.0,0,0.0,15,38.0,0,0.0,0,0,0,0,0.0,38.0,0.0,0,phase_2,rl_policy_v3,,,
3896.0,2,27,40.0,1.481,0,0.0,0,0.0,15,40.0,0,0.0,0,0,0,0,0.0,40.0,0.0,0,phase_2,rl_policy_v3,,,
3897.0,2,28,42.0,1.5,0,0.0,0,0.0,15,42.0,0,0.0,0,0,0,0,0.0,42.0,0.0,0,phase_2,rl_policy_v3,,,
3898.0,3,27,44.0,1.63,0,0.0,0,0.0,15,44.0,0,0.0,0,0,0,0,0.0,44.0,0.0,0,phase_3,rl_policy_v3,,,
3899.0,3,28,46.0,1.643,0,0.0,0,0.0,16,46.0,0,0.0,0,0,0,0,0.0,46.0,0.0,0,phase_3,rl_policy_v3,,,
3900.0,3,29,49.0,1.69,0,0.0,0,0.0,16,49.0,0,0.0,0,0,0,0,0.0,49.0,0.0,0,phase_3,rl_policy_v3,,,
3901.0,0,26,0.0,0.0,0,0.0,0,0.0,14,0.0,0,0.0,0,0,0,0,0.0,0.0,0.0,0,phase_0,rl_policy_v3,,,
3902.0,0,27,0.0,0.0,0,0.0,0,0.0,14,0.0,0,0.0,0,0,0,0,0.0,0.0,0.0,0,phase_0,rl_policy_v3,,,
3903.0,0,27,0.0,0.0,0,0.0,0,0.0,14,0.0,0,0.0,0,0,0,0,0.0,0.0,0.0,0,phase_0,rl_policy_v3,,,
3904.0,0,26,0.0,0.0,0,0.0,0,0.0,13,0.0,0,0.0,0,0,0,0,0.0,0.0,0.0,0,phase_0,rl_policy_v3,,,
3905.0,0,29,0.0,0.0,0,0.0,0,0.0,13,0.0,0,0.0,0,0,0,0,0.0,0.0,0.0,0,phase_0,rl_policy_v3,,,
3906.0,0,30,1.0,0.033,0,0.0,0,0.0,13,0.0,0,0.0,0,0,0,0,1.0,0.0,0.0,0,phase_0,rl_policy_v3,,,
3907.0,0,31,2.0,0.065,0,0.0,0,0.0,13,0.0,0,0.0,0,0,0,0,2.0,0.0,0.0,0,phase_0,rl_policy_v3,,,
3908.0,0,31,4.0,0.129,0,0.0,0,0.0,13,0.0,0,0.0,0,0,0,0,4.0,0.0,0.0,0,phase_0,rl_policy_v3,,,
3909.0,0,32,6.0,0.188,0,0.0,0,0.0,13,0.0,0,0.0,0,0,0,0,6.0,0.0,0.0,1,phase_0,rl_policy_v3,,,
3910.0,0,32,9.0,0.281,0,0.0,0,0.0,13,0.0,0,0.0,0,0,0,0,9.0,0.0,0.0,1,phase_0,rl_policy_v3,,,
3911.0,0,32,13.0,0.406,0,0.0,0,0.0,12,0.0,0,0.0,0,0,0,0,13.0,0.0,0.0,1,phase_0,rl_policy_v3,,,
3912.0,0,31,17.0,0.548,0,0.0,0,0.0,10,0.0,0,0.0,0,0,0,0,17.0,0.0,0.0,1,phase_0,rl_policy_v3,,,
3913.0,1,32,22.0,0.688,0,0.0,0,0.0,10,0.0,0,0.0,0,0,0,0,22.0,0.0,0.0,1,phase_1,rl_policy_v3,,,
3914.0,1,34,27.0,0.794,0,0.0,0,0.0,10,0.0,0,0.0,0,0,0,0,27.0,0.0,0.0,1,phase_1,rl_policy_v3,,,
3915.0,1,34,33.0,0.971,0,0.0,0,0.0,10,0.0,0,0.0,0,0,0,0,33.0,0.0,0.0,1,phase_1,rl_policy_v3,,,
3916.0,2,33,29.0,0.879,0,0.0,0,0.0,10,0.0,0,0.0,0,0,0,0,29.0,0.0,0.0,1,phase_2,rl_policy_v3,,,
3917.0,2,34,26.0,0.765,0,0.0,0,0.0,10,0.0,0,0.0,0,0,0,0,26.0,0.0,0.0,1,phase_2,rl_policy_v3,,,
3918.0,2,34,25.0,0.735,0,0.0,0,0.0,10,2.0,0,0.0,0,0,0,0,23.0,2.0,0.0,1,phase_2,rl_policy_v3,,,
3919.0,2,34,24.0,0.706,0,0.0,0,0.0,10,4.0,0,0.0,0,0,0,0,20.0,4.0,0.0,1,phase_2,rl_policy_v3,,,
3920.0,2,35,24.0,0.686,0,0.0,0,0.0,11,6.0,0,0.0,0,0,1,0,18.0,6.0,0.0,1,phase_2,rl_policy_v3,,,
3921.0,2,36,24.0,0.667,0,0.0,0,0.0,11,8.0,0,0.0,0,0,1,0,16.0,8.0,0.0,1,phase_2,rl_policy_v3,,,
3922.0,2,35,25.0,0.714,0,0.0,0,0.0,11,10.0,0,0.0,0,0,1,0,15.0,10.0,0.0,1,phase_2,rl_policy_v3,,,
3923.0,2,37,26.0,0.703,0,0.0,0,0.0,12,13.0,0,0.0,0,0,1,0,13.0,13.0,0.0,1,phase_2,rl_policy_v3,,,
3924.0,2,37,28.0,0.757,0,0.0,0,0.0,12,17.0,0,0.0,0,0,1,0,11.0,17.0,0.0,1,phase_2,rl_policy_v3,,,
3925.0,2,38,31.0,0.816,0,0.0,0,0.0,13,22.0,0,0.0,0,0,1,0,9.0,22.0,0.0,1,phase_2,rl_policy_v3,,,
3926.0,3,38,35.0,0.921,0,0.0,0,0.0,13,27.0,0,0.0,0,0,1,0,8.0,27.0,0.0,1,phase_3,rl_policy_v3,,,
3927.0,3,38,46.0,1.211,0,0.0,0,0.0,13,34.0,0,0.0,0,0,2,0,12.0,34.0,0.0,1,phase_3,rl_policy_v3,,,
3928.0,3,40,49.0,1.225,0,0.0,0,0.0,14,39.0,0,0.0,0,0,0,0,10.0,39.0,0.0,1,phase_3,rl_policy_v3,,,
3929.0,0,37,26.0,0.703,0,0.0,0,0.0,11,15.0,0,0.0,0,0,0,0,11.0,15.0,0.0,1,phase_0,rl_policy_v3,,,
3930.0,0,37,14.0,0.378,0,0.0,0,0.0,11,4.0,0,0.0,0,0,0,0,10.0,4.0,0.0,1,phase_0,rl_policy_v3,,,
3931.0,0,37,10.0,0.27,0,0.0,0,0.0,11,0.0,0,0.0,0,0,0,0,10.0,0.0,0.0,1,phase_0,rl_policy_v3,,,
3932.0,0,34,11.0,0.324,0,0.0,0,0.0,8,0.0,0,0.0,0,0,0,0,11.0,0.0,0.0,1,phase_0,rl_policy_v3,,,
3933.0,0,36,14.0,0.389,0,0.0,0,0.0,8,0.0,0,0.0,0,0,0,0,14.0,0.0,0.0,1,phase_0,rl_policy_v3,,,
3934.0,0,35,17.0,0.486,0,0.0,0,0.0,7,0.0,0,0.0,0,0,0,0,17.0,0.0,0.0,1,phase_0,rl_policy_v3,,,
3935.0,0,36,18.0,0.5,0,0.0,0,0.0,6,0.0,0,0.0,0,0,0,0,18.0,0.0,0.0,1,phase_0,rl_policy_v3,,,
3936.0,0,37,25.0,0.676,0,0.0,0,0.0,6,0.0,0,0.0,0,0,0,0,25.0,0.0,0.0,1,phase_0,rl_policy_v3,,,
3937.0,0,37,30.0,0.811,0,0.0,0,0.0,5,0.0,0,0.0,0,0,0,0,30.0,0.0,0.0,1,phase_0,rl_policy_v3,,,
3938.0,0,38,36.0,0.947,0,0.0,0,0.0,4,0.0,0,0.0,0,0,0,0,35.0,0.0,1.0,1,phase_0,rl_policy_v3,,,
3939.0,1,38,45.0,1.184,0,0.0,0,0.0,4,0.0,0,0.0,0,0,0,0,43.0,0.0,2.0,1,phase_1,rl_policy_v3,,,
3940.0,1,39,51.0,1.308,0,0.0,0,0.0,4,0.0,0,0.0,0,0,0,0,48.0,0.0,3.0,1,phase_1,rl_policy_v3,,,
3941.0,1,39,58.0,1.487,0,0.0,0,0.0,4,0.0,0,0.0,0,0,0,0,53.0,0.0,5.0,1,phase_1,rl_policy_v3,,,
3942.0,2,39,70.0,1.795,0,0.0,0,0.0,4,0.0,0,0.0,0,0,0,0,62.0,0.0,8.0,1,phase_2,rl_policy_v3,,,
3943.0,2,40,84.0,2.1,0,0.0,0,0.0,4,0.0,0,0.0,0,0,0,0,72.0,0.0,12.0,1,phase_2,rl_policy_v3,,,
3944.0,2,40,99.0,2.475,0,0.0,0,0.0,4,0.0,0,0.0,0,0,0,0,83.0,0.0,16.0,1,phase_2,rl_policy_v3,,,
3945.0,2,40,114.0,2.85,0,0.0,0,0.0,4,0.0,0,0.0,0,0,0,0,94.0,0.0,20.0,1,phase_2,rl_policy_v3,,,
3946.0,2,38,103.0,2.711,0,0.0,0,0.0,4,0.0,0,0.0,0,0,0,0,87.0,0.0,16.0,1,phase_2,rl_policy_v3,,,
3947.0,2,38,94.0,2.474,0,0.0,0,0.0,4,0.0,0,0.0,0,0,0,0,81.0,0.0,13.0,1,phase_2,rl_policy_v3,,,
3948.0,2,39,85.0,2.179,0,0.0,0,0.0,4,0.0,0,0.0,0,0,0,0,76.0,0.0,9.0,1,phase_2,rl_policy_v3,,,
3949.0,2,37,75.0,2.027,0,0.0,0,0.0,4,0.0,0,0.0,0,0,0,0,70.0,0.0,5.0,1,phase_2,rl_policy_v3,,,
3950.0,2,39,67.0,1.718,0,0.0,0,0.0,5,0.0,0,0.0,0,0,0,0,65.0,0.0,2.0,1,phase_2,rl_policy_v3,,,
3951.0,2,39,63.0,1.615,0,0.0,0,0.0,5,0.0,0,0.0,0,0,0,0,62.0,0.0,1.0,1,phase_2,rl_policy_v3,,,
3952.0,2,37,60.0,1.622,0,0.0,0,0.0,5,1.0,0,0.0,0,0,1,0,59.0,1.0,0.0,1,phase_2,rl_policy_v3,,,
3953.0,2,38,58.0,1.526,0,0.0,0,0.0,6,2.0,0,0.0,0,0,1,0,56.0,2.0,0.0,1,phase_2,rl_policy_v3,,,
3954.0,2,37,54.0,1.459,0,0.0,0,0.0,6,3.0,0,0.0,0,0,1,0,51.0,3.0,0.0,1,phase_2,rl_policy_v3,,,
3955.0,2,38,62.0,1.632,0,0.0,0,0.0,7,4.0,0,0.0,0,0,1,0,58.0,4.0,0.0,1,phase_2,rl_policy_v3,,,
3956.0,2,37,58.0,1.568,0,0.0,0,0.0,7,5.0,0,0.0,0,0,1,0,53.0,5.0,0.0,1,phase_2,rl_policy_v3,,,
3957.0,2,36,55.0,1.528,0,0.0,0,0.0,7,7.0,0,0.0,0,0,1,0,48.0,7.0,0.0,1,phase_2,rl_policy_v3,,,
3958.0,2,36,55.0,1.528,0,0.0,0,0.0,8,10.0,0,0.0,0,0,1,0,45.0,10.0,0.0,1,phase_2,rl_policy_v3,,,
3959.0,2,35,55.0,1.571,0,0.0,0,0.0,8,13.0,0,0.0,0,0,1,0,42.0,13.0,0.0,1,phase_2,rl_policy_v3,,,
3960.0,2,35,55.0,1.571,0,0.0,0,0.0,9,16.0,0,0.0,0,0,1,0,39.0,16.0,0.0,1,phase_2,rl_policy_v3,,,
3961.0,2,35,55.0,1.571,0,0.0,0,0.0,9,19.0,0,0.0,0,0,1,0,36.0,19.0,0.0,1,phase_2,rl_policy_v3,,,
3962.0,2,34,65.0,1.912,0,0.0,0,0.0,9,22.0,0,0.0,0,0,1,0,43.0,22.0,0.0,1,phase_2,rl_policy_v3,,,
3963.0,2,34,64.0,1.882,0,0.0,0,0.0,10,25.0,0,0.0,0,0,1,0,39.0,25.0,0.0,1,phase_2,rl_policy_v3,,,
3964.0,3,34,64.0,1.882,0,0.0,0,0.0,10,28.0,0,0.0,0,0,1,0,36.0,28.0,0.0,1,phase_3,rl_policy_v3,,,
3965.0,3,35,64.0,1.829,0,0.0,0,0.0,11,31.0,0,0.0,0,0,1,0,33.0,31.0,0.0,1,phase_3,rl_policy_v3,,,
3966.0,3,35,64.0,1.829,0,0.0,0,0.0,11,35.0,0,0.0,0,0,1,0,29.0,35.0,0.0,1,phase_3,rl_policy_v3,,,
3967.0,0,32,26.0,0.812,0,0.0,0,0.0,8,2.0,0,0.0,0,0,0,0,24.0,2.0,0.0,1,phase_0,rl_policy_v3,,,
3968.0,0,32,20.0,0.625,0,0.0,0,0.0,8,0.0,0,0.0,0,0,0,0,19.0,0.0,1.0,1,phase_0,rl_policy_v3,,,
3969.0,0,32,25.0,0.781,0,0.0,0,0.0,8,0.0,0,0.0,0,0,0,0,23.0,0.0,2.0,1,phase_0,rl_policy_v3,,,
3970.0,0,31,21.0,0.677,0,0.0,0,0.0,7,0.0,0,0.0,0,0,0,0,18.0,0.0,3.0,1,phase_0,rl_policy_v3,,,
3971.0,0,32,19.0,0.594,0,0.0,0,0.0,7,0.0,0,0.0,0,0,0,0,14.0,0.0,5.0,1,phase_0,rl_policy_v3,,,
3972.0,0,32,26.0,0.812,0,0.0,0,0.0,7,0.0,0,0.0,0,0,0,0,19.0,0.0,7.0,1,phase_0,rl_policy_v3,,,
3973.0,0,34,33.0,0.971,0,0.0,0,0.0,7,0.0,0,0.0,0,0,0,0,24.0,0.0,9.0,1,phase_0,rl_policy_v3,,,
3974.0,0,35,41.0,1.171,0,0.0,0,0.0,7,0.0,0,0.0,0,0,0,0,29.0,0.0,12.0,1,phase_0,rl_policy_v3,,,
3975.0,0,35,51.0,1.457,0,0.0,0,0.0,7,0.0,0,0.0,0,0,0,0,35.0,0.0,16.0,1,phase_0,rl_policy_v3,,,
3976.0,0,35,62.0,1.771,0,0.0,0,0.0,7,0.0,0,0.0,0,0,0,0,42.0,0.0,20.0,1,phase_0,rl_policy_v3,,,
3977.0,0,35,73.0,2.086,0,0.0,0,0.0,7,0.0,0,0.0,0,0,0,0,49.0,0.0,24.0,1,phase_0,rl_policy_v3,,,
3978.0,0,36,86.0,2.389,0,0.0,0,0.0,7,0.0,0,0.0,0,0,0,0,57.0,0.0,29.0,1,phase_0,rl_policy_v3,,,
3979.0,0,35,99.0,2.829,0,0.0,0,0.0,6,0.0,0,0.0,0,0,0,0,65.0,0.0,34.0,1,phase_0,rl_policy_v3,,,
3980.0,0,37,114.0,3.081,0,0.0,0,0.0,6,0.0,0,0.0,0,0,0,0,74.0,0.0,40.0,1,phase_0,rl_policy_v3,,,
3981.0,0,37,130.0,3.514,0,0.0,0,0.0,6,0.0,0,0.0,0,0,0,0,84.0,0.0,46.0,1,phase_0,rl_policy_v3,,,
3982.0,0,36,148.0,4.111,0,0.0,0,0.0,5,0.0,0,0.0,0,0,0,0,95.0,0.0,53.0,1,phase_0,rl_policy_v3,,,
3983.0,0,38,168.0,4.421,0,0.0,0,0.0,5,0.0,0,0.0,0,0,0,0,107.0,0.0,61.0,1,phase_0,rl_policy_v3,,,
3984.0,0,38,189.0,4.974,0,0.0,0,0.0,5,0.0,0,0.0,0,0,0,0,120.0,0.0,69.0,1,phase_0,rl_policy_v3,,,
3985.0,0,39,210.0,5.385,0,0.0,0,0.0,5,0.0,0,0.0,0,0,0,0,133.0,0.0,77.0,1,phase_0,rl_policy_v3,,,
3986.0,0,39,232.0,5.949,0,0.0,0,0.0,5,0.0,0,0.0,0,0,0,0,147.0,0.0,85.0,1,phase_0,rl_policy_v3,,,
3987.0,0,39,255.0,6.538,0,0.0,0,0.0,5,0.0,0,0.0,0,0,0,0,162.0,0.0,93.0,1,phase_0,rl_policy_v3,,,
3988.0,0,40,278.0,6.95,0,0.0,0,0.0,5,0.0,0,0.0,0,0,0,0,177.0,0.0,101.0,1,phase_0,rl_policy_v3,,,
3989.0,0,39,302.0,7.744,0,0.0,0,0.0,4,0.0,0,0.0,0,0,0,0,193.0,0.0,109.0,1,phase_0,rl_policy_v3,,,
3990.0,1,39,327.0,8.385,0,0.0,0,0.0,4,0.0,0,0.0,0,0,0,0,210.0,0.0,117.0,1,phase_1,rl_policy_v3,,,
3991.0,1,40,353.0,8.825,0,0.0,0,0.0,4,0.0,0,0.0,0,0,0,0,228.0,0.0,125.0,1,phase_1,rl_policy_v3,,,
3992.0,1,40,379.0,9.475,0,0.0,0,0.0,4,0.0,0,0.0,0,0,0,0,246.0,0.0,133.0,1,phase_1,rl_policy_v3,,,
3993.0,2,40,406.0,10.15,0,0.0,0,0.0,4,0.0,0,0.0,0,0,0,0,265.0,0.0,141.0,1,phase_2,rl_policy_v3,,,
3994.0,2,41,436.0,10.634,0,0.0,0,0.0,4,2.0,0,0.0,0,0,1,0,285.0,2.0,149.0,1,phase_2,rl_policy_v3,,,
3995.0,2,41,467.0,11.39,0,0.0,0,0.0,4,4.0,0,0.0,0,0,1,0,306.0,4.0,157.0,1,phase_2,rl_policy_v3,,,
3996.0,2,39,438.0,11.231,0,0.0,0,0.0,4,7.0,0,0.0,0,0,2,0,295.0,7.0,136.0,1,phase_2,rl_policy_v3,,,
3997.0,2,39,414.0,10.615,0,0.0,0,0.0,4,11.0,0,0.0,0,0,4,0,286.0,11.0,117.0,1,phase_2,rl_policy_v3,,,
3998.0,2,39,391.0,10.026,0,0.0,0,0.0,4,15.0,0,0.0,0,0,4,0,277.0,15.0,99.0,1,phase_2,rl_policy_v3,,,
3999.0,2,38,367.0,9.658,0,0.0,0,0.0,4,19.0,0,0.0,0,0,4,0,268.0,19.0,80.0,1,phase_2,rl_policy_v3,,,
4000.0,2,38,343.0,9.026,0,0.0,0,0.0,5,23.0,0,0.0,0,0,2,0,258.0,23.0,62.0,1,phase_2,rl_policy_v3,,,
4001.0,2,38,320.0,8.421,0,0.0,0,0.0,5,27.0,0,0.0,0,0,2,0,249.0,27.0,44.0,1,phase_2,rl_policy_v3,,,
4002.0,2,36,296.0,8.222,0,0.0,0,0.0,5,31.0,0,0.0,0,0,2,0,239.0,31.0,26.0,1,phase_2,rl_policy_v3,,,
4003.0,2,37,271.0,7.324,0,0.0,0,0.0,6,35.0,0,0.0,0,0,2,0,229.0,35.0,7.0,1,phase_2,rl_policy_v3,,,
4004.0,2,35,258.0,7.371,0,0.0,0,0.0,6,39.0,0,0.0,0,0,2,0,219.0,39.0,0.0,0,phase_2,rl_policy_v3,,,
4005.0,3,35,251.0,7.171,0,0.0,0,0.0,7,43.0,0,0.0,0,0,2,0,208.0,43.0,0.0,0,phase_3,rl_policy_v3,,,
4006.0,3,34,268.0,7.882,0,0.0,0,0.0,7,47.0,0,0.0,0,0,2,0,221.0,47.0,0.0,0,phase_3,rl_policy_v3,,,
4007.0,3,34,259.0,7.618,0,0.0,0,0.0,8,51.0,0,0.0,0,0,2,0,208.0,51.0,0.0,1,phase_3,rl_policy_v3,,,
4008.0,0,31,206.0,6.645,0,0.0,0,0.0,5,12.0,0,0.0,0,0,0,0,194.0,12.0,0.0,1,phase_0,rl_policy_v3,,,
4009.0,0,30,179.0,5.967,0,0.0,0,0.0,5,0.0,0,0.0,0,0,0,0,179.0,0.0,0.0,1,phase_0,rl_policy_v3,,,
4010.0,0,30,164.0,5.467,0,0.0,0,0.0,6,0.0,0,0.0,0,0,0,0,164.0,0.0,0.0,1,phase_0,rl_policy_v3,,,
4011.0,0,29,148.0,5.103,0,0.0,0,0.0,5,0.0,0,0.0,0,0,0,0,148.0,0.0,0.0,1,phase_0,rl_policy_v3,,,
4012.0,0,31,132.0,4.258,0,0.0,0,0.0,6,0.0,0,0.0,0,0,0,0,132.0,0.0,0.0,1,phase_0,rl_policy_v3,,,
4013.0,0,32,115.0,3.594,0,0.0,0,0.0,6,0.0,0,0.0,0,0,0,0,115.0,0.0,0.0,1,phase_0,rl_policy_v3,,,
4014.0,0,31,97.0,3.129,0,0.0,0,0.0,6,0.0,0,0.0,0,0,0,0,97.0,0.0,0.0,1,phase_0,rl_policy_v3,,,
4015.0,0,31,79.0,2.548,0,0.0,0,0.0,7,0.0,0,0.0,0,0,0,0,79.0,0.0,0.0,1,phase_0,rl_policy_v3,,,
4016.0,0,31,60.0,1.935,0,0.0,0,0.0,7,0.0,0,0.0,0,0,0,0,60.0,0.0,0.0,1,phase_0,rl_policy_v3,,,
4017.0,0,29,40.0,1.379,0,0.0,0,0.0,7,0.0,0,0.0,0,0,0,0,40.0,0.0,0.0,1,phase_0,rl_policy_v3,,,
4018.0,0,30,20.0,0.667,0,0.0,0,0.0,8,0.0,0,0.0,0,0,0,0,20.0,0.0,0.0,1,phase_0,rl_policy_v3,,,
4019.0,0,28,22.0,0.786,0,0.0,0,0.0,8,0.0,0,0.0,0,0,0,0,22.0,0.0,0.0,1,phase_0,rl_policy_v3,,,
4020.0,0,29,22.0,0.759,0,0.0,0,0.0,9,0.0,0,0.0,0,0,0,0,22.0,0.0,0.0,1,phase_0,rl_policy_v3,,,
4021.0,0,28,0.0,0.0,0,0.0,0,0.0,9,0.0,0,0.0,0,0,0,0,0.0,0.0,0.0,1,phase_0,rl_policy_v3,,,
4022.0,0,28,0.0,0.0,0,0.0,0,0.0,10,0.0,0,0.0,0,0,0,0,0.0,0.0,0.0,1,phase_0,rl_policy_v3,,,
4023.0,0,28,0.0,0.0,0,0.0,0,0.0,10,0.0,0,0.0,0,0,0,0,0.0,0.0,0.0,1,phase_0,rl_policy_v3,,,
4024.0,0,27,0.0,0.0,0,0.0,0,0.0,10,0.0,0,0.0,0,0,0,0,0.0,0.0,0.0,1,phase_0,rl_policy_v3,,,
4025.0,0,28,0.0,0.0,0,0.0,0,0.0,11,0.0,0,0.0,0,0,0,0,0.0,0.0,0.0,1,phase_0,rl_policy_v3,,,
4026.0,0,27,0.0,0.0,0,0.0,0,0.0,11,0.0,0,0.0,0,0,0,0,0.0,0.0,0.0,1,phase_0,rl_policy_v3,,,
4027.0,0,28,0.0,0.0,0,0.0,0,0.0,12,0.0,0,0.0,0,0,0,0,0.0,0.0,0.0,1,phase_0,rl_policy_v3,,,
4028.0,0,28,0.0,0.0,0,0.0,0,0.0,12,0.0,0,0.0,0,0,0,0,0.0,0.0,0.0,1,phase_0,rl_policy_v3,,,
4029.0,0,28,0.0,0.0,0,0.0,0,0.0,12,0.0,0,0.0,0,0,0,0,0.0,0.0,0.0,1,phase_0,rl_policy_v3,,,
4030.0,1,28,0.0,0.0,0,0.0,0,0.0,11,0.0,0,0.0,0,0,0,0,0.0,0.0,0.0,1,phase_1,rl_policy_v3,,,
4031.0,1,29,0.0,0.0,0,0.0,0,0.0,12,0.0,0,0.0,0,0,0,0,0.0,0.0,0.0,1,phase_1,rl_policy_v3,,,
4032.0,1,29,0.0,0.0,0,0.0,0,0.0,12,0.0,0,0.0,0,0,0,0,0.0,0.0,0.0,1,phase_1,rl_policy_v3,,,
4033.0,2,29,0.0,0.0,0,0.0,0,0.0,12,0.0,0,0.0,0,0,0,0,0.0,0.0,0.0,1,phase_2,rl_policy_v3,,,
4034.0,2,28,0.0,0.0,0,0.0,0,0.0,12,0.0,0,0.0,0,0,0,0,0.0,0.0,0.0,1,phase_2,rl_policy_v3,,,
4035.0,2,29,0.0,0.0,0,0.0,0,0.0,13,0.0,0,0.0,0,0,0,0,0.0,0.0,0.0,1,phase_2,rl_policy_v3,,,
4036.0,2,29,1.0,0.034,0,0.0,0,0.0,13,1.0,0,0.0,0,0,0,0,0.0,1.0,0.0,1,phase_2,rl_policy_v3,,,
4037.0,2,30,3.0,0.1,0,0.0,0,0.0,14,3.0,0,0.0,0,0,0,0,0.0,3.0,0.0,1,phase_2,rl_policy_v3,,,
4038.0,2,31,5.0,0.161,0,0.0,0,0.0,14,5.0,0,0.0,0,0,0,0,0.0,5.0,0.0,1,phase_2,rl_policy_v3,,,
4039.0,2,31,7.0,0.226,0,0.0,0,0.0,14,7.0,0,0.0,0,0,0,0,0.0,7.0,0.0,1,phase_2,rl_policy_v3,,,
4040.0,2,33,9.0,0.273,0,0.0,0,0.0,15,9.0,0,0.0,0,0,0,0,0.0,9.0,0.0,1,phase_2,rl_policy_v3,,,
4041.0,2,33,12.0,0.364,0,0.0,0,0.0,15,12.0,0,0.0,0,0,0,0,0.0,12.0,0.0,1,phase_2,rl_policy_v3,,,
4042.0,2,34,17.0,0.5,0,0.0,0,0.0,15,15.0,0,0.0,0,0,0,0,1.0,15.0,1.0,1,phase_2,rl_policy_v3,,,
4043.0,3,34,24.0,0.706,0,0.0,0,0.0,15,19.0,0,0.0,0,0,0,0,3.0,19.0,2.0,1,phase_3,rl_policy_v3,,,
4044.0,3,34,32.0,0.941,0,0.0,0,0.0,15,24.0,0,0.0,0,0,0,0,5.0,24.0,3.0,1,phase_3,rl_policy_v3,,,
4045.0,3,34,37.0,1.088,0,0.0,0,0.0,15,29.0,0,0.0,0,0,0,0,4.0,29.0,4.0,1,phase_3,rl_policy_v3,,,
4046.0,0,31,16.0,0.516,0,0.0,0,0.0,12,9.0,0,0.0,0,0,0,0,2.0,9.0,5.0,0,phase_0,rl_policy_v3,,,
4047.0,0,32,7.0,0.219,0,0.0,0,0.0,12,0.0,0,0.0,0,0,0,0,1.0,0.0,6.0,0,phase_0,rl_policy_v3,,,
4048.0,0,32,8.0,0.25,0,0.0,0,0.0,12,0.0,0,0.0,0,0,0,0,1.0,0.0,7.0,0,phase_0,rl_policy_v3,,,
4049.0,0,31,9.0,0.29,0,0.0,0,0.0,11,0.0,0,0.0,0,0,0,0,1.0,0.0,8.0,1,phase_0,rl_policy_v3,,,
4050.0,0,34,10.0,0.294,0,0.0,0,0.0,11,0.0,0,0.0,0,0,0,0,1.0,0.0,9.0,1,phase_0,rl_policy_v3,,,
4051.0,0,32,10.0,0.312,0,0.0,0,0.0,10,0.0,0,0.0,0,0,0,0,0.0,0.0,10.0,1,phase_0,rl_policy_v3,,,
4052.0,0,35,12.0,0.343,0,0.0,0,0.0,10,0.0,0,0.0,0,0,0,0,0.0,0.0,12.0,1,phase_0,rl_policy_v3,,,
4053.0,0,34,14.0,0.412,0,0.0,0,0.0,9,0.0,0,0.0,0,0,0,0,0.0,0.0,14.0,1,phase_0,rl_policy_v3,,,
4054.0,0,34,17.0,0.5,0,0.0,0,0.0,8,0.0,0,0.0,0,0,0,0,0.0,0.0,17.0,1,phase_0,rl_policy_v3,,,
4055.0,0,36,21.0,0.583,0,0.0,0,0.0,8,0.0,0,0.0,0,0,0,0,0.0,0.0,21.0,1,phase_0,rl_policy_v3,,,
4056.0,0,35,25.0,0.714,0,0.0,0,0.0,8,0.0,0,0.0,0,0,0,0,0.0,0.0,25.0,1,phase_0,rl_policy_v3,,,
4057.0,0,37,29.0,0.784,0,0.0,0,0.0,9,0.0,0,0.0,0,0,0,0,0.0,0.0,29.0,1,phase_0,rl_policy_v3,,,
4058.0,0,37,16.0,0.432,0,0.0,0,0.0,9,0.0,0,0.0,0,0,0,0,0.0,0.0,16.0,1,phase_0,rl_policy_v3,,,
4059.0,0,36,11.0,0.306,0,0.0,0,0.0,9,0.0,0,0.0,0,0,0,0,0.0,0.0,11.0,1,phase_0,rl_policy_v3,,,
4060.0,0,38,6.0,0.158,0,0.0,0,0.0,10,0.0,0,0.0,0,0,0,0,0.0,0.0,6.0,1,phase_0,rl_policy_v3,,,
4061.0,0,36,0.0,0.0,0,0.0,0,0.0,10,0.0,0,0.0,0,0,0,0,0.0,0.0,0.0,1,phase_0,rl_policy_v3,,,
4062.0,0,36,0.0,0.0,0,0.0,0,0.0,10,0.0,0,0.0,0,0,0,0,0.0,0.0,0.0,1,phase_0,rl_policy_v3,,,
4063.0,0,36,0.0,0.0,0,0.0,0,0.0,10,0.0,0,0.0,0,0,0,0,0.0,0.0,0.0,1,phase_0,rl_policy_v3,,,
4064.0,0,36,0.0,0.0,0,0.0,0,0.0,10,0.0,0,0.0,0,0,0,0,0.0,0.0,0.0,1,phase_0,rl_policy_v3,,,
4065.0,0,37,0.0,0.0,0,0.0,0,0.0,11,0.0,0,0.0,0,0,0,0,0.0,0.0,0.0,1,phase_0,rl_policy_v3,,,
4066.0,0,35,0.0,0.0,0,0.0,0,0.0,11,0.0,0,0.0,0,0,0,0,0.0,0.0,0.0,1,phase_0,rl_policy_v3,,,
4067.0,0,35,0.0,0.0,0,0.0,0,0.0,10,0.0,0,0.0,0,0,0,0,0.0,0.0,0.0,1,phase_0,rl_policy_v3,,,
4068.0,0,36,0.0,0.0,0,0.0,0,0.0,10,0.0,0,0.0,0,0,0,0,0.0,0.0,0.0,1,phase_0,rl_policy_v3,,,
4069.0,0,34,0.0,0.0,0,0.0,0,0.0,9,0.0,0,0.0,0,0,0,0,0.0,0.0,0.0,0,phase_0,rl_policy_v3,,,
4070.0,0,34,0.0,0.0,0,0.0,0,0.0,9,0.0,0,0.0,0,0,0,0,0.0,0.0,0.0,0,phase_0,rl_policy_v3,,,
4071.0,0,36,0.0,0.0,0,0.0,0,0.0,10,0.0,0,0.0,0,0,0,0,0.0,0.0,0.0,0,phase_0,rl_policy_v3,,,
4072.0,0,36,0.0,0.0,0,0.0,0,0.0,10,0.0,0,0.0,0,0,0,0,0.0,0.0,0.0,0,phase_0,rl_policy_v3,,,
4073.0,0,36,0.0,0.0,0,0.0,0,0.0,10,0.0,0,0.0,0,0,0,0,0.0,0.0,0.0,0,phase_0,rl_policy_v3,,,
4074.0,0,37,0.0,0.0,0,0.0,0,0.0,11,0.0,0,0.0,0,0,0,0,0.0,0.0,0.0,0,phase_0,rl_policy_v3,,,
4075.0,0,37,0.0,0.0,0,0.0,0,0.0,11,0.0,0,0.0,0,0,0,0,0.0,0.0,0.0,0,phase_0,rl_policy_v3,,,
4076.0,0,36,0.0,0.0,0,0.0,0,0.0,11,0.0,0,0.0,0,0,0,0,0.0,0.0,0.0,0,phase_0,rl_policy_v3,,,
4077.0,0,38,0.0,0.0,0,0.0,0,0.0,12,0.0,0,0.0,0,0,0,0,0.0,0.0,0.0,0,phase_0,rl_policy_v3,,,
4078.0,0,36,0.0,0.0,0,0.0,0,0.0,11,0.0,0,0.0,0,0,0,0,0.0,0.0,0.0,0,phase_0,rl_policy_v3,,,
4079.0,0,36,0.0,0.0,0,0.0,0,0.0,12,0.0,0,0.0,0,0,0,0,0.0,0.0,0.0,0,phase_0,rl_policy_v3,,,
4080.0,0,36,0.0,0.0,0,0.0,0,0.0,12,0.0,0,0.0,0,0,0,0,0.0,0.0,0.0,0,phase_0,rl_policy_v3,,,
4081.0,0,37,0.0,0.0,0,0.0,0,0.0,12,0.0,0,0.0,0,0,0,0,0.0,0.0,0.0,0,phase_0,rl_policy_v3,,,
4082.0,0,37,0.0,0.0,0,0.0,0,0.0,12,0.0,0,0.0,0,0,0,0,0.0,0.0,0.0,0,phase_0,rl_policy_v3,,,
4083.0,0,39,0.0,0.0,0,0.0,0,0.0,13,0.0,0,0.0,0,0,0,0,0.0,0.0,0.0,0,phase_0,rl_policy_v3,,,
4084.0,0,39,0.0,0.0,0,0.0,0,0.0,13,0.0,0,0.0,0,0,0,0,0.0,0.0,0.0,0,phase_0,rl_policy_v3,,,
4085.0,0,38,0.0,0.0,0,0.0,0,0.0,13,0.0,0,0.0,0,0,0,0,0.0,0.0,0.0,0,phase_0,rl_policy_v3,,,
4086.0,0,39,0.0,0.0,0,0.0,0,0.0,13,0.0,0,0.0,0,0,0,0,0.0,0.0,0.0,0,phase_0,rl_policy_v3,,,
4087.0,0,38,0.0,0.0,0,0.0,0,0.0,12,0.0,0,0.0,0,0,0,0,0.0,0.0,0.0,0,phase_0,rl_policy_v3,,,
4088.0,1,41,1.0,0.024,0,0.0,0,0.0,13,0.0,0,0.0,0,0,0,0,0.0,0.0,1.0,0,phase_1,rl_policy_v3,,,
4089.0,1,42,4.0,0.095,0,0.0,0,0.0,13,0.0,0,0.0,0,0,0,0,1.0,0.0,3.0,0,phase_1,rl_policy_v3,,,
4090.0,1,43,8.0,0.186,0,0.0,0,0.0,13,0.0,0,0.0,0,0,0,0,2.0,0.0,6.0,0,phase_1,rl_policy_v3,,,
4091.0,2,43,13.0,0.302,0,0.0,0,0.0,13,0.0,0,0.0,0,0,0,0,4.0,0.0,9.0,0,phase_2,rl_policy_v3,,,
4092.0,2,44,18.0,0.409,0,0.0,0,0.0,13,0.0,0,0.0,0,0,0,0,6.0,0.0,12.0,0,phase_2,rl_policy_v3,,,
4093.0,2,44,24.0,0.545,0,0.0,0,0.0,13,0.0,0,0.0,0,0,0,0,8.0,0.0,16.0,0,phase_2,rl_policy_v3,,,
4094.0,2,45,33.0,0.733,0,0.0,0,0.0,13,1.0,0,0.0,0,0,0,0,11.0,1.0,21.0,0,phase_2,rl_policy_v3,,,
4095.0,2,45,44.0,0.978,0,0.0,0,0.0,13,2.0,0,0.0,0,0,0,0,15.0,2.0,27.0,0,phase_2,rl_policy_v3,,,
4096.0,2,45,56.0,1.244,0,0.0,0,0.0,13,4.0,0,0.0,0,0,0,0,19.0,4.0,33.0,0,phase_2,rl_policy_v3,,,
4097.0,2,45,70.0,1.556,0,0.0,0,0.0,13,6.0,0,0.0,0,0,0,0,24.0,6.0,40.0,0,phase_2,rl_policy_v3,,,
4098.0,2,46,85.0,1.848,0,0.0,0,0.0,13,8.0,0,0.0,0,0,0,0,30.0,8.0,47.0,0,phase_2,rl_policy_v3,,,
4099.0,2,46,103.0,2.239,0,0.0,0,0.0,13,12.0,0,0.0,0,0,0,0,36.0,12.0,55.0,0,phase_2,rl_policy_v3,,,
4100.0,2,47,120.0,2.553,0,0.0,0,0.0,13,14.0,0,0.0,0,0,0,0,43.0,14.0,63.0,0,phase_2,rl_policy_v3,,,
4101.0,2,47,141.0,3.0,0,0.0,0,0.0,13,17.0,0,0.0,0,0,0,0,51.0,17.0,73.0,0,phase_2,rl_policy_v3,,,
4102.0,2,48,163.0,3.396,0,0.0,0,0.0,13,20.0,0,0.0,0,0,0,0,60.0,20.0,83.0,0,phase_2,rl_policy_v3,,,
4103.0,2,48,179.0,3.729,0,0.0,0,0.0,13,16.0,0,0.0,0,0,1,0,69.0,16.0,94.0,0,phase_2,rl_policy_v3,,,
4104.0,2,49,201.0,4.102,0,0.0,0,0.0,13,17.0,0,0.0,0,0,1,0,79.0,17.0,105.0,0,phase_2,rl_policy_v3,,,
4105.0,2,49,227.0,4.633,0,0.0,0,0.0,13,20.0,0,0.0,0,0,1,0,90.0,20.0,117.0,0,phase_2,rl_policy_v3,,,
4106.0,2,50,253.0,5.06,0,0.0,0,0.0,13,23.0,0,0.0,0,0,1,0,101.0,23.0,129.0,0,phase_2,rl_policy_v3,,,
4107.0,2,50,282.0,5.64,0,0.0,0,0.0,13,27.0,0,0.0,0,0,1,0,113.0,27.0,142.0,0,phase_2,rl_policy_v3,,,
4108.0,2,50,314.0,6.28,0,0.0,0,0.0,13,32.0,0,0.0,0,0,1,0,126.0,32.0,156.0,0,phase_2,rl_policy_v3,,,
4109.0,2,51,347.0,6.804,0,0.0,0,0.0,13,38.0,0,0.0,0,0,2,0,139.0,38.0,170.0,0,phase_2,rl_policy_v3,,,
4110.0,2,51,378.0,7.412,0,0.0,0,0.0,13,41.0,0,0.0,0,0,0,0,152.0,41.0,185.0,0,phase_2,rl_policy_v3,,,
4111.0,2,51,412.0,8.078,0,0.0,0,0.0,13,46.0,0,0.0,0,0,0,0,166.0,46.0,200.0,0,phase_2,rl_policy_v3,,,
4112.0,2,52,448.0,8.615,0,0.0,0,0.0,13,52.0,0,0.0,0,0,0,0,181.0,52.0,215.0,0,phase_2,rl_policy_v3,,,
4113.0,2,52,487.0,9.365,0,0.0,0,0.0,13,59.0,0,0.0,0,0,2,0,197.0,59.0,231.0,0,phase_2,rl_policy_v3,,,
4114.0,2,52,530.0,10.192,0,0.0,0,0.0,13,69.0,0,0.0,0,0,2,0,214.0,69.0,247.0,0,phase_2,rl_policy_v3,,,
4115.0,2,52,571.0,10.981,0,0.0,0,0.0,13,77.0,0,0.0,0,0,2,0,231.0,77.0,263.0,0,phase_2,rl_policy_v3,,,
4116.0,2,52,614.0,11.808,0,0.0,0,0.0,13,86.0,0,0.0,0,0,2,0,249.0,86.0,279.0,0,phase_2,rl_policy_v3,,,
4117.0,2,52,657.0,12.635,0,0.0,0,0.0,13,95.0,0,0.0,0,0,3,0,267.0,95.0,295.0,0,phase_2,rl_policy_v3,,,
4118.0,2,51,672.0,13.176,0,0.0,0,0.0,13,105.0,0,0.0,0,0,5,0,256.0,105.0,311.0,0,phase_2,rl_policy_v3,,,
4119.0,2,51,688.0,13.49,0,0.0,0,0.0,13,115.0,0,0.0,0,0,5,0,246.0,115.0,327.0,0,phase_2,rl_policy_v3,,,
4120.0,2,51,707.0,13.863,0,0.0,0,0.0,13,127.0,0,0.0,0,0,10,0,237.0,127.0,343.0,0,phase_2,rl_policy_v3,,,
4121.0,2,50,725.0,14.5,0,0.0,0,0.0,13,139.0,0,0.0,0,0,10,0,227.0,139.0,359.0,0,phase_2,rl_policy_v3,,,
4122.0,2,51,745.0,14.608,0,0.0,0,0.0,14,151.0,0,0.0,0,0,8,0,219.0,151.0,375.0,0,phase_2,rl_policy_v3,,,
4123.0,2,51,765.0,15.0,0,0.0,0,0.0,14,164.0,0,0.0,0,0,8,0,210.0,164.0,391.0,0,phase_2,rl_policy_v3,,,
4124.0,2,51,786.0,15.412,0,0.0,0,0.0,15,177.0,0,0.0,0,0,8,0,202.0,177.0,407.0,0,phase_2,rl_policy_v3,,,
4125.0,2,51,798.0,15.647,0,0.0,0,0.0,15,184.0,0,0.0,0,0,4,0,191.0,184.0,423.0,0,phase_2,rl_policy_v3,,,
4126.0,2,51,816.0,16.0,0,0.0,0,0.0,15,196.0,0,0.0,0,0,4,0,181.0,196.0,439.0,0,phase_2,rl_policy_v3,,,
4127.0,2,51,834.0,16.353,0,0.0,0,0.0,16,208.0,0,0.0,0,0,8,0,171.0,208.0,455.0,0,phase_2,rl_policy_v3,,,
4128.0,2,50,811.0,16.22,0,0.0,0,0.0,16,221.0,0,0.0,0,0,8,0,160.0,221.0,430.0,0,phase_2,rl_policy_v3,,,
4129.0,2,50,787.0,15.74,0,0.0,0,0.0,16,234.0,0,0.0,0,0,8,0,149.0,234.0,404.0,0,phase_2,rl_policy_v3,,,
4130.0,2,49,784.0,16.0,0,0.0,0,0.0,16,247.0,0,0.0,0,0,8,0,160.0,247.0,377.0,0,phase_2,rl_policy_v3,,,
4131.0,2,50,758.0,15.16,0,0.0,0,0.0,17,260.0,0,0.0,0,0,8,0,147.0,260.0,351.0,0,phase_2,rl_policy_v3,,,
4132.0,2,49,733.0,14.959,0,0.0,0,0.0,17,273.0,0,0.0,0,0,8,0,135.0,273.0,325.0,0,phase_2,rl_policy_v3,,,
4133.0,3,50,729.0,14.58,0,0.0,0,0.0,18,286.0,0,0.0,0,0,8,0,144.0,286.0,299.0,0,phase_3,rl_policy_v3,,,
4134.0,3,49,702.0,14.327,0,0.0,0,0.0,18,299.0,0,0.0,0,0,8,0,130.0,299.0,273.0,0,phase_3,rl_policy_v3,,,
4135.0,3,50,674.0,13.48,0,0.0,0,0.0,19,312.0,0,0.0,0,0,8,0,115.0,312.0,247.0,0,phase_3,rl_policy_v3,,,
4136.0,0,47,534.0,11.362,0,0.0,0,0.0,16,214.0,0,0.0,0,0,6,0,99.0,214.0,221.0,0,phase_0,rl_policy_v3,,,
4137.0,0,46,415.0,9.022,0,0.0,0,0.0,16,138.0,0,0.0,0,0,0,0,83.0,138.0,194.0,0,phase_0,rl_policy_v3,,,
4138.0,0,47,311.0,6.617,0,0.0,0,0.0,17,77.0,0,0.0,0,0,0,0,67.0,77.0,167.0,0,phase_0,rl_policy_v3,,,
4139.0,0,45,246.0,5.467,0,0.0,0,0.0,15,20.0,0,0.0,0,0,0,0,50.0,20.0,176.0,0,phase_0,rl_policy_v3,,,
4140.0,0,45,184.0,4.089,0,0.0,0,0.0,14,0.0,0,0.0,0,0,0,0,34.0,0.0,150.0,0,phase_0,rl_policy_v3,,,
4141.0,0,46,140.0,3.043,0,0.0,0,0.0,15,0.0,0,0.0,0,0,0,0,16.0,0.0,124.0,0,phase_0,rl_policy_v3,,,
4142.0,0,45,98.0,2.178,0,0.0,0,0.0,12,0.0,0,0.0,0,0,0,0,0.0,0.0,98.0,0,phase_0,rl_policy_v3,,,
4143.0,0,45,73.0,1.622,0,0.0,0,0.0,13,0.0,0,0.0,0,0,0,0,0.0,0.0,73.0,0,phase_0,rl_policy_v3,,,
4144.0,0,46,49.0,1.065,0,0.0,0,0.0,11,0.0,0,0.0,0,0,0,0,0.0,0.0,49.0,0,phase_0,rl_policy_v3,,,
4145.0,0,44,58.0,1.318,0,0.0,0,0.0,10,0.0,0,0.0,0,0,0,0,0.0,0.0,58.0,0,phase_0,rl_policy_v3,,,
4146.0,0,45,68.0,1.511,0,0.0,0,0.0,10,0.0,0,0.0,0,0,0,0,0.0,0.0,68.0,0,phase_0,rl_policy_v3,,,
4147.0,0,46,78.0,1.696,0,0.0,0,0.0,10,0.0,0,0.0,0,0,0,0,0.0,0.0,78.0,0,phase_0,rl_policy_v3,,,
4148.0,0,47,89.0,1.894,0,0.0,0,0.0,11,0.0,0,0.0,0,0,0,0,0.0,0.0,89.0,0,phase_0,rl_policy_v3,,,
4149.0,0,47,101.0,2.149,0,0.0,0,0.0,11,0.0,0,0.0,0,0,0,0,0.0,0.0,101.0,0,phase_0,rl_policy_v3,,,
4150.0,0,48,111.0,2.312,0,0.0,0,0.0,12,0.0,0,0.0,0,0,0,0,0.0,0.0,111.0,0,phase_0,rl_policy_v3,,,
4151.0,0,47,123.0,2.617,0,0.0,0,0.0,11,0.0,0,0.0,0,0,0,0,0.0,0.0,123.0,0,phase_0,rl_policy_v3,,,
4152.0,0,46,136.0,2.957,0,0.0,0,0.0,11,0.0,0,0.0,0,0,0,0,0.0,0.0,136.0,0,phase_0,rl_policy_v3,,,
4153.0,0,48,150.0,3.125,0,0.0,0,0.0,12,0.0,0,0.0,0,0,0,0,0.0,0.0,150.0,0,phase_0,rl_policy_v3,,,
4154.0,0,47,165.0,3.511,0,0.0,0,0.0,11,0.0,0,0.0,0,0,0,0,0.0,0.0,165.0,0,phase_0,rl_policy_v3,,,
4155.0,0,48,180.0,3.75,0,0.0,0,0.0,12,0.0,0,0.0,0,0,0,0,0.0,0.0,180.0,0,phase_0,rl_policy_v3,,,
4156.0,0,48,170.0,3.542,0,0.0,0,0.0,12,0.0,0,0.0,0,0,0,0,0.0,0.0,170.0,0,phase_0,rl_policy_v3,,,
4157.0,0,48,160.0,3.333,0,0.0,0,0.0,12,0.0,0,0.0,0,0,0,0,1.0,0.0,159.0,0,phase_0,rl_policy_v3,,,
4158.0,0,48,152.0,3.167,0,0.0,0,0.0,12,0.0,0,0.0,0,0,0,0,2.0,0.0,150.0,0,phase_0,rl_policy_v3,,,
4159.0,0,47,145.0,3.085,0,0.0,0,0.0,12,0.0,0,0.0,0,0,0,0,4.0,0.0,141.0,0,phase_0,rl_policy_v3,,,
4160.0,0,47,138.0,2.936,0,0.0,0,0.0,12,0.0,0,0.0,0,0,0,0,7.0,0.0,131.0,0,phase_0,rl_policy_v3,,,
4161.0,0,46,131.0,2.848,0,0.0,0,0.0,11,0.0,0,0.0,0,0,0,0,10.0,0.0,121.0,0,phase_0,rl_policy_v3,,,
4162.0,0,46,124.0,2.696,0,0.0,0,0.0,11,0.0,0,0.0,0,0,0,0,14.0,0.0,110.0,0,phase_0,rl_policy_v3,,,
4163.0,0,45,118.0,2.622,0,0.0,0,0.0,10,0.0,0,0.0,0,0,0,0,19.0,0.0,99.0,0,phase_0,rl_policy_v3,,,
4164.0,0,44,131.0,2.977,0,0.0,0,0.0,10,0.0,0,0.0,0,0,0,0,24.0,0.0,107.0,0,phase_0,rl_policy_v3,,,
4165.0,0,45,124.0,2.756,0,0.0,0,0.0,10,0.0,0,0.0,0,0,0,0,30.0,0.0,94.0,0,phase_0,rl_policy_v3,,,
4166.0,0,43,117.0,2.721,0,0.0,0,0.0,9,0.0,0,0.0,0,0,0,0,37.0,0.0,80.0,0,phase_0,rl_policy_v3,,,
4167.0,0,43,111.0,2.581,0,0.0,0,0.0,9,0.0,0,0.0,0,0,0,0,44.0,0.0,67.0,0,phase_0,rl_policy_v3,,,
4168.0,0,42,107.0,2.548,0,0.0,0,0.0,8,0.0,0,0.0,0,0,0,0,51.0,0.0,56.0,0,phase_0,rl_policy_v3,,,
4169.0,0,42,104.0,2.476,0,0.0,0,0.0,8,0.0,0,0.0,0,0,0,0,60.0,0.0,44.0,0,phase_0,rl_policy_v3,,,
4170.0,0,42,101.0,2.405,0,0.0,0,0.0,7,0.0,0,0.0,0,0,0,0,69.0,0.0,32.0,0,phase_0,rl_policy_v3,,,
4171.0,0,41,97.0,2.366,0,0.0,0,0.0,7,0.0,0,0.0,0,0,0,0,78.0,0.0,19.0,0,phase_0,rl_policy_v3,,,
4172.0,0,41,102.0,2.488,0,0.0,0,0.0,7,0.0,0,0.0,0,0,0,0,87.0,0.0,15.0,0,phase_0,rl_policy_v3,,,
4173.0,0,39,109.0,2.795,0,0.0,0,0.0,6,0.0,0,0.0,0,0,0,0,96.0,0.0,13.0,0,phase_0,rl_policy_v3,,,
4174.0,0,40,116.0,2.9,0,0.0,0,0.0,6,0.0,0,0.0,0,0,0,0,105.0,0.0,11.0,0,phase_0,rl_policy_v3,,,
4175.0,0,38,123.0,3.237,0,0.0,0,0.0,5,0.0,0,0.0,0,0,0,0,114.0,0.0,9.0,0,phase_0,rl_policy_v3,,,
4176.0,0,38,131.0,3.447,0,0.0,0,0.0,5,0.0,0,0.0,0,0,0,0,123.0,0.0,8.0,0,phase_0,rl_policy_v3,,,
4177.0,0,38,143.0,3.763,0,0.0,0,0.0,4,0.0,0,0.0,0,0,0,0,132.0,0.0,11.0,0,phase_0,rl_policy_v3,,,
4178.0,1,37,150.0,4.054,0,0.0,0,0.0,4,0.0,0,0.0,0,0,0,0,141.0,0.0,9.0,0,phase_1,rl_policy_v3,,,
4179.0,1,38,163.0,4.289,0,0.0,0,0.0,4,0.0,0,0.0,0,0,0,0,150.0,0.0,13.0,0,phase_1,rl_policy_v3,,,
4180.0,1,38,169.0,4.447,0,0.0,0,0.0,4,0.0,0,0.0,0,0,0,0,159.0,0.0,10.0,0,phase_1,rl_policy_v3,,,
4181.0,2,37,173.0,4.676,0,0.0,0,0.0,4,1.0,0,0.0,0,0,0,0,168.0,1.0,4.0,0,phase_2,rl_policy_v3,,,
4182.0,2,37,186.0,5.027,0,0.0,0,0.0,4,2.0,0,0.0,0,0,0,0,177.0,2.0,7.0,0,phase_2,rl_policy_v3,,,
4183.0,2,36,196.0,5.444,0,0.0,0,0.0,4,4.0,0,0.0,0,0,0,0,186.0,4.0,6.0,0,phase_2,rl_policy_v3,,,
4184.0,2,36,210.0,5.833,0,0.0,0,0.0,4,6.0,0,0.0,0,0,0,0,195.0,6.0,9.0,0,phase_2,rl_policy_v3,,,
4185.0,2,35,220.0,6.286,0,0.0,0,0.0,4,8.0,0,0.0,0,0,0,0,204.0,8.0,8.0,0,phase_2,rl_policy_v3,,,
4186.0,2,35,230.0,6.571,0,0.0,0,0.0,4,11.0,0,0.0,0,0,4,0,213.0,11.0,6.0,0,phase_2,rl_policy_v3,,,
4187.0,2,34,241.0,7.088,0,0.0,0,0.0,4,15.0,0,0.0,0,0,4,0,222.0,15.0,4.0,0,phase_2,rl_policy_v3,,,
4188.0,2,34,243.0,7.147,0,0.0,0,0.0,4,10.0,0,0.0,0,0,0,0,231.0,10.0,2.0,0,phase_2,rl_policy_v3,,,
4189.0,2,33,250.0,7.576,0,0.0,0,0.0,4,9.0,0,0.0,0,0,0,0,240.0,9.0,1.0,0,phase_2,rl_policy_v3,,,
4190.0,2,33,260.0,7.879,0,0.0,0,0.0,4,10.0,0,0.0,0,0,0,0,249.0,10.0,1.0,0,phase_2,rl_policy_v3,,,
4191.0,2,32,271.0,8.469,0,0.0,0,0.0,4,11.0,0,0.0,0,0,0,0,258.0,11.0,2.0,0,phase_2,rl_policy_v3,,,
4192.0,2,32,282.0,8.812,0,0.0,0,0.0,4,14.0,0,0.0,0,0,2,0,267.0,14.0,1.0,0,phase_2,rl_policy_v3,,,
4193.0,2,31,293.0,9.452,0,0.0,0,0.0,4,17.0,0,0.0,0,0,3,0,276.0,17.0,0.0,0,phase_2,rl_policy_v3,,,
4194.0,2,31,306.0,9.871,0,0.0,0,0.0,4,20.0,0,0.0,0,0,3,0,285.0,20.0,1.0,0,phase_2,rl_policy_v3,,,
4195.0,2,31,317.0,10.226,0,0.0,0,0.0,4,23.0,0,0.0,0,0,3,0,294.0,23.0,0.0,0,phase_2,rl_policy_v3,,,
4196.0,2,30,329.0,10.967,0,0.0,0,0.0,4,26.0,0,0.0,0,0,3,0,303.0,26.0,0.0,0,phase_2,rl_policy_v3,,,
4197.0,2,29,342.0,11.793,0,0.0,0,0.0,4,30.0,0,0.0,0,0,4,0,312.0,30.0,0.0,0,phase_2,rl_policy_v3,,,
4198.0,2,29,355.0,12.241,0,0.0,0,0.0,4,34.0,0,0.0,0,0,4,0,321.0,34.0,0.0,0,phase_2,rl_policy_v3,,,
4199.0,2,29,360.0,12.414,0,0.0,0,0.0,4,30.0,0,0.0,0,0,2,0,330.0,30.0,0.0,0,phase_2,rl_policy_v3,,,
4200.0,2,29,372.0,12.828,0,0.0,0,0.0,4,33.0,0,0.0,0,0,2,0,339.0,33.0,0.0,0,phase_2,rl_policy_v3,,,
4201.0,2,28,340.0,12.143,0,0.0,0,0.0,4,37.0,0,0.0,0,0,4,0,303.0,37.0,0.0,0,phase_2,rl_policy_v3,,,
4202.0,2,28,308.0,11.0,0,0.0,0,0.0,4,41.0,0,0.0,0,0,4,0,267.0,41.0,0.0,0,phase_2,rl_policy_v3,,,
4203.0,2,28,276.0,9.857,0,0.0,0,0.0,4,45.0,0,0.0,0,0,4,0,230.0,45.0,1.0,0,phase_2,rl_policy_v3,,,
4204.0,2,28,245.0,8.75,0,0.0,0,0.0,4,49.0,0,0.0,0,0,4,0,193.0,49.0,3.0,0,phase_2,rl_policy_v3,,,
4205.0,2,28,213.0,7.607,0,0.0,0,0.0,5,53.0,0,0.0,0,0,3,0,155.0,53.0,5.0,0,phase_2,rl_policy_v3,,,
4206.0,2,28,183.0,6.536,0,0.0,0,0.0,5,57.0,0,0.0,0,0,3,0,117.0,57.0,9.0,0,phase_2,rl_policy_v3,,,
4207.0,2,27,150.0,5.556,0,0.0,0,0.0,5,61.0,0,0.0,0,0,3,0,78.0,61.0,11.0,0,phase_2,rl_policy_v3,,,
4208.0,2,28,121.0,4.321,0,0.0,0,0.0,6,65.0,0,0.0,0,0,3,0,40.0,65.0,16.0,0,phase_2,rl_policy_v3,,,
4209.0,2,26,83.0,3.192,0,0.0,0,0.0,6,69.0,0,0.0,0,0,3,0,0.0,69.0,14.0,0,phase_2,rl_policy_v3,,,
4210.0,2,27,84.0,3.111,0,0.0,0,0.0,7,73.0,0,0.0,0,0,3,0,0.0,73.0,11.0,0,phase_2,rl_policy_v3,,,
4211.0,2,27,86.0,3.185,0,0.0,0,0.0,7,77.0,0,0.0,0,0,3,0,0.0,77.0,9.0,0,phase_2,rl_policy_v3,,,
4212.0,2,25,89.0,3.56,0,0.0,0,0.0,7,81.0,0,0.0,0,0,3,0,0.0,81.0,8.0,0,phase_2,rl_policy_v3,,,
4213.0,2,26,90.0,3.462,0,0.0,0,0.0,8,85.0,0,0.0,0,0,3,0,0.0,85.0,5.0,0,phase_2,rl_policy_v3,,,
4214.0,2,25,93.0,3.72,0,0.0,0,0.0,8,89.0,0,0.0,0,0,3,0,0.0,89.0,4.0,0,phase_2,rl_policy_v3,,,
4215.0,2,25,96.0,3.84,0,0.0,0,0.0,9,93.0,0,0.0,0,0,3,0,0.0,93.0,3.0,0,phase_2,rl_policy_v3,,,
4216.0,2,25,100.0,4.0,0,0.0,0,0.0,9,97.0,0,0.0,0,0,3,0,0.0,97.0,3.0,0,phase_2,rl_policy_v3,,,
4217.0,2,23,103.0,4.478,0,0.0,0,0.0,9,101.0,0,0.0,0,0,3,0,0.0,101.0,2.0,0,phase_2,rl_policy_v3,,,
4218.0,2,24,106.0,4.417,0,0.0,0,0.0,10,105.0,0,0.0,0,0,3,0,0.0,105.0,1.0,0,phase_2,rl_policy_v3,,,
4219.0,2,23,109.0,4.739,0,0.0,0,0.0,10,109.0,0,0.0,0,0,3,0,0.0,109.0,0.0,0,phase_2,rl_policy_v3,,,
4220.0,2,24,113.0,4.708,0,0.0,0,0.0,11,113.0,0,0.0,0,0,3,0,0.0,113.0,0.0,0,phase_2,rl_policy_v3,,,
4221.0,2,23,118.0,5.13,0,0.0,0,0.0,11,117.0,0,0.0,0,0,1,0,1.0,117.0,0.0,0,phase_2,rl_policy_v3,,,
4222.0,2,23,123.0,5.348,0,0.0,0,0.0,11,121.0,0,0.0,0,0,1,0,2.0,121.0,0.0,0,phase_2,rl_policy_v3,,,
4223.0,3,22,128.0,5.818,0,0.0,0,0.0,11,125.0,0,0.0,0,0,1,0,3.0,125.0,0.0,0,phase_3,rl_policy_v3,,,
4224.0,3,22,134.0,6.091,0,0.0,0,0.0,11,129.0,0,0.0,0,0,1,0,5.0,129.0,0.0,0,phase_3,rl_policy_v3,,,
4225.0,3,21,140.0,6.667,0,0.0,0,0.0,11,133.0,0,0.0,0,0,1,0,7.0,133.0,0.0,0,phase_3,rl_policy_v3,,,
4226.0,0,18,35.0,1.944,0,0.0,0,0.0,8,26.0,0,0.0,0,0,0,0,9.0,26.0,0.0,0,phase_0,rl_policy_v3,,,
4227.0,0,17,11.0,0.647,0,0.0,0,0.0,8,0.0,0,0.0,0,0,0,0,11.0,0.0,0.0,0,phase_0,rl_policy_v3,,,
4228.0,0,17,13.0,0.765,0,0.0,0,0.0,8,0.0,0,0.0,0,0,0,0,13.0,0.0,0.0,0,phase_0,rl_policy_v3,,,
4229.0,0,16,15.0,0.938,0,0.0,0,0.0,7,0.0,0,0.0,0,0,0,0,15.0,0.0,0.0,0,phase_0,rl_policy_v3,,,
4230.0,0,16,17.0,1.062,0,0.0,0,0.0,7,0.0,0,0.0,0,0,0,0,17.0,0.0,0.0,0,phase_0,rl_policy_v3,,,
4231.0,0,18,19.0,1.056,0,0.0,0,0.0,7,0.0,0,0.0,0,0,0,0,19.0,0.0,0.0,0,phase_0,rl_policy_v3,,,
4232.0,0,18,21.0,1.167,0,0.0,0,0.0,7,0.0,0,0.0,0,0,0,0,21.0,0.0,0.0,0,phase_0,rl_policy_v3,,,
4233.0,0,18,23.0,1.278,0,0.0,0,0.0,7,0.0,0,0.0,0,0,0,0,23.0,0.0,0.0,0,phase_0,rl_policy_v3,,,
4234.0,0,17,25.0,1.471,0,0.0,0,0.0,6,0.0,0,0.0,0,0,0,0,25.0,0.0,0.0,0,phase_0,rl_policy_v3,,,
4235.0,0,16,27.0,1.688,0,0.0,0,0.0,6,0.0,0,0.0,0,0,0,0,27.0,0.0,0.0,0,phase_0,rl_policy_v3,,,
4236.0,0,17,29.0,1.706,0,0.0,0,0.0,6,0.0,0,0.0,0,0,0,0,29.0,0.0,0.0,0,phase_0,rl_policy_v3,,,
4237.0,0,16,31.0,1.938,0,0.0,0,0.0,6,0.0,0,0.0,0,0,0,0,31.0,0.0,0.0,0,phase_0,rl_policy_v3,,,
4238.0,0,15,33.0,2.2,0,0.0,0,0.0,5,0.0,0,0.0,0,0,0,0,33.0,0.0,0.0,0,phase_0,rl_policy_v3,,,
4239.0,0,14,35.0,2.5,0,0.0,0,0.0,5,0.0,0,0.0,0,0,0,0,35.0,0.0,0.0,0,phase_0,rl_policy_v3,,,
4240.0,0,14,37.0,2.643,0,0.0,0,0.0,5,0.0,0,0.0,0,0,0,0,37.0,0.0,0.0,0,phase_0,rl_policy_v3,,,
4241.0,0,13,39.0,3.0,0,0.0,0,0.0,5,0.0,0,0.0,0,0,0,0,39.0,0.0,0.0,0,phase_0,rl_policy_v3,,,
4242.0,0,13,41.0,3.154,0,0.0,0,0.0,5,0.0,0,0.0,0,0,0,0,41.0,0.0,0.0,0,phase_0,rl_policy_v3,,,
4243.0,0,11,43.0,3.909,0,0.0,0,0.0,4,0.0,0,0.0,0,0,0,0,43.0,0.0,0.0,0,phase_0,rl_policy_v3,,,
4244.0,0,11,45.0,4.091,0,0.0,0,0.0,4,0.0,0,0.0,0,0,0,0,45.0,0.0,0.0,0,phase_0,rl_policy_v3,,,
4245.0,0,11,47.0,4.273,0,0.0,0,0.0,3,0.0,0,0.0,0,0,0,0,47.0,0.0,0.0,0,phase_0,rl_policy_v3,,,
4246.0,0,10,49.0,4.9,0,0.0,0,0.0,2,0.0,0,0.0,0,0,0,0,49.0,0.0,0.0,0,phase_0,rl_policy_v3,,,
4247.0,0,10,51.0,5.1,0,0.0,0,0.0,1,0.0,0,0.0,0,0,0,0,51.0,0.0,0.0,0,phase_0,rl_policy_v3,,,
4248.0,0,12,53.0,4.417,0,0.0,0,0.0,1,0.0,0,0.0,0,0,0,0,53.0,0.0,0.0,0,phase_0,rl_policy_v3,,,
4249.0,0,12,55.0,4.583,0,0.0,0,0.0,1,0.0,0,0.0,0,0,0,0,55.0,0.0,0.0,0,phase_0,rl_policy_v3,,,
4250.0,0,11,57.0,5.182,0,0.0,0,0.0,0,0.0,0,0.0,0,0,0,0,57.0,0.0,0.0,0,phase_0,rl_policy_v3,,,
4251.0,0,11,59.0,5.364,0,0.0,0,0.0,0,0.0,0,0.0,0,0,0,0,59.0,0.0,0.0,0,phase_0,rl_policy_v3,,,
4252.0,0,12,61.0,5.083,0,0.0,0,0.0,0,0.0,0,0.0,0,0,0,0,61.0,0.0,0.0,0,phase_0,rl_policy_v3,,,
4253.0,0,12,63.0,5.25,0,0.0,0,0.0,0,0.0,0,0.0,0,0,0,0,63.0,0.0,0.0,0,phase_0,rl_policy_v3,,,
4254.0,0,12,65.0,5.417,0,0.0,0,0.0,0,0.0,0,0.0,0,0,0,0,65.0,0.0,0.0,0,phase_0,rl_policy_v3,,,
4255.0,0,12,67.0,5.583,0,0.0,0,0.0,0,0.0,0,0.0,0,0,0,0,67.0,0.0,0.0,0,phase_0,rl_policy_v3,,,
4256.0,0,12,69.0,5.75,0,0.0,0,0.0,0,0.0,0,0.0,0,0,0,0,69.0,0.0,0.0,0,phase_0,rl_policy_v3,,,
4257.0,0,12,71.0,5.917,0,0.0,0,0.0,0,0.0,0,0.0,0,0,0,0,71.0,0.0,0.0,0,phase_0,rl_policy_v3,,,
4258.0,0,12,74.0,6.167,0,0.0,0,0.0,0,0.0,0,0.0,0,0,0,0,73.0,0.0,1.0,0,phase_0,rl_policy_v3,,,
4259.0,0,12,77.0,6.417,0,0.0,0,0.0,0,0.0,0,0.0,0,0,0,0,75.0,0.0,2.0,0,phase_0,rl_policy_v3,,,
4260.0,0,12,80.0,6.667,0,0.0,0,0.0,0,0.0,0,0.0,0,0,0,0,77.0,0.0,3.0,0,phase_0,rl_policy_v3,,,
4261.0,0,12,83.0,6.917,0,0.0,0,0.0,0,0.0,0,0.0,0,0,0,0,79.0,0.0,4.0,0,phase_0,rl_policy_v3,,,
4262.0,0,12,86.0,7.167,0,0.0,0,0.0,0,0.0,0,0.0,0,0,0,0,81.0,0.0,5.0,0,phase_0,rl_policy_v3,,,
4263.0,0,12,89.0,7.417,0,0.0,0,0.0,0,0.0,0,0.0,0,0,0,0,83.0,0.0,6.0,0,phase_0,rl_policy_v3,,,
4264.0,0,12,92.0,7.667,0,0.0,0,0.0,0,0.0,0,0.0,0,0,0,0,85.0,0.0,7.0,0,phase_0,rl_policy_v3,,,
4265.0,0,12,96.0,8.0,0,0.0,0,0.0,0,0.0,0,0.0,0,0,0,0,87.0,0.0,9.0,0,phase_0,rl_policy_v3,,,
4266.0,0,12,100.0,8.333,0,0.0,0,0.0,0,0.0,0,0.0,0,0,0,0,89.0,0.0,11.0,0,phase_0,rl_policy_v3,,,
4267.0,0,11,59.0,5.364,0,0.0,0,0.0,0,0.0,0,0.0,0,0,0,0,44.0,0.0,15.0,0,phase_0,rl_policy_v3,,,
4268.0,1,11,19.0,1.727,0,0.0,0,0.0,0,0.0,0,0.0,0,0,0,0,0.0,0.0,19.0,0,phase_1,rl_policy_v3,,,
4269.0,1,11,23.0,2.091,0,0.0,0,0.0,0,0.0,0,0.0,0,0,0,0,0.0,0.0,23.0,0,phase_1,rl_policy_v3,,,
4270.0,1,10,28.0,2.8,0,0.0,0,0.0,0,0.0,0,0.0,0,0,0,0,0.0,0.0,28.0,0,phase_1,rl_policy_v3,,,
4271.0,2,11,33.0,3.0,0,0.0,0,0.0,1,0.0,0,0.0,0,0,0,0,0.0,0.0,33.0,0,phase_2,rl_policy_v3,,,
4272.0,2,11,38.0,3.455,0,0.0,0,0.0,1,0.0,0,0.0,0,0,0,0,0.0,0.0,38.0,0,phase_2,rl_policy_v3,,,
4273.0,2,11,43.0,3.909,0,0.0,0,0.0,1,0.0,0,0.0,0,0,0,0,0.0,0.0,43.0,0,phase_2,rl_policy_v3,,,
4274.0,2,12,48.0,4.0,0,0.0,0,0.0,2,0.0,0,0.0,0,0,0,0,0.0,0.0,48.0,0,phase_2,rl_policy_v3,,,
4275.0,2,11,36.0,3.273,0,0.0,0,0.0,2,0.0,0,0.0,0,0,0,0,0.0,0.0,36.0,0,phase_2,rl_policy_v3,,,
4276.0,2,11,29.0,2.636,0,0.0,0,0.0,2,0.0,0,0.0,0,0,0,0,0.0,0.0,29.0,0,phase_2,rl_policy_v3,,,
4277.0,2,11,22.0,2.0,0,0.0,0,0.0,2,0.0,0,0.0,0,0,0,0,0.0,0.0,22.0,0,phase_2,rl_policy_v3,,,
4278.0,2,10,14.0,1.4,0,0.0,0,0.0,2,0.0,0,0.0,0,0,0,0,0.0,0.0,14.0,0,phase_2,rl_policy_v3,,,
4279.0,2,10,8.0,0.8,0,0.0,0,0.0,2,0.0,0,0.0,0,0,0,0,0.0,0.0,8.0,0,phase_2,rl_policy_v3,,,
4280.0,2,9,5.0,0.556,0,0.0,0,0.0,2,0.0,0,0.0,0,0,0,0,0.0,0.0,5.0,0,phase_2,rl_policy_v3,,,
4281.0,2,9,4.0,0.444,0,0.0,0,0.0,2,0.0,0,0.0,0,0,0,0,0.0,0.0,4.0,0,phase_2,rl_policy_v3,,,
4282.0,2,8,2.0,0.25,0,0.0,0,0.0,2,0.0,0,0.0,0,0,0,0,0.0,0.0,2.0,0,phase_2,rl_policy_v3,,,
4283.0,2,8,1.0,0.125,0,0.0,0,0.0,2,0.0,0,0.0,0,0,0,0,0.0,0.0,1.0,0,phase_2,rl_policy_v3,,,
4284.0,2,8,0.0,0.0,0,0.0,0,0.0,2,0.0,0,0.0,0,0,0,0,0.0,0.0,0.0,0,phase_2,rl_policy_v3,,,
4285.0,2,7,0.0,0.0,0,0.0,0,0.0,2,0.0,0,0.0,0,0,0,0,0.0,0.0,0.0,0,phase_2,rl_policy_v3,,,
4286.0,2,7,0.0,0.0,0,0.0,0,0.0,2,0.0,0,0.0,0,0,0,0,0.0,0.0,0.0,0,phase_2,rl_policy_v3,,,
4287.0,2,6,0.0,0.0,0,0.0,0,0.0,2,0.0,0,0.0,0,0,0,0,0.0,0.0,0.0,0,phase_2,rl_policy_v3,,,
4288.0,2,6,0.0,0.0,0,0.0,0,0.0,2,0.0,0,0.0,0,0,0,0,0.0,0.0,0.0,0,phase_2,rl_policy_v3,,,
4289.0,2,5,0.0,0.0,0,0.0,0,0.0,2,0.0,0,0.0,0,0,0,0,0.0,0.0,0.0,0,phase_2,rl_policy_v3,,,
4290.0,2,5,0.0,0.0,0,0.0,0,0.0,2,0.0,0,0.0,0,0,0,0,0.0,0.0,0.0,0,phase_2,rl_policy_v3,,,
4291.0,2,4,0.0,0.0,0,0.0,0,0.0,2,0.0,0,0.0,0,0,0,0,0.0,0.0,0.0,0,phase_2,rl_policy_v3,,,
4292.0,2,4,0.0,0.0,0,0.0,0,0.0,2,0.0,0,0.0,0,0,0,0,0.0,0.0,0.0,0,phase_2,rl_policy_v3,,,
4293.0,2,3,0.0,0.0,0,0.0,0,0.0,2,0.0,0,0.0,0,0,0,0,0.0,0.0,0.0,0,phase_2,rl_policy_v3,,,
4294.0,2,3,0.0,0.0,0,0.0,0,0.0,2,0.0,0,0.0,0,0,0,0,0.0,0.0,0.0,0,phase_2,rl_policy_v3,,,
4295.0,2,2,0.0,0.0,0,0.0,0,0.0,2,0.0,0,0.0,0,0,0,0,0.0,0.0,0.0,0,phase_2,rl_policy_v3,,,
4296.0,2,2,0.0,0.0,0,0.0,0,0.0,2,0.0,0,0.0,0,0,0,0,0.0,0.0,0.0,0,phase_2,rl_policy_v3,,,
4297.0,2,2,0.0,0.0,0,0.0,0,0.0,2,0.0,0,0.0,0,0,0,0,0.0,0.0,0.0,0,phase_2,rl_policy_v3,,,
4298.0,2,2,0.0,0.0,0,0.0,0,0.0,2,0.0,0,0.0,0,0,0,0,0.0,0.0,0.0,0,phase_2,rl_policy_v3,,,
4299.0,2,2,0.0,0.0,0,0.0,0,0.0,2,0.0,0,0.0,0,0,0,0,0.0,0.0,0.0,0,phase_2,rl_policy_v3,,,
4300.0,2,2,0.0,0.0,0,0.0,0,0.0,2,0.0,0,0.0,0,0,0,0,0.0,0.0,0.0,0,phase_2,rl_policy_v3,,,
4301.0,2,2,0.0,0.0,0,0.0,0,0.0,2,0.0,0,0.0,0,0,0,0,0.0,0.0,0.0,0,phase_2,rl_policy_v3,,,
4302.0,2,2,0.0,0.0,0,0.0,0,0.0,2,0.0,0,0.0,0,0,0,0,0.0,0.0,0.0,0,phase_2,rl_policy_v3,,,
4303.0,2,2,1.0,0.5,0,0.0,0,0.0,2,1.0,0,0.0,0,0,1,0,0.0,1.0,0.0,0,phase_2,rl_policy_v3,,,
4304.0,2,2,2.0,1.0,0,0.0,0,0.0,2,2.0,0,0.0,0,0,1,0,0.0,2.0,0.0,0,phase_2,rl_policy_v3,,,
4305.0,2,2,4.0,2.0,0,0.0,0,0.0,2,4.0,0,0.0,0,0,2,0,0.0,4.0,0.0,0,phase_2,rl_policy_v3,,,
4306.0,2,2,6.0,3.0,0,0.0,0,0.0,2,6.0,0,0.0,0,0,2,0,0.0,6.0,0.0,0,phase_2,rl_policy_v3,,,
4307.0,3,2,8.0,4.0,0,0.0,0,0.0,2,8.0,0,0.0,0,0,2,0,0.0,8.0,0.0,0,phase_3,rl_policy_v3,,,
4308.0,3,2,10.0,5.0,0,0.0,0,0.0,2,10.0,0,0.0,0,0,2,0,0.0,10.0,0.0,0,phase_3,rl_policy_v3,,,
4309.0,3,2,12.0,6.0,0,0.0,0,0.0,2,12.0,0,0.0,0,0,2,0,0.0,12.0,0.0,0,phase_3,rl_policy_v3,,,
4310.0,0,0,0.0,0.0,0,0.0,0,0.0,0,0.0,0,0.0,0,0,0,0,0.0,0.0,0.0,0,phase_0,rl_policy_v3,,,
4311.0,0,0,0.0,0.0,0,0.0,0,0.0,0,0.0,0,0.0,0,0,0,0,0.0,0.0,0.0,0,phase_0,rl_policy_v3,,,
4312.0,0,0,0.0,0.0,0,0.0,0,0.0,0,0.0,0,0.0,0,0,0,0,0.0,0.0,0.0,0,phase_0,rl_policy_v3,,,
4313.0,0,1,0.0,0.0,0,0.0,0,0.0,0,0.0,0,0.0,0,0,0,0,0.0,0.0,0.0,0,phase_0,rl_policy_v3,,,
4314.0,0,2,0.0,0.0,0,0.0,0,0.0,0,0.0,0,0.0,0,0,0,0,0.0,0.0,0.0,0,phase_0,rl_policy_v3,,,
4315.0,0,2,0.0,0.0,0,0.0,0,0.0,0,0.0,0,0.0,0,0,0,0,0.0,0.0,0.0,0,phase_0,rl_policy_v3,,,
4316.0,0,2,0.0,0.0,0,0.0,0,0.0,0,0.0,0,0.0,0,0,0,0,0.0,0.0,0.0,0,phase_0,rl_policy_v3,,,
4317.0,0,2,0.0,0.0,0,0.0,0,0.0,0,0.0,0,0.0,0,0,0,0,0.0,0.0,0.0,0,phase_0,rl_policy_v3,,,
4318.0,0,2,0.0,0.0,0,0.0,0,0.0,0,0.0,0,0.0,0,0,0,0,0.0,0.0,0.0,0,phase_0,rl_policy_v3,,,
4319.0,0,2,0.0,0.0,0,0.0,0,0.0,0,0.0,0,0.0,0,0,0,0,0.0,0.0,0.0,0,phase_0,rl_policy_v3,,,
4320.0,0,2,0.0,0.0,0,0.0,0,0.0,0,0.0,0,0.0,0,0,0,0,0.0,0.0,0.0,0,phase_0,rl_policy_v3,,,
4321.0,0,2,0.0,0.0,0,0.0,0,0.0,0,0.0,0,0.0,0,0,0,0,0.0,0.0,0.0,0,phase_0,rl_policy_v3,,,
4322.0,0,2,0.0,0.0,0,0.0,0,0.0,0,0.0,0,0.0,0,0,0,0,0.0,0.0,0.0,0,phase_0,rl_policy_v3,,,
4323.0,0,2,0.0,0.0,0,0.0,0,0.0,0,0.0,0,0.0,0,0,0,0,0.0,0.0,0.0,0,phase_0,rl_policy_v3,,,
4324.0,0,2,0.0,0.0,0,0.0,0,0.0,0,0.0,0,0.0,0,0,0,0,0.0,0.0,0.0,0,phase_0,rl_policy_v3,,,
4325.0,0,2,0.0,0.0,0,0.0,0,0.0,0,0.0,0,0.0,0,0,0,0,0.0,0.0,0.0,0,phase_0,rl_policy_v3,,,
4326.0,0,2,0.0,0.0,0,0.0,0,0.0,0,0.0,0,0.0,0,0,0,0,0.0,0.0,0.0,0,phase_0,rl_policy_v3,,,
4327.0,0,2,0.0,0.0,0,0.0,0,0.0,0,0.0,0,0.0,0,0,0,0,0.0,0.0,0.0,0,phase_0,rl_policy_v3,,,
4328.0,0,2,0.0,0.0,0,0.0,0,0.0,0,0.0,0,0.0,0,0,0,0,0.0,0.0,0.0,0,phase_0,rl_policy_v3,,,
4329.0,0,2,0.0,0.0,0,0.0,0,0.0,0,0.0,0,0.0,0,0,0,0,0.0,0.0,0.0,0,phase_0,rl_policy_v3,,,
4330.0,0,2,0.0,0.0,0,0.0,0,0.0,0,0.0,0,0.0,0,0,0,0,0.0,0.0,0.0,0,phase_0,rl_policy_v3,,,
4331.0,0,2,0.0,0.0,0,0.0,0,0.0,0,0.0,0,0.0,0,0,0,0,0.0,0.0,0.0,0,phase_0,rl_policy_v3,,,
4332.0,0,2,0.0,0.0,0,0.0,0,0.0,0,0.0,0,0.0,0,0,0,0,0.0,0.0,0.0,0,phase_0,rl_policy_v3,,,
4333.0,0,2,0.0,0.0,0,0.0,0,0.0,0,0.0,0,0.0,0,0,0,0,0.0,0.0,0.0,0,phase_0,rl_policy_v3,,,
4334.0,0,2,0.0,0.0,0,0.0,0,0.0,0,0.0,0,0.0,0,0,0,0,0.0,0.0,0.0,0,phase_0,rl_policy_v3,,,
4335.0,0,2,0.0,0.0,0,0.0,0,0.0,0,0.0,0,0.0,0,0,0,0,0.0,0.0,0.0,0,phase_0,rl_policy_v3,,,
4336.0,0,2,0.0,0.0,0,0.0,0,0.0,0,0.0,0,0.0,0,0,0,0,0.0,0.0,0.0,0,phase_0,rl_policy_v3,,,
4337.0,0,2,0.0,0.0,0,0.0,0,0.0,0,0.0,0,0.0,0,0,0,0,0.0,0.0,0.0,0,phase_0,rl_policy_v3,,,
4338.0,0,2,0.0,0.0,0,0.0,0,0.0,0,0.0,0,0.0,0,0,0,0,0.0,0.0,0.0,0,phase_0,rl_policy_v3,,,
4339.0,0,2,0.0,0.0,0,0.0,0,0.0,0,0.0,0,0.0,0,0,0,0,0.0,0.0,0.0,0,phase_0,rl_policy_v3,,,
4340.0,0,2,0.0,0.0,0,0.0,0,0.0,0,0.0,0,0.0,0,0,0,0,0.0,0.0,0.0,0,phase_0,rl_policy_v3,,,
4341.0,0,2,0.0,0.0,0,0.0,0,0.0,0,0.0,0,0.0,0,0,0,0,0.0,0.0,0.0,0,phase_0,rl_policy_v3,,,
4342.0,0,2,0.0,0.0,0,0.0,0,0.0,0,0.0,0,0.0,0,0,0,0,0.0,0.0,0.0,0,phase_0,rl_policy_v3,,,
4343.0,0,2,0.0,0.0,0,0.0,0,0.0,0,0.0,0,0.0,0,0,0,0,0.0,0.0,0.0,0,phase_0,rl_policy_v3,,,
4344.0,0,2,0.0,0.0,0,0.0,0,0.0,0,0.0,0,0.0,0,0,0,0,0.0,0.0,0.0,0,phase_0,rl_policy_v3,,,
4345.0,0,2,1.0,0.5,0,0.0,0,0.0,0,0.0,0,0.0,0,0,0,0,0.0,0.0,1.0,0,phase_0,rl_policy_v3,,,
4346.0,0,2,3.0,1.5,0,0.0,0,0.0,0,0.0,0,0.0,0,0,0,0,0.0,0.0,3.0,0,phase_0,rl_policy_v3,,,
4347.0,0,2,5.0,2.5,0,0.0,0,0.0,0,0.0,0,0.0,0,0,0,0,0.0,0.0,5.0,0,phase_0,rl_policy_v3,,,
4348.0,0,2,7.0,3.5,0,0.0,0,0.0,0,0.0,0,0.0,0,0,0,0,0.0,0.0,7.0,0,phase_0,rl_policy_v3,,,
4349.0,0,2,9.0,4.5,0,0.0,0,0.0,0,0.0,0,0.0,0,0,0,0,0.0,0.0,9.0,0,phase_0,rl_policy_v3,,,
4350.0,0,2,11.0,5.5,0,0.0,0,0.0,0,0.0,0,0.0,0,0,0,0,0.0,0.0,11.0,0,phase_0,rl_policy_v3,,,
4351.0,0,2,13.0,6.5,0,0.0,0,0.0,0,0.0,0,0.0,0,0,0,0,0.0,0.0,13.0,0,phase_0,rl_policy_v3,,,
4352.0,1,2,15.0,7.5,0,0.0,0,0.0,0,0.0,0,0.0,0,0,0,0,0.0,0.0,15.0,0,phase_1,rl_policy_v3,,,
4353.0,1,2,17.0,8.5,0,0.0,0,0.0,0,0.0,0,0.0,0,0,0,0,0.0,0.0,17.0,0,phase_1,rl_policy_v3,,,
4354.0,1,2,19.0,9.5,0,0.0,0,0.0,0,0.0,0,0.0,0,0,0,0,0.0,0.0,19.0,0,phase_1,rl_policy_v3,,,
4355.0,2,1,10.0,10.0,0,0.0,0,0.0,0,0.0,0,0.0,0,0,0,0,0.0,0.0,10.0,0,phase_2,rl_policy_v3,,,
4356.0,2,1,0.0,0.0,0,0.0,0,0.0,0,0.0,0,0.0,0,0,0,0,0.0,0.0,0.0,0,phase_2,rl_policy_v3,,,
4357.0,2,1,0.0,0.0,0,0.0,0,0.0,0,0.0,0,0.0,0,0,0,0,0.0,0.0,0.0,0,phase_2,rl_policy_v3,,,
4358.0,2,0,0.0,0.0,0,0.0,0,0.0,0,0.0,0,0.0,0,0,0,0,0.0,0.0,0.0,0,phase_2,rl_policy_v3,,,
4359.0,2,0,0.0,0.0,0,0.0,0,0.0,0,0.0,0,0.0,0,0,0,0,0.0,0.0,0.0,0,phase_2,rl_policy_v3,,,
4360.0,2,0,0.0,0.0,0,0.0,0,0.0,0,0.0,0,0.0,0,0,0,0,0.0,0.0,0.0,0,phase_2,rl_policy_v3,,,
4361.0,2,0,0.0,0.0,0,0.0,0,0.0,0,0.0,0,0.0,0,0,0,0,0.0,0.0,0.0,0,phase_2,rl_policy_v3,,,
4362.0,2,0,0.0,0.0,0,0.0,0,0.0,0,0.0,0,0.0,0,0,0,0,0.0,0.0,0.0,0,phase_2,rl_policy_v3,,,
4363.0,2,0,0.0,0.0,0,0.0,0,0.0,0,0.0,0,0.0,0,0,0,0,0.0,0.0,0.0,0,phase_2,rl_policy_v3,,,
4364.0,2,0,0.0,0.0,0,0.0,0,0.0,0,0.0,0,0.0,0,0,0,0,0.0,0.0,0.0,0,phase_2,rl_policy_v3,,,
4365.0,2,0,0.0,0.0,0,0.0,0,0.0,0,0.0,0,0.0,0,0,0,0,0.0,0.0,0.0,0,phase_2,rl_policy_v3,,,
4366.0,2,0,0.0,0.0,0,0.0,0,0.0,0,0.0,0,0.0,0,0,0,0,0.0,0.0,0.0,0,phase_2,rl_policy_v3,,,
4367.0,2,0,0.0,0.0,0,0.0,0,0.0,0,0.0,0,0.0,0,0,0,0,0.0,0.0,0.0,0,phase_2,rl_policy_v3,,,
4368.0,2,0,0.0,0.0,0,0.0,0,0.0,0,0.0,0,0.0,0,0,0,0,0.0,0.0,0.0,0,phase_2,rl_policy_v3,,,
4369.0,2,0,0.0,0.0,0,0.0,0,0.0,0,0.0,0,0.0,0,0,0,0,0.0,0.0,0.0,0,phase_2,rl_policy_v3,,,
4370.0,2,0,0.0,0.0,0,0.0,0,0.0,0,0.0,0,0.0,0,0,0,0,0.0,0.0,0.0,0,phase_2,rl_policy_v3,,,
4371.0,2,0,0.0,0.0,0,0.0,0,0.0,0,0.0,0,0.0,0,0,0,0,0.0,0.0,0.0,0,phase_2,rl_policy_v3,,,
4372.0,2,0,0.0,0.0,0,0.0,0,0.0,0,0.0,0,0.0,0,0,0,0,0.0,0.0,0.0,0,phase_2,rl_policy_v3,,,
4373.0,2,0,0.0,0.0,0,0.0,0,0.0,0,0.0,0,0.0,0,0,0,0,0.0,0.0,0.0,0,phase_2,rl_policy_v3,,,
4374.0,2,0,0.0,0.0,0,0.0,0,0.0,0,0.0,0,0.0,0,0,0,0,0.0,0.0,0.0,0,phase_2,rl_policy_v3,,,
4375.0,2,0,0.0,0.0,0,0.0,0,0.0,0,0.0,0,0.0,0,0,0,0,0.0,0.0,0.0,0,phase_2,rl_policy_v3,,,
