sim_time,tl_phase,total_vehicles,total_waiting_time,avg_waiting_time,north_count,north_wait,south_count,south_wait,east_count,east_wait,west_count,west_wait,queue_north,queue_south,queue_east,queue_west,intA_wait,intB_wait,intC_wait,emergency_count,controller_state,controller_reason,rl_override,max_q_value,override_rate
1.0,0,8,0.0,0.0,2,0.0,2,0.0,0,0.0,0,0.0,0,0,0,0,0.0,0.0,0.0,0,NS_GREEN,hold,,,
2.0,0,12,0.0,0.0,3,0.0,3,0.0,0,0.0,0,0.0,0,0,0,0,0.0,0.0,0.0,0,NS_GREEN,hold,,,
3.0,0,14,0.0,0.0,3,0.0,3,0.0,0,0.0,0,0.0,0,0,0,0,0.0,0.0,0.0,0,NS_GREEN,hold,,,
4.0,0,14,0.0,0.0,3,0.0,3,0.0,0,0.0,0,0.0,0,0,0,0,0.0,0.0,0.0,0,NS_GREEN,hold,,,
5.0,0,16,0.0,0.0,3,0.0,3,0.0,0,0.0,0,0.0,0,0,0,0,0.0,0.0,0.0,0,NS_GREEN,hold,,,
6.0,0,16,0.0,0.0,3,0.0,3,0.0,0,0.0,0,0.0,0,0,0,0,0.0,0.0,0.0,0,NS_GREEN,hold,,,
7.0,0,16,0.0,0.0,3,0.0,3,0.0,0,0.0,0,0.0,0,0,0,0,0.0,0.0,0.0,0,NS_GREEN,hold,,,
8.0,0,16,0.0,0.0,3,0.0,3,0.0,0,0.0,0,0.0,0,0,0,0,0.0,0.0,0.0,0,NS_GREEN,hold,,,
9.0,0,18,0.0,0.0,3,0.0,3,0.0,0,0.0,0,0.0,0,0,0,0,0.0,0.0,0.0,0,NS_GREEN,hold,,,
10.0,0,18,0.0,0.0,3,0.0,3,0.0,0,0.0,0,0.0,0,0,0,0,0.0,0.0,0.0,0,NS_GREEN,hold,,,
11.0,0,18,0.0,0.0,3,0.0,3,0.0,0,0.0,0,0.0,0,0,0,0,0.0,0.0,0.0,0,NS_GREEN,hold,,,
12.0,0,20,0.0,0.0,3,0.0,3,0.0,0,0.0,0,0.0,0,0,0,0,0.0,0.0,0.0,0,NS_GREEN,hold,,,
13.0,0,20,0.0,0.0,3,0.0,3,0.0,0,0.0,0,0.0,0,0,0,0,0.0,0.0,0.0,0,NS_GREEN,hold,,,
14.0,0,20,0.0,0.0,3,0.0,3,0.0,0,0.0,0,0.0,0,0,0,0,0.0,0.0,0.0,0,NS_GREEN,hold,,,
15.0,0,20,0.0,0.0,3,0.0,3,0.0,0,0.0,0,0.0,0,0,0,0,0.0,0.0,0.0,0,NS_GREEN,hold,,,
16.0,0,17,0.0,0.0,3,0.0,3,0.0,0,0.0,0,0.0,0,0,0,0,0.0,0.0,0.0,0,NS_GREEN,hold,,,
17.0,0,17,0.0,0.0,3,0.0,3,0.0,1,0.0,0,0.0,0,0,0,0,0.0,0.0,0.0,0,NS_GREEN,hold,,,
18.0,0,18,1.0,0.056,3,0.0,3,1.0,1,0.0,1,0.0,0,0,0,0,0.0,1.0,0.0,0,NS_GREEN,hold,,,
19.0,0,18,2.0,0.111,3,0.0,3,2.0,2,0.0,1,0.0,0,0,0,0,0.0,2.0,0.0,0,NS_GREEN,hold,,,
20.0,0,18,4.0,0.222,3,1.0,3,3.0,2,0.0,1,0.0,0,0,0,0,0.0,4.0,0.0,0,NS_GREEN,hold,,,
21.0,0,19,8.0,0.421,3,2.0,3,5.0,2,0.0,2,0.0,0,0,0,0,0.0,7.0,1.0,0,NS_GREEN,hold,,,
22.0,0,20,14.0,0.7,3,4.0,3,7.0,2,0.0,2,0.0,0,0,0,0,0.0,11.0,3.0,0,NS_GREEN,hold,,,
23.0,0,20,20.0,1.0,3,6.0,3,9.0,2,0.0,2,0.0,0,0,0,0,0.0,15.0,5.0,0,NS_GREEN,hold,,,
24.0,0,21,26.0,1.238,3,8.0,3,11.0,2,0.0,3,0.0,0,0,0,0,0.0,19.0,7.0,0,NS_GREEN,hold,,,
25.0,0,22,32.0,1.455,4,10.0,4,13.0,2,0.0,3,0.0,0,0,0,0,0.0,23.0,9.0,0,NS_GREEN,hold,,,
26.0,0,22,39.0,1.773,4,12.0,4,15.0,2,0.0,3,0.0,0,0,0,0,0.0,27.0,12.0,0,NS_GREEN,hold,,,
27.0,0,23,47.0,2.043,4,14.0,4,17.0,2,0.0,4,0.0,0,0,0,0,0.0,31.0,16.0,0,NS_GREEN,hold,,,
28.0,0,23,55.0,2.391,4,16.0,4,19.0,2,0.0,4,0.0,0,0,0,0,0.0,35.0,20.0,0,NS_GREEN,hold,,,
29.0,0,22,64.0,2.909,4,18.0,4,21.0,2,0.0,4,0.0,0,0,0,0,0.0,39.0,25.0,0,NS_YELLOW,pressure_ew,,,
30.0,1,22,73.0,3.318,4,20.0,4,23.0,2,0.0,4,0.0,0,0,0,0,0.0,43.0,30.0,0,NS_YELLOW,hold,,,
31.0,1,23,82.0,3.565,4,22.0,4,25.0,2,0.0,5,0.0,0,0,0,0,0.0,47.0,35.0,0,NS_YELLOW,hold,,,
32.0,1,25,91.0,3.64,4,24.0,4,27.0,2,0.0,5,0.0,0,0,0,0,0.0,51.0,40.0,0,EW_GREEN,yellow_end,,,
33.0,2,23,70.0,3.043,3,12.0,3,13.0,2,0.0,5,0.0,0,0,0,0,0.0,25.0,45.0,0,EW_GREEN,hold,,,
34.0,2,22,50.0,2.273,3,0.0,3,0.0,2,0.0,5,0.0,0,0,0,0,0.0,0.0,50.0,0,EW_GREEN,hold,,,
35.0,2,23,55.0,2.391,3,0.0,3,0.0,2,0.0,6,0.0,0,0,0,0,0.0,0.0,55.0,0,EW_GREEN,hold,,,
36.0,2,21,60.0,2.857,2,0.0,2,0.0,2,0.0,6,0.0,0,0,0,0,0.0,0.0,60.0,0,EW_GREEN,hold,,,
37.0,2,22,65.0,2.955,2,0.0,2,0.0,2,0.0,6,0.0,0,0,0,0,0.0,0.0,65.0,0,EW_GREEN,hold,,,
38.0,2,25,71.0,2.84,2,0.0,2,0.0,2,0.0,7,0.0,0,0,0,0,0.0,0.0,71.0,0,EW_GREEN,hold,,,
39.0,2,22,58.0,2.636,1,0.0,1,0.0,2,0.0,7,0.0,0,0,0,0,0.0,0.0,58.0,0,EW_GREEN,hold,,,
40.0,2,22,63.0,2.864,1,0.0,1,0.0,2,0.0,7,0.0,0,0,0,0,0.0,0.0,63.0,0,EW_GREEN,hold,,,
41.0,2,22,48.0,2.182,1,0.0,1,0.0,2,0.0,7,0.0,0,0,0,0,0.0,0.0,48.0,0,EW_GREEN,hold,,,
42.0,2,23,35.0,1.522,1,0.0,1,0.0,2,0.0,8,0.0,0,0,0,0,0.0,0.0,35.0,0,EW_GREEN,hold,,,
43.0,2,25,21.0,0.84,1,0.0,1,0.0,2,0.0,8,0.0,0,0,0,0,0.0,0.0,21.0,0,EW_GREEN,hold,,,
44.0,2,26,8.0,0.308,1,0.0,1,0.0,2,0.0,9,0.0,0,0,0,0,0.0,0.0,8.0,0,EW_GREEN,hold,,,
45.0,2,26,2.0,0.077,1,0.0,1,0.0,2,0.0,9,0.0,0,0,0,0,0.0,0.0,2.0,0,EW_GREEN,hold,,,
46.0,2,26,0.0,0.0,1,0.0,1,0.0,2,0.0,9,0.0,0,0,0,0,0.0,0.0,0.0,0,EW_GREEN,hold,,,
47.0,2,26,1.0,0.038,1,0.0,1,0.0,2,0.0,9,0.0,0,0,0,0,0.0,0.0,1.0,0,EW_GREEN,hold,,,
48.0,2,25,2.0,0.08,1,0.0,1,0.0,2,0.0,9,0.0,0,0,0,0,0.0,0.0,2.0,0,EW_GREEN,hold,,,
49.0,2,30,4.0,0.133,3,0.0,3,0.0,2,1.0,10,0.0,0,0,1,0,0.0,1.0,3.0,0,EW_GREEN,hold,,,
50.0,2,30,9.0,0.3,3,0.0,3,0.0,2,3.0,10,0.0,0,0,2,0,0.0,3.0,6.0,0,EW_GREEN,hold,,,
51.0,2,30,15.0,0.5,3,0.0,3,0.0,2,5.0,10,0.0,0,0,2,0,0.0,5.0,10.0,0,EW_GREEN,hold,,,
52.0,2,29,21.0,0.724,3,0.0,3,0.0,2,7.0,10,0.0,0,0,2,0,0.0,7.0,14.0,0,EW_GREEN,hold,,,
53.0,2,31,29.0,0.935,3,0.0,3,0.0,2,9.0,10,1.0,0,0,2,0,0.0,10.0,19.0,0,EW_GREEN,hold,,,
54.0,2,30,38.0,1.267,3,0.0,3,0.0,2,11.0,10,2.0,0,0,2,0,0.0,13.0,25.0,0,EW_GREEN,hold,,,
55.0,2,31,49.0,1.581,3,0.0,3,0.0,3,13.0,10,4.0,0,0,1,0,0.0,17.0,32.0,0,EW_GREEN,hold,,,
56.0,2,31,60.0,1.935,3,0.0,3,0.0,3,15.0,10,6.0,0,0,1,0,0.0,21.0,39.0,0,EW_GREEN,hold,,,
57.0,2,31,71.0,2.29,3,0.0,3,0.0,3,17.0,10,8.0,0,0,1,0,0.0,25.0,46.0,0,EW_GREEN,hold,,,
58.0,2,31,82.0,2.645,3,0.0,3,0.0,4,19.0,10,10.0,0,0,1,0,0.0,29.0,53.0,0,EW_GREEN,hold,,,
59.0,2,32,94.0,2.938,3,0.0,3,0.0,4,21.0,11,13.0,0,0,1,0,0.0,34.0,60.0,0,EW_GREEN,hold,,,
60.0,2,32,106.0,3.312,3,0.0,3,0.0,4,23.0,11,16.0,0,0,1,0,0.0,39.0,67.0,0,EW_GREEN,hold,,,
61.0,2,32,118.0,3.688,3,0.0,3,0.0,4,25.0,11,19.0,0,0,1,0,0.0,44.0,74.0,0,EW_GREEN,hold,,,
62.0,2,32,130.0,4.062,3,0.0,3,0.0,4,27.0,11,22.0,0,0,1,0,0.0,49.0,81.0,0,EW_GREEN,hold,,,
63.0,2,33,142.0,4.303,3,0.0,2,0.0,4,29.0,11,25.0,0,0,1,0,0.0,54.0,88.0,0,EW_GREEN,hold,,,
64.0,2,32,155.0,4.844,2,0.0,2,0.0,4,31.0,11,29.0,0,0,1,0,0.0,60.0,95.0,0,EW_GREEN,hold,,,
65.0,2,32,166.0,5.188,2,0.0,2,0.0,4,33.0,11,31.0,0,0,1,0,0.0,64.0,102.0,0,EW_GREEN,hold,,,
66.0,2,32,178.0,5.562,2,0.0,2,0.0,4,35.0,11,34.0,0,0,1,0,0.0,69.0,109.0,0,EW_GREEN,hold,,,
67.0,2,32,191.0,5.969,2,0.0,2,0.0,4,37.0,11,37.0,0,0,1,0,0.0,74.0,117.0,0,EW_GREEN,hold,,,
68.0,2,31,205.0,6.613,2,0.0,2,0.0,4,39.0,11,41.0,0,0,1,0,0.0,80.0,125.0,0,EW_GREEN,hold,,,
69.0,2,31,221.0,7.129,2,0.0,2,0.0,4,41.0,12,47.0,0,0,1,0,0.0,88.0,133.0,0,EW_GREEN,hold,,,
70.0,2,30,237.0,7.9,2,0.0,2,0.0,4,43.0,12,53.0,0,0,1,3,0.0,96.0,141.0,0,EW_GREEN,hold,,,
71.0,2,30,254.0,8.467,2,0.0,2,0.0,4,45.0,12,60.0,0,0,1,3,0.0,105.0,149.0,0,EW_GREEN,hold,,,
72.0,2,29,246.0,8.483,2,0.0,2,0.0,4,47.0,12,67.0,0,0,1,3,0.0,114.0,132.0,0,EW_GREEN,hold,,,
73.0,2,35,238.0,6.8,3,0.0,3,0.0,4,49.0,12,75.0,0,0,1,3,0.0,124.0,114.0,0,EW_GREEN,hold,,,
74.0,2,37,229.0,6.189,3,0.0,3,0.0,4,51.0,12,83.0,0,0,1,3,0.0,134.0,95.0,0,EW_GREEN,hold,,,
75.0,3,36,220.0,6.111,3,0.0,3,0.0,4,53.0,12,91.0,0,0,1,0,0.0,144.0,76.0,0,EW_GREEN,hold,,,
76.0,3,37,211.0,5.703,3,0.0,3,0.0,4,55.0,13,99.0,0,0,1,0,0.0,154.0,57.0,0,EW_GREEN,hold,,,
77.0,3,37,201.0,5.432,3,0.0,3,0.0,4,57.0,13,107.0,0,0,1,3,0.0,164.0,37.0,0,EW_GREEN,hold,,,
78.0,0,31,76.0,2.452,3,0.0,3,0.0,2,0.0,10,60.0,0,0,0,2,0.0,60.0,16.0,0,EW_GREEN,hold,,,
79.0,0,32,28.0,0.875,3,0.0,3,0.0,2,0.0,11,23.0,0,0,0,0,0.0,23.0,5.0,0,EW_GREEN,hold,,,
80.0,0,31,0.0,0.0,3,0.0,3,0.0,2,0.0,10,0.0,0,0,0,0,0.0,0.0,0.0,0,EW_GREEN,hold,,,
81.0,0,31,0.0,0.0,3,0.0,3,0.0,2,0.0,9,0.0,0,0,0,0,0.0,0.0,0.0,0,EW_GREEN,hold,,,
82.0,0,34,0.0,0.0,3,0.0,3,0.0,2,0.0,9,0.0,0,0,0,0,0.0,0.0,0.0,0,EW_GREEN,hold,,,
83.0,0,33,0.0,0.0,3,0.0,3,0.0,2,0.0,8,0.0,0,0,0,0,0.0,0.0,0.0,0,EW_GREEN,hold,,,
84.0,0,36,0.0,0.0,3,0.0,3,0.0,2,0.0,8,0.0,0,0,0,0,0.0,0.0,0.0,0,EW_GREEN,hold,,,
85.0,0,35,0.0,0.0,3,0.0,3,0.0,2,0.0,6,0.0,0,0,0,0,0.0,0.0,0.0,0,EW_YELLOW,pressure_ns,,,
86.0,3,36,0.0,0.0,3,0.0,3,0.0,2,0.0,6,0.0,0,0,0,0,0.0,0.0,0.0,0,EW_YELLOW,hold,,,
87.0,3,38,0.0,0.0,3,0.0,3,0.0,2,0.0,6,0.0,0,0,0,0,0.0,0.0,0.0,0,EW_YELLOW,hold,,,
88.0,3,37,2.0,0.054,3,0.0,3,0.0,2,0.0,6,1.0,0,0,0,1,0.0,1.0,1.0,0,NS_GREEN,yellow_end,,,
89.0,0,33,3.0,0.091,3,0.0,3,0.0,0,0.0,5,0.0,0,0,0,0,0.0,0.0,3.0,0,NS_GREEN,hold,,,
90.0,0,32,6.0,0.188,3,1.0,3,0.0,1,0.0,5,0.0,1,0,0,0,0.0,1.0,5.0,0,NS_GREEN,hold,,,
91.0,0,38,10.0,0.263,3,2.0,3,0.0,1,0.0,6,0.0,1,0,0,0,0.0,2.0,8.0,0,NS_GREEN,hold,,,
92.0,0,38,10.0,0.263,3,3.0,3,1.0,1,0.0,6,0.0,1,0,0,0,0.0,4.0,6.0,0,NS_GREEN,hold,,,
93.0,0,39,10.0,0.256,3,4.0,3,2.0,2,0.0,6,0.0,0,0,0,0,0.0,6.0,4.0,0,NS_GREEN,hold,,,
94.0,0,41,11.0,0.268,3,5.0,3,3.0,2,0.0,6,0.0,0,0,0,0,0.0,8.0,3.0,0,NS_GREEN,hold,,,
95.0,0,40,13.0,0.325,3,6.0,3,4.0,2,0.0,6,0.0,0,0,0,0,0.0,10.0,3.0,0,NS_GREEN,hold,,,
96.0,0,41,14.0,0.341,3,7.0,3,5.0,2,0.0,7,0.0,0,0,0,0,0.0,12.0,2.0,0,NS_GREEN,hold,,,
97.0,0,45,15.0,0.333,5,8.0,5,6.0,2,0.0,7,0.0,0,0,0,0,0.0,14.0,1.0,0,NS_GREEN,hold,,,
98.0,0,45,16.0,0.356,5,9.0,5,7.0,2,0.0,7,0.0,0,0,0,0,0.0,16.0,0.0,0,NS_GREEN,hold,,,
99.0,0,44,18.0,0.409,5,10.0,5,8.0,2,0.0,6,0.0,0,0,0,0,0.0,18.0,0.0,0,NS_GREEN,hold,,,
100.0,0,45,20.0,0.444,5,11.0,5,9.0,2,0.0,6,0.0,0,0,0,0,0.0,20.0,0.0,0,NS_GREEN,hold,,,
101.0,0,44,22.0,0.5,5,12.0,5,10.0,2,0.0,6,0.0,0,0,0,0,0.0,22.0,0.0,0,NS_GREEN,hold,,,
102.0,0,44,25.0,0.568,5,13.0,5,11.0,2,0.0,6,0.0,0,0,0,0,0.0,24.0,1.0,0,NS_YELLOW,pressure_ew,,,
103.0,1,43,26.0,0.605,5,14.0,5,12.0,2,0.0,6,0.0,0,0,0,0,0.0,26.0,0.0,0,NS_YELLOW,hold,,,
104.0,1,45,28.0,0.622,5,15.0,5,13.0,2,0.0,6,0.0,0,0,0,0,0.0,28.0,0.0,0,NS_YELLOW,hold,,,
105.0,1,47,30.0,0.638,5,16.0,5,14.0,2,0.0,7,0.0,0,0,0,0,0.0,30.0,0.0,0,EW_GREEN,yellow_end,,,
106.0,2,45,0.0,0.0,4,0.0,4,0.0,2,0.0,7,0.0,0,0,0,0,0.0,0.0,0.0,0,EW_GREEN,hold,,,
107.0,2,45,0.0,0.0,4,0.0,4,0.0,2,0.0,7,0.0,0,0,0,0,0.0,0.0,0.0,0,EW_GREEN,hold,,,
108.0,2,44,0.0,0.0,4,0.0,4,0.0,2,0.0,7,0.0,0,0,0,0,0.0,0.0,0.0,0,EW_GREEN,hold,,,
109.0,2,47,0.0,0.0,4,0.0,4,0.0,2,0.0,8,0.0,0,0,0,0,0.0,0.0,0.0,0,EW_GREEN,hold,,,
110.0,2,46,1.0,0.022,4,0.0,4,0.0,2,0.0,8,0.0,0,0,0,0,0.0,0.0,1.0,0,EW_GREEN,hold,,,
111.0,2,45,4.0,0.089,4,0.0,3,0.0,2,0.0,8,1.0,0,0,0,0,0.0,1.0,3.0,0,EW_GREEN,hold,,,
112.0,2,43,4.0,0.093,3,0.0,3,0.0,2,0.0,9,2.0,0,0,0,0,0.0,2.0,2.0,0,EW_GREEN,hold,,,
113.0,2,42,5.0,0.119,3,0.0,3,0.0,2,0.0,9,3.0,0,0,0,0,0.0,3.0,2.0,0,EW_GREEN,hold,,,
114.0,2,42,7.0,0.167,3,0.0,3,0.0,2,0.0,10,4.0,0,0,0,0,0.0,4.0,3.0,0,EW_GREEN,hold,,,
115.0,2,44,10.0,0.227,3,0.0,3,0.0,2,0.0,10,5.0,0,0,0,0,0.0,5.0,5.0,0,EW_GREEN,hold,,,
116.0,2,44,13.0,0.295,3,0.0,3,0.0,2,0.0,10,6.0,0,0,0,0,0.0,6.0,7.0,0,EW_GREEN,hold,,,
117.0,2,40,8.0,0.2,3,0.0,2,0.0,2,0.0,10,7.0,0,0,0,0,0.0,7.0,1.0,0,EW_GREEN,hold,,,
118.0,2,37,11.0,0.297,2,0.0,2,0.0,2,0.0,10,8.0,0,0,0,0,0.0,8.0,3.0,0,EW_GREEN,hold,,,
119.0,2,36,14.0,0.389,2,0.0,2,0.0,2,0.0,10,9.0,0,0,0,0,0.0,9.0,5.0,0,EW_GREEN,hold,,,
120.0,2,36,18.0,0.5,2,0.0,1,0.0,2,0.0,11,10.0,0,0,0,0,0.0,10.0,8.0,0,EW_GREEN,hold,,,
121.0,2,39,22.0,0.564,3,0.0,3,0.0,2,0.0,11,11.0,0,0,0,0,0.0,11.0,11.0,0,EW_GREEN,hold,,,
122.0,2,38,28.0,0.737,3,0.0,3,0.0,2,0.0,11,13.0,0,0,0,0,1.0,13.0,14.0,0,EW_GREEN,hold,,,
123.0,2,39,36.0,0.923,3,0.0,3,0.0,2,0.0,11,15.0,0,0,0,0,3.0,15.0,18.0,0,EW_GREEN,hold,,,
124.0,2,37,47.0,1.27,3,0.0,2,0.0,2,1.0,12,18.0,0,0,1,0,5.0,19.0,23.0,0,EW_GREEN,hold,,,
125.0,2,39,60.0,1.538,2,0.0,2,0.0,3,2.0,12,22.0,0,0,0,0,8.0,24.0,28.0,0,EW_GREEN,hold,,,
126.0,2,41,74.0,1.805,2,0.0,2,0.0,4,3.0,12,26.0,0,0,0,0,11.0,29.0,34.0,0,EW_GREEN,hold,,,
127.0,2,42,89.0,2.119,2,0.0,2,0.0,4,4.0,12,30.0,0,0,0,0,14.0,34.0,41.0,0,EW_GREEN,hold,,,
128.0,2,42,104.0,2.476,2,0.0,2,0.0,4,5.0,12,34.0,0,0,0,0,17.0,39.0,48.0,0,EW_GREEN,hold,,,
129.0,2,41,107.0,2.61,2,0.0,2,0.0,4,6.0,12,38.0,0,0,0,0,20.0,44.0,43.0,0,EW_GREEN,hold,,,
130.0,2,41,111.0,2.707,2,0.0,2,0.0,4,8.0,12,42.0,0,0,1,0,23.0,50.0,38.0,0,EW_GREEN,hold,,,
131.0,2,40,117.0,2.925,2,0.0,2,0.0,4,10.0,12,46.0,0,0,1,0,27.0,56.0,34.0,0,EW_GREEN,hold,,,
132.0,2,39,103.0,2.641,2,0.0,2,0.0,4,12.0,13,50.0,0,0,1,0,10.0,62.0,31.0,0,EW_GREEN,hold,,,
133.0,2,37,95.0,2.568,2,0.0,2,0.0,4,14.0,13,54.0,0,0,1,0,0.0,68.0,27.0,0,EW_GREEN,hold,,,
134.0,2,38,98.0,2.579,2,0.0,2,0.0,4,16.0,14,59.0,0,0,1,1,0.0,75.0,23.0,0,EW_GREEN,hold,,,
135.0,2,38,100.0,2.632,2,0.0,1,0.0,4,18.0,14,64.0,0,0,1,1,0.0,82.0,18.0,0,EW_GREEN,hold,,,
136.0,2,38,103.0,2.711,2,0.0,1,0.0,4,20.0,15,70.0,0,0,1,1,0.0,90.0,13.0,0,EW_GREEN,hold,,,
137.0,2,37,106.0,2.865,1,0.0,1,0.0,4,22.0,15,76.0,0,0,1,1,0.0,98.0,8.0,0,EW_GREEN,hold,,,
138.0,2,36,108.0,3.0,1,0.0,1,0.0,4,24.0,15,82.0,0,0,1,1,0.0,106.0,2.0,0,EW_GREEN,hold,,,
139.0,2,36,117.0,3.25,1,0.0,1,0.0,4,26.0,15,88.0,0,0,1,1,0.0,114.0,3.0,0,EW_GREEN,hold,,,
140.0,2,36,124.0,3.444,1,0.0,1,0.0,4,28.0,15,95.0,0,0,1,1,0.0,123.0,1.0,0,EW_GREEN,hold,,,
141.0,2,35,134.0,3.829,1,0.0,1,0.0,4,30.0,15,102.0,0,0,1,1,0.0,132.0,2.0,0,EW_GREEN,hold,,,
142.0,2,36,145.0,4.028,1,0.0,1,0.0,4,32.0,16,109.0,0,0,1,2,0.0,141.0,4.0,0,EW_GREEN,hold,,,
143.0,2,35,153.0,4.371,1,0.0,1,0.0,4,34.0,16,116.0,0,0,1,0,0.0,150.0,3.0,0,EW_GREEN,hold,,,
144.0,2,35,161.0,4.6,1,0.0,1,0.0,4,36.0,16,123.0,0,0,1,0,0.0,159.0,2.0,0,EW_GREEN,hold,,,
145.0,2,44,169.0,3.841,3,0.0,3,0.0,4,38.0,17,130.0,0,0,1,0,0.0,168.0,1.0,0,EW_GREEN,hold,,,
146.0,2,46,178.0,3.87,3,0.0,3,0.0,4,40.0,17,138.0,0,0,1,0,0.0,178.0,0.0,0,EW_GREEN,hold,,,
147.0,2,45,189.0,4.2,3,0.0,3,0.0,4,42.0,17,147.0,0,0,1,0,0.0,189.0,0.0,0,EW_GREEN,hold,,,
148.0,3,46,200.0,4.348,3,0.0,3,0.0,4,44.0,18,156.0,0,0,1,0,0.0,200.0,0.0,0,EW_GREEN,hold,,,
149.0,3,46,212.0,4.609,3,0.0,3,0.0,4,46.0,18,166.0,0,0,1,0,0.0,212.0,0.0,0,EW_GREEN,hold,,,
150.0,3,45,224.0,4.978,3,0.0,3,0.0,4,48.0,18,176.0,0,0,1,0,0.0,224.0,0.0,0,EW_GREEN,hold,,,
151.0,0,41,102.0,2.488,3,0.0,3,0.0,2,0.0,16,101.0,0,0,0,0,0.0,101.0,1.0,0,EW_GREEN,hold,,,
152.0,0,40,55.0,1.375,3,0.0,3,0.0,2,0.0,16,55.0,0,0,0,0,0.0,55.0,0.0,0,EW_GREEN,hold,,,
153.0,0,40,11.0,0.275,3,0.0,3,0.0,2,0.0,16,11.0,0,0,0,0,0.0,11.0,0.0,0,EW_GREEN,hold,,,
154.0,0,41,4.0,0.098,3,0.0,3,0.0,2,0.0,16,4.0,0,0,0,0,0.0,4.0,0.0,0,EW_GREEN,hold,,,
155.0,0,40,0.0,0.0,3,0.0,3,0.0,0,0.0,15,0.0,0,0,0,0,0.0,0.0,0.0,0,EW_GREEN,hold,,,
156.0,0,44,0.0,0.0,3,0.0,3,0.0,0,0.0,15,0.0,0,0,0,0,0.0,0.0,0.0,0,EW_GREEN,hold,,,
157.0,0,45,1.0,0.022,3,0.0,3,0.0,0,0.0,14,0.0,0,0,0,0,0.0,0.0,1.0,0,EW_GREEN,hold,,,
158.0,0,45,3.0,0.067,3,0.0,3,0.0,0,0.0,14,0.0,0,0,0,0,1.0,0.0,2.0,0,EW_GREEN,hold,,,
159.0,0,42,3.0,0.071,3,0.0,3,0.0,0,0.0,11,0.0,0,0,0,0,2.0,0.0,1.0,0,EW_GREEN,hold,,,
160.0,0,40,5.0,0.125,3,0.0,3,0.0,0,0.0,11,0.0,0,0,0,0,3.0,0.0,2.0,0,EW_GREEN,hold,,,
161.0,0,41,9.0,0.22,3,0.0,3,1.0,0,0.0,10,0.0,0,1,0,0,4.0,1.0,4.0,0,EW_GREEN,hold,,,
162.0,0,42,13.0,0.31,3,0.0,3,2.0,1,0.0,10,0.0,0,1,0,0,5.0,2.0,6.0,0,EW_GREEN,hold,,,
163.0,0,40,13.0,0.325,3,1.0,3,3.0,2,0.0,9,0.0,1,1,0,0,0.0,4.0,9.0,0,EW_GREEN,hold,,,
164.0,0,41,18.0,0.439,3,2.0,3,4.0,2,0.0,9,0.0,0,0,0,0,0.0,6.0,12.0,0,EW_GREEN,hold,,,
165.0,0,41,24.0,0.585,3,3.0,3,5.0,2,0.0,8,0.0,0,0,0,0,0.0,8.0,16.0,0,EW_YELLOW,max_green,,,
166.0,3,46,31.0,0.674,3,4.0,3,6.0,2,0.0,9,0.0,0,0,0,0,0.0,10.0,21.0,0,EW_YELLOW,hold,,,
167.0,3,46,38.0,0.826,3,5.0,3,7.0,2,0.0,9,0.0,0,0,0,0,0.0,12.0,26.0,0,EW_YELLOW,hold,,,
168.0,3,46,46.0,1.0,3,6.0,3,8.0,2,0.0,9,0.0,0,0,0,0,0.0,14.0,32.0,0,NS_GREEN,yellow_end,,,
169.0,0,48,54.0,1.125,4,7.0,4,9.0,2,0.0,9,0.0,0,0,0,0,0.0,16.0,38.0,0,NS_GREEN,hold,,,
170.0,0,48,63.0,1.312,4,8.0,4,10.0,2,0.0,9,0.0,0,0,0,0,0.0,18.0,45.0,0,NS_GREEN,hold,,,
171.0,0,48,73.0,1.521,4,9.0,4,11.0,2,0.0,9,0.0,0,0,0,0,0.0,20.0,53.0,0,NS_GREEN,hold,,,
172.0,0,47,69.0,1.468,4,10.0,4,12.0,2,0.0,9,0.0,0,0,0,0,0.0,22.0,47.0,0,NS_GREEN,hold,,,
173.0,0,47,65.0,1.383,4,11.0,4,13.0,2,0.0,9,0.0,0,0,0,0,0.0,24.0,41.0,0,NS_GREEN,hold,,,
174.0,0,46,61.0,1.326,4,12.0,4,14.0,2,0.0,8,0.0,0,0,0,0,0.0,26.0,35.0,0,NS_GREEN,hold,,,
175.0,0,45,57.0,1.267,4,13.0,4,15.0,2,0.0,7,0.0,0,0,0,0,0.0,28.0,29.0,0,NS_GREEN,hold,,,
176.0,0,48,52.0,1.083,4,14.0,4,16.0,2,0.0,7,0.0,0,0,0,0,0.0,30.0,22.0,0,NS_YELLOW,pressure_ew,,,
177.0,1,48,47.0,0.979,4,15.0,4,17.0,2,0.0,8,0.0,0,0,0,0,0.0,32.0,15.0,0,NS_YELLOW,hold,,,
178.0,1,48,42.0,0.875,4,16.0,4,18.0,2,0.0,8,0.0,0,0,0,0,0.0,34.0,8.0,0,NS_YELLOW,hold,,,
179.0,1,49,36.0,0.735,4,17.0,4,19.0,2,0.0,9,0.0,0,0,0,0,0.0,36.0,0.0,0,EW_GREEN,yellow_end,,,
180.0,2,47,0.0,0.0,3,0.0,3,0.0,2,0.0,9,0.0,0,0,0,0,0.0,0.0,0.0,0,EW_GREEN,hold,,,
181.0,2,51,0.0,0.0,3,0.0,3,0.0,2,0.0,9,0.0,0,0,0,0,0.0,0.0,0.0,0,EW_GREEN,hold,,,
182.0,2,51,0.0,0.0,3,0.0,3,0.0,2,0.0,9,0.0,0,0,0,0,0.0,0.0,0.0,0,EW_GREEN,hold,,,
183.0,2,51,2.0,0.039,2,0.0,2,0.0,2,0.0,10,1.0,0,0,0,1,0.0,1.0,1.0,0,EW_GREEN,hold,,,
184.0,2,49,3.0,0.061,2,0.0,2,0.0,2,0.0,10,3.0,0,0,0,1,0.0,3.0,0.0,0,EW_GREEN,hold,,,
185.0,2,48,5.0,0.104,2,0.0,2,0.0,2,0.0,10,5.0,0,0,0,1,0.0,5.0,0.0,0,EW_GREEN,hold,,,
186.0,2,48,9.0,0.188,2,0.0,2,0.0,2,0.0,11,8.0,0,0,0,1,0.0,8.0,1.0,0,EW_GREEN,hold,,,
187.0,2,50,13.0,0.26,2,0.0,2,0.0,2,0.0,11,11.0,0,0,0,1,0.0,11.0,2.0,0,EW_GREEN,hold,,,
188.0,2,50,18.0,0.36,2,0.0,2,0.0,2,0.0,11,15.0,0,0,0,1,0.0,15.0,3.0,0,EW_GREEN,hold,,,
189.0,2,50,25.0,0.5,2,0.0,2,0.0,2,0.0,11,19.0,0,0,0,1,0.0,19.0,6.0,0,EW_GREEN,hold,,,
190.0,2,50,33.0,0.66,2,0.0,2,0.0,2,0.0,11,23.0,0,0,0,1,0.0,23.0,10.0,0,EW_GREEN,hold,,,
191.0,2,49,42.0,0.857,2,0.0,2,0.0,2,0.0,11,27.0,0,0,0,1,0.0,27.0,15.0,0,EW_GREEN,hold,,,
192.0,2,49,52.0,1.061,2,0.0,2,0.0,2,0.0,12,31.0,0,0,0,1,0.0,31.0,21.0,0,EW_GREEN,hold,,,
193.0,2,49,45.0,0.918,4,0.0,4,0.0,2,0.0,12,36.0,0,0,0,1,0.0,36.0,9.0,0,EW_GREEN,hold,,,
194.0,2,49,52.0,1.061,4,0.0,4,0.0,2,2.0,12,41.0,0,0,2,0,0.0,43.0,9.0,0,EW_GREEN,hold,,,
195.0,2,47,63.0,1.34,4,0.0,4,0.0,2,4.0,12,46.0,0,0,2,0,0.0,50.0,13.0,0,EW_GREEN,hold,,,
196.0,2,45,74.0,1.644,4,0.0,4,0.0,2,6.0,13,51.0,0,0,2,0,0.0,57.0,17.0,0,EW_GREEN,hold,,,
197.0,2,47,86.0,1.83,4,0.0,4,0.0,2,8.0,13,57.0,0,0,2,0,0.0,65.0,21.0,0,EW_GREEN,hold,,,
198.0,2,48,100.0,2.083,4,0.0,4,0.0,3,10.0,13,63.0,0,0,1,0,1.0,73.0,26.0,0,EW_GREEN,hold,,,
199.0,2,47,114.0,2.426,4,0.0,4,0.0,3,12.0,13,70.0,0,0,1,2,0.0,82.0,32.0,0,EW_GREEN,hold,,,
200.0,2,46,132.0,2.87,4,0.0,4,0.0,3,14.0,13,77.0,0,0,1,2,2.0,91.0,39.0,0,EW_GREEN,hold,,,
201.0,2,47,153.0,3.255,4,0.0,4,0.0,3,16.0,14,84.0,0,0,1,2,6.0,100.0,47.0,0,EW_GREEN,hold,,,
202.0,2,47,175.0,3.723,4,0.0,4,0.0,3,18.0,14,91.0,0,0,1,2,11.0,109.0,55.0,0,EW_GREEN,hold,,,
203.0,2,47,199.0,4.234,4,0.0,4,0.0,4,20.0,14,98.0,0,0,1,2,17.0,118.0,64.0,0,EW_GREEN,hold,,,
204.0,2,47,208.0,4.426,4,0.0,4,0.0,4,22.0,14,105.0,0,0,1,2,23.0,127.0,58.0,0,EW_GREEN,hold,,,
205.0,2,47,232.0,4.936,4,0.0,4,0.0,4,24.0,15,112.0,0,0,1,2,29.0,136.0,67.0,0,EW_GREEN,hold,,,
206.0,2,47,242.0,5.149,4,0.0,4,0.0,4,26.0,15,119.0,0,0,1,2,36.0,145.0,61.0,0,EW_GREEN,hold,,,
207.0,2,48,252.0,5.25,3,0.0,3,0.0,4,28.0,16,126.0,0,0,1,2,43.0,154.0,55.0,0,EW_GREEN,hold,,,
208.0,2,47,264.0,5.617,3,0.0,3,0.0,4,30.0,16,133.0,0,0,1,2,52.0,163.0,49.0,0,EW_GREEN,hold,,,
209.0,2,48,277.0,5.771,3,0.0,3,0.0,4,32.0,17,140.0,0,0,1,2,61.0,172.0,44.0,0,EW_GREEN,hold,,,
210.0,2,45,257.0,5.711,3,0.0,3,0.0,4,34.0,17,147.0,0,0,1,2,38.0,181.0,38.0,0,EW_GREEN,hold,,,
211.0,2,45,235.0,5.222,3,0.0,3,0.0,4,36.0,17,154.0,0,0,1,0,14.0,190.0,31.0,0,EW_GREEN,hold,,,
212.0,2,45,228.0,5.067,3,0.0,3,0.0,4,38.0,17,162.0,0,0,1,0,5.0,200.0,23.0,0,EW_GREEN,hold,,,
213.0,2,43,225.0,5.233,3,0.0,3,0.0,4,40.0,17,170.0,0,0,1,0,0.0,210.0,15.0,0,EW_GREEN,hold,,,
214.0,2,42,228.0,5.429,3,0.0,3,0.0,4,42.0,17,178.0,0,0,1,0,0.0,220.0,8.0,0,EW_GREEN,hold,,,
215.0,2,41,238.0,5.805,3,0.0,3,0.0,4,44.0,18,186.0,0,0,1,0,0.0,230.0,8.0,0,EW_GREEN,hold,,,
216.0,2,39,240.0,6.154,3,0.0,3,0.0,4,46.0,18,194.0,0,0,1,0,0.0,240.0,0.0,0,EW_GREEN,hold,,,
217.0,2,46,250.0,5.435,4,0.0,4,0.0,4,48.0,19,202.0,0,0,1,0,0.0,250.0,0.0,0,EW_GREEN,hold,,,
218.0,2,48,260.0,5.417,4,0.0,4,0.0,4,50.0,19,210.0,0,0,1,0,0.0,260.0,0.0,0,EW_GREEN,hold,,,
219.0,2,48,271.0,5.646,4,0.0,4,0.0,4,52.0,20,219.0,0,0,1,0,0.0,271.0,0.0,0,EW_GREEN,hold,,,
220.0,2,48,284.0,5.917,4,0.0,4,0.0,4,54.0,20,230.0,0,0,1,0,0.0,284.0,0.0,0,EW_GREEN,hold,,,
221.0,2,48,298.0,6.208,4,0.0,4,0.0,4,56.0,20,241.0,0,0,1,0,1.0,297.0,0.0,0,EW_GREEN,hold,,,
222.0,3,48,312.0,6.5,4,0.0,4,0.0,4,58.0,20,252.0,0,0,1,0,2.0,310.0,0.0,0,EW_GREEN,hold,,,
223.0,3,47,326.0,6.936,4,0.0,4,0.0,4,60.0,20,263.0,0,0,1,0,3.0,323.0,0.0,0,EW_GREEN,hold,,,
224.0,3,48,341.0,7.104,4,0.0,4,0.0,4,62.0,21,275.0,0,0,1,0,4.0,337.0,0.0,0,EW_GREEN,hold,,,
225.0,0,42,169.0,4.024,4,0.0,4,0.0,2,0.0,18,164.0,0,0,0,0,5.0,164.0,0.0,0,EW_GREEN,hold,,,
226.0,0,42,80.0,1.905,4,0.0,4,0.0,2,0.0,18,74.0,0,0,0,0,6.0,74.0,0.0,0,EW_GREEN,hold,,,
227.0,0,43,29.0,0.674,4,0.0,4,0.0,2,0.0,19,22.0,0,0,0,0,7.0,22.0,0.0,0,EW_GREEN,hold,,,
228.0,0,44,10.0,0.227,4,0.0,4,0.0,2,0.0,17,2.0,0,0,0,0,8.0,2.0,0.0,0,EW_GREEN,hold,,,
229.0,0,46,9.0,0.196,4,0.0,4,0.0,1,0.0,17,0.0,0,0,0,0,9.0,0.0,0.0,0,EW_GREEN,hold,,,
230.0,0,45,10.0,0.222,4,0.0,4,0.0,1,0.0,16,0.0,0,0,0,0,10.0,0.0,0.0,0,EW_GREEN,hold,,,
231.0,0,47,13.0,0.277,4,0.0,4,0.0,1,0.0,15,1.0,0,0,0,0,11.0,1.0,1.0,0,EW_GREEN,hold,,,
232.0,0,44,16.0,0.364,4,0.0,4,0.0,0,0.0,15,2.0,0,0,0,0,12.0,2.0,2.0,0,EW_GREEN,hold,,,
233.0,0,45,20.0,0.444,4,0.0,4,0.0,0,0.0,14,3.0,0,0,0,0,13.0,3.0,4.0,0,EW_GREEN,hold,,,
234.0,0,43,26.0,0.605,4,1.0,4,0.0,0,0.0,14,5.0,1,0,0,0,14.0,6.0,6.0,0,EW_GREEN,hold,,,
235.0,0,46,29.0,0.63,4,2.0,4,1.0,1,0.0,14,3.0,1,1,0,0,15.0,6.0,8.0,0,EW_GREEN,hold,,,
236.0,0,44,28.0,0.636,4,3.0,4,2.0,1,0.0,13,2.0,1,1,0,0,16.0,7.0,5.0,0,EW_YELLOW,pressure_ns,,,
237.0,3,45,27.0,0.6,4,4.0,4,3.0,1,0.0,13,0.0,1,1,0,0,17.0,7.0,3.0,0,EW_YELLOW,hold,,,
238.0,3,48,14.0,0.292,4,6.0,4,4.0,2,0.0,14,2.0,1,1,0,0,0.0,12.0,2.0,0,EW_YELLOW,hold,,,
239.0,3,49,20.0,0.408,4,9.0,4,6.0,2,0.0,14,4.0,1,1,0,0,0.0,19.0,1.0,0,NS_GREEN,yellow_end,,,
240.0,0,45,22.0,0.489,4,12.0,4,9.0,2,0.0,11,0.0,1,4,0,0,0.0,21.0,1.0,0,NS_GREEN,hold,,,
241.0,0,50,28.0,0.56,6,16.0,6,12.0,2,0.0,12,0.0,0,0,0,0,0.0,28.0,0.0,0,NS_GREEN,hold,,,
242.0,0,52,36.0,0.692,7,20.0,7,16.0,2,0.0,12,0.0,0,0,0,0,0.0,36.0,0.0,0,NS_GREEN,hold,,,
243.0,0,52,44.0,0.846,7,24.0,7,20.0,2,0.0,11,0.0,0,0,0,0,0.0,44.0,0.0,0,NS_GREEN,hold,,,
244.0,0,52,53.0,1.019,7,28.0,7,24.0,2,0.0,10,0.0,0,0,0,0,0.0,52.0,1.0,0,NS_GREEN,hold,,,
245.0,0,52,62.0,1.192,7,32.0,7,28.0,2,0.0,10,0.0,0,0,0,0,0.0,60.0,2.0,0,NS_GREEN,hold,,,
246.0,0,54,71.0,1.315,7,36.0,7,32.0,2,0.0,10,0.0,0,0,0,0,0.0,68.0,3.0,0,NS_GREEN,hold,,,
247.0,0,53,81.0,1.528,7,40.0,7,36.0,2,0.0,9,0.0,0,0,0,0,0.0,76.0,5.0,0,NS_YELLOW,pressure_ew,,,
248.0,1,55,91.0,1.655,7,44.0,7,40.0,2,0.0,8,0.0,0,0,0,0,0.0,84.0,7.0,0,NS_YELLOW,hold,,,
249.0,1,57,102.0,1.789,7,48.0,7,44.0,2,0.0,9,0.0,0,0,0,0,0.0,92.0,10.0,0,NS_YELLOW,hold,,,
250.0,1,57,113.0,1.982,7,52.0,7,48.0,2,0.0,9,0.0,0,0,0,0,0.0,100.0,13.0,0,EW_GREEN,yellow_end,,,
251.0,2,55,64.0,1.164,6,24.0,6,22.0,2,0.0,9,1.0,0,0,0,0,0.0,47.0,17.0,0,EW_GREEN,hold,,,
252.0,2,55,46.0,0.836,6,12.0,6,11.0,2,0.0,9,2.0,0,0,0,0,0.0,25.0,21.0,0,EW_GREEN,hold,,,
253.0,2,55,29.0,0.527,5,0.0,5,0.0,2,0.0,9,3.0,0,0,0,0,0.0,3.0,26.0,0,EW_GREEN,hold,,,
254.0,2,55,36.0,0.655,5,0.0,5,0.0,2,0.0,9,4.0,0,0,0,0,0.0,4.0,32.0,0,EW_GREEN,hold,,,
255.0,2,53,43.0,0.811,5,0.0,4,0.0,2,0.0,9,5.0,0,0,0,0,0.0,5.0,38.0,0,EW_GREEN,hold,,,
256.0,2,52,51.0,0.981,4,0.0,4,0.0,2,0.0,9,6.0,0,0,0,0,0.0,6.0,45.0,0,EW_GREEN,hold,,,
257.0,2,51,60.0,1.176,3,0.0,3,0.0,2,0.0,10,7.0,0,0,0,0,0.0,7.0,53.0,0,EW_GREEN,hold,,,
258.0,2,47,70.0,1.489,3,0.0,3,0.0,2,0.0,10,8.0,0,0,0,0,0.0,8.0,62.0,0,EW_GREEN,hold,,,
259.0,2,48,81.0,1.688,3,0.0,3,0.0,2,0.0,10,10.0,0,0,0,0,0.0,10.0,71.0,0,EW_GREEN,hold,,,
260.0,2,49,92.0,1.878,3,0.0,3,0.0,2,0.0,10,12.0,0,0,0,0,0.0,12.0,80.0,0,EW_GREEN,hold,,,
261.0,2,46,103.0,2.239,2,0.0,2,0.0,2,0.0,10,14.0,0,0,0,0,0.0,14.0,89.0,0,EW_GREEN,hold,,,
262.0,2,45,115.0,2.556,2,0.0,2,0.0,2,0.0,10,17.0,0,0,0,0,0.0,17.0,98.0,0,EW_GREEN,hold,,,
263.0,2,44,128.0,2.909,1,0.0,2,0.0,2,0.0,10,20.0,0,0,0,0,0.0,20.0,108.0,0,EW_GREEN,hold,,,
264.0,2,44,141.0,3.205,1,0.0,1,0.0,2,0.0,11,23.0,0,0,0,0,0.0,23.0,118.0,0,EW_GREEN,hold,,,
265.0,2,47,155.0,3.298,2,0.0,2,0.0,2,0.0,11,27.0,0,0,0,0,0.0,27.0,128.0,0,EW_GREEN,hold,,,
266.0,2,48,169.0,3.521,2,0.0,2,0.0,2,0.0,11,31.0,0,0,0,0,0.0,31.0,138.0,0,EW_GREEN,hold,,,
267.0,2,48,184.0,3.833,2,0.0,2,0.0,2,0.0,11,36.0,0,0,0,0,0.0,36.0,148.0,0,EW_GREEN,hold,,,
268.0,2,46,199.0,4.326,2,0.0,2,0.0,2,0.0,11,41.0,0,0,0,0,0.0,41.0,158.0,0,EW_GREEN,hold,,,
269.0,2,49,215.0,4.388,2,0.0,2,0.0,3,0.0,11,46.0,0,0,0,0,1.0,46.0,168.0,0,EW_GREEN,hold,,,
270.0,2,48,232.0,4.833,2,0.0,2,0.0,3,1.0,11,51.0,0,0,0,0,2.0,52.0,178.0,0,EW_GREEN,hold,,,
271.0,2,49,250.0,5.102,2,0.0,2,0.0,3,3.0,11,56.0,0,0,1,0,3.0,59.0,188.0,0,EW_GREEN,hold,,,
272.0,2,49,270.0,5.51,2,0.0,2,0.0,3,5.0,11,62.0,0,0,1,0,4.0,67.0,199.0,0,EW_GREEN,hold,,,
273.0,2,48,290.0,6.042,2,0.0,2,0.0,3,7.0,11,68.0,0,0,1,0,5.0,75.0,210.0,0,EW_GREEN,hold,,,
274.0,2,45,310.0,6.889,2,0.0,2,0.0,3,9.0,11,74.0,0,0,1,0,6.0,83.0,221.0,0,EW_GREEN,hold,,,
275.0,2,46,330.0,7.174,2,0.0,2,0.0,3,11.0,12,80.0,0,0,1,0,7.0,91.0,232.0,0,EW_GREEN,hold,,,
276.0,2,46,351.0,7.63,2,0.0,2,0.0,3,13.0,12,87.0,0,0,1,2,8.0,100.0,243.0,0,EW_GREEN,hold,,,
277.0,2,46,372.0,8.087,2,0.0,2,0.0,3,15.0,12,94.0,0,0,1,2,9.0,109.0,254.0,0,EW_GREEN,hold,,,
278.0,2,44,348.0,7.909,2,0.0,2,0.0,3,17.0,12,101.0,0,0,1,2,0.0,118.0,230.0,0,EW_GREEN,hold,,,
279.0,2,45,335.0,7.444,2,0.0,1,0.0,3,19.0,12,108.0,0,0,1,2,1.0,127.0,207.0,0,EW_GREEN,hold,,,
280.0,2,45,324.0,7.2,2,0.0,1,0.0,3,21.0,12,116.0,0,0,1,5,3.0,137.0,184.0,0,EW_GREEN,hold,,,
281.0,2,43,316.0,7.349,1,0.0,1,0.0,3,23.0,12,125.0,0,0,1,5,6.0,148.0,162.0,0,EW_GREEN,hold,,,
282.0,2,45,309.0,6.867,1,0.0,1,0.0,4,25.0,13,134.0,0,0,1,2,9.0,159.0,141.0,0,EW_GREEN,hold,,,
283.0,2,45,301.0,6.689,1,0.0,1,0.0,4,27.0,13,143.0,0,0,1,2,12.0,170.0,119.0,0,EW_GREEN,hold,,,
284.0,2,44,294.0,6.682,1,0.0,1,0.0,4,29.0,13,152.0,0,0,1,2,16.0,181.0,97.0,0,EW_GREEN,hold,,,
285.0,2,45,287.0,6.378,1,0.0,1,0.0,4,31.0,14,161.0,0,0,1,2,21.0,192.0,74.0,0,EW_GREEN,hold,,,
286.0,2,45,280.0,6.222,1,0.0,1,0.0,4,33.0,14,170.0,0,0,1,2,26.0,203.0,51.0,0,EW_GREEN,hold,,,
287.0,2,45,276.0,6.133,1,0.0,1,0.0,4,35.0,14,179.0,0,0,1,2,31.0,214.0,31.0,0,EW_GREEN,hold,,,
288.0,2,45,280.0,6.222,1,0.0,1,0.0,4,37.0,14,188.0,0,0,1,2,36.0,225.0,19.0,0,EW_GREEN,hold,,,
289.0,2,49,261.0,5.327,3,0.0,3,0.0,4,39.0,14,197.0,0,0,1,3,11.0,236.0,14.0,0,EW_GREEN,hold,,,
290.0,2,51,256.0,5.02,3,0.0,3,0.0,4,41.0,14,206.0,0,0,1,0,0.0,247.0,9.0,0,EW_GREEN,hold,,,
291.0,2,52,271.0,5.212,3,0.0,3,0.0,4,43.0,15,215.0,0,0,1,0,0.0,258.0,13.0,0,EW_GREEN,hold,,,
292.0,2,51,284.0,5.569,3,0.0,3,0.0,4,45.0,15,224.0,0,0,1,0,0.0,269.0,15.0,0,EW_GREEN,hold,,,
293.0,3,50,299.0,5.98,3,0.0,3,0.0,4,47.0,15,233.0,0,0,1,3,0.0,280.0,19.0,0,EW_GREEN,hold,,,
294.0,3,49,316.0,6.449,3,0.0,3,0.0,4,49.0,15,243.0,0,0,1,7,0.0,292.0,24.0,0,EW_GREEN,hold,,,
295.0,3,49,335.0,6.837,3,0.0,3,0.0,4,51.0,16,254.0,0,0,1,7,0.0,305.0,30.0,0,EW_GREEN,hold,,,
296.0,0,44,182.0,4.136,3,0.0,3,0.0,2,0.0,13,156.0,0,0,0,2,0.0,156.0,26.0,0,EW_GREEN,hold,,,
297.0,0,43,98.0,2.279,3,0.0,3,0.0,2,0.0,13,75.0,0,0,0,0,0.0,75.0,23.0,0,EW_GREEN,hold,,,
298.0,0,43,46.0,1.07,3,0.0,3,0.0,2,0.0,13,23.0,0,0,0,0,0.0,23.0,23.0,0,EW_GREEN,hold,,,
299.0,0,41,24.0,0.585,3,0.0,3,0.0,1,0.0,10,0.0,0,0,0,0,0.0,0.0,24.0,0,EW_GREEN,hold,,,
300.0,0,46,25.0,0.543,3,0.0,3,0.0,1,0.0,11,0.0,0,0,0,0,0.0,0.0,25.0,0,EW_GREEN,hold,,,
301.0,0,47,25.0,0.532,3,0.0,3,0.0,1,0.0,9,0.0,0,0,0,0,0.0,0.0,25.0,0,EW_GREEN,hold,,,
302.0,0,47,26.0,0.553,3,0.0,3,0.0,1,0.0,8,0.0,0,0,0,0,1.0,0.0,25.0,0,EW_GREEN,hold,,,
303.0,0,48,27.0,0.562,3,0.0,3,0.0,1,0.0,8,0.0,0,0,0,0,2.0,0.0,25.0,0,EW_GREEN,hold,,,
304.0,0,45,29.0,0.644,3,0.0,3,0.0,1,0.0,6,0.0,0,0,0,0,3.0,0.0,26.0,0,EW_YELLOW,pressure_ns,,,
305.0,3,46,39.0,0.848,3,0.0,3,0.0,2,0.0,6,0.0,0,0,0,0,4.0,0.0,35.0,0,EW_YELLOW,hold,,,
306.0,3,48,44.0,0.917,3,1.0,3,1.0,2,0.0,7,0.0,1,1,0,0,5.0,2.0,37.0,0,EW_YELLOW,hold,,,
307.0,3,46,32.0,0.696,3,2.0,3,2.0,3,0.0,7,1.0,1,1,0,0,6.0,5.0,21.0,0,NS_GREEN,yellow_end,,,
308.0,0,45,31.0,0.689,3,3.0,3,3.0,3,0.0,6,0.0,1,0,0,0,7.0,6.0,18.0,0,NS_GREEN,hold,,,
309.0,0,46,34.0,0.739,3,4.0,3,4.0,3,0.0,7,0.0,1,0,0,0,8.0,8.0,18.0,0,NS_GREEN,hold,,,
310.0,0,47,36.0,0.766,3,5.0,3,5.0,3,0.0,7,0.0,0,0,0,0,9.0,10.0,17.0,0,NS_GREEN,hold,,,
311.0,0,46,30.0,0.652,3,6.0,3,6.0,2,0.0,8,0.0,0,0,0,0,0.0,12.0,18.0,0,NS_GREEN,hold,,,
312.0,0,48,37.0,0.771,3,7.0,3,7.0,2,0.0,8,0.0,0,0,0,0,0.0,14.0,23.0,0,NS_GREEN,hold,,,
313.0,0,50,45.0,0.9,4,8.0,4,8.0,2,0.0,8,0.0,0,0,0,0,0.0,16.0,29.0,0,NS_GREEN,hold,,,
314.0,0,50,54.0,1.08,4,9.0,4,9.0,2,0.0,8,0.0,0,0,0,0,0.0,18.0,36.0,0,NS_GREEN,hold,,,
315.0,0,48,64.0,1.333,4,10.0,4,10.0,2,0.0,7,0.0,0,0,0,0,0.0,20.0,44.0,0,NS_GREEN,hold,,,
316.0,0,49,74.0,1.51,4,11.0,4,11.0,2,0.0,7,0.0,0,0,0,0,0.0,22.0,52.0,0,NS_GREEN,hold,,,
317.0,0,49,84.0,1.714,4,12.0,4,12.0,2,0.0,7,0.0,0,0,0,0,0.0,24.0,60.0,0,NS_GREEN,hold,,,
318.0,0,49,80.0,1.633,4,13.0,4,13.0,2,0.0,7,0.0,0,0,0,0,0.0,26.0,54.0,0,NS_GREEN,hold,,,
319.0,0,49,77.0,1.571,4,14.0,4,14.0,2,0.0,7,0.0,0,0,0,0,0.0,28.0,49.0,0,NS_GREEN,hold,,,
320.0,0,51,76.0,1.49,4,15.0,4,15.0,2,0.0,7,0.0,0,0,0,0,0.0,30.0,46.0,0,NS_YELLOW,pressure_ew,,,
321.0,1,50,75.0,1.5,4,16.0,4,16.0,2,0.0,7,0.0,0,0,0,0,0.0,32.0,43.0,0,NS_YELLOW,hold,,,
322.0,1,51,73.0,1.431,4,17.0,4,17.0,2,0.0,8,0.0,0,0,0,0,0.0,34.0,39.0,0,NS_YELLOW,hold,,,
323.0,1,50,71.0,1.42,4,18.0,4,18.0,2,0.0,8,0.0,0,0,0,0,0.0,36.0,35.0,0,EW_GREEN,yellow_end,,,
324.0,2,49,31.0,0.633,3,0.0,3,0.0,2,0.0,9,0.0,0,0,0,0,0.0,0.0,31.0,0,EW_GREEN,hold,,,
325.0,2,51,27.0,0.529,3,0.0,3,0.0,2,0.0,9,0.0,0,0,0,0,0.0,0.0,27.0,0,EW_GREEN,hold,,,
326.0,2,51,25.0,0.49,3,0.0,3,0.0,2,0.0,9,0.0,0,0,0,0,0.0,0.0,25.0,0,EW_GREEN,hold,,,
327.0,2,48,33.0,0.688,2,0.0,2,0.0,2,0.0,9,1.0,0,0,0,0,0.0,1.0,32.0,0,EW_GREEN,hold,,,
328.0,2,49,32.0,0.653,2,0.0,2,0.0,2,0.0,10,2.0,0,0,0,0,0.0,2.0,30.0,0,EW_GREEN,hold,,,
329.0,2,47,28.0,0.596,2,0.0,2,0.0,2,0.0,10,3.0,0,0,0,0,0.0,3.0,25.0,0,EW_GREEN,hold,,,
330.0,2,47,26.0,0.553,2,0.0,2,0.0,2,0.0,10,5.0,0,0,0,0,0.0,5.0,21.0,0,EW_GREEN,hold,,,
331.0,2,49,24.0,0.49,2,0.0,2,0.0,2,0.0,11,7.0,0,0,0,0,0.0,7.0,17.0,0,EW_GREEN,hold,,,
332.0,2,48,21.0,0.438,2,0.0,2,0.0,2,0.0,11,9.0,0,0,0,0,0.0,9.0,12.0,0,EW_GREEN,hold,,,
333.0,2,48,26.0,0.542,2,0.0,2,0.0,2,0.0,11,11.0,0,0,0,0,0.0,11.0,15.0,0,EW_GREEN,hold,,,
334.0,2,48,23.0,0.479,2,0.0,2,0.0,2,0.0,11,13.0,0,0,0,0,0.0,13.0,10.0,0,EW_GREEN,hold,,,
335.0,2,47,21.0,0.447,2,0.0,2,0.0,2,0.0,11,15.0,0,0,0,0,0.0,15.0,6.0,0,EW_GREEN,hold,,,
336.0,2,48,28.0,0.583,2,0.0,2,0.0,2,0.0,12,17.0,0,0,0,0,1.0,17.0,10.0,0,EW_GREEN,hold,,,
337.0,2,51,36.0,0.706,4,0.0,4,0.0,2,0.0,12,20.0,0,0,0,0,3.0,20.0,13.0,0,EW_GREEN,hold,,,
338.0,2,51,46.0,0.902,4,0.0,4,0.0,2,1.0,12,23.0,0,0,1,0,6.0,24.0,16.0,0,EW_GREEN,hold,,,
339.0,2,52,56.0,1.077,4,0.0,4,0.0,2,2.0,13,26.0,0,0,1,0,10.0,28.0,18.0,0,EW_GREEN,hold,,,
340.0,2,50,69.0,1.38,4,0.0,4,0.0,2,3.0,13,30.0,0,0,1,0,15.0,33.0,21.0,0,EW_GREEN,hold,,,
341.0,2,51,60.0,1.176,4,0.0,4,0.0,3,5.0,14,35.0,0,0,1,0,20.0,40.0,0.0,0,EW_GREEN,hold,,,
342.0,2,51,72.0,1.412,4,0.0,4,0.0,3,7.0,14,38.0,0,0,1,0,26.0,45.0,1.0,0,EW_GREEN,hold,,,
343.0,2,52,87.0,1.673,4,0.0,4,0.0,4,9.0,14,42.0,0,0,1,0,33.0,51.0,3.0,0,EW_GREEN,hold,,,
344.0,2,51,103.0,2.02,4,0.0,4,0.0,4,11.0,14,46.0,0,0,1,0,41.0,57.0,5.0,0,EW_GREEN,hold,,,
345.0,2,51,119.0,2.333,4,0.0,4,0.0,4,13.0,14,50.0,0,0,1,0,49.0,63.0,7.0,0,EW_GREEN,hold,,,
346.0,2,51,137.0,2.686,4,0.0,4,0.0,4,15.0,14,56.0,0,0,1,0,57.0,71.0,9.0,0,EW_GREEN,hold,,,
347.0,2,47,124.0,2.638,4,0.0,4,0.0,4,17.0,14,62.0,0,0,1,0,33.0,79.0,12.0,0,EW_GREEN,hold,,,
348.0,2,47,117.0,2.489,4,0.0,4,0.0,4,19.0,14,68.0,0,0,1,0,14.0,87.0,16.0,0,EW_GREEN,hold,,,
349.0,2,48,119.0,2.479,4,0.0,4,0.0,4,21.0,15,74.0,0,0,1,0,3.0,95.0,21.0,0,EW_GREEN,hold,,,
350.0,2,46,130.0,2.826,4,0.0,4,0.0,4,23.0,15,80.0,0,0,1,0,0.0,103.0,27.0,0,EW_GREEN,hold,,,
351.0,2,46,144.0,3.13,3,0.0,4,0.0,4,25.0,15,86.0,0,0,1,0,0.0,111.0,33.0,0,EW_GREEN,hold,,,
352.0,2,43,148.0,3.442,3,0.0,3,0.0,4,27.0,15,93.0,0,0,1,0,0.0,120.0,28.0,0,EW_GREEN,hold,,,
353.0,2,42,152.0,3.619,3,0.0,3,0.0,4,29.0,15,100.0,0,0,1,0,0.0,129.0,23.0,0,EW_GREEN,hold,,,
354.0,2,41,160.0,3.902,3,0.0,3,0.0,4,31.0,15,108.0,0,0,1,0,0.0,139.0,21.0,0,EW_GREEN,hold,,,
355.0,2,40,168.0,4.2,3,0.0,3,0.0,4,33.0,15,116.0,0,0,1,0,0.0,149.0,19.0,0,EW_GREEN,hold,,,
356.0,2,39,175.0,4.487,3,0.0,3,0.0,4,35.0,15,124.0,0,0,1,0,0.0,159.0,16.0,0,EW_GREEN,hold,,,
357.0,2,40,183.0,4.575,3,0.0,3,0.0,4,37.0,16,133.0,0,0,1,0,0.0,170.0,13.0,0,EW_GREEN,hold,,,
358.0,2,38,193.0,5.079,2,0.0,3,0.0,4,39.0,16,142.0,0,0,1,0,0.0,181.0,12.0,0,EW_GREEN,hold,,,
359.0,2,37,202.0,5.459,2,0.0,2,0.0,4,41.0,16,151.0,0,0,1,0,0.0,192.0,10.0,0,EW_GREEN,hold,,,
360.0,2,38,211.0,5.553,2,0.0,2,0.0,4,43.0,17,160.0,0,0,1,0,0.0,203.0,8.0,0,EW_GREEN,hold,,,
361.0,2,45,222.0,4.933,3,0.0,4,0.0,4,45.0,17,170.0,0,0,1,4,0.0,215.0,7.0,0,EW_GREEN,hold,,,
362.0,2,45,237.0,5.267,3,0.0,3,0.0,4,47.0,17,180.0,0,0,1,4,0.0,227.0,10.0,0,EW_GREEN,hold,,,
363.0,2,46,247.0,5.37,3,0.0,3,0.0,4,49.0,18,191.0,0,0,1,4,0.0,240.0,7.0,0,EW_GREEN,hold,,,
364.0,2,49,258.0,5.265,3,0.0,3,0.0,4,51.0,18,202.0,0,0,1,4,0.0,253.0,5.0,0,EW_GREEN,hold,,,
365.0,2,49,268.0,5.469,2,0.0,3,0.0,4,53.0,18,213.0,0,0,1,4,0.0,266.0,2.0,0,EW_GREEN,hold,,,
366.0,3,48,279.0,5.812,2,0.0,3,0.0,4,55.0,18,224.0,0,0,1,4,0.0,279.0,0.0,0,EW_GREEN,hold,,,
367.0,3,52,294.0,5.654,2,0.0,3,0.0,4,57.0,19,236.0,0,0,1,4,0.0,293.0,1.0,0,EW_GREEN,hold,,,
368.0,3,52,308.0,5.923,2,0.0,3,1.0,4,59.0,19,248.0,0,0,1,5,0.0,308.0,0.0,0,EW_GREEN,hold,,,
369.0,0,53,156.0,2.943,2,0.0,3,2.0,4,0.0,19,154.0,0,0,0,0,0.0,156.0,0.0,0,EW_GREEN,hold,,,
370.0,0,50,89.0,1.78,2,0.0,3,3.0,3,0.0,17,86.0,0,0,0,0,0.0,89.0,0.0,0,EW_GREEN,hold,,,
371.0,0,48,33.0,0.688,2,0.0,3,4.0,2,0.0,17,29.0,0,0,0,0,0.0,33.0,0.0,0,EW_GREEN,hold,,,
372.0,0,49,13.0,0.265,2,0.0,3,5.0,1,0.0,18,8.0,0,0,0,0,0.0,13.0,0.0,0,EW_GREEN,hold,,,
373.0,0,50,6.0,0.12,2,0.0,3,6.0,1,0.0,18,0.0,0,0,0,0,0.0,6.0,0.0,0,EW_GREEN,hold,,,
374.0,0,50,7.0,0.14,2,0.0,3,7.0,1,0.0,17,0.0,0,0,0,0,0.0,7.0,0.0,0,EW_GREEN,hold,,,
375.0,0,49,8.0,0.163,2,0.0,3,8.0,0,0.0,16,0.0,0,0,0,0,0.0,8.0,0.0,0,EW_GREEN,hold,,,
376.0,0,48,9.0,0.188,2,0.0,3,9.0,0,0.0,16,0.0,0,0,0,0,0.0,9.0,0.0,0,EW_GREEN,hold,,,
377.0,0,51,10.0,0.196,2,0.0,3,10.0,1,0.0,16,0.0,0,0,0,0,0.0,10.0,0.0,0,EW_GREEN,hold,,,
378.0,0,52,11.0,0.212,2,0.0,3,11.0,2,0.0,14,0.0,0,0,0,0,0.0,11.0,0.0,0,EW_GREEN,hold,,,
379.0,0,52,14.0,0.269,2,1.0,3,13.0,2,0.0,13,0.0,1,1,0,0,0.0,14.0,0.0,0,EW_GREEN,hold,,,
380.0,0,51,18.0,0.353,2,2.0,3,15.0,2,0.0,12,0.0,1,1,0,0,0.0,17.0,1.0,0,EW_GREEN,hold,,,
381.0,0,50,23.0,0.46,2,3.0,3,17.0,2,0.0,11,0.0,1,1,0,0,0.0,20.0,3.0,0,EW_GREEN,hold,,,
382.0,0,53,29.0,0.547,2,4.0,3,19.0,2,0.0,10,0.0,1,1,0,0,0.0,23.0,6.0,0,EW_GREEN,hold,,,
383.0,0,52,35.0,0.673,2,5.0,3,21.0,2,0.0,9,0.0,1,1,0,0,0.0,26.0,9.0,0,EW_YELLOW,max_green,,,
384.0,3,54,42.0,0.778,2,6.0,3,23.0,2,0.0,10,0.0,1,1,0,0,0.0,29.0,13.0,0,EW_YELLOW,hold,,,
385.0,3,59,49.0,0.831,4,7.0,5,25.0,2,0.0,10,0.0,0,0,0,0,0.0,32.0,17.0,0,EW_YELLOW,hold,,,
386.0,3,58,57.0,0.983,4,8.0,5,27.0,2,0.0,10,0.0,0,0,0,0,0.0,35.0,22.0,0,NS_GREEN,yellow_end,,,
387.0,0,56,66.0,1.179,4,9.0,5,29.0,2,0.0,8,0.0,0,0,0,0,0.0,38.0,28.0,0,NS_GREEN,hold,,,
388.0,0,57,75.0,1.316,4,10.0,5,31.0,2,0.0,9,0.0,0,0,0,0,0.0,41.0,34.0,0,NS_GREEN,hold,,,
389.0,0,58,85.0,1.466,4,11.0,5,33.0,2,0.0,9,0.0,0,0,0,0,0.0,44.0,41.0,0,NS_GREEN,hold,,,
390.0,0,57,96.0,1.684,4,12.0,5,35.0,2,0.0,9,0.0,0,0,0,0,0.0,47.0,49.0,0,NS_GREEN,hold,,,
391.0,0,59,107.0,1.814,4,13.0,5,37.0,2,0.0,10,0.0,0,0,0,0,0.0,50.0,57.0,0,NS_GREEN,hold,,,
392.0,0,61,119.0,1.951,4,14.0,5,39.0,2,0.0,10,0.0,0,0,0,0,0.0,53.0,66.0,0,NS_GREEN,hold,,,
393.0,0,59,131.0,2.22,4,15.0,5,41.0,2,0.0,9,0.0,0,0,0,0,0.0,56.0,75.0,0,NS_GREEN,hold,,,
394.0,0,59,144.0,2.441,4,16.0,5,43.0,2,0.0,10,0.0,0,0,0,0,0.0,59.0,85.0,0,NS_YELLOW,pressure_ew,,,
395.0,1,60,158.0,2.633,4,17.0,5,45.0,2,0.0,10,0.0,0,0,0,0,0.0,62.0,96.0,0,NS_YELLOW,hold,,,
396.0,1,60,155.0,2.583,4,18.0,5,47.0,2,0.0,10,0.0,0,0,0,0,0.0,65.0,90.0,0,NS_YELLOW,hold,,,
397.0,1,62,152.0,2.452,4,19.0,5,49.0,2,0.0,11,0.0,0,0,0,0,0.0,68.0,84.0,0,EW_GREEN,yellow_end,,,
398.0,2,59,78.0,1.322,3,0.0,3,0.0,2,0.0,11,0.0,0,0,0,0,0.0,0.0,78.0,0,EW_GREEN,hold,,,
399.0,2,59,74.0,1.254,3,0.0,3,0.0,2,0.0,11,1.0,0,0,0,0,0.0,1.0,73.0,0,EW_GREEN,hold,,,
400.0,2,59,72.0,1.22,3,0.0,3,0.0,2,0.0,11,2.0,0,0,0,0,0.0,2.0,70.0,0,EW_GREEN,hold,,,
401.0,2,57,70.0,1.228,2,0.0,2,0.0,2,0.0,11,3.0,0,0,0,0,0.0,3.0,67.0,0,EW_GREEN,hold,,,
402.0,2,57,69.0,1.211,2,0.0,2,0.0,2,0.0,12,4.0,0,0,0,0,0.0,4.0,65.0,0,EW_GREEN,hold,,,
403.0,2,58,70.0,1.207,2,0.0,2,0.0,2,0.0,12,7.0,0,0,0,1,0.0,7.0,63.0,0,EW_GREEN,hold,,,
404.0,2,58,71.0,1.224,2,0.0,2,0.0,2,0.0,13,10.0,0,0,0,1,0.0,10.0,61.0,0,EW_GREEN,hold,,,
405.0,2,58,85.0,1.466,2,0.0,2,0.0,2,0.0,13,13.0,0,0,0,1,0.0,13.0,72.0,0,EW_GREEN,hold,,,
406.0,2,56,87.0,1.554,2,0.0,2,0.0,2,0.0,13,16.0,0,0,0,1,0.0,16.0,71.0,0,EW_GREEN,hold,,,
407.0,2,54,88.0,1.63,2,0.0,2,0.0,2,0.0,13,19.0,0,0,0,1,0.0,19.0,69.0,0,EW_GREEN,hold,,,
408.0,2,54,91.0,1.685,2,0.0,2,0.0,2,0.0,13,23.0,0,0,0,1,0.0,23.0,68.0,0,EW_GREEN,hold,,,
409.0,2,55,95.0,1.727,3,0.0,3,0.0,2,1.0,13,27.0,0,0,1,1,0.0,28.0,67.0,0,EW_GREEN,hold,,,
410.0,2,54,103.0,1.907,3,0.0,3,0.0,2,3.0,14,32.0,0,0,2,1,0.0,35.0,68.0,0,EW_GREEN,hold,,,
411.0,2,54,109.0,2.019,3,0.0,3,0.0,2,5.0,14,37.0,0,0,2,1,0.0,42.0,67.0,0,EW_GREEN,hold,,,
412.0,2,50,115.0,2.3,3,0.0,3,0.0,2,7.0,14,42.0,0,0,2,1,0.0,49.0,66.0,0,EW_GREEN,hold,,,
413.0,2,53,131.0,2.472,3,0.0,3,0.0,3,9.0,14,47.0,0,0,1,1,0.0,56.0,75.0,0,EW_GREEN,hold,,,
414.0,2,52,149.0,2.865,3,0.0,3,0.0,3,11.0,14,52.0,0,0,1,1,0.0,63.0,86.0,0,EW_GREEN,hold,,,
415.0,2,52,168.0,3.231,3,0.0,3,0.0,3,13.0,14,57.0,0,0,1,1,1.0,70.0,97.0,0,EW_GREEN,hold,,,
416.0,2,51,188.0,3.686,3,0.0,3,0.0,3,15.0,14,62.0,0,0,1,1,2.0,77.0,109.0,0,EW_GREEN,hold,,,
417.0,2,51,210.0,4.118,3,0.0,3,0.0,3,17.0,14,67.0,0,0,1,1,3.0,84.0,123.0,0,EW_GREEN,hold,,,
418.0,2,49,232.0,4.735,3,0.0,3,0.0,3,19.0,14,73.0,0,0,1,1,4.0,92.0,136.0,0,EW_GREEN,hold,,,
419.0,2,49,255.0,5.204,3,0.0,3,0.0,3,21.0,15,79.0,0,0,1,1,5.0,100.0,150.0,0,EW_GREEN,hold,,,
420.0,2,48,280.0,5.833,3,0.0,3,0.0,3,23.0,15,85.0,0,0,1,1,6.0,108.0,166.0,0,EW_GREEN,hold,,,
421.0,2,48,304.0,6.333,3,0.0,3,0.0,3,25.0,15,92.0,0,0,1,0,7.0,117.0,180.0,0,EW_GREEN,hold,,,
422.0,2,48,330.0,6.875,3,0.0,3,0.0,3,27.0,15,100.0,0,0,1,0,8.0,127.0,195.0,0,EW_GREEN,hold,,,
423.0,2,48,349.0,7.271,3,0.0,2,0.0,3,29.0,15,106.0,0,0,1,0,2.0,135.0,212.0,0,EW_GREEN,hold,,,
424.0,2,47,378.0,8.043,2,0.0,2,0.0,3,31.0,15,113.0,0,0,1,0,4.0,144.0,230.0,0,EW_GREEN,hold,,,
425.0,2,47,407.0,8.66,2,0.0,2,0.0,3,33.0,15,120.0,0,0,1,0,6.0,153.0,248.0,0,EW_GREEN,hold,,,
426.0,2,46,408.0,8.87,2,0.0,2,0.0,3,35.0,15,127.0,0,0,1,3,8.0,162.0,238.0,0,EW_GREEN,hold,,,
427.0,2,47,411.0,8.745,2,0.0,2,0.0,4,37.0,15,136.0,0,0,1,3,10.0,173.0,228.0,0,EW_GREEN,hold,,,
428.0,2,46,414.0,9.0,2,0.0,2,0.0,4,39.0,15,145.0,0,0,1,3,12.0,184.0,218.0,0,EW_GREEN,hold,,,
429.0,2,47,419.0,8.915,2,0.0,2,0.0,4,41.0,16,155.0,0,0,1,3,14.0,196.0,209.0,0,EW_GREEN,hold,,,
430.0,2,46,423.0,9.196,2,0.0,2,0.0,4,43.0,16,165.0,0,0,1,7,16.0,208.0,199.0,0,EW_GREEN,hold,,,
431.0,2,46,429.0,9.326,2,0.0,2,0.0,4,45.0,16,176.0,0,0,1,7,19.0,221.0,189.0,0,EW_GREEN,hold,,,
432.0,2,47,434.0,9.234,2,0.0,2,0.0,4,47.0,17,187.0,0,0,1,3,22.0,234.0,178.0,0,EW_GREEN,hold,,,
433.0,2,54,462.0,8.556,4,0.0,4,0.0,4,49.0,17,198.0,0,0,1,3,25.0,247.0,190.0,0,EW_GREEN,hold,,,
434.0,2,54,437.0,8.093,4,0.0,4,0.0,4,51.0,18,209.0,0,0,1,0,0.0,260.0,177.0,0,EW_GREEN,hold,,,
435.0,2,54,438.0,8.111,4,0.0,4,0.0,4,53.0,18,220.0,0,0,1,0,0.0,273.0,165.0,0,EW_GREEN,hold,,,
436.0,2,54,438.0,8.111,4,0.0,4,0.0,4,55.0,18,231.0,0,0,1,0,0.0,286.0,152.0,0,EW_GREEN,hold,,,
437.0,2,54,436.0,8.074,4,0.0,4,0.0,4,57.0,18,242.0,0,0,1,0,0.0,299.0,137.0,0,EW_GREEN,hold,,,
438.0,2,53,435.0,8.208,4,0.0,4,0.0,4,59.0,18,253.0,0,0,1,0,0.0,312.0,123.0,0,EW_GREEN,hold,,,
439.0,2,54,434.0,8.037,4,0.0,4,0.0,4,61.0,19,264.0,0,0,1,0,0.0,325.0,109.0,0,EW_GREEN,hold,,,
440.0,3,53,434.0,8.189,4,0.0,4,0.0,4,63.0,19,275.0,0,0,1,0,0.0,338.0,96.0,0,EW_GREEN,hold,,,
441.0,3,53,434.0,8.189,4,0.0,4,0.0,4,65.0,19,287.0,0,0,1,0,0.0,352.0,82.0,0,EW_GREEN,hold,,,
442.0,3,54,455.0,8.426,4,0.0,4,0.0,4,67.0,20,299.0,0,0,1,0,0.0,366.0,89.0,0,EW_GREEN,hold,,,
443.0,0,48,259.0,5.396,4,0.0,4,0.0,2,0.0,17,185.0,0,0,0,0,0.0,185.0,74.0,0,EW_GREEN,hold,,,
444.0,0,51,163.0,3.196,4,0.0,4,0.0,2,0.0,18,105.0,0,0,0,0,0.0,105.0,58.0,0,EW_GREEN,hold,,,
445.0,0,51,90.0,1.765,4,0.0,4,0.0,2,0.0,18,49.0,0,0,0,0,0.0,49.0,41.0,0,EW_GREEN,hold,,,
446.0,0,46,37.0,0.804,4,0.0,4,0.0,1,0.0,15,10.0,0,0,0,0,0.0,10.0,27.0,0,EW_GREEN,hold,,,
447.0,0,51,21.0,0.412,4,0.0,4,0.0,1,0.0,16,0.0,0,0,0,0,0.0,0.0,21.0,0,EW_GREEN,hold,,,
448.0,0,48,15.0,0.312,4,0.0,4,0.0,1,0.0,15,0.0,0,0,0,0,0.0,0.0,15.0,0,EW_GREEN,hold,,,
449.0,0,52,16.0,0.308,4,1.0,4,0.0,2,0.0,15,0.0,1,0,0,0,0.0,1.0,15.0,0,EW_GREEN,hold,,,
450.0,0,52,19.0,0.365,4,2.0,4,1.0,2,0.0,14,0.0,1,1,0,0,0.0,3.0,16.0,0,EW_GREEN,hold,,,
451.0,0,55,22.0,0.4,4,3.0,4,2.0,3,0.0,13,0.0,1,1,0,0,0.0,5.0,17.0,0,EW_GREEN,hold,,,
452.0,0,54,25.0,0.463,4,4.0,4,3.0,3,0.0,12,0.0,0,0,0,0,0.0,7.0,18.0,0,EW_GREEN,hold,,,
453.0,0,52,10.0,0.192,4,5.0,4,4.0,3,0.0,10,0.0,0,0,0,0,0.0,9.0,1.0,0,EW_GREEN,hold,,,
454.0,0,56,13.0,0.232,4,6.0,4,5.0,3,0.0,11,0.0,0,0,0,0,0.0,11.0,2.0,0,EW_GREEN,hold,,,
455.0,0,55,17.0,0.309,4,7.0,4,6.0,3,0.0,9,0.0,0,0,0,0,0.0,13.0,4.0,0,EW_GREEN,hold,,,
456.0,0,55,21.0,0.382,4,8.0,4,7.0,2,0.0,10,0.0,0,0,0,0,0.0,15.0,6.0,0,EW_YELLOW,pressure_ns,,,
457.0,3,60,25.0,0.417,5,9.0,5,8.0,2,0.0,10,0.0,0,0,0,0,0.0,17.0,8.0,0,EW_YELLOW,hold,,,
458.0,3,60,30.0,0.5,5,10.0,5,9.0,2,0.0,10,0.0,0,0,0,0,0.0,19.0,11.0,0,EW_YELLOW,hold,,,
459.0,3,59,36.0,0.61,5,11.0,5,10.0,2,0.0,10,0.0,0,0,0,0,0.0,21.0,15.0,0,NS_GREEN,yellow_end,,,
460.0,0,59,43.0,0.729,5,12.0,5,11.0,2,0.0,10,0.0,0,0,0,0,0.0,23.0,20.0,0,NS_GREEN,hold,,,
461.0,0,59,50.0,0.847,5,13.0,5,12.0,2,0.0,10,0.0,0,0,0,0,0.0,25.0,25.0,0,NS_GREEN,hold,,,
462.0,0,60,58.0,0.967,5,14.0,5,13.0,2,0.0,10,0.0,0,0,0,0,0.0,27.0,31.0,0,NS_GREEN,hold,,,
463.0,0,60,66.0,1.1,5,15.0,5,14.0,2,0.0,10,0.0,0,0,0,0,0.0,29.0,37.0,0,NS_GREEN,hold,,,
464.0,0,61,75.0,1.23,5,16.0,5,15.0,2,0.0,9,0.0,0,0,0,0,0.0,31.0,44.0,0,NS_GREEN,hold,,,
465.0,0,61,72.0,1.18,5,17.0,5,16.0,2,0.0,9,0.0,0,0,0,0,0.0,33.0,39.0,0,NS_GREEN,hold,,,
466.0,0,61,69.0,1.131,5,18.0,5,17.0,2,0.0,9,0.0,0,0,0,0,0.0,35.0,34.0,0,NS_GREEN,hold,,,
467.0,0,61,68.0,1.115,5,19.0,5,18.0,2,0.0,9,0.0,0,0,0,0,0.0,37.0,31.0,0,NS_YELLOW,pressure_ew,,,
468.0,1,60,67.0,1.117,5,20.0,5,19.0,2,0.0,9,0.0,0,0,0,0,0.0,39.0,28.0,0,NS_YELLOW,hold,,,
469.0,1,63,66.0,1.048,5,21.0,5,20.0,2,0.0,10,0.0,0,0,0,0,0.0,41.0,25.0,0,NS_YELLOW,hold,,,
470.0,1,62,65.0,1.048,5,22.0,5,21.0,2,0.0,10,0.0,0,0,0,0,0.0,43.0,22.0,0,EW_GREEN,yellow_end,,,
471.0,2,59,21.0,0.356,3,0.0,4,0.0,2,0.0,10,0.0,0,0,0,0,0.0,0.0,21.0,0,EW_GREEN,hold,,,
472.0,2,58,18.0,0.31,3,0.0,3,0.0,2,0.0,11,1.0,0,0,0,0,0.0,1.0,17.0,0,EW_GREEN,hold,,,
473.0,2,58,17.0,0.293,3,0.0,3,0.0,2,0.0,11,2.0,0,0,0,0,0.0,2.0,15.0,0,EW_GREEN,hold,,,
474.0,2,59,16.0,0.271,3,0.0,3,0.0,2,0.0,12,3.0,0,0,0,0,0.0,3.0,13.0,0,EW_GREEN,hold,,,
475.0,2,61,16.0,0.262,3,0.0,3,0.0,2,0.0,12,5.0,0,0,0,0,0.0,5.0,11.0,0,EW_GREEN,hold,,,
476.0,2,59,18.0,0.305,3,0.0,3,0.0,2,0.0,13,8.0,0,0,0,0,0.0,8.0,10.0,0,EW_GREEN,hold,,,
477.0,2,58,20.0,0.345,2,0.0,3,0.0,2,0.0,13,11.0,0,0,0,0,0.0,11.0,9.0,0,EW_GREEN,hold,,,
478.0,2,55,28.0,0.509,2,0.0,2,0.0,2,0.0,13,14.0,0,0,0,0,0.0,14.0,14.0,0,EW_GREEN,hold,,,
479.0,2,54,32.0,0.593,2,0.0,2,0.0,2,0.0,13,18.0,0,0,0,0,0.0,18.0,14.0,0,EW_GREEN,hold,,,
480.0,2,54,37.0,0.685,2,0.0,2,0.0,2,0.0,14,22.0,0,0,0,0,0.0,22.0,15.0,0,EW_GREEN,hold,,,
481.0,2,56,42.0,0.75,3,0.0,3,0.0,2,1.0,14,26.0,0,0,1,0,0.0,27.0,15.0,0,EW_GREEN,hold,,,
482.0,2,58,48.0,0.828,4,0.0,4,0.0,2,2.0,14,31.0,0,0,1,0,0.0,33.0,15.0,0,EW_GREEN,hold,,,
483.0,2,60,55.0,0.917,4,0.0,4,0.0,2,4.0,15,36.0,0,0,2,0,0.0,40.0,15.0,0,EW_GREEN,hold,,,
484.0,2,59,65.0,1.102,3,0.0,4,0.0,2,6.0,15,41.0,0,0,2,0,0.0,47.0,18.0,0,EW_GREEN,hold,,,
485.0,2,59,75.0,1.271,3,0.0,3,0.0,2,8.0,15,46.0,0,0,2,0,0.0,54.0,21.0,0,EW_GREEN,hold,,,
486.0,2,55,62.0,1.127,3,0.0,3,0.0,3,10.0,15,51.0,0,0,1,0,0.0,61.0,1.0,0,EW_GREEN,hold,,,
487.0,2,56,70.0,1.25,3,0.0,3,0.0,3,12.0,15,56.0,0,0,1,0,0.0,68.0,2.0,0,EW_GREEN,hold,,,
488.0,2,56,80.0,1.429,3,0.0,3,0.0,3,14.0,15,62.0,0,0,1,0,0.0,76.0,4.0,0,EW_GREEN,hold,,,
489.0,2,55,91.0,1.655,3,0.0,3,0.0,3,16.0,15,68.0,0,0,1,0,0.0,84.0,7.0,0,EW_GREEN,hold,,,
490.0,2,52,104.0,2.0,3,0.0,3,0.0,3,18.0,15,74.0,0,0,1,0,1.0,92.0,11.0,0,EW_GREEN,hold,,,
491.0,2,53,117.0,2.208,3,0.0,3,0.0,3,20.0,16,80.0,0,0,1,0,2.0,100.0,15.0,0,EW_GREEN,hold,,,
492.0,2,53,132.0,2.491,3,0.0,3,0.0,3,22.0,16,87.0,0,0,1,0,3.0,109.0,20.0,0,EW_GREEN,hold,,,
493.0,2,52,149.0,2.865,3,0.0,3,0.0,3,24.0,16,95.0,0,0,1,0,4.0,119.0,26.0,0,EW_GREEN,hold,,,
494.0,2,51,168.0,3.294,3,0.0,3,0.0,3,26.0,16,104.0,0,0,1,0,5.0,130.0,33.0,0,EW_GREEN,hold,,,
495.0,2,50,187.0,3.74,2,0.0,2,0.0,3,28.0,16,113.0,0,0,1,0,6.0,141.0,40.0,0,EW_GREEN,hold,,,
496.0,2,47,207.0,4.404,1,0.0,1,0.0,3,30.0,16,122.0,0,0,1,0,7.0,152.0,48.0,0,EW_GREEN,hold,,,
497.0,2,49,229.0,4.673,1,0.0,1,0.0,3,32.0,16,131.0,0,0,1,0,9.0,163.0,57.0,0,EW_GREEN,hold,,,
498.0,2,49,251.0,5.122,1,0.0,1,0.0,3,34.0,16,140.0,0,0,1,0,11.0,174.0,66.0,0,EW_GREEN,hold,,,
499.0,2,48,264.0,5.5,1,0.0,1,0.0,3,36.0,16,149.0,0,0,1,0,3.0,185.0,76.0,0,EW_GREEN,hold,,,
500.0,2,47,288.0,6.128,1,0.0,1,0.0,3,38.0,16,158.0,0,0,1,0,5.0,196.0,87.0,0,EW_GREEN,hold,,,
501.0,2,48,312.0,6.5,1,0.0,1,0.0,3,40.0,17,167.0,0,0,1,0,7.0,207.0,98.0,0,EW_GREEN,hold,,,
502.0,2,48,319.0,6.646,1,0.0,1,0.0,3,42.0,17,176.0,0,0,1,0,9.0,218.0,92.0,0,EW_GREEN,hold,,,
503.0,2,49,327.0,6.673,1,0.0,1,0.0,4,44.0,17,185.0,0,0,1,0,11.0,229.0,87.0,0,EW_GREEN,hold,,,
504.0,2,49,334.0,6.816,1,0.0,1,0.0,4,46.0,17,194.0,0,0,1,0,13.0,240.0,81.0,0,EW_GREEN,hold,,,
505.0,2,55,342.0,6.218,2,0.0,2,0.0,4,48.0,17,203.0,0,0,1,0,15.0,251.0,76.0,0,EW_GREEN,hold,,,
506.0,2,58,353.0,6.086,2,0.0,2,0.0,4,50.0,18,213.0,0,0,1,0,17.0,263.0,73.0,0,EW_GREEN,hold,,,
507.0,2,58,365.0,6.293,2,0.0,2,0.0,4,52.0,18,225.0,0,0,1,0,19.0,277.0,69.0,0,EW_GREEN,hold,,,
508.0,2,58,378.0,6.517,2,0.0,2,0.0,4,54.0,18,237.0,0,0,1,4,21.0,291.0,66.0,0,EW_GREEN,hold,,,
509.0,2,58,391.0,6.741,2,0.0,2,0.0,4,56.0,18,250.0,0,0,1,4,23.0,306.0,62.0,0,EW_GREEN,hold,,,
510.0,2,57,400.0,7.018,2,0.0,2,0.0,4,58.0,18,264.0,0,0,1,4,25.0,322.0,53.0,0,EW_GREEN,hold,,,
511.0,2,57,424.0,7.439,2,0.0,2,0.0,4,60.0,18,278.0,0,0,1,9,27.0,338.0,59.0,0,EW_GREEN,hold,,,
512.0,2,57,436.0,7.649,2,0.0,2,0.0,4,62.0,18,292.0,0,0,0,4,29.0,354.0,53.0,0,EW_GREEN,hold,,,
513.0,3,56,447.0,7.982,2,0.0,2,0.0,4,64.0,18,306.0,0,0,0,5,31.0,370.0,46.0,0,EW_GREEN,hold,,,
514.0,3,56,473.0,8.446,2,0.0,2,0.0,4,66.0,18,320.0,0,0,0,5,33.0,386.0,54.0,0,EW_GREEN,hold,,,
515.0,3,57,486.0,8.526,2,0.0,2,0.0,4,68.0,19,334.0,0,0,0,10,36.0,402.0,48.0,0,EW_GREEN,hold,,,
516.0,0,54,309.0,5.722,2,0.0,2,0.0,2,0.0,16,227.0,0,0,0,8,39.0,227.0,43.0,0,EW_GREEN,hold,,,
517.0,0,54,214.0,3.963,2,0.0,2,0.0,2,0.0,16,134.0,0,0,0,0,42.0,134.0,38.0,0,EW_GREEN,hold,,,
518.0,0,54,149.0,2.759,2,0.0,2,0.0,2,0.0,16,73.0,0,0,0,0,45.0,73.0,31.0,0,EW_GREEN,hold,,,
519.0,0,51,104.0,2.039,2,0.0,2,0.0,1,0.0,13,27.0,0,0,0,0,49.0,27.0,28.0,0,EW_GREEN,hold,,,
520.0,0,52,77.0,1.481,2,0.0,2,0.0,1,0.0,13,0.0,0,0,0,0,53.0,0.0,24.0,0,EW_GREEN,hold,,,
521.0,0,50,88.0,1.76,2,0.0,2,0.0,2,0.0,10,0.0,0,0,0,0,57.0,0.0,31.0,0,EW_GREEN,hold,,,
522.0,0,55,89.0,1.618,2,0.0,2,0.0,2,0.0,11,0.0,0,0,0,0,61.0,0.0,28.0,0,EW_GREEN,hold,,,
523.0,0,56,93.0,1.661,2,0.0,2,1.0,3,0.0,10,0.0,0,0,0,0,65.0,1.0,27.0,0,EW_GREEN,hold,,,
524.0,0,54,49.0,0.907,2,0.0,2,2.0,3,0.0,9,0.0,0,0,0,0,16.0,2.0,31.0,0,EW_GREEN,hold,,,
525.0,0,53,43.0,0.811,2,1.0,2,3.0,3,0.0,8,0.0,0,0,0,0,0.0,4.0,39.0,0,EW_GREEN,hold,,,
526.0,0,55,53.0,0.964,2,2.0,2,4.0,3,0.0,7,0.0,0,0,0,0,0.0,6.0,47.0,0,EW_GREEN,hold,,,
527.0,0,53,63.0,1.189,2,3.0,2,5.0,3,0.0,6,0.0,0,0,0,0,0.0,8.0,55.0,0,EW_GREEN,hold,,,
528.0,0,53,75.0,1.415,2,4.0,2,6.0,3,0.0,5,0.0,0,0,0,0,0.0,10.0,65.0,0,EW_GREEN,hold,,,
529.0,0,58,88.0,1.517,4,5.0,4,7.0,3,0.0,5,0.0,0,0,0,0,0.0,12.0,76.0,0,EW_GREEN,hold,,,
530.0,0,58,101.0,1.741,4,6.0,4,8.0,3,0.0,5,0.0,0,0,0,0,0.0,14.0,87.0,0,EW_YELLOW,max_green,,,
531.0,3,57,115.0,2.018,4,7.0,4,9.0,3,0.0,5,0.0,0,0,0,0,0.0,16.0,99.0,0,EW_YELLOW,hold,,,
532.0,3,56,105.0,1.875,4,8.0,4,10.0,3,0.0,6,0.0,0,0,0,0,0.0,18.0,87.0,0,EW_YELLOW,hold,,,
533.0,3,56,113.0,2.018,4,9.0,4,11.0,3,0.0,6,1.0,0,0,0,0,0.0,21.0,92.0,0,NS_GREEN,yellow_end,,,
534.0,0,55,125.0,2.273,4,10.0,4,12.0,3,0.0,5,0.0,0,0,0,0,0.0,22.0,103.0,0,NS_GREEN,hold,,,
535.0,0,54,139.0,2.574,4,11.0,4,13.0,3,0.0,5,0.0,0,0,0,0,0.0,24.0,115.0,0,NS_GREEN,hold,,,
536.0,0,56,153.0,2.732,4,12.0,4,14.0,3,0.0,5,0.0,0,0,0,0,0.0,26.0,127.0,0,NS_GREEN,hold,,,
537.0,0,56,168.0,3.0,4,13.0,4,15.0,3,0.0,5,0.0,0,0,0,0,0.0,28.0,140.0,0,NS_GREEN,hold,,,
538.0,0,57,183.0,3.211,4,14.0,4,16.0,3,0.0,5,0.0,0,0,0,0,0.0,30.0,153.0,0,NS_GREEN,hold,,,
539.0,0,57,199.0,3.491,4,15.0,4,17.0,3,0.0,5,0.0,0,0,0,0,0.0,32.0,167.0,0,NS_GREEN,hold,,,
540.0,0,56,217.0,3.875,4,16.0,4,18.0,2,0.0,5,0.0,0,0,0,0,0.0,34.0,183.0,0,NS_GREEN,hold,,,
541.0,0,59,236.0,4.0,4,17.0,4,19.0,2,0.0,5,0.0,0,0,0,0,0.0,36.0,200.0,0,NS_YELLOW,pressure_ew,,,
542.0,1,61,255.0,4.18,4,18.0,4,20.0,2,0.0,6,0.0,0,0,0,0,0.0,38.0,217.0,0,NS_YELLOW,hold,,,
543.0,1,63,248.0,3.937,4,19.0,4,21.0,2,0.0,6,0.0,0,0,0,0,0.0,40.0,208.0,0,NS_YELLOW,hold,,,
544.0,1,63,241.0,3.825,4,20.0,4,22.0,2,0.0,6,0.0,0,0,0,0,0.0,42.0,199.0,0,EW_GREEN,yellow_end,,,
545.0,2,59,192.0,3.254,2,0.0,2,0.0,2,0.0,6,1.0,0,0,0,0,0.0,1.0,191.0,0,EW_GREEN,hold,,,
546.0,2,58,185.0,3.19,2,0.0,2,0.0,2,0.0,6,2.0,0,0,0,0,0.0,2.0,183.0,0,EW_GREEN,hold,,,
547.0,2,60,178.0,2.967,2,0.0,2,0.0,2,0.0,7,3.0,0,0,0,0,0.0,3.0,175.0,0,EW_GREEN,hold,,,
548.0,2,60,171.0,2.85,2,0.0,2,0.0,2,0.0,7,4.0,0,0,0,0,0.0,4.0,167.0,0,EW_GREEN,hold,,,
549.0,2,57,188.0,3.298,2,0.0,2,0.0,2,0.0,7,5.0,0,0,0,0,0.0,5.0,183.0,0,EW_GREEN,hold,,,
550.0,2,57,182.0,3.193,2,0.0,2,0.0,2,0.0,7,6.0,0,0,0,0,0.0,6.0,176.0,0,EW_GREEN,hold,,,
551.0,2,56,176.0,3.143,2,0.0,2,0.0,2,0.0,7,7.0,0,0,0,0,0.0,7.0,169.0,0,EW_GREEN,hold,,,
552.0,2,54,173.0,3.204,2,0.0,2,0.0,2,0.0,7,9.0,0,0,0,0,0.0,9.0,164.0,0,EW_GREEN,hold,,,
553.0,2,56,173.0,3.089,3,0.0,3,0.0,2,1.0,8,11.0,0,0,1,0,0.0,12.0,161.0,0,EW_GREEN,hold,,,
554.0,2,55,172.0,3.127,3,0.0,3,0.0,2,2.0,8,13.0,0,0,1,0,0.0,15.0,157.0,0,EW_GREEN,hold,,,
555.0,2,55,172.0,3.127,3,0.0,3,0.0,2,4.0,8,16.0,0,0,2,0,0.0,20.0,152.0,0,EW_GREEN,hold,,,
556.0,2,53,173.0,3.264,3,0.0,3,0.0,2,6.0,8,19.0,0,0,2,1,0.0,25.0,148.0,0,EW_GREEN,hold,,,
557.0,2,53,195.0,3.679,3,0.0,3,0.0,2,8.0,8,22.0,0,0,2,1,1.0,30.0,164.0,0,EW_GREEN,hold,,,
558.0,2,54,198.0,3.667,3,0.0,3,0.0,3,10.0,8,25.0,0,0,1,1,3.0,35.0,160.0,0,EW_GREEN,hold,,,
559.0,2,56,201.0,3.589,3,0.0,3,0.0,4,12.0,9,28.0,0,0,1,0,5.0,40.0,156.0,0,EW_GREEN,hold,,,
560.0,2,55,203.0,3.691,3,0.0,3,0.0,4,14.0,9,31.0,0,0,1,0,8.0,45.0,150.0,0,EW_GREEN,hold,,,
561.0,2,55,228.0,4.145,3,0.0,3,0.0,4,16.0,9,35.0,0,0,1,1,12.0,51.0,165.0,0,EW_GREEN,hold,,,
562.0,2,56,233.0,4.161,3,0.0,3,0.0,4,18.0,10,39.0,0,0,1,1,17.0,57.0,159.0,0,EW_GREEN,hold,,,
563.0,2,56,240.0,4.286,3,0.0,3,0.0,4,20.0,10,43.0,0,0,1,1,23.0,63.0,154.0,0,EW_GREEN,hold,,,
564.0,2,55,248.0,4.509,3,0.0,3,0.0,4,22.0,10,47.0,0,0,1,3,29.0,69.0,150.0,0,EW_GREEN,hold,,,
565.0,2,55,257.0,4.673,3,0.0,3,0.0,4,24.0,10,52.0,0,0,1,3,36.0,76.0,145.0,0,EW_GREEN,hold,,,
566.0,2,56,266.0,4.75,3,0.0,3,0.0,4,26.0,11,57.0,0,0,1,3,43.0,83.0,140.0,0,EW_GREEN,hold,,,
567.0,2,52,251.0,4.827,2,0.0,2,0.0,4,28.0,11,62.0,0,0,1,3,26.0,90.0,135.0,0,EW_GREEN,hold,,,
568.0,2,50,196.0,3.92,2,0.0,2,0.0,4,30.0,12,67.0,0,0,1,1,13.0,97.0,86.0,0,EW_GREEN,hold,,,
569.0,2,50,202.0,4.04,2,0.0,2,0.0,4,32.0,12,72.0,0,0,1,1,1.0,104.0,97.0,0,EW_GREEN,hold,,,
570.0,2,48,219.0,4.562,2,0.0,2,0.0,4,34.0,12,77.0,0,0,1,0,0.0,111.0,108.0,0,EW_GREEN,hold,,,
571.0,2,49,237.0,4.837,2,0.0,2,0.0,4,36.0,12,82.0,0,0,1,0,0.0,118.0,119.0,0,EW_GREEN,hold,,,
572.0,2,47,256.0,5.447,2,0.0,2,0.0,4,38.0,12,87.0,0,0,1,0,0.0,125.0,131.0,0,EW_GREEN,hold,,,
573.0,2,47,276.0,5.872,2,0.0,2,0.0,4,40.0,13,92.0,0,0,1,0,0.0,132.0,144.0,0,EW_GREEN,hold,,,
574.0,2,47,297.0,6.319,2,0.0,2,0.0,4,42.0,13,97.0,0,0,1,0,0.0,139.0,158.0,0,EW_GREEN,hold,,,
575.0,2,46,320.0,6.957,2,0.0,2,0.0,4,44.0,13,103.0,0,0,1,2,0.0,147.0,173.0,0,EW_GREEN,hold,,,
576.0,2,47,343.0,7.298,2,0.0,2,0.0,4,46.0,13,109.0,0,0,1,2,0.0,155.0,188.0,0,EW_GREEN,hold,,,
577.0,2,54,367.0,6.796,4,0.0,4,0.0,4,48.0,13,115.0,0,0,1,2,0.0,163.0,204.0,0,EW_GREEN,hold,,,
578.0,2,55,392.0,7.127,4,0.0,4,0.0,4,50.0,13,121.0,0,0,1,2,0.0,171.0,221.0,0,EW_GREEN,hold,,,
579.0,2,54,390.0,7.222,4,0.0,4,0.0,4,52.0,13,127.0,0,0,1,2,0.0,179.0,211.0,0,EW_GREEN,hold,,,
580.0,2,54,387.0,7.167,4,0.0,4,0.0,4,54.0,13,133.0,0,0,1,2,0.0,187.0,200.0,0,EW_GREEN,hold,,,
581.0,2,53,386.0,7.283,4,0.0,4,0.0,4,56.0,13,139.0,0,0,1,2,0.0,195.0,191.0,0,EW_GREEN,hold,,,
582.0,2,54,387.0,7.167,4,0.0,4,0.0,4,58.0,14,145.0,0,0,1,2,0.0,203.0,184.0,0,EW_GREEN,hold,,,
583.0,2,53,390.0,7.358,4,0.0,4,0.0,4,60.0,14,151.0,0,0,1,2,0.0,211.0,179.0,0,EW_GREEN,hold,,,
584.0,2,53,392.0,7.396,4,0.0,4,0.0,4,62.0,14,158.0,0,0,1,2,0.0,220.0,172.0,0,EW_GREEN,hold,,,
585.0,2,54,395.0,7.315,4,0.0,4,0.0,4,64.0,15,165.0,0,0,1,2,0.0,229.0,166.0,0,EW_GREEN,hold,,,
586.0,2,53,398.0,7.509,4,0.0,4,0.0,4,66.0,15,173.0,0,0,1,2,0.0,239.0,159.0,0,EW_GREEN,hold,,,
587.0,3,55,402.0,7.309,4,0.0,4,0.0,4,68.0,16,181.0,0,0,1,2,0.0,249.0,153.0,0,EW_GREEN,hold,,,
588.0,3,55,408.0,7.418,4,0.0,4,0.0,4,70.0,16,189.0,0,0,1,2,0.0,259.0,149.0,0,EW_GREEN,hold,,,
589.0,3,56,413.0,7.375,4,0.0,4,0.0,4,72.0,17,197.0,0,0,1,2,0.0,269.0,144.0,0,EW_GREEN,hold,,,
590.0,0,51,249.0,4.882,4,0.0,4,0.0,1,0.0,15,90.0,0,0,0,0,0.0,90.0,159.0,0,EW_GREEN,hold,,,
591.0,0,50,168.0,3.36,4,0.0,4,0.0,1,0.0,14,14.0,0,0,0,0,0.0,14.0,154.0,0,EW_GREEN,hold,,,
592.0,0,47,148.0,3.149,4,0.0,4,0.0,1,0.0,14,0.0,0,0,0,0,0.0,0.0,148.0,0,EW_GREEN,hold,,,
593.0,0,49,142.0,2.898,4,1.0,4,0.0,1,0.0,14,0.0,1,0,0,0,0.0,1.0,141.0,0,EW_GREEN,hold,,,
594.0,0,50,135.0,2.7,4,2.0,4,0.0,1,0.0,13,0.0,1,0,0,0,0.0,2.0,133.0,0,EW_GREEN,hold,,,
595.0,0,51,129.0,2.529,4,3.0,4,0.0,2,0.0,12,0.0,1,0,0,0,0.0,3.0,126.0,0,EW_GREEN,hold,,,
596.0,0,52,140.0,2.692,4,4.0,4,0.0,2,0.0,11,0.0,1,0,0,0,0.0,4.0,136.0,0,EW_GREEN,hold,,,
597.0,0,53,132.0,2.491,4,5.0,4,1.0,2,0.0,11,0.0,1,1,0,0,0.0,6.0,126.0,0,EW_GREEN,hold,,,
598.0,0,54,122.0,2.259,4,6.0,4,2.0,2,0.0,10,0.0,1,1,0,0,0.0,8.0,114.0,0,EW_GREEN,hold,,,
599.0,0,54,114.0,2.111,4,7.0,4,4.0,2,0.0,10,0.0,1,1,0,0,0.0,11.0,103.0,0,EW_GREEN,hold,,,
600.0,0,54,125.0,2.315,4,9.0,4,6.0,2,0.0,10,0.0,1,1,0,0,0.0,15.0,110.0,0,EW_GREEN,hold,,,
601.0,0,58,119.0,2.052,6,12.0,6,9.0,2,0.0,9,0.0,0,0,0,0,0.0,21.0,98.0,0,EW_GREEN,hold,,,
602.0,0,59,113.0,1.915,6,15.0,6,13.0,2,0.0,9,0.0,0,0,0,0,0.0,28.0,85.0,0,EW_GREEN,hold,,,
603.0,0,59,107.0,1.814,6,19.0,6,17.0,2,0.0,8,0.0,0,0,0,0,0.0,36.0,71.0,0,EW_YELLOW,pressure_ns,,,
604.0,3,59,101.0,1.712,6,23.0,6,21.0,2,0.0,8,0.0,0,0,0,0,0.0,44.0,57.0,0,EW_YELLOW,hold,,,
605.0,3,60,95.0,1.583,6,27.0,6,25.0,2,0.0,9,0.0,0,0,0,0,0.0,52.0,43.0,0,EW_YELLOW,hold,,,
606.0,3,60,87.0,1.45,6,31.0,6,29.0,2,0.0,9,0.0,0,0,0,0,0.0,60.0,27.0,0,NS_GREEN,yellow_end,,,
607.0,0,60,98.0,1.633,6,35.0,6,33.0,2,0.0,9,0.0,0,0,0,0,0.0,68.0,30.0,0,NS_GREEN,hold,,,
608.0,0,61,82.0,1.344,6,39.0,6,37.0,2,0.0,10,0.0,0,0,0,0,0.0,76.0,6.0,0,NS_GREEN,hold,,,
609.0,0,61,94.0,1.541,6,43.0,6,41.0,2,0.0,10,0.0,0,0,0,0,0.0,84.0,10.0,0,NS_GREEN,hold,,,
610.0,0,62,104.0,1.677,6,47.0,6,45.0,2,0.0,10,0.0,0,0,0,0,0.0,92.0,12.0,0,NS_GREEN,hold,,,
611.0,0,62,116.0,1.871,6,51.0,6,49.0,2,0.0,10,0.0,0,0,0,0,0.0,100.0,16.0,0,NS_GREEN,hold,,,
612.0,0,61,128.0,2.098,6,55.0,6,53.0,2,0.0,9,0.0,0,0,0,0,0.0,108.0,20.0,0,NS_GREEN,hold,,,
613.0,0,64,142.0,2.219,6,59.0,6,57.0,2,0.0,9,0.0,0,0,0,0,0.0,116.0,26.0,0,NS_GREEN,hold,,,
614.0,0,63,154.0,2.444,6,63.0,6,61.0,2,0.0,8,0.0,0,0,0,0,0.0,124.0,30.0,0,NS_YELLOW,pressure_ew,,,
615.0,1,65,169.0,2.6,6,67.0,6,65.0,2,0.0,9,0.0,0,0,0,0,0.0,132.0,37.0,0,NS_YELLOW,hold,,,
616.0,1,65,185.0,2.846,6,71.0,6,69.0,2,0.0,9,0.0,0,0,0,0,0.0,140.0,45.0,0,NS_YELLOW,hold,,,
617.0,1,66,201.0,3.045,6,75.0,6,73.0,2,0.0,9,0.0,0,0,0,0,0.0,148.0,53.0,0,EW_GREEN,yellow_end,,,
618.0,2,64,131.0,2.047,5,34.0,5,35.0,2,0.0,9,0.0,0,0,0,0,0.0,69.0,62.0,0,EW_GREEN,hold,,,
619.0,2,64,108.0,1.688,4,17.0,5,18.0,2,0.0,9,1.0,0,0,0,0,0.0,36.0,72.0,0,EW_GREEN,hold,,,
620.0,2,63,85.0,1.349,4,0.0,4,0.0,2,0.0,9,3.0,0,0,0,0,0.0,3.0,82.0,0,EW_GREEN,hold,,,
621.0,2,62,81.0,1.306,4,0.0,4,0.0,2,0.0,9,5.0,0,0,0,0,0.0,5.0,76.0,0,EW_GREEN,hold,,,
622.0,2,60,77.0,1.283,3,0.0,3,0.0,2,0.0,9,7.0,0,0,0,0,0.0,7.0,70.0,0,EW_GREEN,hold,,,
623.0,2,57,73.0,1.281,2,0.0,3,0.0,2,0.0,9,9.0,0,0,0,0,0.0,9.0,64.0,0,EW_GREEN,hold,,,
624.0,2,58,70.0,1.207,2,0.0,2,0.0,2,0.0,10,11.0,0,0,0,0,0.0,11.0,59.0,0,EW_GREEN,hold,,,
625.0,2,60,70.0,1.167,4,0.0,4,0.0,2,1.0,10,13.0,0,0,1,0,0.0,14.0,56.0,0,EW_GREEN,hold,,,
626.0,2,59,74.0,1.254,4,0.0,4,0.0,2,2.0,10,16.0,0,0,1,0,0.0,18.0,56.0,0,EW_GREEN,hold,,,
627.0,2,62,77.0,1.242,4,0.0,4,0.0,2,4.0,11,19.0,0,0,2,0,0.0,23.0,54.0,0,EW_GREEN,hold,,,
628.0,2,60,80.0,1.333,3,0.0,3,0.0,2,6.0,11,23.0,0,0,2,0,0.0,29.0,51.0,0,EW_GREEN,hold,,,
629.0,2,59,86.0,1.458,3,0.0,3,0.0,2,8.0,11,27.0,0,0,2,0,0.0,35.0,51.0,0,EW_GREEN,hold,,,
630.0,2,59,92.0,1.559,3,0.0,3,0.0,2,10.0,12,31.0,0,0,2,0,0.0,41.0,51.0,0,EW_GREEN,hold,,,
631.0,2,61,100.0,1.639,3,0.0,3,0.0,3,12.0,12,36.0,0,0,1,0,0.0,48.0,52.0,0,EW_GREEN,hold,,,
632.0,2,61,119.0,1.951,3,0.0,3,0.0,3,14.0,12,42.0,0,0,1,0,0.0,56.0,63.0,0,EW_GREEN,hold,,,
633.0,2,61,130.0,2.131,3,0.0,3,0.0,3,16.0,12,48.0,0,0,1,0,0.0,64.0,66.0,0,EW_GREEN,hold,,,
634.0,2,59,142.0,2.407,3,0.0,3,0.0,3,18.0,12,54.0,0,0,1,0,1.0,72.0,69.0,0,EW_GREEN,hold,,,
635.0,2,60,153.0,2.55,3,0.0,3,0.0,3,20.0,13,60.0,0,0,1,0,2.0,80.0,71.0,0,EW_GREEN,hold,,,
636.0,2,57,134.0,2.351,3,0.0,3,0.0,3,22.0,13,66.0,0,0,1,0,3.0,88.0,43.0,0,EW_GREEN,hold,,,
637.0,2,56,133.0,2.375,3,0.0,3,0.0,3,24.0,13,72.0,0,0,1,0,4.0,96.0,33.0,0,EW_GREEN,hold,,,
638.0,2,56,143.0,2.554,3,0.0,3,0.0,3,26.0,14,78.0,0,0,1,0,5.0,104.0,34.0,0,EW_GREEN,hold,,,
639.0,2,55,154.0,2.8,2,0.0,3,0.0,3,28.0,14,85.0,0,0,1,0,6.0,113.0,35.0,0,EW_GREEN,hold,,,
640.0,2,56,175.0,3.125,2,0.0,3,0.0,3,30.0,14,93.0,0,0,1,0,7.0,123.0,45.0,0,EW_GREEN,hold,,,
641.0,2,55,190.0,3.455,2,0.0,3,0.0,3,32.0,14,101.0,0,0,1,0,9.0,133.0,48.0,0,EW_GREEN,hold,,,
642.0,2,54,205.0,3.796,2,0.0,2,0.0,3,34.0,14,109.0,0,0,1,0,11.0,143.0,51.0,0,EW_GREEN,hold,,,
643.0,2,53,212.0,4.0,2,0.0,2,0.0,3,36.0,14,117.0,0,0,1,3,3.0,153.0,56.0,0,EW_GREEN,hold,,,
644.0,2,52,228.0,4.385,2,0.0,2,0.0,3,38.0,14,125.0,0,0,1,3,4.0,163.0,61.0,0,EW_GREEN,hold,,,
645.0,2,53,241.0,4.547,2,0.0,2,0.0,3,40.0,15,133.0,0,0,1,3,5.0,173.0,63.0,0,EW_GREEN,hold,,,
646.0,2,53,263.0,4.962,2,0.0,2,0.0,3,42.0,15,141.0,0,0,1,3,7.0,183.0,73.0,0,EW_GREEN,hold,,,
647.0,2,53,265.0,5.0,2,0.0,2,0.0,4,44.0,15,150.0,0,0,1,3,10.0,194.0,61.0,0,EW_GREEN,hold,,,
648.0,2,52,268.0,5.154,2,0.0,2,0.0,4,46.0,15,159.0,0,0,1,3,13.0,205.0,50.0,0,EW_GREEN,hold,,,
649.0,2,58,278.0,4.793,3,0.0,3,0.0,4,48.0,16,168.0,0,0,1,3,16.0,216.0,46.0,0,EW_GREEN,hold,,,
650.0,2,58,287.0,4.948,3,0.0,3,0.0,4,50.0,16,177.0,0,0,1,3,19.0,227.0,41.0,0,EW_GREEN,hold,,,
651.0,2,58,298.0,5.138,3,0.0,3,0.0,4,52.0,16,186.0,0,0,1,0,22.0,238.0,38.0,0,EW_GREEN,hold,,,
652.0,2,59,308.0,5.22,3,0.0,3,0.0,4,54.0,17,195.0,0,0,1,0,25.0,249.0,34.0,0,EW_GREEN,hold,,,
653.0,2,59,319.0,5.407,3,0.0,3,0.0,4,56.0,17,204.0,0,0,1,0,28.0,260.0,31.0,0,EW_GREEN,hold,,,
654.0,2,58,332.0,5.724,3,0.0,3,0.0,4,58.0,17,213.0,0,0,1,0,31.0,271.0,30.0,0,EW_GREEN,hold,,,
655.0,2,59,355.0,6.017,3,0.0,3,0.0,4,60.0,17,223.0,0,0,1,0,34.0,283.0,38.0,0,EW_GREEN,hold,,,
656.0,2,59,368.0,6.237,3,0.0,3,0.0,4,62.0,18,233.0,0,0,1,0,37.0,295.0,36.0,0,EW_GREEN,hold,,,
657.0,2,60,380.0,6.333,3,0.0,3,0.0,4,64.0,18,243.0,0,0,1,0,40.0,307.0,33.0,0,EW_GREEN,hold,,,
658.0,2,61,392.0,6.426,3,0.0,3,0.0,4,66.0,19,253.0,0,0,0,0,43.0,319.0,30.0,0,EW_GREEN,hold,,,
659.0,2,60,405.0,6.75,3,0.0,3,0.0,4,68.0,19,263.0,0,0,0,0,46.0,331.0,28.0,0,EW_GREEN,hold,,,
660.0,3,62,420.0,6.774,3,0.0,3,0.0,4,70.0,20,274.0,0,0,0,4,50.0,344.0,26.0,0,EW_GREEN,hold,,,
661.0,3,62,434.0,7.0,3,0.0,3,0.0,4,72.0,20,285.0,0,0,0,4,54.0,357.0,23.0,0,EW_GREEN,hold,,,
662.0,3,62,449.0,7.242,3,0.0,3,0.0,4,74.0,20,297.0,0,0,0,4,59.0,371.0,19.0,0,EW_GREEN,hold,,,
663.0,0,57,268.0,4.702,3,0.0,3,0.0,2,0.0,17,188.0,0,0,0,3,64.0,188.0,16.0,0,EW_GREEN,hold,,,
664.0,0,55,183.0,3.327,3,0.0,3,0.0,2,0.0,17,99.0,0,0,0,0,69.0,99.0,15.0,0,EW_GREEN,hold,,,
665.0,0,57,124.0,2.175,3,0.0,3,0.0,3,0.0,18,30.0,0,0,0,0,74.0,30.0,20.0,0,EW_GREEN,hold,,,
666.0,0,55,102.0,1.855,3,0.0,3,1.0,2,0.0,16,2.0,0,1,0,0,79.0,3.0,20.0,0,EW_GREEN,hold,,,
667.0,0,56,37.0,0.661,3,0.0,3,2.0,3,0.0,16,0.0,0,1,0,0,14.0,2.0,21.0,0,EW_GREEN,hold,,,
668.0,0,55,25.0,0.455,3,1.0,3,3.0,3,0.0,16,0.0,1,1,0,0,0.0,4.0,21.0,0,EW_GREEN,hold,,,
669.0,0,55,26.0,0.473,3,2.0,3,4.0,3,0.0,13,0.0,0,1,0,0,0.0,6.0,20.0,0,EW_GREEN,hold,,,
670.0,0,55,28.0,0.509,3,3.0,3,5.0,3,0.0,14,0.0,0,1,0,0,0.0,8.0,20.0,0,EW_GREEN,hold,,,
671.0,0,54,29.0,0.537,3,4.0,3,6.0,3,0.0,11,0.0,0,0,0,0,0.0,10.0,19.0,0,EW_GREEN,hold,,,
672.0,0,55,36.0,0.655,3,5.0,3,7.0,3,0.0,12,0.0,0,0,0,0,0.0,12.0,24.0,0,EW_GREEN,hold,,,
673.0,0,60,36.0,0.6,5,6.0,5,8.0,3,0.0,11,0.0,0,0,0,0,0.0,14.0,22.0,0,EW_GREEN,hold,,,
674.0,0,60,37.0,0.617,5,7.0,5,9.0,3,0.0,11,0.0,0,0,0,0,0.0,16.0,21.0,0,EW_GREEN,hold,,,
675.0,0,57,19.0,0.333,5,8.0,5,10.0,3,0.0,9,0.0,0,0,0,0,0.0,18.0,1.0,0,EW_GREEN,hold,,,
676.0,0,58,22.0,0.379,5,9.0,5,11.0,3,0.0,9,0.0,0,0,0,0,0.0,20.0,2.0,0,EW_GREEN,hold,,,
677.0,0,58,26.0,0.448,5,10.0,5,12.0,3,0.0,9,0.0,0,0,0,0,0.0,22.0,4.0,0,EW_YELLOW,max_green,,,
678.0,3,59,30.0,0.508,5,11.0,5,13.0,3,0.0,10,0.0,0,0,0,0,0.0,24.0,6.0,0,EW_YELLOW,hold,,,
679.0,3,59,35.0,0.593,5,12.0,5,14.0,3,0.0,10,0.0,0,0,0,0,0.0,26.0,9.0,0,EW_YELLOW,hold,,,
680.0,3,61,41.0,0.672,5,13.0,5,15.0,3,0.0,10,0.0,0,0,0,0,0.0,28.0,13.0,0,NS_GREEN,yellow_end,,,
681.0,0,60,47.0,0.783,5,14.0,5,16.0,3,0.0,9,0.0,0,0,0,0,0.0,30.0,17.0,0,NS_GREEN,hold,,,
682.0,0,60,54.0,0.9,5,15.0,5,17.0,3,0.0,9,0.0,0,0,0,0,0.0,32.0,22.0,0,NS_GREEN,hold,,,
683.0,0,60,61.0,1.017,5,16.0,5,18.0,2,0.0,9,0.0,0,0,0,0,0.0,34.0,27.0,0,NS_GREEN,hold,,,
684.0,0,61,69.0,1.131,5,17.0,5,19.0,2,0.0,9,0.0,0,0,0,0,0.0,36.0,33.0,0,NS_GREEN,hold,,,
685.0,0,65,78.0,1.2,5,18.0,5,20.0,2,0.0,9,0.0,0,0,0,0,0.0,38.0,40.0,0,NS_GREEN,hold,,,
686.0,0,63,75.0,1.19,5,19.0,5,21.0,2,0.0,9,0.0,0,0,0,0,0.0,40.0,35.0,0,NS_GREEN,hold,,,
687.0,0,63,73.0,1.159,5,20.0,5,22.0,2,0.0,9,0.0,0,0,0,0,0.0,42.0,31.0,0,NS_GREEN,hold,,,
688.0,0,63,71.0,1.127,5,21.0,5,23.0,2,0.0,8,0.0,0,0,0,0,0.0,44.0,27.0,0,NS_YELLOW,pressure_ew,,,
689.0,1,64,69.0,1.078,5,23.0,5,24.0,2,0.0,7,0.0,1,0,0,0,0.0,47.0,22.0,0,NS_YELLOW,hold,,,
690.0,1,64,69.0,1.078,5,25.0,5,26.0,2,0.0,8,0.0,1,1,0,0,0.0,51.0,18.0,0,NS_YELLOW,hold,,,
691.0,1,66,71.0,1.076,5,27.0,5,28.0,2,0.0,8,0.0,1,1,0,0,0.0,55.0,16.0,0,EW_GREEN,yellow_end,,,
692.0,2,61,12.0,0.197,3,0.0,3,0.0,2,0.0,8,0.0,0,0,0,0,0.0,0.0,12.0,0,EW_GREEN,hold,,,
693.0,2,62,18.0,0.29,3,0.0,3,0.0,2,0.0,9,0.0,0,0,0,0,0.0,0.0,18.0,0,EW_GREEN,hold,,,
694.0,2,62,15.0,0.242,3,0.0,3,0.0,2,0.0,9,0.0,0,0,0,0,0.0,0.0,15.0,0,EW_GREEN,hold,,,
695.0,2,61,13.0,0.213,3,0.0,3,0.0,2,0.0,9,0.0,0,0,0,0,0.0,0.0,13.0,0,EW_GREEN,hold,,,
696.0,2,61,11.0,0.18,3,0.0,3,0.0,2,0.0,10,0.0,0,0,0,0,0.0,0.0,11.0,0,EW_GREEN,hold,,,
697.0,2,61,10.0,0.164,4,0.0,4,0.0,2,1.0,10,0.0,0,0,1,0,0.0,1.0,9.0,0,EW_GREEN,hold,,,
698.0,2,60,11.0,0.183,4,0.0,4,0.0,2,3.0,10,0.0,0,0,2,0,0.0,3.0,8.0,0,EW_GREEN,hold,,,
699.0,2,60,18.0,0.3,4,0.0,4,0.0,2,5.0,11,1.0,0,0,2,0,0.0,6.0,12.0,0,EW_GREEN,hold,,,
700.0,2,58,22.0,0.379,4,0.0,4,0.0,2,7.0,11,3.0,0,0,2,0,0.0,10.0,12.0,0,EW_GREEN,hold,,,
701.0,2,61,27.0,0.443,4,0.0,4,0.0,3,9.0,12,5.0,0,0,1,0,0.0,14.0,13.0,0,EW_GREEN,hold,,,
702.0,2,59,33.0,0.559,4,0.0,4,0.0,3,11.0,12,8.0,0,0,1,0,0.0,19.0,14.0,0,EW_GREEN,hold,,,
703.0,2,59,41.0,0.695,4,0.0,4,0.0,3,13.0,13,11.0,0,0,1,0,0.0,24.0,17.0,0,EW_GREEN,hold,,,
704.0,2,58,49.0,0.845,4,0.0,4,0.0,3,15.0,13,14.0,0,0,1,0,0.0,29.0,20.0,0,EW_GREEN,hold,,,
705.0,2,56,56.0,1.0,4,0.0,4,0.0,3,17.0,13,17.0,0,0,1,0,1.0,34.0,21.0,0,EW_GREEN,hold,,,
706.0,2,54,66.0,1.222,4,0.0,4,0.0,3,19.0,13,21.0,0,0,1,0,2.0,40.0,24.0,0,EW_GREEN,hold,,,
707.0,2,55,77.0,1.4,4,0.0,4,0.0,3,21.0,14,25.0,0,0,1,0,3.0,46.0,28.0,0,EW_GREEN,hold,,,
708.0,2,55,87.0,1.582,4,0.0,4,0.0,3,23.0,14,29.0,0,0,1,0,5.0,52.0,30.0,0,EW_GREEN,hold,,,
709.0,2,56,96.0,1.714,4,0.0,4,0.0,3,25.0,15,33.0,0,0,1,0,7.0,58.0,31.0,0,EW_GREEN,hold,,,
710.0,2,52,71.0,1.365,4,0.0,4,0.0,3,27.0,15,37.0,0,0,1,0,3.0,64.0,4.0,0,EW_GREEN,hold,,,
711.0,2,51,74.0,1.451,3,0.0,3,0.0,3,29.0,15,41.0,0,0,1,0,4.0,70.0,0.0,0,EW_GREEN,hold,,,
712.0,2,51,81.0,1.588,3,0.0,3,0.0,3,31.0,15,45.0,0,0,1,0,5.0,76.0,0.0,0,EW_GREEN,hold,,,
713.0,2,52,88.0,1.692,3,0.0,3,0.0,3,33.0,16,49.0,0,0,1,0,6.0,82.0,0.0,0,EW_GREEN,hold,,,
714.0,2,54,98.0,1.815,3,0.0,3,0.0,4,35.0,16,54.0,0,0,1,0,8.0,89.0,1.0,0,EW_GREEN,hold,,,
715.0,2,54,112.0,2.074,3,0.0,3,0.0,4,37.0,16,60.0,0,0,1,0,11.0,97.0,4.0,0,EW_GREEN,hold,,,
716.0,2,52,124.0,2.385,2,0.0,2,0.0,4,39.0,16,66.0,0,0,1,0,14.0,105.0,5.0,0,EW_GREEN,hold,,,
717.0,2,51,138.0,2.706,2,0.0,2,0.0,4,41.0,16,72.0,0,0,1,0,18.0,113.0,7.0,0,EW_GREEN,hold,,,
718.0,2,53,151.0,2.849,2,0.0,2,0.0,4,43.0,17,78.0,0,0,1,0,20.0,121.0,10.0,0,EW_GREEN,hold,,,
719.0,2,52,167.0,3.212,1,0.0,2,0.0,4,45.0,17,84.0,0,0,1,3,24.0,129.0,14.0,0,EW_GREEN,hold,,,
720.0,2,50,184.0,3.68,1,0.0,1,0.0,4,47.0,17,91.0,0,0,1,3,28.0,138.0,18.0,0,EW_GREEN,hold,,,
721.0,2,54,176.0,3.259,3,0.0,3,0.0,4,49.0,17,99.0,0,0,1,3,5.0,148.0,23.0,0,EW_GREEN,hold,,,
722.0,2,60,189.0,3.15,4,0.0,4,0.0,4,51.0,17,107.0,0,0,1,3,2.0,158.0,29.0,0,EW_GREEN,hold,,,
723.0,2,58,204.0,3.517,3,0.0,3,0.0,4,53.0,17,116.0,0,0,1,3,0.0,169.0,35.0,0,EW_GREEN,hold,,,
724.0,2,56,211.0,3.768,3,0.0,3,0.0,4,55.0,17,125.0,0,0,0,3,0.0,180.0,31.0,0,EW_GREEN,hold,,,
725.0,2,58,218.0,3.759,3,0.0,3,0.0,4,57.0,17,134.0,0,0,0,3,0.0,191.0,27.0,0,EW_GREEN,hold,,,
726.0,2,58,227.0,3.914,3,0.0,3,0.0,4,59.0,17,143.0,0,0,0,3,0.0,202.0,25.0,0,EW_GREEN,hold,,,
727.0,2,58,236.0,4.069,3,0.0,3,0.0,4,61.0,17,153.0,0,0,0,3,0.0,214.0,22.0,0,EW_GREEN,hold,,,
728.0,2,59,246.0,4.169,3,0.0,3,0.0,4,63.0,17,163.0,0,0,0,0,0.0,226.0,20.0,0,EW_GREEN,hold,,,
729.0,2,59,255.0,4.322,3,0.0,3,0.0,4,65.0,18,173.0,0,0,0,0,0.0,238.0,17.0,0,EW_GREEN,hold,,,
730.0,2,59,265.0,4.492,3,0.0,3,0.0,4,67.0,18,183.0,0,0,1,0,0.0,250.0,15.0,0,EW_GREEN,hold,,,
731.0,2,60,275.0,4.583,3,0.0,3,0.0,4,69.0,19,194.0,0,0,1,0,0.0,263.0,12.0,0,EW_GREEN,hold,,,
732.0,2,61,286.0,4.689,3,0.0,3,0.0,4,71.0,19,206.0,0,0,1,0,0.0,277.0,9.0,0,EW_GREEN,hold,,,
733.0,2,61,304.0,4.984,3,0.0,3,0.0,4,73.0,19,219.0,0,0,1,4,0.0,292.0,12.0,0,EW_GREEN,hold,,,
734.0,3,61,317.0,5.197,3,0.0,3,0.0,4,76.0,19,232.0,0,0,1,4,0.0,308.0,9.0,0,EW_GREEN,hold,,,
735.0,3,61,331.0,5.426,3,0.0,3,0.0,4,79.0,19,245.0,0,0,1,4,0.0,324.0,7.0,0,EW_GREEN,hold,,,
736.0,3,59,347.0,5.881,3,0.0,3,0.0,4,82.0,19,258.0,0,0,1,0,0.0,340.0,7.0,0,EW_GREEN,hold,,,
737.0,0,55,174.0,3.164,3,0.0,3,0.0,2,4.0,17,162.0,0,0,0,0,0.0,166.0,8.0,0,EW_GREEN,hold,,,
738.0,0,56,97.0,1.732,3,1.0,3,0.0,3,0.0,17,87.0,1,0,0,0,0.0,88.0,9.0,0,EW_GREEN,hold,,,
739.0,0,56,58.0,1.036,3,3.0,3,2.0,4,0.0,17,39.0,1,1,0,0,0.0,44.0,14.0,0,EW_GREEN,hold,,,
740.0,0,53,36.0,0.679,3,5.0,3,4.0,3,0.0,14,12.0,1,1,0,0,0.0,21.0,15.0,0,EW_GREEN,hold,,,
741.0,0,57,30.0,0.526,3,7.0,3,6.0,3,0.0,15,0.0,1,1,0,0,0.0,13.0,17.0,0,EW_GREEN,hold,,,
742.0,0,57,38.0,0.667,3,9.0,3,8.0,3,0.0,15,0.0,1,1,0,0,0.0,17.0,21.0,0,EW_GREEN,hold,,,
743.0,0,58,48.0,0.828,3,11.0,3,10.0,3,0.0,12,0.0,1,1,0,0,0.0,21.0,27.0,0,EW_GREEN,hold,,,
744.0,0,59,57.0,0.966,3,13.0,3,12.0,3,0.0,13,0.0,1,1,0,0,0.0,25.0,32.0,0,EW_GREEN,hold,,,
745.0,0,60,67.0,1.117,4,15.0,4,14.0,3,0.0,10,0.0,0,0,0,0,0.0,29.0,38.0,0,EW_GREEN,hold,,,
746.0,0,59,79.0,1.339,4,17.0,4,16.0,3,0.0,10,0.0,0,0,0,0,0.0,33.0,46.0,0,EW_YELLOW,pressure_ns,,,
747.0,3,63,91.0,1.444,4,19.0,4,18.0,3,0.0,11,0.0,0,0,0,0,0.0,37.0,54.0,0,EW_YELLOW,hold,,,
748.0,3,63,105.0,1.667,4,21.0,4,20.0,3,0.0,11,1.0,0,0,0,0,0.0,42.0,63.0,0,EW_YELLOW,hold,,,
749.0,3,63,119.0,1.889,4,23.0,4,22.0,3,0.0,11,2.0,0,0,0,0,0.0,47.0,72.0,0,NS_GREEN,yellow_end,,,
750.0,0,58,131.0,2.259,4,25.0,4,24.0,2,0.0,8,1.0,0,0,0,0,0.0,50.0,81.0,0,NS_GREEN,hold,,,
751.0,0,59,145.0,2.458,4,27.0,4,26.0,2,0.0,9,0.0,0,0,0,0,0.0,53.0,92.0,0,NS_GREEN,hold,,,
752.0,0,60,161.0,2.683,4,29.0,4,28.0,2,0.0,9,0.0,0,0,0,0,0.0,57.0,104.0,0,NS_GREEN,hold,,,
753.0,0,62,177.0,2.855,4,31.0,4,30.0,2,0.0,8,0.0,0,0,0,0,0.0,61.0,116.0,0,NS_GREEN,hold,,,
754.0,0,62,175.0,2.823,4,33.0,4,32.0,2,0.0,8,0.0,0,0,0,0,0.0,65.0,110.0,0,NS_GREEN,hold,,,
755.0,0,61,173.0,2.836,4,35.0,4,34.0,2,0.0,8,0.0,0,0,0,0,0.0,69.0,104.0,0,NS_GREEN,hold,,,
756.0,0,63,171.0,2.714,4,37.0,4,36.0,2,0.0,9,0.0,0,0,0,0,0.0,73.0,98.0,0,NS_GREEN,hold,,,
757.0,0,65,171.0,2.631,4,39.0,4,38.0,2,0.0,9,0.0,0,0,0,0,0.0,77.0,94.0,0,NS_YELLOW,pressure_ew,,,
758.0,1,65,172.0,2.646,4,41.0,4,40.0,2,0.0,9,0.0,0,0,0,0,0.0,81.0,91.0,0,NS_YELLOW,hold,,,
759.0,1,65,173.0,2.662,4,43.0,4,42.0,2,0.0,9,0.0,0,0,0,0,0.0,85.0,88.0,0,NS_YELLOW,hold,,,
760.0,1,65,176.0,2.708,4,45.0,4,44.0,2,0.0,10,0.0,0,0,0,0,0.0,89.0,87.0,0,EW_GREEN,yellow_end,,,
761.0,2,61,85.0,1.393,2,0.0,2,0.0,2,0.0,10,0.0,0,0,0,0,0.0,0.0,85.0,0,EW_GREEN,hold,,,
762.0,2,61,83.0,1.361,2,0.0,2,0.0,2,0.0,10,0.0,0,0,0,0,0.0,0.0,83.0,0,EW_GREEN,hold,,,
763.0,2,65,83.0,1.277,2,0.0,2,0.0,2,0.0,11,0.0,0,0,0,0,0.0,0.0,83.0,0,EW_GREEN,hold,,,
764.0,2,62,82.0,1.323,1,0.0,1,0.0,2,0.0,11,1.0,0,0,0,0,0.0,1.0,81.0,0,EW_GREEN,hold,,,
765.0,2,63,81.0,1.286,1,0.0,1,0.0,2,0.0,12,2.0,0,0,0,0,0.0,2.0,79.0,0,EW_GREEN,hold,,,
766.0,2,63,95.0,1.508,1,0.0,1,0.0,2,0.0,12,4.0,0,0,0,0,0.0,4.0,91.0,0,EW_GREEN,hold,,,
767.0,2,63,97.0,1.54,1,0.0,1,0.0,2,0.0,12,6.0,0,0,0,0,0.0,6.0,91.0,0,EW_GREEN,hold,,,
768.0,2,62,99.0,1.597,1,0.0,1,0.0,2,0.0,12,8.0,0,0,0,0,0.0,8.0,91.0,0,EW_GREEN,hold,,,
769.0,2,67,101.0,1.507,3,0.0,3,0.0,2,0.0,13,10.0,0,0,0,0,0.0,10.0,91.0,0,EW_GREEN,hold,,,
770.0,2,65,102.0,1.569,3,0.0,3,0.0,2,1.0,13,12.0,0,0,1,0,0.0,13.0,89.0,0,EW_GREEN,hold,,,
771.0,2,65,104.0,1.6,3,0.0,3,0.0,2,2.0,13,15.0,0,0,1,0,0.0,17.0,87.0,0,EW_GREEN,hold,,,
772.0,2,61,71.0,1.164,3,0.0,3,0.0,2,3.0,14,18.0,0,0,1,0,0.0,21.0,50.0,0,EW_GREEN,hold,,,
773.0,2,62,70.0,1.129,3,0.0,3,0.0,3,5.0,14,21.0,0,0,1,0,0.0,26.0,44.0,0,EW_GREEN,hold,,,
774.0,2,61,71.0,1.164,3,0.0,3,0.0,3,7.0,14,24.0,0,0,1,0,1.0,31.0,39.0,0,EW_GREEN,hold,,,
775.0,2,59,85.0,1.441,3,0.0,3,0.0,3,9.0,14,28.0,0,0,1,0,2.0,37.0,46.0,0,EW_GREEN,hold,,,
776.0,2,56,86.0,1.536,3,0.0,3,0.0,3,11.0,14,30.0,0,0,1,0,3.0,41.0,42.0,0,EW_GREEN,hold,,,
777.0,2,56,89.0,1.589,3,0.0,3,0.0,3,13.0,14,33.0,0,0,1,0,4.0,46.0,39.0,0,EW_GREEN,hold,,,
778.0,2,55,89.0,1.618,3,0.0,3,0.0,3,15.0,14,36.0,0,0,1,0,5.0,51.0,33.0,0,EW_GREEN,hold,,,
779.0,2,56,102.0,1.821,3,0.0,3,0.0,3,17.0,15,39.0,0,0,1,0,6.0,56.0,40.0,0,EW_GREEN,hold,,,
780.0,2,55,110.0,2.0,3,0.0,3,0.0,3,19.0,15,43.0,0,0,1,0,0.0,62.0,48.0,0,EW_GREEN,hold,,,
781.0,2,56,126.0,2.25,3,0.0,3,0.0,3,21.0,15,47.0,0,0,1,0,1.0,68.0,57.0,0,EW_GREEN,hold,,,
782.0,2,56,145.0,2.589,3,0.0,3,0.0,3,23.0,15,53.0,0,0,1,0,3.0,76.0,66.0,0,EW_GREEN,hold,,,
783.0,2,56,164.0,2.929,3,0.0,2,0.0,3,25.0,15,59.0,0,0,1,0,5.0,84.0,75.0,0,EW_GREEN,hold,,,
784.0,2,56,182.0,3.25,2,0.0,2,0.0,4,27.0,15,63.0,0,0,1,0,7.0,90.0,85.0,0,EW_GREEN,hold,,,
785.0,2,55,187.0,3.4,2,0.0,2,0.0,4,29.0,15,69.0,0,0,1,0,10.0,98.0,79.0,0,EW_GREEN,hold,,,
786.0,2,55,193.0,3.509,2,0.0,2,0.0,4,31.0,15,75.0,0,0,1,0,14.0,106.0,73.0,0,EW_GREEN,hold,,,
787.0,2,55,202.0,3.673,2,0.0,2,0.0,4,33.0,15,83.0,0,0,1,0,18.0,116.0,68.0,0,EW_GREEN,hold,,,
788.0,2,55,211.0,3.836,2,0.0,2,0.0,4,35.0,15,91.0,0,0,1,0,22.0,126.0,63.0,0,EW_GREEN,hold,,,
789.0,2,55,222.0,4.036,2,0.0,2,0.0,4,37.0,15,99.0,0,0,1,0,28.0,136.0,58.0,0,EW_GREEN,hold,,,
790.0,2,55,234.0,4.255,2,0.0,2,0.0,4,39.0,16,108.0,0,0,1,0,34.0,147.0,53.0,0,EW_GREEN,hold,,,
791.0,2,52,220.0,4.231,2,0.0,2,0.0,4,41.0,16,117.0,0,0,1,0,12.0,158.0,50.0,0,EW_GREEN,hold,,,
792.0,2,53,215.0,4.057,2,0.0,2,0.0,4,43.0,17,126.0,0,0,1,0,0.0,169.0,46.0,0,EW_GREEN,hold,,,
793.0,2,57,213.0,3.737,3,0.0,3,0.0,4,45.0,17,126.0,0,0,1,0,0.0,171.0,42.0,0,EW_GREEN,hold,,,
794.0,2,57,221.0,3.877,3,0.0,3,0.0,4,47.0,18,135.0,0,0,1,0,0.0,182.0,39.0,0,EW_GREEN,hold,,,
795.0,2,57,229.0,4.018,3,0.0,3,0.0,4,49.0,18,144.0,0,0,1,0,0.0,193.0,36.0,0,EW_GREEN,hold,,,
796.0,2,56,238.0,4.25,3,0.0,3,0.0,4,51.0,18,154.0,0,0,1,0,0.0,205.0,33.0,0,EW_GREEN,hold,,,
797.0,2,55,250.0,4.545,3,0.0,3,0.0,4,53.0,18,165.0,0,0,1,0,0.0,218.0,32.0,0,EW_GREEN,hold,,,
798.0,2,54,265.0,4.907,3,0.0,3,0.0,4,55.0,18,177.0,0,0,1,0,0.0,232.0,33.0,0,EW_GREEN,hold,,,
799.0,2,54,280.0,5.185,3,0.0,3,0.0,4,57.0,18,189.0,0,0,1,0,0.0,246.0,34.0,0,EW_GREEN,hold,,,
800.0,2,54,302.0,5.593,3,0.0,3,0.0,4,59.0,19,201.0,0,0,1,0,0.0,260.0,42.0,0,EW_GREEN,hold,,,
801.0,2,54,317.0,5.87,3,0.0,3,0.0,4,61.0,19,214.0,0,0,1,6,0.0,275.0,42.0,0,EW_GREEN,hold,,,
802.0,2,55,331.0,6.018,3,0.0,3,0.0,4,63.0,20,228.0,0,0,1,6,0.0,291.0,40.0,0,EW_GREEN,hold,,,
803.0,3,54,345.0,6.389,3,0.0,3,0.0,4,65.0,20,242.0,0,0,1,6,0.0,307.0,38.0,0,EW_GREEN,hold,,,
804.0,3,55,368.0,6.691,3,0.0,3,0.0,4,67.0,20,256.0,0,0,1,6,0.0,323.0,45.0,0,EW_GREEN,hold,,,
805.0,3,56,383.0,6.839,3,0.0,3,0.0,4,69.0,21,270.0,0,0,1,6,0.0,339.0,44.0,0,EW_GREEN,hold,,,
806.0,0,51,215.0,4.216,3,0.0,3,0.0,2,1.0,18,173.0,0,0,1,5,0.0,174.0,41.0,0,EW_GREEN,hold,,,
807.0,0,51,142.0,2.784,3,0.0,3,0.0,2,0.0,18,105.0,0,0,0,0,0.0,105.0,37.0,0,EW_GREEN,hold,,,
808.0,0,48,86.0,1.792,3,0.0,3,0.0,2,0.0,18,51.0,0,0,0,0,0.0,51.0,35.0,0,EW_GREEN,hold,,,
809.0,0,48,55.0,1.146,3,1.0,3,1.0,3,0.0,16,21.0,1,1,0,0,0.0,23.0,32.0,0,EW_GREEN,hold,,,
810.0,0,50,48.0,0.96,3,2.0,3,2.0,2,0.0,16,9.0,1,1,0,0,0.0,13.0,35.0,0,EW_GREEN,hold,,,
811.0,0,52,44.0,0.846,3,3.0,3,3.0,3,0.0,15,0.0,1,1,0,0,0.0,6.0,38.0,0,EW_GREEN,hold,,,
812.0,0,54,50.0,0.926,3,4.0,3,4.0,3,0.0,15,0.0,0,1,0,0,0.0,8.0,42.0,0,EW_GREEN,hold,,,
813.0,0,53,57.0,1.075,3,5.0,3,5.0,2,0.0,13,0.0,0,1,0,0,0.0,10.0,47.0,0,EW_GREEN,hold,,,
814.0,0,55,23.0,0.418,3,6.0,3,6.0,2,0.0,14,0.0,0,0,0,0,0.0,12.0,11.0,0,EW_GREEN,hold,,,
815.0,0,55,30.0,0.545,3,7.0,3,7.0,2,0.0,13,0.0,0,0,0,0,0.0,14.0,16.0,0,EW_GREEN,hold,,,
816.0,0,54,38.0,0.704,3,8.0,3,8.0,2,0.0,11,0.0,0,0,0,0,0.0,16.0,22.0,0,EW_GREEN,hold,,,
817.0,0,59,46.0,0.78,5,9.0,5,9.0,2,0.0,11,0.0,0,0,0,0,0.0,18.0,28.0,0,EW_YELLOW,pressure_ns,,,
818.0,3,60,54.0,0.9,5,10.0,5,10.0,2,0.0,11,0.0,0,0,0,0,0.0,20.0,34.0,0,EW_YELLOW,hold,,,
819.0,3,60,64.0,1.067,5,11.0,5,11.0,2,0.0,11,1.0,0,0,0,0,0.0,23.0,41.0,0,EW_YELLOW,hold,,,
820.0,3,61,75.0,1.23,5,12.0,5,12.0,2,0.0,12,2.0,0,0,0,0,0.0,26.0,49.0,0,NS_GREEN,yellow_end,,,
821.0,0,58,83.0,1.431,5,13.0,5,13.0,2,0.0,9,0.0,0,0,0,0,0.0,26.0,57.0,0,NS_GREEN,hold,,,
822.0,0,59,94.0,1.593,5,14.0,5,14.0,2,0.0,9,0.0,0,0,0,0,0.0,28.0,66.0,0,NS_GREEN,hold,,,
823.0,0,60,105.0,1.75,5,15.0,5,15.0,2,0.0,9,0.0,0,0,0,0,0.0,30.0,75.0,0,NS_GREEN,hold,,,
824.0,0,60,117.0,1.95,5,16.0,5,16.0,2,0.0,8,0.0,0,0,0,0,0.0,32.0,85.0,0,NS_GREEN,hold,,,
825.0,0,60,114.0,1.9,5,17.0,5,17.0,2,0.0,7,0.0,0,0,0,0,0.0,34.0,80.0,0,NS_GREEN,hold,,,
826.0,0,60,111.0,1.85,5,18.0,5,18.0,2,0.0,7,0.0,0,0,0,0,0.0,36.0,75.0,0,NS_GREEN,hold,,,
827.0,0,61,108.0,1.77,5,19.0,5,19.0,2,0.0,7,0.0,0,0,0,0,0.0,38.0,70.0,0,NS_GREEN,hold,,,
828.0,0,61,105.0,1.721,5,20.0,5,20.0,2,0.0,7,0.0,0,0,0,0,0.0,40.0,65.0,0,NS_YELLOW,pressure_ew,,,
829.0,1,64,101.0,1.578,5,21.0,5,21.0,2,0.0,8,0.0,0,0,0,0,0.0,42.0,59.0,0,NS_YELLOW,hold,,,
830.0,1,63,97.0,1.54,5,22.0,5,22.0,2,0.0,8,0.0,0,0,0,0,0.0,44.0,53.0,0,NS_YELLOW,hold,,,
831.0,1,63,95.0,1.508,5,23.0,5,23.0,2,0.0,8,0.0,0,0,0,0,0.0,46.0,49.0,0,EW_GREEN,yellow_end,,,
832.0,2,61,45.0,0.738,3,0.0,3,0.0,2,0.0,9,0.0,0,0,0,0,0.0,0.0,45.0,0,EW_GREEN,hold,,,
833.0,2,61,41.0,0.672,3,0.0,3,0.0,2,0.0,9,0.0,0,0,0,0,0.0,0.0,41.0,0,EW_GREEN,hold,,,
834.0,2,62,51.0,0.823,3,0.0,3,0.0,2,0.0,10,2.0,0,0,0,0,0.0,2.0,49.0,0,EW_GREEN,hold,,,
835.0,2,62,50.0,0.806,3,0.0,3,0.0,2,0.0,10,4.0,0,0,0,0,0.0,4.0,46.0,0,EW_GREEN,hold,,,
836.0,2,63,49.0,0.778,3,0.0,3,0.0,2,0.0,11,6.0,0,0,0,0,0.0,6.0,43.0,0,EW_GREEN,hold,,,
837.0,2,62,50.0,0.806,3,0.0,3,0.0,2,0.0,11,9.0,0,0,0,0,0.0,9.0,41.0,0,EW_GREEN,hold,,,
838.0,2,62,50.0,0.806,3,0.0,2,0.0,2,0.0,12,12.0,0,0,0,0,0.0,12.0,38.0,0,EW_GREEN,hold,,,
839.0,2,61,51.0,0.836,2,0.0,2,0.0,2,0.0,12,15.0,0,0,0,0,0.0,15.0,36.0,0,EW_GREEN,hold,,,
840.0,2,61,53.0,0.869,2,0.0,2,0.0,2,0.0,12,19.0,0,0,0,0,0.0,19.0,34.0,0,EW_GREEN,hold,,,
841.0,2,64,54.0,0.844,4,0.0,4,0.0,2,1.0,12,23.0,0,0,1,0,0.0,24.0,30.0,0,EW_GREEN,hold,,,
842.0,2,61,65.0,1.066,3,0.0,3,0.0,2,2.0,12,27.0,0,0,1,0,0.0,29.0,36.0,0,EW_GREEN,hold,,,
843.0,2,59,68.0,1.153,3,0.0,3,0.0,2,3.0,12,31.0,0,0,1,0,0.0,34.0,34.0,0,EW_GREEN,hold,,,
844.0,2,58,74.0,1.276,3,0.0,3,0.0,2,5.0,13,36.0,0,0,2,0,0.0,41.0,33.0,0,EW_GREEN,hold,,,
845.0,2,61,80.0,1.311,3,0.0,3,0.0,3,7.0,13,41.0,0,0,1,0,1.0,48.0,31.0,0,EW_GREEN,hold,,,
846.0,2,58,86.0,1.483,2,0.0,2,0.0,3,9.0,13,46.0,0,0,1,0,2.0,55.0,29.0,0,EW_GREEN,hold,,,
847.0,2,59,92.0,1.559,2,0.0,2,0.0,3,11.0,14,51.0,0,0,1,0,3.0,62.0,27.0,0,EW_GREEN,hold,,,
848.0,2,59,108.0,1.831,2,0.0,2,0.0,3,13.0,14,57.0,0,0,1,0,4.0,70.0,34.0,0,EW_GREEN,hold,,,
849.0,2,59,116.0,1.966,2,0.0,2,0.0,3,15.0,14,63.0,0,0,1,0,5.0,78.0,33.0,0,EW_GREEN,hold,,,
850.0,2,57,124.0,2.175,2,0.0,2,0.0,3,17.0,14,69.0,0,0,1,0,6.0,86.0,32.0,0,EW_GREEN,hold,,,
851.0,2,55,114.0,2.073,2,0.0,2,0.0,3,19.0,15,76.0,0,0,1,0,7.0,95.0,12.0,0,EW_GREEN,hold,,,
852.0,2,55,119.0,2.164,2,0.0,2,0.0,3,21.0,15,81.0,0,0,1,0,8.0,102.0,9.0,0,EW_GREEN,hold,,,
853.0,2,54,131.0,2.426,2,0.0,2,0.0,3,23.0,15,87.0,0,0,1,0,9.0,110.0,12.0,0,EW_GREEN,hold,,,
854.0,2,55,144.0,2.618,2,0.0,2,0.0,3,25.0,16,93.0,0,0,1,0,10.0,118.0,16.0,0,EW_GREEN,hold,,,
855.0,2,54,158.0,2.926,1,0.0,1,0.0,3,27.0,16,99.0,0,0,1,0,11.0,126.0,21.0,0,EW_GREEN,hold,,,
856.0,2,52,162.0,3.115,1,0.0,1,0.0,3,29.0,16,106.0,0,0,1,0,0.0,135.0,27.0,0,EW_GREEN,hold,,,
857.0,2,52,179.0,3.442,1,0.0,1,0.0,3,31.0,16,113.0,0,0,1,0,1.0,144.0,34.0,0,EW_GREEN,hold,,,
858.0,2,53,196.0,3.698,1,0.0,1,0.0,3,33.0,16,120.0,0,0,1,0,4.0,153.0,39.0,0,EW_GREEN,hold,,,
859.0,2,53,217.0,4.094,1,0.0,1,0.0,3,35.0,16,127.0,0,0,1,0,9.0,162.0,46.0,0,EW_GREEN,hold,,,
860.0,2,54,239.0,4.426,1,0.0,1,0.0,4,37.0,16,134.0,0,0,1,0,14.0,171.0,54.0,0,EW_GREEN,hold,,,
861.0,2,53,262.0,4.943,1,0.0,1,0.0,4,39.0,16,141.0,0,0,1,0,19.0,180.0,63.0,0,EW_GREEN,hold,,,
862.0,2,54,285.0,5.278,1,0.0,1,0.0,4,41.0,17,148.0,0,0,1,0,24.0,189.0,72.0,0,EW_GREEN,hold,,,
863.0,2,55,311.0,5.655,1,0.0,1,0.0,4,43.0,17,156.0,0,0,1,0,29.0,199.0,83.0,0,EW_GREEN,hold,,,
864.0,2,55,339.0,6.164,1,0.0,1,0.0,4,45.0,17,164.0,0,0,1,0,35.0,209.0,95.0,0,EW_GREEN,hold,,,
865.0,2,62,365.0,5.887,3,0.0,3,0.0,4,47.0,17,172.0,0,0,1,0,41.0,219.0,105.0,0,EW_GREEN,hold,,,
866.0,2,62,377.0,6.081,3,0.0,3,0.0,4,49.0,17,183.0,0,0,1,0,47.0,232.0,98.0,0,EW_GREEN,hold,,,
867.0,2,60,359.0,5.983,3,0.0,3,0.0,4,51.0,17,194.0,0,0,1,0,22.0,245.0,92.0,0,EW_GREEN,hold,,,
868.0,2,60,344.0,5.733,3,0.0,3,0.0,4,53.0,17,205.0,0,0,1,0,0.0,258.0,86.0,0,EW_GREEN,hold,,,
869.0,2,60,352.0,5.867,3,0.0,3,0.0,4,55.0,17,216.0,0,0,1,0,0.0,271.0,81.0,0,EW_GREEN,hold,,,
870.0,2,57,362.0,6.351,3,0.0,3,0.0,4,57.0,17,228.0,0,0,1,4,0.0,285.0,77.0,0,EW_GREEN,hold,,,
871.0,2,57,372.0,6.526,3,0.0,3,0.0,4,59.0,17,240.0,0,0,1,4,0.0,299.0,73.0,0,EW_GREEN,hold,,,
872.0,2,57,385.0,6.754,3,0.0,3,0.0,4,61.0,17,252.0,0,0,1,4,0.0,313.0,72.0,0,EW_GREEN,hold,,,
873.0,2,57,393.0,6.895,3,0.0,3,0.0,4,63.0,18,264.0,0,0,1,4,0.0,327.0,66.0,0,EW_GREEN,hold,,,
874.0,3,57,402.0,7.053,3,0.0,3,0.0,4,65.0,18,276.0,0,0,1,4,0.0,341.0,61.0,0,EW_GREEN,hold,,,
875.0,3,57,411.0,7.211,3,0.0,3,0.0,4,67.0,18,288.0,0,0,1,4,0.0,355.0,56.0,0,EW_GREEN,hold,,,
876.0,3,59,434.0,7.356,3,0.0,3,0.0,4,69.0,19,300.0,0,0,1,4,0.0,369.0,65.0,0,EW_GREEN,hold,,,
877.0,0,53,256.0,4.83,3,0.0,3,0.0,2,1.0,16,194.0,0,0,1,3,0.0,195.0,61.0,0,EW_GREEN,hold,,,
878.0,0,54,162.0,3.0,3,0.0,3,0.0,2,0.0,17,104.0,0,0,0,0,0.0,104.0,58.0,0,EW_GREEN,hold,,,
879.0,0,53,97.0,1.83,3,0.0,3,0.0,2,0.0,17,41.0,0,0,0,0,0.0,41.0,56.0,0,EW_GREEN,hold,,,
880.0,0,51,60.0,1.176,3,0.0,3,0.0,1,0.0,16,5.0,0,0,0,0,1.0,5.0,54.0,0,EW_GREEN,hold,,,
881.0,0,53,55.0,1.038,3,1.0,3,0.0,1,0.0,15,0.0,1,0,0,0,2.0,1.0,52.0,0,EW_GREEN,hold,,,
882.0,0,55,57.0,1.036,3,2.0,3,1.0,2,0.0,13,0.0,1,1,0,0,4.0,3.0,50.0,0,EW_GREEN,hold,,,
883.0,0,55,58.0,1.055,3,3.0,3,2.0,3,0.0,12,0.0,1,1,0,0,6.0,5.0,47.0,0,EW_GREEN,hold,,,
884.0,0,57,60.0,1.053,3,4.0,3,3.0,3,0.0,13,0.0,1,1,0,0,8.0,7.0,45.0,0,EW_GREEN,hold,,,
885.0,0,54,62.0,1.148,3,5.0,3,4.0,3,0.0,10,0.0,1,1,0,0,10.0,9.0,43.0,0,EW_GREEN,hold,,,
886.0,0,55,64.0,1.164,3,6.0,3,5.0,3,0.0,10,0.0,0,0,0,0,12.0,11.0,41.0,0,EW_GREEN,hold,,,
887.0,0,55,72.0,1.309,3,7.0,3,6.0,3,0.0,9,0.0,0,0,0,0,14.0,13.0,45.0,0,EW_GREEN,hold,,,
888.0,0,55,70.0,1.273,3,8.0,3,7.0,3,0.0,9,0.0,0,0,0,0,16.0,15.0,39.0,0,EW_GREEN,hold,,,
889.0,0,57,49.0,0.86,4,9.0,4,8.0,2,0.0,10,0.0,0,0,0,0,0.0,17.0,32.0,0,EW_GREEN,hold,,,
890.0,0,57,45.0,0.789,4,10.0,4,9.0,2,0.0,9,0.0,0,0,0,0,0.0,19.0,26.0,0,EW_YELLOW,pressure_ns,,,
891.0,3,56,50.0,0.893,4,11.0,4,10.0,2,0.0,9,0.0,0,0,0,0,0.0,21.0,29.0,0,EW_YELLOW,hold,,,
892.0,3,55,24.0,0.436,4,12.0,4,11.0,2,0.0,10,0.0,0,0,0,0,0.0,23.0,1.0,0,EW_YELLOW,hold,,,
893.0,3,57,27.0,0.474,4,13.0,4,12.0,2,0.0,10,0.0,0,0,0,0,0.0,25.0,2.0,0,NS_GREEN,yellow_end,,,
894.0,0,55,30.0,0.545,4,14.0,4,13.0,2,0.0,8,0.0,0,0,0,0,0.0,27.0,3.0,0,NS_GREEN,hold,,,
895.0,0,56,34.0,0.607,4,15.0,4,14.0,2,0.0,9,0.0,0,0,0,0,0.0,29.0,5.0,0,NS_GREEN,hold,,,
896.0,0,58,39.0,0.672,4,16.0,4,15.0,2,0.0,9,0.0,0,0,0,0,0.0,31.0,8.0,0,NS_GREEN,hold,,,
897.0,0,58,44.0,0.759,4,17.0,4,16.0,2,0.0,9,0.0,0,0,0,0,0.0,33.0,11.0,0,NS_GREEN,hold,,,
898.0,0,59,50.0,0.847,4,18.0,4,17.0,2,0.0,9,0.0,0,0,0,0,0.0,35.0,15.0,0,NS_GREEN,hold,,,
899.0,0,59,57.0,0.966,4,19.0,4,18.0,2,0.0,9,0.0,0,0,0,0,0.0,37.0,20.0,0,NS_GREEN,hold,,,
900.0,0,59,65.0,1.102,4,20.0,4,19.0,2,0.0,9,0.0,0,0,0,0,0.0,39.0,26.0,0,NS_GREEN,hold,,,
901.0,0,61,73.0,1.197,4,21.0,4,20.0,2,0.0,9,0.0,0,0,0,0,0.0,41.0,32.0,0,NS_YELLOW,pressure_ew,,,
902.0,1,64,81.0,1.266,4,22.0,4,21.0,2,0.0,10,0.0,0,0,0,0,0.0,43.0,38.0,0,NS_YELLOW,hold,,,
903.0,1,64,90.0,1.406,4,23.0,4,22.0,2,0.0,10,0.0,0,0,0,0,0.0,45.0,45.0,0,NS_YELLOW,hold,,,
904.0,1,63,86.0,1.365,4,24.0,4,23.0,2,0.0,10,0.0,0,0,0,0,0.0,47.0,39.0,0,EW_GREEN,yellow_end,,,
905.0,2,60,35.0,0.583,2,0.0,2,0.0,2,0.0,10,0.0,0,0,0,0,0.0,0.0,35.0,0,EW_GREEN,hold,,,
906.0,2,60,31.0,0.517,2,0.0,2,0.0,2,0.0,10,0.0,0,0,0,0,0.0,0.0,31.0,0,EW_GREEN,hold,,,
907.0,2,60,27.0,0.45,2,0.0,2,0.0,2,0.0,10,0.0,0,0,0,0,0.0,0.0,27.0,0,EW_GREEN,hold,,,
908.0,2,62,24.0,0.387,2,0.0,2,0.0,2,0.0,11,1.0,0,0,0,0,0.0,1.0,23.0,0,EW_GREEN,hold,,,
909.0,2,61,23.0,0.377,2,0.0,2,0.0,2,0.0,11,3.0,0,0,0,0,0.0,3.0,20.0,0,EW_GREEN,hold,,,
910.0,2,60,22.0,0.367,2,0.0,2,0.0,2,0.0,12,5.0,0,0,0,0,0.0,5.0,17.0,0,EW_GREEN,hold,,,
911.0,2,58,24.0,0.414,2,0.0,2,0.0,2,0.0,12,8.0,0,0,0,0,0.0,8.0,16.0,0,EW_GREEN,hold,,,
912.0,2,57,25.0,0.439,2,0.0,2,0.0,2,0.0,12,11.0,0,0,0,0,0.0,11.0,14.0,0,EW_GREEN,hold,,,
913.0,2,61,33.0,0.541,4,0.0,4,0.0,2,0.0,12,14.0,0,0,0,0,0.0,14.0,19.0,0,EW_GREEN,hold,,,
914.0,2,62,39.0,0.629,4,0.0,4,0.0,2,1.0,13,18.0,0,0,1,0,0.0,19.0,20.0,0,EW_GREEN,hold,,,
915.0,2,62,47.0,0.758,4,0.0,4,0.0,2,2.0,13,22.0,0,0,1,0,1.0,24.0,22.0,0,EW_GREEN,hold,,,
916.0,2,61,57.0,0.934,4,0.0,4,0.0,2,4.0,14,26.0,0,0,2,0,3.0,30.0,24.0,0,EW_GREEN,hold,,,
917.0,2,63,70.0,1.111,4,0.0,4,0.0,3,6.0,14,30.0,0,0,1,0,6.0,36.0,28.0,0,EW_GREEN,hold,,,
918.0,2,63,83.0,1.317,4,0.0,4,0.0,3,8.0,14,34.0,0,0,1,0,9.0,42.0,32.0,0,EW_GREEN,hold,,,
919.0,2,64,97.0,1.516,4,0.0,4,0.0,4,10.0,14,38.0,0,0,1,0,13.0,48.0,36.0,0,EW_GREEN,hold,,,
920.0,2,63,115.0,1.825,4,0.0,4,0.0,4,12.0,14,43.0,0,0,1,0,18.0,55.0,42.0,0,EW_GREEN,hold,,,
921.0,2,64,139.0,2.172,4,0.0,4,0.0,4,14.0,15,49.0,0,0,1,0,24.0,63.0,52.0,0,EW_GREEN,hold,,,
922.0,2,64,163.0,2.547,4,0.0,4,0.0,4,16.0,15,56.0,0,0,1,0,31.0,72.0,60.0,0,EW_GREEN,hold,,,
923.0,2,63,186.0,2.952,4,0.0,4,0.0,4,18.0,15,63.0,0,0,1,0,39.0,81.0,66.0,0,EW_GREEN,hold,,,
924.0,2,64,214.0,3.344,4,0.0,4,0.0,4,20.0,16,71.0,0,0,1,0,47.0,91.0,76.0,0,EW_GREEN,hold,,,
925.0,2,61,204.0,3.344,4,0.0,4,0.0,4,22.0,16,79.0,0,0,1,0,55.0,101.0,48.0,0,EW_GREEN,hold,,,
926.0,2,58,191.0,3.293,4,0.0,4,0.0,4,24.0,16,87.0,0,0,1,0,31.0,111.0,49.0,0,EW_GREEN,hold,,,
927.0,2,59,193.0,3.271,4,0.0,4,0.0,4,26.0,16,95.0,0,0,1,0,14.0,121.0,58.0,0,EW_GREEN,hold,,,
928.0,2,57,204.0,3.579,4,0.0,3,0.0,4,28.0,16,104.0,0,0,1,0,6.0,132.0,66.0,0,EW_GREEN,hold,,,
929.0,2,53,219.0,4.132,3,0.0,3,0.0,4,30.0,16,113.0,0,0,1,0,0.0,143.0,76.0,0,EW_GREEN,hold,,,
930.0,2,53,240.0,4.528,3,0.0,3,0.0,4,32.0,16,122.0,0,0,1,0,0.0,154.0,86.0,0,EW_GREEN,hold,,,
931.0,2,51,262.0,5.137,3,0.0,3,0.0,4,34.0,16,131.0,0,0,1,0,0.0,165.0,97.0,0,EW_GREEN,hold,,,
932.0,2,50,285.0,5.7,3,0.0,3,0.0,4,36.0,16,141.0,0,0,1,0,0.0,177.0,108.0,0,EW_GREEN,hold,,,
933.0,2,50,309.0,6.18,3,0.0,3,0.0,4,38.0,17,151.0,0,0,1,0,0.0,189.0,120.0,0,EW_GREEN,hold,,,
934.0,2,50,313.0,6.26,3,0.0,3,0.0,4,40.0,17,161.0,0,0,1,0,0.0,201.0,112.0,0,EW_GREEN,hold,,,
935.0,2,49,318.0,6.49,3,0.0,3,0.0,4,42.0,17,171.0,0,0,1,0,0.0,213.0,105.0,0,EW_GREEN,hold,,,
936.0,2,50,324.0,6.48,3,0.0,3,0.0,4,44.0,17,181.0,0,0,1,0,0.0,225.0,99.0,0,EW_GREEN,hold,,,
937.0,2,54,330.0,6.111,4,0.0,4,0.0,4,46.0,17,191.0,0,0,1,0,0.0,237.0,93.0,0,EW_GREEN,hold,,,
938.0,2,56,338.0,6.036,4,0.0,4,0.0,4,48.0,18,202.0,0,0,1,4,0.0,250.0,88.0,0,EW_GREEN,hold,,,
939.0,2,57,346.0,6.07,4,0.0,4,0.0,4,50.0,18,213.0,0,0,1,4,0.0,263.0,83.0,0,EW_GREEN,hold,,,
940.0,2,57,355.0,6.228,4,0.0,4,0.0,4,52.0,18,225.0,0,0,1,4,0.0,277.0,78.0,0,EW_GREEN,hold,,,
941.0,2,57,363.0,6.368,4,0.0,4,0.0,4,54.0,18,237.0,0,0,1,4,0.0,291.0,72.0,0,EW_GREEN,hold,,,
942.0,2,57,372.0,6.526,4,0.0,4,0.0,4,56.0,18,249.0,0,0,1,4,0.0,305.0,67.0,0,EW_GREEN,hold,,,
943.0,2,56,398.0,7.107,4,0.0,4,0.0,4,58.0,18,261.0,0,0,1,4,0.0,319.0,79.0,0,EW_GREEN,hold,,,
944.0,2,56,407.0,7.268,4,0.0,4,0.0,4,60.0,18,274.0,0,0,1,4,0.0,334.0,73.0,0,EW_GREEN,hold,,,
945.0,2,57,434.0,7.614,4,0.0,4,0.0,4,62.0,19,287.0,0,0,1,4,0.0,349.0,85.0,0,EW_GREEN,hold,,,
946.0,2,57,448.0,7.86,4,0.0,4,0.0,4,64.0,19,301.0,0,0,1,4,0.0,365.0,83.0,0,EW_GREEN,hold,,,
947.0,3,57,463.0,8.123,4,0.0,4,0.0,4,66.0,19,315.0,0,0,1,4,0.0,381.0,82.0,0,EW_GREEN,hold,,,
948.0,3,58,481.0,8.293,4,0.0,4,0.0,4,69.0,19,329.0,0,0,3,4,0.0,398.0,83.0,0,EW_GREEN,hold,,,
949.0,3,58,498.0,8.586,4,0.0,4,0.0,4,72.0,19,343.0,0,0,3,4,0.0,415.0,83.0,0,EW_GREEN,hold,,,
950.0,0,52,318.0,6.115,4,0.0,4,0.0,1,3.0,16,232.0,0,0,1,3,0.0,235.0,83.0,0,EW_GREEN,hold,,,
951.0,0,52,224.0,4.308,4,0.0,4,0.0,1,0.0,16,142.0,0,0,0,0,0.0,142.0,82.0,0,EW_GREEN,hold,,,
952.0,0,49,147.0,3.0,4,0.0,4,0.0,1,0.0,16,65.0,0,0,0,0,0.0,65.0,82.0,0,EW_GREEN,hold,,,
953.0,0,49,101.0,2.061,4,0.0,4,0.0,1,0.0,14,18.0,0,0,0,0,0.0,18.0,83.0,0,EW_GREEN,hold,,,
954.0,0,52,85.0,1.635,4,0.0,4,1.0,1,0.0,14,0.0,0,1,0,0,0.0,1.0,84.0,0,EW_GREEN,hold,,,
955.0,0,53,88.0,1.66,4,0.0,4,2.0,2,0.0,14,0.0,0,1,0,0,0.0,2.0,86.0,0,EW_GREEN,hold,,,
956.0,0,54,101.0,1.87,4,0.0,4,3.0,2,0.0,12,0.0,0,1,0,0,0.0,3.0,98.0,0,EW_GREEN,hold,,,
957.0,0,54,105.0,1.944,4,1.0,4,5.0,2,0.0,12,0.0,0,1,0,0,0.0,6.0,99.0,0,EW_GREEN,hold,,,
958.0,0,55,109.0,1.982,4,2.0,4,8.0,2,0.0,9,0.0,0,1,0,0,0.0,10.0,99.0,0,EW_GREEN,hold,,,
959.0,0,55,114.0,2.073,4,5.0,4,11.0,2,0.0,9,0.0,1,4,0,0,0.0,16.0,98.0,0,EW_GREEN,hold,,,
960.0,0,54,133.0,2.463,4,9.0,4,15.0,2,0.0,6,0.0,4,4,0,0,0.0,24.0,109.0,0,EW_GREEN,hold,,,
961.0,0,58,153.0,2.638,6,13.0,6,19.0,2,0.0,6,0.0,0,0,0,0,0.0,32.0,121.0,0,EW_GREEN,hold,,,
962.0,0,62,174.0,2.806,7,17.0,7,23.0,2,0.0,5,0.0,0,0,0,0,0.0,40.0,134.0,0,EW_YELLOW,pressure_ns,,,
963.0,3,61,196.0,3.213,7,21.0,7,27.0,2,0.0,5,0.0,0,0,0,0,0.0,48.0,148.0,0,EW_YELLOW,hold,,,
964.0,3,63,219.0,3.476,7,25.0,7,31.0,2,0.0,6,0.0,0,0,0,0,0.0,56.0,163.0,0,EW_YELLOW,hold,,,
965.0,3,63,217.0,3.444,7,29.0,7,35.0,2,0.0,6,1.0,0,0,0,0,0.0,65.0,152.0,0,NS_GREEN,yellow_end,,,
966.0,0,64,216.0,3.375,7,33.0,7,39.0,2,0.0,6,0.0,0,0,0,0,0.0,72.0,144.0,0,NS_GREEN,hold,,,
967.0,0,63,216.0,3.429,7,37.0,7,43.0,2,0.0,5,0.0,0,0,0,0,0.0,80.0,136.0,0,NS_GREEN,hold,,,
968.0,0,64,217.0,3.391,7,41.0,7,47.0,2,0.0,5,0.0,0,0,0,0,0.0,88.0,129.0,0,NS_GREEN,hold,,,
969.0,0,64,219.0,3.422,7,45.0,7,51.0,2,0.0,6,0.0,0,0,0,0,0.0,96.0,123.0,0,NS_GREEN,hold,,,
970.0,0,64,221.0,3.453,7,49.0,7,55.0,2,0.0,6,0.0,0,0,0,0,0.0,104.0,117.0,0,NS_GREEN,hold,,,
971.0,0,64,223.0,3.484,7,53.0,7,59.0,2,0.0,6,0.0,0,0,0,0,0.0,112.0,111.0,0,NS_GREEN,hold,,,
972.0,0,65,243.0,3.738,7,57.0,7,63.0,2,0.0,6,0.0,0,0,0,0,0.0,120.0,123.0,0,NS_GREEN,hold,,,
973.0,0,67,244.0,3.642,7,61.0,7,67.0,2,0.0,6,0.0,0,0,0,0,0.0,128.0,116.0,0,NS_YELLOW,pressure_ew,,,
974.0,1,66,245.0,3.712,7,65.0,7,71.0,2,0.0,5,0.0,0,0,0,0,0.0,136.0,109.0,0,NS_YELLOW,hold,,,
975.0,1,65,248.0,3.815,7,69.0,7,75.0,2,0.0,5,0.0,0,0,0,0,0.0,144.0,104.0,0,NS_YELLOW,hold,,,
976.0,1,67,254.0,3.791,7,74.0,7,79.0,2,0.0,6,0.0,0,0,0,0,0.0,153.0,101.0,0,EW_GREEN,yellow_end,,,
977.0,2,64,173.0,2.703,6,39.0,6,39.0,2,0.0,6,0.0,0,0,0,0,0.0,78.0,95.0,0,EW_GREEN,hold,,,
978.0,2,64,132.0,2.062,6,22.0,6,21.0,2,0.0,6,0.0,0,0,0,0,0.0,43.0,89.0,0,EW_GREEN,hold,,,
979.0,2,64,89.0,1.391,5,4.0,5,3.0,2,0.0,7,0.0,0,0,0,0,0.0,7.0,82.0,0,EW_GREEN,hold,,,
980.0,2,62,90.0,1.452,4,0.0,4,0.0,2,0.0,7,0.0,0,0,0,0,0.0,0.0,90.0,0,EW_GREEN,hold,,,
981.0,2,62,84.0,1.355,4,0.0,4,0.0,2,0.0,7,1.0,0,0,0,0,0.0,1.0,83.0,0,EW_GREEN,hold,,,
982.0,2,61,78.0,1.279,3,0.0,3,0.0,2,0.0,8,2.0,0,0,0,0,0.0,2.0,76.0,0,EW_GREEN,hold,,,
983.0,2,59,87.0,1.475,3,0.0,3,0.0,2,0.0,8,3.0,0,0,0,0,0.0,3.0,84.0,0,EW_GREEN,hold,,,
984.0,2,56,79.0,1.411,3,0.0,3,0.0,2,0.0,8,4.0,0,0,0,0,0.0,4.0,75.0,0,EW_GREEN,hold,,,
985.0,2,56,73.0,1.304,4,0.0,4,0.0,2,1.0,8,6.0,0,0,1,0,0.0,7.0,66.0,0,EW_GREEN,hold,,,
986.0,2,56,68.0,1.214,4,0.0,3,0.0,2,2.0,9,8.0,0,0,1,0,0.0,10.0,58.0,0,EW_GREEN,hold,,,
987.0,2,55,64.0,1.164,3,0.0,3,0.0,2,4.0,9,10.0,0,0,2,0,0.0,14.0,50.0,0,EW_GREEN,hold,,,
988.0,2,55,60.0,1.091,3,0.0,3,0.0,2,6.0,9,13.0,0,0,2,0,0.0,19.0,41.0,0,EW_GREEN,hold,,,
989.0,2,54,56.0,1.037,3,0.0,2,0.0,2,8.0,9,16.0,0,0,2,0,0.0,24.0,32.0,0,EW_GREEN,hold,,,
990.0,2,54,51.0,0.944,2,0.0,2,0.0,2,10.0,9,19.0,0,0,2,0,0.0,29.0,22.0,0,EW_GREEN,hold,,,
991.0,2,57,62.0,1.088,2,0.0,2,0.0,3,12.0,9,22.0,0,0,1,0,1.0,34.0,27.0,0,EW_GREEN,hold,,,
992.0,2,56,74.0,1.321,2,0.0,2,0.0,3,14.0,9,25.0,0,0,1,0,2.0,39.0,33.0,0,EW_GREEN,hold,,,
993.0,2,57,87.0,1.526,2,0.0,2,0.0,3,16.0,9,28.0,0,0,1,0,4.0,44.0,39.0,0,EW_GREEN,hold,,,
994.0,2,57,102.0,1.789,2,0.0,2,0.0,3,18.0,9,31.0,0,0,1,0,7.0,49.0,46.0,0,EW_GREEN,hold,,,
995.0,2,57,121.0,2.123,2,0.0,2,0.0,3,20.0,9,34.0,0,0,1,0,13.0,54.0,54.0,0,EW_GREEN,hold,,,
996.0,2,57,141.0,2.474,2,0.0,2,0.0,4,22.0,9,37.0,0,0,1,0,19.0,59.0,63.0,0,EW_GREEN,hold,,,
997.0,2,58,162.0,2.793,2,0.0,2,0.0,4,24.0,10,40.0,0,0,1,0,26.0,64.0,72.0,0,EW_GREEN,hold,,,
998.0,2,58,186.0,3.207,2,0.0,2,0.0,4,26.0,10,44.0,0,0,1,1,33.0,70.0,83.0,0,EW_GREEN,hold,,,
999.0,2,59,209.0,3.542,1,0.0,2,0.0,4,28.0,10,48.0,0,0,1,1,41.0,76.0,92.0,0,EW_GREEN,hold,,,
1000.0,2,59,234.0,3.966,1,0.0,2,0.0,4,30.0,10,52.0,0,0,1,1,49.0,82.0,103.0,0,EW_GREEN,hold,,,
1001.0,2,58,260.0,4.483,1,0.0,1,0.0,4,32.0,10,56.0,0,0,1,1,57.0,88.0,115.0,0,EW_GREEN,hold,,,
1002.0,2,58,287.0,4.948,1,0.0,1,0.0,4,34.0,10,60.0,0,0,1,1,65.0,94.0,128.0,0,EW_GREEN,hold,,,
1003.0,2,55,282.0,5.127,1,0.0,1,0.0,4,36.0,10,64.0,0,0,1,1,40.0,100.0,142.0,0,EW_GREEN,hold,,,
1004.0,2,56,287.0,5.125,1,0.0,1,0.0,4,38.0,10,68.0,0,0,1,1,24.0,106.0,157.0,0,EW_GREEN,hold,,,
1005.0,2,56,294.0,5.25,1,0.0,1,0.0,4,40.0,10,72.0,0,0,1,0,9.0,112.0,173.0,0,EW_GREEN,hold,,,
1006.0,2,54,307.0,5.685,1,0.0,1,0.0,4,42.0,10,77.0,0,0,1,0,0.0,119.0,188.0,0,EW_GREEN,hold,,,
1007.0,2,53,330.0,6.226,1,0.0,1,0.0,4,44.0,10,82.0,0,0,1,0,0.0,126.0,204.0,0,EW_GREEN,hold,,,
1008.0,2,53,355.0,6.698,1,0.0,1,0.0,4,46.0,10,87.0,0,0,1,2,0.0,133.0,222.0,0,EW_GREEN,hold,,,
1009.0,2,59,381.0,6.458,3,0.0,3,0.0,4,48.0,11,92.0,0,0,1,2,0.0,140.0,241.0,0,EW_GREEN,hold,,,
1010.0,2,58,378.0,6.517,3,0.0,3,0.0,4,50.0,11,99.0,0,0,1,2,0.0,149.0,229.0,0,EW_GREEN,hold,,,
1011.0,2,56,379.0,6.768,3,0.0,3,0.0,4,52.0,11,106.0,0,0,1,2,0.0,158.0,221.0,0,EW_GREEN,hold,,,
1012.0,2,57,380.0,6.667,3,0.0,3,0.0,4,54.0,12,113.0,0,0,1,5,0.0,167.0,213.0,0,EW_GREEN,hold,,,
1013.0,2,57,384.0,6.737,3,0.0,3,0.0,4,56.0,12,121.0,0,0,0,5,0.0,177.0,207.0,0,EW_GREEN,hold,,,
1014.0,2,57,388.0,6.807,3,0.0,3,0.0,4,58.0,12,129.0,0,0,0,5,0.0,187.0,201.0,0,EW_GREEN,hold,,,
1015.0,2,56,392.0,7.0,3,0.0,3,0.0,4,60.0,12,137.0,0,0,0,5,0.0,197.0,195.0,0,EW_GREEN,hold,,,
1016.0,2,56,396.0,7.071,3,0.0,3,0.0,4,62.0,12,145.0,0,0,0,5,0.0,207.0,189.0,0,EW_GREEN,hold,,,
1017.0,2,56,401.0,7.161,3,0.0,3,0.0,4,64.0,13,153.0,0,0,0,5,1.0,217.0,183.0,0,EW_GREEN,hold,,,
1018.0,2,56,406.0,7.25,3,0.0,3,0.0,4,66.0,13,161.0,0,0,0,5,2.0,227.0,177.0,0,EW_GREEN,hold,,,
1019.0,3,57,411.0,7.211,3,0.0,3,0.0,4,68.0,14,169.0,0,0,0,3,3.0,237.0,171.0,0,EW_GREEN,hold,,,
1020.0,3,57,418.0,7.333,3,0.0,3,0.0,4,70.0,14,178.0,0,0,0,3,5.0,248.0,165.0,0,EW_GREEN,hold,,,
1021.0,3,57,425.0,7.456,3,0.0,3,0.0,4,72.0,14,187.0,0,0,0,3,7.0,259.0,159.0,0,EW_GREEN,hold,,,
1022.0,0,53,278.0,5.245,3,0.0,3,0.0,2,0.0,12,94.0,0,0,0,2,10.0,94.0,174.0,0,EW_GREEN,hold,,,
1023.0,0,53,210.0,3.962,3,0.0,3,0.0,2,0.0,12,29.0,0,0,0,0,14.0,29.0,167.0,0,EW_GREEN,hold,,,
1024.0,0,51,182.0,3.569,3,0.0,3,0.0,2,0.0,12,5.0,0,0,0,0,18.0,5.0,159.0,0,EW_GREEN,hold,,,
1025.0,0,50,172.0,3.44,3,0.0,3,0.0,2,0.0,10,0.0,0,0,0,0,22.0,0.0,150.0,0,EW_GREEN,hold,,,
1026.0,0,52,170.0,3.269,3,1.0,3,1.0,2,0.0,9,0.0,1,1,0,0,26.0,2.0,142.0,0,EW_GREEN,hold,,,
1027.0,0,55,188.0,3.418,3,2.0,3,2.0,3,0.0,10,0.0,1,1,0,0,30.0,4.0,154.0,0,EW_GREEN,hold,,,
1028.0,0,52,166.0,3.192,3,3.0,3,3.0,3,0.0,8,0.0,1,1,0,0,13.0,6.0,147.0,0,EW_GREEN,hold,,,
1029.0,0,50,144.0,2.88,3,4.0,3,4.0,2,0.0,8,0.0,0,1,0,0,0.0,8.0,136.0,0,EW_GREEN,hold,,,
1030.0,0,54,134.0,2.481,3,5.0,3,5.0,2,0.0,8,0.0,0,0,0,0,0.0,10.0,124.0,0,EW_GREEN,hold,,,
1031.0,0,53,143.0,2.698,3,6.0,3,6.0,2,0.0,7,0.0,0,0,0,0,0.0,12.0,131.0,0,EW_GREEN,hold,,,
1032.0,0,53,129.0,2.434,3,7.0,3,7.0,2,0.0,7,0.0,0,0,0,0,0.0,14.0,115.0,0,EW_GREEN,hold,,,
1033.0,0,57,115.0,2.018,4,8.0,4,8.0,2,0.0,8,0.0,0,0,0,0,0.0,16.0,99.0,0,EW_GREEN,hold,,,
1034.0,0,56,101.0,1.804,4,9.0,4,9.0,2,0.0,8,0.0,0,0,0,0,0.0,18.0,83.0,0,EW_GREEN,hold,,,
1035.0,0,53,54.0,1.019,4,10.0,4,10.0,2,0.0,8,0.0,0,0,0,0,0.0,20.0,34.0,0,EW_GREEN,hold,,,
1036.0,0,54,24.0,0.444,4,11.0,4,11.0,2,0.0,9,0.0,0,0,0,0,0.0,22.0,2.0,0,EW_YELLOW,max_green,,,
1037.0,3,54,27.0,0.5,4,12.0,4,12.0,2,0.0,9,0.0,0,0,0,0,0.0,24.0,3.0,0,EW_YELLOW,hold,,,
1038.0,3,54,30.0,0.556,4,13.0,4,13.0,2,0.0,9,0.0,0,0,0,0,0.0,26.0,4.0,0,EW_YELLOW,hold,,,
1039.0,3,55,35.0,0.636,4,14.0,4,14.0,2,0.0,10,0.0,0,0,0,0,0.0,28.0,7.0,0,NS_GREEN,yellow_end,,,
1040.0,0,56,40.0,0.714,4,15.0,4,15.0,2,0.0,10,0.0,0,0,0,0,0.0,30.0,10.0,0,NS_GREEN,hold,,,
1041.0,0,56,46.0,0.821,4,16.0,4,16.0,2,0.0,10,0.0,0,0,0,0,0.0,32.0,14.0,0,NS_GREEN,hold,,,
1042.0,0,56,53.0,0.946,4,17.0,4,17.0,2,0.0,10,0.0,0,0,0,0,0.0,34.0,19.0,0,NS_GREEN,hold,,,
1043.0,0,56,60.0,1.071,4,18.0,4,18.0,2,0.0,10,0.0,0,0,0,0,0.0,36.0,24.0,0,NS_GREEN,hold,,,
1044.0,0,56,68.0,1.214,4,19.0,4,19.0,2,0.0,10,0.0,0,0,0,0,0.0,38.0,30.0,0,NS_GREEN,hold,,,
1045.0,0,56,76.0,1.357,4,20.0,4,20.0,2,0.0,9,0.0,0,0,0,0,0.0,40.0,36.0,0,NS_GREEN,hold,,,
1046.0,0,57,74.0,1.298,4,21.0,4,21.0,2,0.0,10,0.0,0,0,0,0,0.0,42.0,32.0,0,NS_GREEN,hold,,,
1047.0,0,57,73.0,1.281,4,22.0,4,22.0,2,0.0,9,0.0,0,0,0,0,0.0,44.0,29.0,0,NS_YELLOW,pressure_ew,,,
1048.0,1,57,71.0,1.246,4,23.0,4,23.0,2,0.0,9,0.0,0,0,0,0,0.0,46.0,25.0,0,NS_YELLOW,hold,,,
1049.0,1,57,71.0,1.246,4,24.0,4,25.0,2,0.0,9,0.0,0,1,0,0,0.0,49.0,22.0,0,NS_YELLOW,hold,,,
1050.0,1,59,72.0,1.22,4,26.0,4,27.0,2,0.0,10,0.0,1,1,0,0,0.0,53.0,19.0,0,EW_GREEN,yellow_end,,,
1051.0,2,55,17.0,0.309,2,0.0,2,0.0,2,0.0,10,0.0,0,0,0,0,0.0,0.0,17.0,0,EW_GREEN,hold,,,
1052.0,2,56,15.0,0.268,2,0.0,2,0.0,2,0.0,11,0.0,0,0,0,0,0.0,0.0,15.0,0,EW_GREEN,hold,,,
1053.0,2,56,15.0,0.268,2,0.0,2,0.0,2,0.0,11,2.0,0,0,0,0,0.0,2.0,13.0,0,EW_GREEN,hold,,,
1054.0,2,56,16.0,0.286,2,0.0,2,0.0,2,0.0,11,4.0,0,0,0,0,0.0,4.0,12.0,0,EW_GREEN,hold,,,
1055.0,2,55,17.0,0.309,2,0.0,2,0.0,2,0.0,11,7.0,0,0,0,0,0.0,7.0,10.0,0,EW_GREEN,hold,,,
1056.0,2,56,18.0,0.321,2,0.0,2,0.0,2,0.0,12,10.0,0,0,0,0,0.0,10.0,8.0,0,EW_GREEN,hold,,,
1057.0,2,59,26.0,0.441,4,0.0,4,0.0,2,0.0,12,13.0,0,0,0,0,1.0,13.0,12.0,0,EW_GREEN,hold,,,
1058.0,2,60,32.0,0.533,4,0.0,4,0.0,2,1.0,12,16.0,0,0,1,0,3.0,17.0,12.0,0,EW_GREEN,hold,,,
1059.0,2,61,39.0,0.639,4,0.0,4,0.0,2,2.0,13,19.0,0,0,1,0,6.0,21.0,12.0,0,EW_GREEN,hold,,,
1060.0,2,59,49.0,0.831,4,0.0,4,0.0,2,4.0,13,22.0,0,0,2,0,10.0,26.0,13.0,0,EW_GREEN,hold,,,
1061.0,2,59,60.0,1.017,4,0.0,4,0.0,2,6.0,13,26.0,0,0,2,0,14.0,32.0,14.0,0,EW_GREEN,hold,,,
1062.0,2,61,74.0,1.213,4,0.0,4,0.0,3,8.0,14,31.0,0,0,1,0,20.0,39.0,15.0,0,EW_GREEN,hold,,,
1063.0,2,62,88.0,1.419,4,0.0,4,0.0,4,10.0,14,36.0,0,0,1,0,26.0,46.0,16.0,0,EW_GREEN,hold,,,
1064.0,2,58,83.0,1.431,4,0.0,4,0.0,4,12.0,14,41.0,0,0,1,0,13.0,53.0,17.0,0,EW_GREEN,hold,,,
1065.0,2,58,87.0,1.5,4,0.0,4,0.0,4,14.0,14,46.0,0,0,1,0,6.0,60.0,21.0,0,EW_GREEN,hold,,,
1066.0,2,57,97.0,1.702,4,0.0,4,0.0,4,16.0,14,51.0,0,0,1,0,3.0,67.0,27.0,0,EW_GREEN,hold,,,
1067.0,2,56,105.0,1.875,4,0.0,4,0.0,4,18.0,15,57.0,0,0,1,0,0.0,75.0,30.0,0,EW_GREEN,hold,,,
1068.0,2,55,116.0,2.109,4,0.0,4,0.0,4,20.0,15,63.0,0,0,1,0,0.0,83.0,33.0,0,EW_GREEN,hold,,,
1069.0,2,55,128.0,2.327,4,0.0,4,0.0,4,22.0,15,69.0,0,0,1,0,0.0,91.0,37.0,0,EW_GREEN,hold,,,
1070.0,2,52,105.0,2.019,4,0.0,4,0.0,4,24.0,16,75.0,0,0,1,0,0.0,99.0,6.0,0,EW_GREEN,hold,,,
1071.0,2,51,108.0,2.118,3,0.0,4,0.0,4,26.0,16,82.0,0,0,1,0,0.0,108.0,0.0,0,EW_GREEN,hold,,,
1072.0,2,51,118.0,2.314,3,0.0,3,0.0,4,28.0,17,90.0,0,0,1,0,0.0,118.0,0.0,0,EW_GREEN,hold,,,
1073.0,2,51,129.0,2.529,3,0.0,3,0.0,4,30.0,17,98.0,0,0,1,0,0.0,128.0,1.0,0,EW_GREEN,hold,,,
1074.0,2,50,141.0,2.82,3,0.0,3,0.0,4,32.0,17,106.0,0,0,1,0,0.0,138.0,3.0,0,EW_GREEN,hold,,,
1075.0,2,50,153.0,3.06,3,0.0,3,0.0,4,34.0,17,114.0,0,0,1,0,0.0,148.0,5.0,0,EW_GREEN,hold,,,
1076.0,2,50,165.0,3.3,3,0.0,3,0.0,4,36.0,17,122.0,0,0,1,0,0.0,158.0,7.0,0,EW_GREEN,hold,,,
1077.0,2,49,179.0,3.653,3,0.0,3,0.0,4,38.0,17,131.0,0,0,1,0,0.0,169.0,10.0,0,EW_GREEN,hold,,,
1078.0,2,50,194.0,3.88,3,0.0,3,0.0,4,40.0,17,140.0,0,0,1,0,0.0,180.0,14.0,0,EW_GREEN,hold,,,
1079.0,2,49,209.0,4.265,2,0.0,2,0.0,4,42.0,18,149.0,0,0,1,4,0.0,191.0,18.0,0,EW_GREEN,hold,,,
1080.0,2,49,225.0,4.592,2,0.0,2,0.0,4,44.0,18,158.0,0,0,1,4,0.0,202.0,23.0,0,EW_GREEN,hold,,,
1081.0,2,56,234.0,4.179,4,0.0,4,0.0,4,46.0,18,168.0,0,0,1,4,0.0,214.0,20.0,0,EW_GREEN,hold,,,
1082.0,2,56,243.0,4.339,4,0.0,3,0.0,4,48.0,18,178.0,0,0,1,4,0.0,226.0,17.0,0,EW_GREEN,hold,,,
1083.0,2,55,254.0,4.618,3,0.0,3,0.0,4,50.0,18,189.0,0,0,1,0,0.0,239.0,15.0,0,EW_GREEN,hold,,,
1084.0,2,56,266.0,4.75,3,0.0,3,0.0,4,52.0,18,200.0,0,0,1,3,1.0,252.0,13.0,0,EW_GREEN,hold,,,
1085.0,2,58,281.0,4.845,3,0.0,3,0.0,4,54.0,18,212.0,0,0,1,0,3.0,266.0,12.0,0,EW_GREEN,hold,,,
1086.0,2,57,295.0,5.175,3,0.0,2,0.0,4,56.0,18,224.0,0,0,1,0,5.0,280.0,10.0,0,EW_GREEN,hold,,,
1087.0,2,56,311.0,5.554,2,0.0,2,0.0,4,58.0,18,236.0,0,0,1,0,7.0,294.0,10.0,0,EW_GREEN,hold,,,
1088.0,2,59,323.0,5.475,2,0.0,2,0.0,4,60.0,19,248.0,0,0,1,0,9.0,308.0,6.0,0,EW_GREEN,hold,,,
1089.0,2,60,337.0,5.617,2,0.0,2,0.0,4,62.0,19,260.0,0,0,1,4,11.0,322.0,4.0,0,EW_GREEN,hold,,,
1090.0,2,61,352.0,5.77,2,0.0,2,0.0,4,64.0,20,273.0,0,0,1,4,13.0,337.0,2.0,0,EW_GREEN,hold,,,
1091.0,2,61,370.0,6.066,2,0.0,2,0.0,4,66.0,20,286.0,0,0,1,4,15.0,352.0,3.0,0,EW_GREEN,hold,,,
1092.0,2,62,389.0,6.274,2,0.0,2,0.0,4,68.0,21,300.0,0,0,1,4,17.0,368.0,4.0,0,EW_GREEN,hold,,,
1093.0,3,63,406.0,6.444,2,0.0,2,0.0,4,70.0,21,314.0,0,0,1,4,19.0,384.0,3.0,0,EW_GREEN,hold,,,
1094.0,3,62,422.0,6.806,2,0.0,2,0.0,4,72.0,21,328.0,0,0,3,4,21.0,400.0,1.0,0,EW_GREEN,hold,,,
1095.0,3,63,442.0,7.016,2,0.0,2,0.0,4,75.0,22,343.0,0,0,3,4,23.0,418.0,1.0,0,EW_GREEN,hold,,,
1096.0,0,55,256.0,4.655,2,0.0,2,0.0,1,2.0,19,228.0,0,0,1,3,25.0,230.0,1.0,0,EW_GREEN,hold,,,
1097.0,0,57,167.0,2.93,2,0.0,2,0.0,2,0.0,20,140.0,0,0,0,0,27.0,140.0,0.0,0,EW_GREEN,hold,,,
1098.0,0,57,104.0,1.825,2,0.0,2,0.0,2,0.0,20,74.0,0,0,0,0,29.0,74.0,1.0,0,EW_GREEN,hold,,,
1099.0,0,57,60.0,1.053,2,1.0,2,0.0,2,0.0,18,28.0,1,0,0,0,31.0,29.0,0.0,0,EW_GREEN,hold,,,
1100.0,0,57,9.0,0.158,2,2.0,2,1.0,2,0.0,17,6.0,1,0,0,0,0.0,9.0,0.0,0,EW_GREEN,hold,,,
1101.0,0,58,5.0,0.086,2,3.0,2,2.0,2,0.0,17,0.0,1,0,0,0,0.0,5.0,0.0,0,EW_GREEN,hold,,,
1102.0,0,58,8.0,0.138,2,4.0,2,3.0,2,0.0,15,0.0,1,0,0,0,0.0,7.0,1.0,0,EW_GREEN,hold,,,
1103.0,0,58,12.0,0.207,2,5.0,2,4.0,2,0.0,15,0.0,1,0,0,0,0.0,9.0,3.0,0,EW_GREEN,hold,,,
1104.0,0,56,17.0,0.304,2,6.0,2,5.0,2,0.0,12,0.0,1,0,0,0,0.0,11.0,6.0,0,EW_GREEN,hold,,,
1105.0,0,61,22.0,0.361,4,7.0,4,6.0,2,0.0,13,0.0,0,0,0,0,0.0,13.0,9.0,0,EW_GREEN,hold,,,
1106.0,0,61,27.0,0.443,4,8.0,4,7.0,2,0.0,10,0.0,0,0,0,0,0.0,15.0,12.0,0,EW_GREEN,hold,,,
1107.0,0,62,33.0,0.532,4,9.0,4,8.0,2,0.0,11,0.0,0,0,0,0,0.0,17.0,16.0,0,EW_GREEN,hold,,,
1108.0,0,63,40.0,0.635,4,10.0,4,9.0,2,0.0,9,0.0,0,0,0,0,0.0,19.0,21.0,0,EW_GREEN,hold,,,
1109.0,0,63,48.0,0.762,4,11.0,4,10.0,2,0.0,9,0.0,0,0,0,0,0.0,21.0,27.0,0,EW_GREEN,hold,,,
1110.0,0,66,56.0,0.848,4,12.0,4,11.0,2,0.0,10,0.0,0,0,0,0,0.0,23.0,33.0,0,EW_YELLOW,max_green,,,
1111.0,3,66,65.0,0.985,4,13.0,4,12.0,2,0.0,10,0.0,0,0,0,0,0.0,25.0,40.0,0,EW_YELLOW,hold,,,
1112.0,3,67,74.0,1.104,4,14.0,4,13.0,2,0.0,10,0.0,0,0,0,0,0.0,27.0,47.0,0,EW_YELLOW,hold,,,
1113.0,3,66,84.0,1.273,4,15.0,4,14.0,2,0.0,10,0.0,0,0,0,0,0.0,29.0,55.0,0,NS_GREEN,yellow_end,,,
1114.0,0,66,94.0,1.424,4,16.0,4,15.0,2,0.0,10,0.0,0,0,0,0,0.0,31.0,63.0,0,NS_GREEN,hold,,,
1115.0,0,65,105.0,1.615,4,17.0,4,16.0,2,0.0,10,0.0,0,0,0,0,0.0,33.0,72.0,0,NS_GREEN,hold,,,
1116.0,0,65,116.0,1.785,4,18.0,4,17.0,2,0.0,10,0.0,0,0,0,0,0.0,35.0,81.0,0,NS_GREEN,hold,,,
1117.0,0,68,128.0,1.882,4,19.0,4,18.0,2,0.0,11,0.0,0,0,0,0,0.0,37.0,91.0,0,NS_GREEN,hold,,,
1118.0,0,67,141.0,2.104,4,20.0,4,19.0,2,0.0,11,0.0,0,0,0,0,0.0,39.0,102.0,0,NS_GREEN,hold,,,
1119.0,0,66,155.0,2.348,4,21.0,4,20.0,2,0.0,10,0.0,0,0,0,0,0.0,41.0,114.0,0,NS_GREEN,hold,,,
1120.0,0,67,151.0,2.254,4,22.0,4,21.0,2,0.0,10,0.0,0,0,0,0,0.0,43.0,108.0,0,NS_GREEN,hold,,,
1121.0,0,67,148.0,2.209,4,23.0,4,22.0,2,0.0,9,0.0,0,0,0,0,0.0,45.0,103.0,0,NS_YELLOW,pressure_ew,,,
1122.0,1,68,145.0,2.132,4,24.0,4,23.0,2,0.0,10,0.0,0,0,0,0,0.0,47.0,98.0,0,NS_YELLOW,hold,,,
1123.0,1,71,160.0,2.254,4,25.0,4,24.0,2,0.0,10,0.0,0,0,0,0,0.0,49.0,111.0,0,NS_YELLOW,hold,,,
1124.0,1,71,159.0,2.239,4,27.0,4,25.0,2,0.0,10,0.0,1,0,0,0,0.0,52.0,107.0,0,EW_GREEN,yellow_end,,,
1125.0,2,67,103.0,1.537,2,0.0,2,0.0,2,0.0,10,0.0,0,0,0,0,0.0,0.0,103.0,0,EW_GREEN,hold,,,
1126.0,2,66,84.0,1.273,2,0.0,2,0.0,2,0.0,10,1.0,0,0,0,0,0.0,1.0,83.0,0,EW_GREEN,hold,,,
1127.0,2,65,81.0,1.246,2,0.0,2,0.0,2,0.0,10,2.0,0,0,0,0,0.0,2.0,79.0,0,EW_GREEN,hold,,,
1128.0,2,66,78.0,1.182,2,0.0,2,0.0,2,0.0,11,3.0,0,0,0,0,0.0,3.0,75.0,0,EW_GREEN,hold,,,
1129.0,2,66,77.0,1.167,3,0.0,3,0.0,2,0.0,11,5.0,0,0,0,0,0.0,5.0,72.0,0,EW_GREEN,hold,,,
1130.0,2,64,80.0,1.25,3,0.0,3,0.0,2,1.0,11,7.0,0,0,1,0,0.0,8.0,72.0,0,EW_GREEN,hold,,,
1131.0,2,64,83.0,1.297,3,0.0,3,0.0,2,2.0,12,9.0,0,0,1,0,0.0,11.0,72.0,0,EW_GREEN,hold,,,
1132.0,2,61,87.0,1.426,3,0.0,3,0.0,2,4.0,12,11.0,0,0,2,0,0.0,15.0,72.0,0,EW_GREEN,hold,,,
1133.0,2,62,105.0,1.694,3,0.0,3,0.0,2,6.0,12,13.0,0,0,2,0,0.0,19.0,86.0,0,EW_GREEN,hold,,,
1134.0,2,61,109.0,1.787,3,0.0,3,0.0,2,8.0,12,15.0,0,0,2,0,0.0,23.0,86.0,0,EW_GREEN,hold,,,
1135.0,2,57,114.0,2.0,3,0.0,3,0.0,2,10.0,12,17.0,0,0,2,0,0.0,27.0,87.0,0,EW_GREEN,hold,,,
1136.0,2,57,120.0,2.105,3,0.0,3,0.0,2,12.0,12,19.0,0,0,2,0,0.0,31.0,89.0,0,EW_GREEN,hold,,,
1137.0,2,58,127.0,2.19,3,0.0,3,0.0,3,14.0,12,21.0,0,0,1,0,1.0,35.0,91.0,0,EW_GREEN,hold,,,
1138.0,2,58,136.0,2.345,3,0.0,3,0.0,3,16.0,12,23.0,0,0,1,0,2.0,39.0,95.0,0,EW_GREEN,hold,,,
1139.0,2,56,148.0,2.643,3,0.0,3,0.0,3,18.0,12,25.0,0,0,1,0,3.0,43.0,102.0,0,EW_GREEN,hold,,,
1140.0,2,57,161.0,2.825,3,0.0,3,0.0,3,20.0,13,28.0,0,0,1,0,4.0,48.0,109.0,0,EW_GREEN,hold,,,
1141.0,2,56,183.0,3.268,3,0.0,3,0.0,3,22.0,13,31.0,0,0,1,0,5.0,53.0,125.0,0,EW_GREEN,hold,,,
1142.0,2,56,197.0,3.518,3,0.0,3,0.0,3,24.0,13,35.0,0,0,1,0,6.0,59.0,132.0,0,EW_GREEN,hold,,,
1143.0,2,54,205.0,3.796,2,0.0,2,0.0,3,26.0,13,39.0,0,0,1,0,1.0,65.0,139.0,0,EW_GREEN,hold,,,
1144.0,2,54,221.0,4.093,2,0.0,2,0.0,3,28.0,13,44.0,0,0,1,0,2.0,72.0,147.0,0,EW_GREEN,hold,,,
1145.0,2,54,246.0,4.556,2,0.0,2,0.0,3,30.0,13,49.0,0,0,1,0,4.0,79.0,163.0,0,EW_GREEN,hold,,,
1146.0,2,54,264.0,4.889,2,0.0,2,0.0,3,32.0,13,55.0,0,0,1,0,7.0,87.0,170.0,0,EW_GREEN,hold,,,
1147.0,2,55,282.0,5.127,2,0.0,2,0.0,4,34.0,13,61.0,0,0,1,0,11.0,95.0,176.0,0,EW_GREEN,hold,,,
1148.0,2,54,301.0,5.574,2,0.0,2,0.0,4,36.0,13,67.0,0,0,1,0,15.0,103.0,183.0,0,EW_GREEN,hold,,,
1149.0,2,55,330.0,6.0,2,0.0,2,0.0,4,38.0,14,73.0,0,0,1,0,19.0,111.0,200.0,0,EW_GREEN,hold,,,
1150.0,2,55,353.0,6.418,2,0.0,2,0.0,4,40.0,14,74.0,0,0,1,0,23.0,114.0,216.0,0,EW_GREEN,hold,,,
1151.0,2,55,382.0,6.945,2,0.0,2,0.0,4,42.0,14,80.0,0,0,1,0,28.0,122.0,232.0,0,EW_GREEN,hold,,,
1152.0,2,55,414.0,7.527,2,0.0,2,0.0,4,44.0,14,87.0,0,0,1,3,33.0,131.0,250.0,0,EW_GREEN,hold,,,
1153.0,2,62,450.0,7.258,4,0.0,4,0.0,4,46.0,14,96.0,0,0,1,3,39.0,142.0,269.0,0,EW_GREEN,hold,,,
1154.0,2,60,459.0,7.65,4,0.0,4,0.0,4,48.0,14,105.0,0,0,1,3,17.0,153.0,289.0,0,EW_GREEN,hold,,,
1155.0,2,59,448.0,7.593,4,0.0,4,0.0,4,50.0,14,114.0,0,0,1,4,6.0,164.0,278.0,0,EW_GREEN,hold,,,
1156.0,2,59,444.0,7.525,4,0.0,4,0.0,4,52.0,14,124.0,0,0,1,4,0.0,176.0,268.0,0,EW_GREEN,hold,,,
1157.0,2,57,447.0,7.842,4,0.0,4,0.0,4,54.0,14,134.0,0,0,0,4,0.0,188.0,259.0,0,EW_GREEN,hold,,,
1158.0,2,55,451.0,8.2,4,0.0,4,0.0,4,56.0,14,144.0,0,0,0,8,0.0,200.0,251.0,0,EW_GREEN,hold,,,
1159.0,2,56,454.0,8.107,4,0.0,4,0.0,4,58.0,15,155.0,0,0,0,8,0.0,213.0,241.0,0,EW_GREEN,hold,,,
1160.0,2,53,459.0,8.66,4,0.0,4,0.0,4,60.0,15,166.0,0,0,0,8,0.0,226.0,233.0,0,EW_GREEN,hold,,,
1161.0,2,53,463.0,8.736,4,0.0,4,0.0,4,62.0,15,177.0,0,0,0,8,0.0,239.0,224.0,0,EW_GREEN,hold,,,
1162.0,2,54,493.0,9.13,4,0.0,4,0.0,4,64.0,16,188.0,0,0,0,4,0.0,252.0,241.0,0,EW_GREEN,hold,,,
1163.0,2,53,497.0,9.377,4,0.0,4,0.0,4,66.0,16,199.0,0,0,1,4,0.0,265.0,232.0,0,EW_GREEN,hold,,,
1164.0,2,55,501.0,9.109,4,0.0,4,0.0,4,68.0,17,211.0,0,0,1,4,0.0,279.0,222.0,0,EW_GREEN,hold,,,
1165.0,2,55,504.0,9.164,4,0.0,4,0.0,4,70.0,17,223.0,0,0,1,4,0.0,293.0,211.0,0,EW_GREEN,hold,,,
1166.0,2,55,507.0,9.218,4,0.0,4,0.0,4,72.0,17,235.0,0,0,1,4,0.0,307.0,200.0,0,EW_GREEN,hold,,,
1167.0,3,54,509.0,9.426,3,0.0,4,0.0,4,74.0,17,247.0,0,0,1,4,0.0,321.0,188.0,0,EW_GREEN,hold,,,
1168.0,3,53,510.0,9.623,3,0.0,4,0.0,4,76.0,17,259.0,0,0,1,4,0.0,335.0,175.0,0,EW_GREEN,hold,,,
1169.0,3,52,512.0,9.846,3,0.0,4,0.0,4,78.0,17,271.0,0,0,1,4,0.0,349.0,163.0,0,EW_GREEN,hold,,,
1170.0,0,48,340.0,7.083,3,0.0,4,1.0,3,0.0,15,165.0,0,1,0,3,0.0,166.0,174.0,0,EW_GREEN,hold,,,
1171.0,0,48,267.0,5.562,3,0.0,4,2.0,3,0.0,15,103.0,0,1,0,0,0.0,105.0,162.0,0,EW_GREEN,hold,,,
1172.0,0,48,191.0,3.979,3,0.0,4,3.0,3,0.0,15,40.0,0,0,0,0,0.0,43.0,148.0,0,EW_GREEN,hold,,,
1173.0,0,45,134.0,2.978,3,0.0,4,4.0,2,0.0,13,0.0,0,0,0,0,0.0,4.0,130.0,0,EW_GREEN,hold,,,
1174.0,0,51,117.0,2.294,3,0.0,4,5.0,3,0.0,13,0.0,0,0,0,0,0.0,5.0,112.0,0,EW_GREEN,hold,,,
1175.0,0,50,101.0,2.02,3,0.0,4,6.0,3,0.0,12,0.0,0,0,0,0,0.0,6.0,95.0,0,EW_GREEN,hold,,,
1176.0,0,52,85.0,1.635,3,0.0,4,7.0,3,0.0,12,0.0,0,0,0,0,0.0,7.0,78.0,0,EW_GREEN,hold,,,
1177.0,0,54,90.0,1.667,4,0.0,5,8.0,3,0.0,11,0.0,0,0,0,0,0.0,8.0,82.0,0,EW_GREEN,hold,,,
1178.0,0,53,72.0,1.358,4,0.0,5,9.0,3,0.0,10,0.0,0,0,0,0,0.0,9.0,63.0,0,EW_GREEN,hold,,,
1179.0,0,54,52.0,0.963,4,0.0,5,10.0,3,0.0,10,0.0,0,0,0,0,0.0,10.0,42.0,0,EW_GREEN,hold,,,
1180.0,0,53,32.0,0.604,4,0.0,5,11.0,3,0.0,8,0.0,0,0,0,0,0.0,11.0,21.0,0,EW_YELLOW,pressure_ns,,,
1181.0,3,55,12.0,0.218,4,0.0,5,12.0,3,0.0,8,0.0,0,0,0,0,0.0,12.0,0.0,0,EW_YELLOW,hold,,,
1182.0,3,57,14.0,0.246,4,0.0,5,13.0,3,0.0,8,0.0,0,0,0,0,0.0,13.0,1.0,0,EW_YELLOW,hold,,,
1183.0,3,56,18.0,0.321,4,0.0,5,14.0,3,0.0,8,0.0,0,0,0,0,0.0,14.0,4.0,0,NS_GREEN,yellow_end,,,
1184.0,0,55,20.0,0.364,4,0.0,5,15.0,2,0.0,7,0.0,0,0,0,0,0.0,15.0,5.0,0,NS_GREEN,hold,,,
1185.0,0,56,24.0,0.429,4,0.0,5,16.0,2,0.0,8,0.0,0,0,0,0,0.0,16.0,8.0,0,NS_GREEN,hold,,,
1186.0,0,57,29.0,0.509,4,0.0,5,17.0,2,0.0,8,0.0,0,0,0,0,0.0,17.0,12.0,0,NS_GREEN,hold,,,
1187.0,0,57,34.0,0.596,4,0.0,5,18.0,2,0.0,8,0.0,0,0,0,0,0.0,18.0,16.0,0,NS_GREEN,hold,,,
1188.0,0,58,40.0,0.69,4,0.0,5,19.0,2,0.0,8,0.0,0,0,0,0,0.0,19.0,21.0,0,NS_GREEN,hold,,,
1189.0,0,59,46.0,0.78,4,0.0,5,20.0,2,0.0,7,0.0,0,0,0,0,0.0,20.0,26.0,0,NS_GREEN,hold,,,
1190.0,0,60,53.0,0.883,4,0.0,5,21.0,2,0.0,8,0.0,0,0,0,0,0.0,21.0,32.0,0,NS_GREEN,hold,,,
1191.0,0,60,60.0,1.0,4,0.0,5,22.0,2,0.0,8,0.0,0,0,0,0,0.0,22.0,38.0,0,NS_YELLOW,pressure_ew,,,
1192.0,1,62,68.0,1.097,4,0.0,5,23.0,2,0.0,9,0.0,0,0,0,0,0.0,23.0,45.0,0,NS_YELLOW,hold,,,
1193.0,1,62,78.0,1.258,4,0.0,5,25.0,2,0.0,9,0.0,0,0,0,0,0.0,25.0,53.0,0,NS_YELLOW,hold,,,
1194.0,1,62,90.0,1.452,4,1.0,5,27.0,2,0.0,9,0.0,1,0,0,0,0.0,28.0,62.0,0,EW_GREEN,yellow_end,,,
1195.0,2,60,77.0,1.283,3,0.0,3,4.0,2,0.0,9,1.0,0,0,0,0,0.0,5.0,72.0,0,EW_GREEN,hold,,,
1196.0,2,60,86.0,1.433,3,0.0,3,2.0,2,0.0,9,2.0,0,0,0,0,0.0,4.0,82.0,0,EW_GREEN,hold,,,
1197.0,2,60,98.0,1.633,3,0.0,3,1.0,2,0.0,9,4.0,0,0,0,0,0.0,5.0,93.0,0,EW_GREEN,hold,,,
1198.0,2,59,109.0,1.847,2,0.0,3,0.0,2,0.0,9,6.0,0,0,0,0,0.0,6.0,103.0,0,EW_GREEN,hold,,,
1199.0,2,59,122.0,2.068,2,0.0,3,0.0,2,0.0,9,8.0,0,0,0,0,0.0,8.0,114.0,0,EW_GREEN,hold,,,
1200.0,2,58,137.0,2.362,2,0.0,3,0.0,2,0.0,9,10.0,0,0,0,0,0.0,10.0,127.0,0,EW_GREEN,hold,,,
1201.0,2,62,152.0,2.452,3,0.0,5,0.0,2,0.0,10,12.0,0,0,0,0,0.0,12.0,140.0,0,EW_GREEN,hold,,,
1202.0,2,64,148.0,2.312,4,0.0,6,0.0,2,0.0,10,15.0,0,0,0,0,0.0,15.0,133.0,0,EW_GREEN,hold,,,
1203.0,2,62,144.0,2.323,4,0.0,5,0.0,2,0.0,10,18.0,0,0,0,0,0.0,18.0,126.0,0,EW_GREEN,hold,,,
1204.0,2,61,142.0,2.328,4,0.0,5,0.0,2,0.0,10,22.0,0,0,0,0,0.0,22.0,120.0,0,EW_GREEN,hold,,,
1205.0,2,62,141.0,2.274,3,0.0,5,0.0,3,1.0,10,26.0,0,0,0,0,1.0,27.0,113.0,0,EW_GREEN,hold,,,
1206.0,2,63,142.0,2.254,3,0.0,5,0.0,3,2.0,11,30.0,0,0,0,0,3.0,32.0,107.0,0,EW_GREEN,hold,,,
1207.0,2,64,145.0,2.266,3,0.0,4,0.0,4,3.0,11,34.0,0,0,0,0,6.0,37.0,102.0,0,EW_GREEN,hold,,,
1208.0,2,61,142.0,2.328,3,0.0,4,0.0,4,4.0,11,38.0,0,0,0,0,0.0,42.0,100.0,0,EW_GREEN,hold,,,
1209.0,2,61,145.0,2.377,3,0.0,4,0.0,4,5.0,11,43.0,0,0,0,0,0.0,48.0,97.0,0,EW_GREEN,hold,,,
1210.0,2,62,165.0,2.661,3,0.0,4,0.0,4,6.0,11,48.0,0,0,0,2,0.0,54.0,111.0,0,EW_GREEN,hold,,,
1211.0,2,59,170.0,2.881,3,0.0,3,0.0,4,7.0,11,54.0,0,0,0,2,0.0,61.0,109.0,0,EW_GREEN,hold,,,
1212.0,2,57,176.0,3.088,3,0.0,3,0.0,4,9.0,11,60.0,0,0,1,2,0.0,69.0,107.0,0,EW_GREEN,hold,,,
1213.0,2,57,185.0,3.246,3,0.0,3,0.0,4,11.0,11,66.0,0,0,1,2,0.0,77.0,108.0,0,EW_GREEN,hold,,,
1214.0,2,57,195.0,3.421,3,0.0,3,0.0,4,13.0,12,72.0,0,0,1,2,0.0,85.0,110.0,0,EW_GREEN,hold,,,
1215.0,2,56,200.0,3.571,2,0.0,2,0.0,4,15.0,12,78.0,0,0,1,2,0.0,93.0,107.0,0,EW_GREEN,hold,,,
1216.0,2,52,210.0,4.038,1,0.0,1,0.0,4,17.0,12,84.0,0,0,1,2,0.0,101.0,109.0,0,EW_GREEN,hold,,,
1217.0,2,54,220.0,4.074,1,0.0,1,0.0,4,19.0,12,90.0,0,0,1,2,0.0,109.0,111.0,0,EW_GREEN,hold,,,
1218.0,2,53,230.0,4.34,1,0.0,1,0.0,4,21.0,12,96.0,0,0,1,2,0.0,117.0,113.0,0,EW_GREEN,hold,,,
1219.0,2,52,239.0,4.596,1,0.0,1,0.0,4,23.0,12,102.0,0,0,1,2,0.0,125.0,114.0,0,EW_GREEN,hold,,,
1220.0,2,51,262.0,5.137,1,0.0,1,0.0,4,25.0,12,108.0,0,0,1,2,0.0,133.0,129.0,0,EW_GREEN,hold,,,
1221.0,2,50,285.0,5.7,1,0.0,1,0.0,4,27.0,12,114.0,0,0,1,2,0.0,141.0,144.0,0,EW_GREEN,hold,,,
1222.0,2,49,294.0,6.0,1,0.0,1,0.0,4,29.0,13,120.0,0,0,1,2,0.0,149.0,145.0,0,EW_GREEN,hold,,,
1223.0,2,49,302.0,6.163,1,0.0,1,0.0,4,31.0,13,126.0,0,0,1,2,0.0,157.0,145.0,0,EW_GREEN,hold,,,
1224.0,2,49,311.0,6.347,1,0.0,1,0.0,4,33.0,13,133.0,0,0,1,0,0.0,166.0,145.0,0,EW_GREEN,hold,,,
1225.0,2,54,320.0,5.926,2,0.0,2,0.0,4,35.0,13,140.0,0,0,1,0,0.0,175.0,145.0,0,EW_GREEN,hold,,,
1226.0,2,55,330.0,6.0,2,0.0,2,0.0,4,37.0,13,147.0,0,0,1,0,0.0,184.0,146.0,0,EW_GREEN,hold,,,
1227.0,2,55,342.0,6.218,2,0.0,2,0.0,4,39.0,13,154.0,0,0,1,3,0.0,193.0,149.0,0,EW_GREEN,hold,,,
1228.0,2,55,368.0,6.691,2,0.0,2,0.0,4,41.0,13,163.0,0,0,1,6,0.0,204.0,164.0,0,EW_GREEN,hold,,,
1229.0,2,54,369.0,6.833,2,0.0,2,0.0,4,43.0,13,170.0,0,0,1,6,0.0,213.0,156.0,0,EW_GREEN,hold,,,
1230.0,2,53,372.0,7.019,2,0.0,2,0.0,4,45.0,13,179.0,0,0,1,3,0.0,224.0,148.0,0,EW_GREEN,hold,,,
1231.0,2,54,376.0,6.963,2,0.0,2,0.0,4,47.0,14,188.0,0,0,1,3,0.0,235.0,141.0,0,EW_GREEN,hold,,,
1232.0,2,53,380.0,7.17,2,0.0,2,0.0,4,49.0,14,197.0,0,0,1,3,0.0,246.0,134.0,0,EW_GREEN,hold,,,
1233.0,2,53,387.0,7.302,2,0.0,2,0.0,4,51.0,14,207.0,0,0,1,7,0.0,258.0,129.0,0,EW_GREEN,hold,,,
1234.0,2,54,394.0,7.296,2,0.0,2,0.0,4,53.0,15,217.0,0,0,1,3,0.0,270.0,124.0,0,EW_GREEN,hold,,,
1235.0,2,53,399.0,7.528,2,0.0,2,0.0,4,55.0,15,227.0,0,0,1,3,0.0,282.0,117.0,0,EW_GREEN,hold,,,
1236.0,2,55,404.0,7.345,2,0.0,2,0.0,4,57.0,16,237.0,0,0,1,3,0.0,294.0,110.0,0,EW_GREEN,hold,,,
1237.0,3,54,411.0,7.611,2,0.0,2,0.0,4,60.0,16,247.0,0,0,3,0,0.0,307.0,104.0,0,EW_GREEN,hold,,,
1238.0,3,55,420.0,7.636,2,0.0,2,0.0,4,63.0,17,257.0,0,0,3,0,2.0,320.0,98.0,0,EW_GREEN,hold,,,
1239.0,3,55,430.0,7.818,2,0.0,2,0.0,4,66.0,17,267.0,0,0,3,0,4.0,333.0,93.0,0,EW_GREEN,hold,,,
1240.0,0,48,254.0,5.292,2,0.0,2,0.0,1,4.0,14,155.0,0,0,1,0,6.0,159.0,89.0,0,EW_GREEN,hold,,,
1241.0,0,47,161.0,3.426,2,0.0,2,0.0,2,0.0,14,53.0,0,0,0,0,8.0,53.0,100.0,0,EW_GREEN,hold,,,
1242.0,0,46,116.0,2.522,2,0.0,2,1.0,2,0.0,13,10.0,0,1,0,0,10.0,11.0,95.0,0,EW_GREEN,hold,,,
1243.0,0,47,104.0,2.213,2,1.0,2,2.0,1,0.0,12,0.0,1,1,0,0,12.0,3.0,89.0,0,EW_GREEN,hold,,,
1244.0,0,50,102.0,2.04,2,2.0,2,3.0,2,0.0,12,0.0,0,1,0,0,14.0,5.0,83.0,0,EW_GREEN,hold,,,
1245.0,0,48,85.0,1.771,2,3.0,2,4.0,2,0.0,11,0.0,0,1,0,0,0.0,7.0,78.0,0,EW_GREEN,hold,,,
1246.0,0,49,94.0,1.918,2,4.0,2,5.0,2,0.0,10,0.0,0,1,0,0,0.0,9.0,85.0,0,EW_GREEN,hold,,,
1247.0,0,50,87.0,1.74,2,5.0,2,6.0,2,0.0,10,0.0,0,0,0,0,0.0,11.0,76.0,0,EW_GREEN,hold,,,
1248.0,0,52,79.0,1.519,2,6.0,2,7.0,2,0.0,10,0.0,0,0,0,0,0.0,13.0,66.0,0,EW_GREEN,hold,,,
1249.0,0,54,72.0,1.333,4,7.0,4,8.0,2,0.0,9,0.0,0,0,0,0,0.0,15.0,57.0,0,EW_GREEN,hold,,,
1250.0,0,54,80.0,1.481,4,8.0,4,9.0,2,0.0,8,0.0,0,0,0,0,0.0,17.0,63.0,0,EW_GREEN,hold,,,
1251.0,0,54,75.0,1.389,4,9.0,4,10.0,2,0.0,8,0.0,0,0,0,0,0.0,19.0,56.0,0,EW_GREEN,hold,,,
1252.0,0,56,68.0,1.214,4,10.0,4,11.0,2,0.0,9,0.0,0,0,0,0,0.0,21.0,47.0,0,EW_GREEN,hold,,,
1253.0,0,55,62.0,1.127,4,11.0,4,12.0,2,0.0,8,0.0,0,0,0,0,0.0,23.0,39.0,0,EW_GREEN,hold,,,
1254.0,0,56,55.0,0.982,4,12.0,4,13.0,2,0.0,8,0.0,0,0,0,0,0.0,25.0,30.0,0,EW_YELLOW,max_green,,,
1255.0,3,55,43.0,0.782,4,13.0,4,14.0,2,0.0,9,0.0,0,0,0,0,0.0,27.0,16.0,0,EW_YELLOW,hold,,,
1256.0,3,57,41.0,0.719,4,14.0,4,15.0,2,0.0,9,0.0,0,0,0,0,0.0,29.0,12.0,0,EW_YELLOW,hold,,,
1257.0,3,57,47.0,0.825,4,15.0,4,16.0,2,0.0,9,0.0,0,0,0,0,0.0,31.0,16.0,0,NS_GREEN,yellow_end,,,
1258.0,0,56,53.0,0.946,4,16.0,4,17.0,2,0.0,9,0.0,0,0,0,0,0.0,33.0,20.0,0,NS_GREEN,hold,,,
1259.0,0,56,61.0,1.089,4,17.0,4,18.0,2,0.0,9,0.0,0,0,0,0,0.0,35.0,26.0,0,NS_GREEN,hold,,,
1260.0,0,56,69.0,1.232,4,18.0,4,19.0,2,0.0,8,0.0,0,0,0,0,0.0,37.0,32.0,0,NS_GREEN,hold,,,
1261.0,0,59,77.0,1.305,4,19.0,4,20.0,2,0.0,8,0.0,0,0,0,0,0.0,39.0,38.0,0,NS_GREEN,hold,,,
1262.0,0,61,86.0,1.41,4,20.0,4,21.0,2,0.0,8,0.0,0,0,0,0,0.0,41.0,45.0,0,NS_GREEN,hold,,,
1263.0,0,61,96.0,1.574,4,21.0,4,22.0,2,0.0,8,0.0,0,0,0,0,0.0,43.0,53.0,0,NS_GREEN,hold,,,
1264.0,0,62,106.0,1.71,4,22.0,4,23.0,2,0.0,9,0.0,0,0,0,0,0.0,45.0,61.0,0,NS_GREEN,hold,,,
1265.0,0,61,118.0,1.934,4,23.0,4,25.0,2,0.0,8,0.0,0,1,0,0,0.0,48.0,70.0,0,NS_YELLOW,pressure_ew,,,
1266.0,1,60,114.0,1.9,4,24.0,4,27.0,2,0.0,8,0.0,0,1,0,0,0.0,51.0,63.0,0,NS_YELLOW,hold,,,
1267.0,1,63,111.0,1.762,4,25.0,4,29.0,2,0.0,8,0.0,0,1,0,0,0.0,54.0,57.0,0,NS_YELLOW,hold,,,
1268.0,1,63,109.0,1.73,4,26.0,4,31.0,2,0.0,8,0.0,0,1,0,0,0.0,57.0,52.0,0,EW_GREEN,yellow_end,,,
1269.0,2,58,47.0,0.81,2,0.0,2,0.0,2,0.0,8,0.0,0,0,0,0,0.0,0.0,47.0,0,EW_GREEN,hold,,,
1270.0,2,59,43.0,0.729,2,0.0,2,0.0,2,0.0,9,0.0,0,0,0,0,0.0,0.0,43.0,0,EW_GREEN,hold,,,
1271.0,2,59,37.0,0.627,2,0.0,2,0.0,2,0.0,9,1.0,0,0,0,0,0.0,1.0,36.0,0,EW_GREEN,hold,,,
1272.0,2,59,34.0,0.576,2,0.0,2,0.0,2,0.0,9,2.0,0,0,0,0,0.0,2.0,32.0,0,EW_GREEN,hold,,,
1273.0,2,60,32.0,0.533,3,0.0,3,0.0,2,1.0,9,3.0,0,0,1,0,0.0,4.0,28.0,0,EW_GREEN,hold,,,
1274.0,2,62,31.0,0.5,3,0.0,3,0.0,2,2.0,10,4.0,0,0,1,0,1.0,6.0,24.0,0,EW_GREEN,hold,,,
1275.0,2,61,32.0,0.525,3,0.0,3,0.0,2,3.0,10,5.0,0,0,1,0,2.0,8.0,22.0,0,EW_GREEN,hold,,,
1276.0,2,59,42.0,0.712,3,0.0,3,0.0,2,4.0,10,6.0,0,0,1,0,3.0,10.0,29.0,0,EW_GREEN,hold,,,
1277.0,2,62,47.0,0.758,3,0.0,3,0.0,3,5.0,11,8.0,0,0,0,0,6.0,13.0,28.0,0,EW_GREEN,hold,,,
1278.0,2,63,58.0,0.921,3,0.0,3,0.0,4,6.0,11,11.0,0,0,0,0,10.0,17.0,31.0,0,EW_GREEN,hold,,,
1279.0,2,60,61.0,1.017,3,0.0,3,0.0,4,8.0,11,14.0,0,0,1,0,5.0,22.0,34.0,0,EW_GREEN,hold,,,
1280.0,2,59,67.0,1.136,3,0.0,3,0.0,4,10.0,11,17.0,0,0,1,0,1.0,27.0,39.0,0,EW_GREEN,hold,,,
1281.0,2,60,76.0,1.267,3,0.0,3,0.0,4,12.0,12,20.0,0,0,1,0,0.0,32.0,44.0,0,EW_GREEN,hold,,,
1282.0,2,57,88.0,1.544,3,0.0,3,0.0,4,14.0,12,23.0,0,0,1,0,0.0,37.0,51.0,0,EW_GREEN,hold,,,
1283.0,2,56,102.0,1.821,3,0.0,3,0.0,4,16.0,12,27.0,0,0,1,0,0.0,43.0,59.0,0,EW_GREEN,hold,,,
1284.0,2,56,122.0,2.179,3,0.0,3,0.0,4,18.0,13,31.0,0,0,1,0,0.0,49.0,73.0,0,EW_GREEN,hold,,,
1285.0,2,54,130.0,2.407,3,0.0,3,0.0,4,20.0,13,36.0,0,0,1,0,0.0,56.0,74.0,0,EW_GREEN,hold,,,
1286.0,2,53,137.0,2.585,3,0.0,3,0.0,4,22.0,13,41.0,0,0,1,2,0.0,63.0,74.0,0,EW_GREEN,hold,,,
1287.0,2,54,143.0,2.648,3,0.0,3,0.0,4,24.0,14,46.0,0,0,1,2,0.0,70.0,73.0,0,EW_GREEN,hold,,,
1288.0,2,53,155.0,2.925,3,0.0,2,0.0,4,26.0,14,52.0,0,0,1,2,0.0,78.0,77.0,0,EW_GREEN,hold,,,
1289.0,2,47,125.0,2.66,2,0.0,2,0.0,4,28.0,14,59.0,0,0,1,2,0.0,87.0,38.0,0,EW_GREEN,hold,,,
1290.0,2,47,117.0,2.489,2,0.0,2,0.0,4,30.0,14,66.0,0,0,1,2,0.0,96.0,21.0,0,EW_GREEN,hold,,,
1291.0,2,47,121.0,2.574,2,0.0,2,0.0,4,32.0,14,73.0,0,0,1,2,0.0,105.0,16.0,0,EW_GREEN,hold,,,
1292.0,2,44,129.0,2.932,2,0.0,2,0.0,4,34.0,14,80.0,0,0,1,2,0.0,114.0,15.0,0,EW_GREEN,hold,,,
1293.0,2,46,140.0,3.043,2,0.0,2,0.0,4,36.0,15,87.0,0,0,1,2,0.0,123.0,17.0,0,EW_GREEN,hold,,,
1294.0,2,46,152.0,3.304,2,0.0,2,0.0,4,38.0,15,94.0,0,0,1,2,0.0,132.0,20.0,0,EW_GREEN,hold,,,
1295.0,2,46,164.0,3.565,2,0.0,2,0.0,4,40.0,15,101.0,0,0,1,2,0.0,141.0,23.0,0,EW_GREEN,hold,,,
1296.0,2,45,182.0,4.044,2,0.0,2,0.0,4,42.0,15,108.0,0,0,1,0,0.0,150.0,32.0,0,EW_GREEN,hold,,,
1297.0,2,53,195.0,3.679,4,0.0,4,0.0,4,44.0,15,115.0,0,0,1,0,0.0,159.0,36.0,0,EW_GREEN,hold,,,
1298.0,2,54,209.0,3.87,4,0.0,4,0.0,4,46.0,15,122.0,0,0,1,0,0.0,168.0,41.0,0,EW_GREEN,hold,,,
1299.0,2,55,226.0,4.109,4,0.0,4,0.0,4,48.0,16,130.0,0,0,1,0,0.0,178.0,48.0,0,EW_GREEN,hold,,,
1300.0,2,54,232.0,4.296,4,0.0,4,0.0,4,50.0,16,139.0,0,0,1,3,0.0,189.0,43.0,0,EW_GREEN,hold,,,
1301.0,2,54,239.0,4.426,4,0.0,4,0.0,4,52.0,16,148.0,0,0,1,3,0.0,200.0,39.0,0,EW_GREEN,hold,,,
1302.0,2,53,244.0,4.604,4,0.0,4,0.0,4,54.0,16,157.0,0,0,1,3,0.0,211.0,33.0,0,EW_GREEN,hold,,,
1303.0,2,54,250.0,4.63,4,0.0,4,0.0,4,56.0,17,166.0,0,0,1,3,0.0,222.0,28.0,0,EW_GREEN,hold,,,
1304.0,2,53,258.0,4.868,4,0.0,4,0.0,4,58.0,17,175.0,0,0,1,3,0.0,233.0,25.0,0,EW_GREEN,hold,,,
1305.0,2,54,264.0,4.889,4,0.0,4,0.0,4,60.0,18,184.0,0,0,1,3,0.0,244.0,20.0,0,EW_GREEN,hold,,,
1306.0,2,54,281.0,5.204,4,0.0,4,0.0,4,62.0,18,194.0,0,0,1,3,0.0,256.0,25.0,0,EW_GREEN,hold,,,
1307.0,2,53,291.0,5.491,4,0.0,4,0.0,4,64.0,18,204.0,0,0,1,3,0.0,268.0,23.0,0,EW_GREEN,hold,,,
1308.0,2,55,300.0,5.455,4,0.0,4,0.0,4,66.0,19,214.0,0,0,1,3,0.0,280.0,20.0,0,EW_GREEN,hold,,,
1309.0,2,54,312.0,5.778,4,0.0,4,0.0,4,69.0,19,225.0,0,0,3,3,0.0,294.0,18.0,0,EW_GREEN,hold,,,
1310.0,2,54,324.0,6.0,4,0.0,4,0.0,4,72.0,19,236.0,0,0,3,3,0.0,308.0,16.0,0,EW_GREEN,hold,,,
1311.0,3,54,337.0,6.241,4,0.0,4,0.0,4,76.0,19,247.0,0,0,4,3,0.0,323.0,14.0,0,EW_GREEN,hold,,,
1312.0,3,53,351.0,6.623,4,0.0,4,0.0,4,80.0,19,258.0,0,0,4,3,0.0,338.0,13.0,0,EW_GREEN,hold,,,
1313.0,3,53,365.0,6.887,4,0.0,4,0.0,5,84.0,19,269.0,0,0,2,4,0.0,353.0,12.0,0,EW_GREEN,hold,,,
1314.0,0,48,181.0,3.771,4,0.0,4,0.0,2,6.0,17,166.0,0,0,0,0,0.0,172.0,9.0,0,EW_GREEN,hold,,,
1315.0,0,47,92.0,1.957,4,1.0,4,0.0,2,0.0,17,77.0,1,0,0,0,0.0,78.0,14.0,0,EW_GREEN,hold,,,
1316.0,0,48,36.0,0.75,4,2.0,4,0.0,3,0.0,17,20.0,1,0,0,0,0.0,22.0,14.0,0,EW_GREEN,hold,,,
1317.0,0,45,21.0,0.467,4,3.0,4,0.0,2,0.0,15,2.0,1,0,0,0,0.0,5.0,16.0,0,EW_GREEN,hold,,,
1318.0,0,52,17.0,0.327,4,4.0,4,0.0,2,0.0,15,0.0,1,0,0,0,0.0,4.0,13.0,0,EW_GREEN,hold,,,
1319.0,0,53,16.0,0.302,4,6.0,4,1.0,2,0.0,16,0.0,1,0,0,0,0.0,7.0,9.0,0,EW_GREEN,hold,,,
1320.0,0,53,15.0,0.283,4,8.0,4,3.0,2,0.0,14,0.0,1,1,0,0,0.0,11.0,4.0,0,EW_GREEN,hold,,,
1321.0,0,56,18.0,0.321,6,10.0,6,6.0,2,0.0,13,0.0,0,0,0,0,0.0,16.0,2.0,0,EW_GREEN,hold,,,
1322.0,0,57,26.0,0.456,6,13.0,6,9.0,2,0.0,12,0.0,0,0,0,0,0.0,22.0,4.0,0,EW_GREEN,hold,,,
1323.0,0,55,35.0,0.636,6,16.0,6,13.0,2,0.0,11,0.0,0,0,0,0,0.0,29.0,6.0,0,EW_GREEN,hold,,,
1324.0,0,55,46.0,0.836,6,20.0,6,17.0,2,0.0,10,0.0,0,0,0,0,0.0,37.0,9.0,0,EW_GREEN,hold,,,
1325.0,0,55,49.0,0.891,6,24.0,6,21.0,2,0.0,9,0.0,0,0,0,0,0.0,45.0,4.0,0,EW_GREEN,hold,,,
1326.0,0,56,56.0,1.0,6,28.0,6,25.0,2,0.0,8,0.0,0,0,0,0,0.0,53.0,3.0,0,EW_YELLOW,pressure_ns,,,
1327.0,3,58,61.0,1.052,6,32.0,6,29.0,2,0.0,9,0.0,0,0,0,0,0.0,61.0,0.0,0,EW_YELLOW,hold,,,
1328.0,3,61,69.0,1.131,6,36.0,6,33.0,2,0.0,9,0.0,0,0,0,0,0.0,69.0,0.0,0,EW_YELLOW,hold,,,
1329.0,3,61,77.0,1.262,6,40.0,6,37.0,2,0.0,10,0.0,0,0,0,0,0.0,77.0,0.0,0,NS_GREEN,yellow_end,,,
1330.0,0,60,85.0,1.417,6,44.0,6,41.0,2,0.0,9,0.0,0,0,0,0,0.0,85.0,0.0,0,NS_GREEN,hold,,,
1331.0,0,60,94.0,1.567,6,48.0,6,45.0,2,0.0,9,0.0,0,0,0,0,0.0,93.0,1.0,0,NS_GREEN,hold,,,
1332.0,0,61,101.0,1.656,6,52.0,6,49.0,2,0.0,8,0.0,0,0,0,0,0.0,101.0,0.0,0,NS_GREEN,hold,,,
1333.0,0,62,109.0,1.758,6,56.0,6,53.0,2,0.0,8,0.0,0,0,0,0,0.0,109.0,0.0,0,NS_GREEN,hold,,,
1334.0,0,64,117.0,1.828,6,60.0,6,57.0,2,0.0,9,0.0,0,0,0,0,0.0,117.0,0.0,0,NS_GREEN,hold,,,
1335.0,0,64,125.0,1.953,6,64.0,6,61.0,2,0.0,9,0.0,0,0,0,0,0.0,125.0,0.0,0,NS_GREEN,hold,,,
1336.0,0,64,133.0,2.078,6,68.0,6,65.0,2,0.0,9,0.0,0,0,0,0,0.0,133.0,0.0,0,NS_GREEN,hold,,,
1337.0,0,63,142.0,2.254,6,72.0,6,70.0,2,0.0,8,0.0,0,2,0,0,0.0,142.0,0.0,0,NS_YELLOW,pressure_ew,,,
1338.0,1,65,151.0,2.323,6,76.0,6,75.0,2,0.0,9,0.0,2,2,0,0,0.0,151.0,0.0,0,NS_YELLOW,hold,,,
1339.0,1,65,161.0,2.477,6,81.0,6,80.0,2,0.0,9,0.0,2,2,0,0,0.0,161.0,0.0,0,NS_YELLOW,hold,,,
1340.0,1,67,171.0,2.552,6,86.0,6,85.0,2,0.0,10,0.0,2,2,0,0,0.0,171.0,0.0,0,EW_GREEN,yellow_end,,,
1341.0,2,65,86.0,1.323,5,41.0,5,45.0,2,0.0,10,0.0,1,1,0,0,0.0,86.0,0.0,0,EW_GREEN,hold,,,
1342.0,2,65,62.0,0.954,5,19.0,5,42.0,2,0.0,10,0.0,0,0,0,0,0.0,61.0,1.0,0,EW_GREEN,hold,,,
1343.0,2,62,23.0,0.371,4,0.0,4,21.0,2,0.0,10,0.0,0,0,0,0,0.0,21.0,2.0,0,EW_GREEN,hold,,,
1344.0,2,61,4.0,0.066,3,0.0,4,0.0,2,0.0,10,0.0,0,0,0,0,0.0,0.0,4.0,0,EW_GREEN,hold,,,
1345.0,2,65,7.0,0.108,5,0.0,5,0.0,2,1.0,11,0.0,0,0,1,0,0.0,1.0,6.0,0,EW_GREEN,hold,,,
1346.0,2,65,11.0,0.169,5,0.0,5,0.0,2,2.0,11,0.0,0,0,1,0,0.0,2.0,9.0,0,EW_GREEN,hold,,,
1347.0,2,62,16.0,0.258,4,0.0,4,0.0,2,3.0,12,0.0,0,0,1,0,0.0,3.0,13.0,0,EW_GREEN,hold,,,
1348.0,2,61,21.0,0.344,4,0.0,4,0.0,2,4.0,12,0.0,0,0,1,0,0.0,4.0,17.0,0,EW_GREEN,hold,,,
1349.0,2,61,27.0,0.443,4,0.0,4,0.0,3,5.0,12,0.0,0,0,0,0,1.0,5.0,21.0,0,EW_GREEN,hold,,,
1350.0,2,62,35.0,0.565,4,0.0,4,0.0,3,7.0,12,0.0,0,0,1,0,2.0,7.0,26.0,0,EW_GREEN,hold,,,
1351.0,2,61,44.0,0.721,3,0.0,3,0.0,3,9.0,12,0.0,0,0,1,0,3.0,9.0,32.0,0,EW_GREEN,hold,,,
1352.0,2,61,54.0,0.885,3,0.0,3,0.0,3,11.0,12,0.0,0,0,1,0,4.0,11.0,39.0,0,EW_GREEN,hold,,,
1353.0,2,62,65.0,1.048,3,0.0,3,0.0,3,13.0,12,1.0,0,0,1,0,5.0,14.0,46.0,0,EW_GREEN,hold,,,
1354.0,2,60,78.0,1.3,3,0.0,3,0.0,3,15.0,12,3.0,0,0,1,0,6.0,18.0,54.0,0,EW_GREEN,hold,,,
1355.0,2,61,91.0,1.492,3,0.0,3,0.0,3,17.0,13,5.0,0,0,1,0,7.0,22.0,62.0,0,EW_GREEN,hold,,,
1356.0,2,58,106.0,1.828,3,0.0,3,0.0,3,19.0,13,8.0,0,0,1,0,8.0,27.0,71.0,0,EW_GREEN,hold,,,
1357.0,2,59,121.0,2.051,3,0.0,3,0.0,3,21.0,13,11.0,0,0,1,0,9.0,32.0,80.0,0,EW_GREEN,hold,,,
1358.0,2,59,138.0,2.339,3,0.0,3,0.0,3,23.0,13,15.0,0,0,1,0,10.0,38.0,90.0,0,EW_GREEN,hold,,,
1359.0,2,57,146.0,2.561,2,0.0,2,0.0,3,25.0,13,20.0,0,0,1,0,0.0,45.0,101.0,0,EW_GREEN,hold,,,
1360.0,2,57,165.0,2.895,2,0.0,2,0.0,3,27.0,13,25.0,0,0,1,0,1.0,52.0,112.0,0,EW_GREEN,hold,,,
1361.0,2,57,189.0,3.316,2,0.0,2,0.0,3,29.0,13,31.0,0,0,1,0,5.0,60.0,124.0,0,EW_GREEN,hold,,,
1362.0,2,57,212.0,3.719,2,0.0,2,0.0,3,31.0,13,37.0,0,0,1,0,7.0,68.0,137.0,0,EW_GREEN,hold,,,
1363.0,2,58,239.0,4.121,2,0.0,2,0.0,4,33.0,13,44.0,0,0,1,2,11.0,77.0,151.0,0,EW_GREEN,hold,,,
1364.0,2,58,268.0,4.621,2,0.0,2,0.0,4,35.0,13,51.0,0,0,1,2,17.0,86.0,165.0,0,EW_GREEN,hold,,,
1365.0,2,59,300.0,5.085,2,0.0,2,0.0,4,37.0,14,59.0,0,0,1,2,24.0,96.0,180.0,0,EW_GREEN,hold,,,
1366.0,2,59,333.0,5.644,2,0.0,2,0.0,4,39.0,14,67.0,0,0,1,2,32.0,106.0,195.0,0,EW_GREEN,hold,,,
1367.0,2,58,367.0,6.328,2,0.0,2,0.0,4,41.0,14,75.0,0,0,1,2,40.0,116.0,211.0,0,EW_GREEN,hold,,,
1368.0,2,60,402.0,6.7,2,0.0,2,0.0,4,43.0,15,83.0,0,0,1,3,48.0,126.0,228.0,0,EW_GREEN,hold,,,
1369.0,2,65,438.0,6.738,3,0.0,3,0.0,4,45.0,15,91.0,0,0,1,4,56.0,136.0,246.0,0,EW_GREEN,hold,,,
1370.0,2,63,444.0,7.048,3,0.0,3,0.0,4,47.0,15,99.0,0,0,1,0,34.0,146.0,264.0,0,EW_GREEN,hold,,,
1371.0,2,63,455.0,7.222,3,0.0,3,0.0,4,49.0,15,107.0,0,0,1,0,16.0,156.0,283.0,0,EW_GREEN,hold,,,
1372.0,2,63,476.0,7.556,3,0.0,3,0.0,4,51.0,15,116.0,0,0,1,7,7.0,167.0,302.0,0,EW_GREEN,hold,,,
1373.0,2,61,502.0,8.23,3,0.0,3,0.0,4,53.0,15,126.0,0,0,1,7,0.0,179.0,323.0,0,EW_GREEN,hold,,,
1374.0,2,58,502.0,8.655,3,0.0,3,0.0,4,55.0,15,136.0,0,0,1,7,0.0,191.0,311.0,0,EW_GREEN,hold,,,
1375.0,2,58,502.0,8.655,3,0.0,3,0.0,4,57.0,16,146.0,0,0,1,7,0.0,203.0,299.0,0,EW_GREEN,hold,,,
1376.0,2,57,503.0,8.825,3,0.0,3,0.0,4,59.0,16,156.0,0,0,1,7,0.0,215.0,288.0,0,EW_GREEN,hold,,,
1377.0,2,57,504.0,8.842,3,0.0,3,0.0,4,61.0,16,166.0,0,0,1,7,0.0,227.0,277.0,0,EW_GREEN,hold,,,
1378.0,2,57,507.0,8.895,3,0.0,3,0.0,4,63.0,17,177.0,0,0,1,3,0.0,240.0,267.0,0,EW_GREEN,hold,,,
1379.0,2,57,509.0,8.93,3,0.0,3,0.0,4,65.0,17,188.0,0,0,1,0,0.0,253.0,256.0,0,EW_GREEN,hold,,,
1380.0,2,57,510.0,8.947,3,0.0,3,0.0,4,67.0,17,199.0,0,0,1,0,0.0,266.0,244.0,0,EW_GREEN,hold,,,
1381.0,2,58,513.0,8.845,3,0.0,3,0.0,4,70.0,18,210.0,0,0,3,4,1.0,280.0,232.0,0,EW_GREEN,hold,,,
1382.0,2,58,516.0,8.897,3,0.0,3,0.0,4,73.0,18,221.0,0,0,3,4,2.0,294.0,220.0,0,EW_GREEN,hold,,,
1383.0,3,56,520.0,9.286,2,0.0,3,0.0,4,76.0,18,232.0,0,0,3,4,3.0,308.0,209.0,0,EW_GREEN,hold,,,
1384.0,3,54,525.0,9.722,2,0.0,3,0.0,4,79.0,18,244.0,0,0,3,4,5.0,323.0,197.0,0,EW_GREEN,hold,,,
1385.0,3,56,558.0,9.964,2,0.0,3,0.0,5,82.0,19,257.0,0,0,1,4,8.0,339.0,211.0,0,EW_GREEN,hold,,,
1386.0,0,51,392.0,7.686,2,0.0,3,0.0,3,6.0,16,175.0,0,0,0,3,11.0,181.0,200.0,0,EW_GREEN,hold,,,
1387.0,0,51,301.0,5.902,2,0.0,3,0.0,4,0.0,16,98.0,0,0,0,0,14.0,98.0,189.0,0,EW_GREEN,hold,,,
1388.0,0,51,231.0,4.529,2,0.0,3,1.0,4,0.0,16,36.0,0,1,0,0,17.0,37.0,177.0,0,EW_GREEN,hold,,,
1389.0,0,50,188.0,3.76,2,0.0,3,2.0,3,0.0,15,5.0,0,0,0,0,20.0,7.0,161.0,0,EW_GREEN,hold,,,
1390.0,0,53,172.0,3.245,2,0.0,3,3.0,3,0.0,14,0.0,0,0,0,0,23.0,3.0,146.0,0,EW_GREEN,hold,,,
1391.0,0,53,159.0,3.0,2,0.0,3,4.0,3,0.0,13,0.0,0,0,0,0,26.0,4.0,129.0,0,EW_GREEN,hold,,,
1392.0,0,51,148.0,2.902,2,0.0,3,5.0,2,0.0,13,0.0,0,0,0,0,8.0,5.0,135.0,0,EW_GREEN,hold,,,
1393.0,0,56,123.0,2.196,4,0.0,5,6.0,2,0.0,12,0.0,0,0,0,0,0.0,6.0,117.0,0,EW_GREEN,hold,,,
1394.0,0,56,108.0,1.929,4,0.0,5,7.0,2,0.0,11,0.0,0,0,0,0,0.0,7.0,101.0,0,EW_GREEN,hold,,,
1395.0,0,54,91.0,1.685,4,0.0,5,8.0,2,0.0,10,0.0,0,0,0,0,0.0,8.0,83.0,0,EW_GREEN,hold,,,
1396.0,0,53,72.0,1.358,4,0.0,5,9.0,2,0.0,8,0.0,0,0,0,0,0.0,9.0,63.0,0,EW_YELLOW,pressure_ns,,,
1397.0,3,55,57.0,1.036,4,0.0,5,10.0,2,0.0,9,0.0,0,0,0,0,0.0,10.0,47.0,0,EW_YELLOW,hold,,,
1398.0,3,56,42.0,0.75,4,0.0,5,11.0,2,0.0,9,0.0,0,0,0,0,0.0,11.0,31.0,0,EW_YELLOW,hold,,,
1399.0,3,58,48.0,0.828,4,0.0,5,12.0,2,0.0,10,0.0,0,0,0,0,0.0,12.0,36.0,0,NS_GREEN,yellow_end,,,
1400.0,0,55,26.0,0.473,4,0.0,5,13.0,2,0.0,8,0.0,0,0,0,0,0.0,13.0,13.0,0,NS_GREEN,hold,,,
1401.0,0,56,31.0,0.554,4,0.0,5,14.0,2,0.0,8,0.0,0,0,0,0,0.0,14.0,17.0,0,NS_GREEN,hold,,,
1402.0,0,57,36.0,0.632,4,0.0,5,15.0,2,0.0,8,0.0,0,0,0,0,0.0,15.0,21.0,0,NS_GREEN,hold,,,
1403.0,0,58,42.0,0.724,4,0.0,5,16.0,2,0.0,8,0.0,0,0,0,0,0.0,16.0,26.0,0,NS_GREEN,hold,,,
1404.0,0,58,48.0,0.828,4,0.0,5,17.0,2,0.0,8,0.0,0,0,0,0,0.0,17.0,31.0,0,NS_GREEN,hold,,,
1405.0,0,58,55.0,0.948,4,0.0,5,18.0,2,0.0,7,0.0,0,0,0,0,0.0,18.0,37.0,0,NS_GREEN,hold,,,
1406.0,0,60,63.0,1.05,4,0.0,5,19.0,2,0.0,8,0.0,0,0,0,0,0.0,19.0,44.0,0,NS_GREEN,hold,,,
1407.0,0,61,72.0,1.18,4,0.0,5,20.0,2,0.0,8,0.0,0,0,0,0,0.0,20.0,52.0,0,NS_YELLOW,pressure_ew,,,
1408.0,1,61,81.0,1.328,4,0.0,5,21.0,2,0.0,8,0.0,0,0,0,0,0.0,21.0,60.0,0,NS_YELLOW,hold,,,
1409.0,1,62,91.0,1.468,4,0.0,5,22.0,2,0.0,8,0.0,0,0,0,0,0.0,22.0,69.0,0,NS_YELLOW,hold,,,
1410.0,1,62,103.0,1.661,4,0.0,5,24.0,2,0.0,8,0.0,0,1,0,0,0.0,24.0,79.0,0,EW_GREEN,yellow_end,,,
1411.0,2,59,73.0,1.237,3,0.0,3,0.0,2,0.0,8,0.0,0,0,0,0,0.0,0.0,73.0,0,EW_GREEN,hold,,,
1412.0,2,59,67.0,1.136,3,0.0,3,0.0,2,0.0,8,0.0,0,0,0,0,0.0,0.0,67.0,0,EW_GREEN,hold,,,
1413.0,2,59,61.0,1.034,3,0.0,3,0.0,2,0.0,8,0.0,0,0,0,0,0.0,0.0,61.0,0,EW_GREEN,hold,,,
1414.0,2,59,57.0,0.966,3,0.0,3,0.0,2,0.0,8,1.0,0,0,0,0,0.0,1.0,56.0,0,EW_GREEN,hold,,,
1415.0,2,59,55.0,0.932,3,0.0,3,0.0,2,0.0,8,2.0,0,0,0,0,0.0,2.0,53.0,0,EW_GREEN,hold,,,
1416.0,2,59,54.0,0.915,3,0.0,3,0.0,2,0.0,8,3.0,0,0,0,0,0.0,3.0,51.0,0,EW_GREEN,hold,,,
1417.0,2,62,54.0,0.871,4,0.0,4,0.0,2,0.0,9,4.0,0,0,0,0,0.0,4.0,50.0,0,EW_GREEN,hold,,,
1418.0,2,61,49.0,0.803,4,0.0,4,0.0,2,1.0,9,5.0,0,0,1,0,0.0,6.0,43.0,0,EW_GREEN,hold,,,
1419.0,2,61,50.0,0.82,4,0.0,4,0.0,2,3.0,9,8.0,0,0,2,0,0.0,11.0,39.0,0,EW_GREEN,hold,,,
1420.0,2,61,50.0,0.82,4,0.0,4,0.0,2,5.0,10,11.0,0,0,2,0,0.0,16.0,34.0,0,EW_GREEN,hold,,,
1421.0,2,61,52.0,0.852,4,0.0,4,0.0,3,7.0,10,14.0,0,0,1,0,0.0,21.0,31.0,0,EW_GREEN,hold,,,
1422.0,2,60,55.0,0.917,4,0.0,4,0.0,3,9.0,10,17.0,0,0,1,0,1.0,26.0,28.0,0,EW_GREEN,hold,,,
1423.0,2,61,58.0,0.951,4,0.0,4,0.0,3,11.0,11,20.0,0,0,1,0,2.0,31.0,25.0,0,EW_GREEN,hold,,,
1424.0,2,60,75.0,1.25,4,0.0,4,0.0,3,13.0,11,25.0,0,0,1,0,3.0,38.0,34.0,0,EW_GREEN,hold,,,
1425.0,2,60,83.0,1.383,4,0.0,4,0.0,3,15.0,11,30.0,0,0,1,0,4.0,45.0,34.0,0,EW_GREEN,hold,,,
1426.0,2,59,91.0,1.542,4,0.0,4,0.0,3,17.0,11,35.0,0,0,1,0,5.0,52.0,34.0,0,EW_GREEN,hold,,,
1427.0,2,57,111.0,1.947,4,0.0,4,0.0,3,19.0,12,40.0,0,0,1,0,6.0,59.0,46.0,0,EW_GREEN,hold,,,
1428.0,2,57,113.0,1.982,4,0.0,4,0.0,3,21.0,12,45.0,0,0,1,0,7.0,66.0,40.0,0,EW_GREEN,hold,,,
1429.0,2,57,131.0,2.298,4,0.0,4,0.0,3,23.0,12,50.0,0,0,1,0,8.0,73.0,50.0,0,EW_GREEN,hold,,,
1430.0,2,56,133.0,2.375,4,0.0,4,0.0,3,25.0,12,56.0,0,0,1,0,0.0,81.0,52.0,0,EW_GREEN,hold,,,
1431.0,2,52,117.0,2.25,3,0.0,3,0.0,3,27.0,12,62.0,0,0,1,0,1.0,89.0,27.0,0,EW_GREEN,hold,,,
1432.0,2,53,119.0,2.245,3,0.0,3,0.0,3,29.0,13,69.0,0,0,1,0,2.0,98.0,19.0,0,EW_GREEN,hold,,,
1433.0,2,53,127.0,2.396,3,0.0,3,0.0,3,31.0,13,76.0,0,0,1,0,5.0,107.0,15.0,0,EW_GREEN,hold,,,
1434.0,2,54,135.0,2.5,3,0.0,3,0.0,4,33.0,13,83.0,0,0,1,0,8.0,116.0,11.0,0,EW_GREEN,hold,,,
1435.0,2,53,151.0,2.849,3,0.0,3,0.0,4,35.0,13,90.0,0,0,1,0,12.0,125.0,14.0,0,EW_GREEN,hold,,,
1436.0,2,52,160.0,3.077,3,0.0,3,0.0,4,37.0,13,97.0,0,0,1,0,17.0,134.0,9.0,0,EW_GREEN,hold,,,
1437.0,2,52,178.0,3.423,2,0.0,3,0.0,4,39.0,14,104.0,0,0,1,0,23.0,143.0,12.0,0,EW_GREEN,hold,,,
1438.0,2,52,198.0,3.808,2,0.0,2,0.0,4,41.0,14,112.0,0,0,1,0,29.0,153.0,16.0,0,EW_GREEN,hold,,,
1439.0,2,52,220.0,4.231,2,0.0,2,0.0,4,43.0,14,120.0,0,0,1,0,36.0,163.0,21.0,0,EW_GREEN,hold,,,
1440.0,2,52,243.0,4.673,2,0.0,2,0.0,4,45.0,14,128.0,0,0,1,0,44.0,173.0,26.0,0,EW_GREEN,hold,,,
1441.0,2,55,238.0,4.327,3,0.0,4,0.0,4,47.0,14,136.0,0,0,1,0,23.0,183.0,32.0,0,EW_GREEN,hold,,,
1442.0,2,56,231.0,4.125,4,0.0,4,0.0,4,49.0,14,144.0,0,0,1,0,10.0,193.0,28.0,0,EW_GREEN,hold,,,
1443.0,2,56,228.0,4.071,4,0.0,4,0.0,4,51.0,14,152.0,0,0,1,0,0.0,203.0,25.0,0,EW_GREEN,hold,,,
1444.0,2,57,235.0,4.123,4,0.0,4,0.0,4,53.0,14,160.0,0,0,1,0,0.0,213.0,22.0,0,EW_GREEN,hold,,,
1445.0,2,55,243.0,4.418,3,0.0,3,0.0,4,55.0,14,168.0,0,0,1,3,0.0,223.0,20.0,0,EW_GREEN,hold,,,
1446.0,2,55,252.0,4.582,3,0.0,3,0.0,4,57.0,14,176.0,0,0,1,3,0.0,233.0,19.0,0,EW_GREEN,hold,,,
1447.0,2,56,260.0,4.643,3,0.0,3,0.0,4,59.0,14,184.0,0,0,1,3,0.0,243.0,17.0,0,EW_GREEN,hold,,,
1448.0,2,55,269.0,4.891,3,0.0,3,0.0,4,61.0,14,192.0,0,0,1,0,0.0,253.0,16.0,0,EW_GREEN,hold,,,
1449.0,2,58,277.0,4.776,3,0.0,3,0.0,4,63.0,15,200.0,0,0,1,0,0.0,263.0,14.0,0,EW_GREEN,hold,,,
1450.0,2,58,294.0,5.069,3,0.0,3,0.0,4,65.0,15,210.0,0,0,1,0,0.0,275.0,19.0,0,EW_GREEN,hold,,,
1451.0,2,58,304.0,5.241,3,0.0,3,0.0,4,67.0,15,220.0,0,0,1,4,0.0,287.0,17.0,0,EW_GREEN,hold,,,
1452.0,2,58,316.0,5.448,3,0.0,3,0.0,4,69.0,15,230.0,0,0,1,4,0.0,299.0,17.0,0,EW_GREEN,hold,,,
1453.0,3,59,329.0,5.576,3,0.0,3,0.0,4,71.0,15,241.0,0,0,1,4,0.0,312.0,17.0,0,EW_GREEN,hold,,,
1454.0,3,59,350.0,5.932,3,0.0,3,0.0,4,74.0,15,252.0,0,0,3,4,0.0,326.0,24.0,0,EW_GREEN,hold,,,
1455.0,3,59,366.0,6.203,3,0.0,3,0.0,4,77.0,15,263.0,0,0,3,4,0.0,340.0,26.0,0,EW_GREEN,hold,,,
1456.0,0,54,193.0,3.574,3,0.0,3,0.0,2,3.0,12,160.0,0,0,1,3,0.0,163.0,30.0,0,EW_GREEN,hold,,,
1457.0,0,51,105.0,2.059,3,0.0,3,1.0,2,0.0,12,69.0,0,1,0,0,0.0,70.0,35.0,0,EW_GREEN,hold,,,
1458.0,0,52,61.0,1.173,3,0.0,3,3.0,3,0.0,12,16.0,0,1,0,0,0.0,19.0,42.0,0,EW_GREEN,hold,,,
1459.0,0,50,53.0,1.06,3,1.0,3,5.0,2,0.0,10,0.0,1,1,0,0,0.0,6.0,47.0,0,EW_GREEN,hold,,,
1460.0,0,54,63.0,1.167,3,3.0,3,7.0,3,0.0,10,0.0,1,1,0,0,0.0,10.0,53.0,0,EW_GREEN,hold,,,
1461.0,0,55,75.0,1.364,3,5.0,3,9.0,3,0.0,10,0.0,1,1,0,0,0.0,14.0,61.0,0,EW_GREEN,hold,,,
1462.0,0,56,87.0,1.554,3,7.0,3,11.0,3,0.0,8,0.0,1,1,0,0,0.0,18.0,69.0,0,EW_GREEN,hold,,,
1463.0,0,54,100.0,1.852,3,9.0,3,13.0,2,0.0,7,0.0,1,1,0,0,0.0,22.0,78.0,0,EW_YELLOW,pressure_ns,,,
1464.0,3,57,114.0,2.0,3,11.0,3,15.0,2,0.0,8,0.0,1,1,0,0,0.0,26.0,88.0,0,EW_YELLOW,hold,,,
1465.0,3,60,129.0,2.15,4,13.0,4,17.0,2,0.0,8,1.0,0,0,0,0,0.0,31.0,98.0,0,EW_YELLOW,hold,,,
1466.0,3,60,144.0,2.4,4,15.0,4,19.0,2,0.0,8,2.0,0,0,0,0,0.0,36.0,108.0,0,NS_GREEN,yellow_end,,,
1467.0,0,57,157.0,2.754,4,17.0,4,21.0,2,0.0,6,0.0,0,0,0,0,0.0,38.0,119.0,0,NS_GREEN,hold,,,
1468.0,0,58,173.0,2.983,4,19.0,4,23.0,2,0.0,7,0.0,0,0,0,0,0.0,42.0,131.0,0,NS_GREEN,hold,,,
1469.0,0,58,190.0,3.276,4,21.0,4,25.0,2,0.0,7,0.0,0,0,0,0,0.0,46.0,144.0,0,NS_GREEN,hold,,,
1470.0,0,59,207.0,3.508,4,23.0,4,27.0,2,0.0,6,0.0,0,0,0,0,0.0,50.0,157.0,0,NS_GREEN,hold,,,
1471.0,0,59,225.0,3.814,4,25.0,4,29.0,2,0.0,5,0.0,0,0,0,0,0.0,54.0,171.0,0,NS_GREEN,hold,,,
1472.0,0,60,244.0,4.067,4,27.0,4,31.0,2,0.0,5,0.0,0,0,0,0,0.0,58.0,186.0,0,NS_GREEN,hold,,,
1473.0,0,60,264.0,4.4,4,29.0,4,33.0,2,0.0,5,0.0,0,0,0,0,0.0,62.0,202.0,0,NS_GREEN,hold,,,
1474.0,0,62,285.0,4.597,4,31.0,4,35.0,2,0.0,6,0.0,0,0,0,0,0.0,66.0,219.0,0,NS_YELLOW,pressure_ew,,,
1475.0,1,61,306.0,5.016,4,33.0,4,37.0,2,0.0,6,0.0,0,0,0,0,0.0,70.0,236.0,0,NS_YELLOW,hold,,,
1476.0,1,60,328.0,5.467,4,35.0,4,39.0,2,0.0,6,0.0,0,0,0,0,0.0,74.0,254.0,0,NS_YELLOW,hold,,,
1477.0,1,63,351.0,5.571,4,37.0,4,41.0,2,0.0,7,0.0,0,0,0,0,0.0,78.0,273.0,0,EW_GREEN,yellow_end,,,
1478.0,2,58,292.0,5.034,2,0.0,2,0.0,2,0.0,7,0.0,0,0,0,0,0.0,0.0,292.0,0,EW_GREEN,hold,,,
1479.0,2,58,313.0,5.397,2,0.0,2,0.0,2,0.0,7,0.0,0,0,0,0,0.0,0.0,313.0,0,EW_GREEN,hold,,,
1480.0,2,60,336.0,5.6,2,0.0,2,0.0,2,0.0,8,0.0,0,0,0,0,0.0,0.0,336.0,0,EW_GREEN,hold,,,
1481.0,2,58,359.0,6.19,1,0.0,1,0.0,2,0.0,8,0.0,0,0,0,0,0.0,0.0,359.0,0,EW_GREEN,hold,,,
1482.0,2,58,383.0,6.603,1,0.0,1,0.0,2,0.0,8,0.0,0,0,0,0,0.0,0.0,383.0,0,EW_GREEN,hold,,,
1483.0,2,59,408.0,6.915,1,0.0,1,0.0,2,0.0,8,0.0,0,0,0,0,0.0,0.0,408.0,0,EW_GREEN,hold,,,
1484.0,2,59,433.0,7.339,1,0.0,1,0.0,2,0.0,8,0.0,0,0,0,0,0.0,0.0,433.0,0,EW_GREEN,hold,,,
1485.0,2,59,458.0,7.763,1,0.0,1,0.0,2,0.0,8,0.0,0,0,0,0,0.0,0.0,458.0,0,EW_GREEN,hold,,,
1486.0,2,59,484.0,8.203,1,0.0,1,0.0,2,0.0,8,1.0,0,0,0,0,0.0,1.0,483.0,0,EW_GREEN,hold,,,
1487.0,2,56,493.0,8.804,1,0.0,1,0.0,2,0.0,8,2.0,0,0,0,0,0.0,2.0,491.0,0,EW_GREEN,hold,,,
1488.0,2,55,517.0,9.4,1,0.0,1,0.0,2,0.0,8,3.0,0,0,0,0,0.0,3.0,514.0,0,EW_GREEN,hold,,,
1489.0,2,59,499.0,8.458,3,0.0,3,0.0,2,0.0,9,4.0,0,0,0,0,0.0,4.0,495.0,0,EW_GREEN,hold,,,
1490.0,2,58,483.0,8.328,3,0.0,3,0.0,2,0.0,9,5.0,0,0,0,0,0.0,5.0,478.0,0,EW_GREEN,hold,,,
1491.0,2,57,465.0,8.158,3,0.0,3,0.0,2,0.0,9,6.0,0,0,0,0,0.0,6.0,459.0,0,EW_GREEN,hold,,,
1492.0,2,56,447.0,7.982,3,0.0,3,0.0,2,0.0,9,7.0,0,0,0,0,0.0,7.0,440.0,0,EW_GREEN,hold,,,
1493.0,2,57,469.0,8.228,3,0.0,3,0.0,2,1.0,10,8.0,0,0,1,0,1.0,9.0,459.0,0,EW_GREEN,hold,,,
1494.0,2,58,456.0,7.862,3,0.0,3,0.0,3,2.0,10,11.0,0,0,0,0,3.0,13.0,440.0,0,EW_GREEN,hold,,,
1495.0,2,58,443.0,7.638,3,0.0,3,0.0,3,3.0,10,14.0,0,0,0,0,6.0,17.0,420.0,0,EW_GREEN,hold,,,
1496.0,2,59,430.0,7.288,3,0.0,3,0.0,4,5.0,10,17.0,0,0,1,0,9.0,22.0,399.0,0,EW_GREEN,hold,,,
1497.0,2,58,419.0,7.224,3,0.0,3,0.0,4,7.0,10,20.0,0,0,1,0,12.0,27.0,380.0,0,EW_GREEN,hold,,,
1498.0,2,58,407.0,7.017,3,0.0,3,0.0,4,9.0,10,23.0,0,0,1,0,15.0,32.0,360.0,0,EW_GREEN,hold,,,
1499.0,2,57,399.0,7.0,3,0.0,3,0.0,4,11.0,10,26.0,0,0,1,0,21.0,37.0,341.0,0,EW_GREEN,hold,,,
1500.0,2,58,392.0,6.759,3,0.0,3,0.0,4,13.0,11,29.0,0,0,1,0,27.0,42.0,323.0,0,EW_GREEN,hold,,,
1501.0,2,58,389.0,6.707,3,0.0,3,0.0,4,15.0,11,33.0,0,0,1,1,35.0,48.0,306.0,0,EW_GREEN,hold,,,
1502.0,2,58,385.0,6.638,3,0.0,3,0.0,4,17.0,11,35.0,0,0,1,0,44.0,52.0,289.0,0,EW_GREEN,hold,,,
1503.0,2,55,352.0,6.4,2,0.0,3,0.0,4,19.0,11,38.0,0,0,1,0,23.0,57.0,272.0,0,EW_GREEN,hold,,,
1504.0,2,54,361.0,6.685,2,0.0,2,0.0,4,21.0,11,41.0,0,0,1,0,12.0,62.0,287.0,0,EW_GREEN,hold,,,
1505.0,2,53,344.0,6.491,2,0.0,2,0.0,4,23.0,11,46.0,0,0,1,1,6.0,69.0,269.0,0,EW_GREEN,hold,,,
1506.0,2,51,326.0,6.392,2,0.0,2,0.0,4,25.0,11,51.0,0,0,1,1,0.0,76.0,250.0,0,EW_GREEN,hold,,,
1507.0,2,51,314.0,6.157,2,0.0,2,0.0,4,27.0,11,56.0,0,0,1,1,0.0,83.0,231.0,0,EW_GREEN,hold,,,
1508.0,2,49,336.0,6.857,2,0.0,2,0.0,4,29.0,11,61.0,0,0,1,1,0.0,90.0,246.0,0,EW_GREEN,hold,,,
1509.0,2,48,324.0,6.75,2,0.0,2,0.0,4,31.0,12,66.0,0,0,1,1,0.0,97.0,227.0,0,EW_GREEN,hold,,,
1510.0,2,47,312.0,6.638,2,0.0,2,0.0,4,33.0,12,71.0,0,0,1,1,0.0,104.0,208.0,0,EW_GREEN,hold,,,
1511.0,2,45,300.0,6.667,2,0.0,2,0.0,4,35.0,12,77.0,0,0,1,1,0.0,112.0,188.0,0,EW_GREEN,hold,,,
1512.0,2,45,289.0,6.422,2,0.0,2,0.0,4,37.0,12,83.0,0,0,1,2,0.0,120.0,169.0,0,EW_GREEN,hold,,,
1513.0,2,49,279.0,5.694,3,0.0,3,0.0,4,39.0,12,89.0,0,0,1,0,0.0,128.0,151.0,0,EW_GREEN,hold,,,
1514.0,2,50,268.0,5.36,3,0.0,3,0.0,4,41.0,12,95.0,0,0,1,0,0.0,136.0,132.0,0,EW_GREEN,hold,,,
1515.0,2,50,291.0,5.82,3,0.0,3,0.0,4,43.0,12,102.0,0,0,1,3,0.0,145.0,146.0,0,EW_GREEN,hold,,,
1516.0,2,49,293.0,5.98,3,0.0,3,0.0,4,45.0,12,110.0,0,0,1,5,0.0,155.0,138.0,0,EW_GREEN,hold,,,
1517.0,2,50,296.0,5.92,3,0.0,3,0.0,4,47.0,12,118.0,0,0,1,5,0.0,165.0,131.0,0,EW_GREEN,hold,,,
1518.0,2,49,299.0,6.102,3,0.0,3,0.0,4,49.0,12,126.0,0,0,1,5,0.0,175.0,124.0,0,EW_GREEN,hold,,,
1519.0,2,50,301.0,6.02,3,0.0,3,0.0,4,51.0,13,134.0,0,0,1,5,0.0,185.0,116.0,0,EW_GREEN,hold,,,
1520.0,3,49,304.0,6.204,3,0.0,3,0.0,4,53.0,13,142.0,0,0,1,5,0.0,195.0,109.0,0,EW_GREEN,hold,,,
1521.0,3,49,306.0,6.245,3,0.0,3,0.0,4,55.0,13,150.0,0,0,1,5,0.0,205.0,101.0,0,EW_GREEN,hold,,,
1522.0,3,50,311.0,6.22,3,0.0,3,0.0,4,57.0,14,159.0,0,0,1,2,0.0,216.0,95.0,0,EW_GREEN,hold,,,
1523.0,0,45,171.0,3.8,3,0.0,3,0.0,2,0.0,12,81.0,0,0,0,0,0.0,81.0,90.0,0,EW_GREEN,hold,,,
1524.0,0,46,130.0,2.826,3,0.0,3,0.0,2,0.0,12,27.0,0,0,0,0,0.0,27.0,103.0,0,EW_GREEN,hold,,,
1525.0,0,45,99.0,2.2,3,0.0,3,0.0,1,0.0,12,4.0,0,0,0,0,0.0,4.0,95.0,0,EW_GREEN,hold,,,
1526.0,0,45,92.0,2.044,3,0.0,3,0.0,0,0.0,11,0.0,0,0,0,0,0.0,0.0,92.0,0,EW_GREEN,hold,,,
1527.0,0,47,89.0,1.894,3,0.0,3,0.0,0,0.0,10,0.0,0,0,0,0,0.0,0.0,89.0,0,EW_GREEN,hold,,,
1528.0,0,48,85.0,1.771,3,0.0,3,0.0,0,0.0,10,0.0,0,0,0,0,0.0,0.0,85.0,0,EW_GREEN,hold,,,
1529.0,0,47,82.0,1.745,3,0.0,3,0.0,0,0.0,9,0.0,0,0,0,0,0.0,0.0,82.0,0,EW_GREEN,hold,,,
1530.0,0,45,79.0,1.756,3,1.0,3,0.0,0,0.0,9,0.0,1,0,0,0,0.0,1.0,78.0,0,EW_GREEN,hold,,,
1531.0,0,47,76.0,1.617,3,2.0,3,1.0,1,0.0,7,0.0,1,1,0,0,0.0,3.0,73.0,0,EW_GREEN,hold,,,
1532.0,0,46,71.0,1.543,3,3.0,3,2.0,1,0.0,7,0.0,0,1,0,0,0.0,5.0,66.0,0,EW_GREEN,hold,,,
1533.0,0,47,67.0,1.426,3,4.0,3,3.0,2,0.0,6,0.0,0,0,0,0,0.0,7.0,60.0,0,EW_GREEN,hold,,,
1534.0,0,51,76.0,1.49,3,5.0,3,4.0,2,0.0,7,0.0,0,0,0,0,0.0,9.0,67.0,0,EW_GREEN,hold,,,
1535.0,0,51,70.0,1.373,3,6.0,3,5.0,2,0.0,7,0.0,0,0,0,0,0.0,11.0,59.0,0,EW_GREEN,hold,,,
1536.0,0,51,64.0,1.255,3,7.0,3,6.0,2,0.0,7,0.0,0,0,0,0,0.0,13.0,51.0,0,EW_GREEN,hold,,,
1537.0,0,56,58.0,1.036,5,8.0,5,7.0,2,0.0,8,0.0,0,0,0,0,0.0,15.0,43.0,0,EW_YELLOW,max_green,,,
1538.0,3,56,51.0,0.911,5,9.0,5,8.0,2,0.0,8,0.0,0,0,0,0,0.0,17.0,34.0,0,EW_YELLOW,hold,,,
1539.0,3,56,56.0,1.0,5,10.0,5,9.0,2,0.0,8,0.0,0,0,0,0,0.0,19.0,37.0,0,EW_YELLOW,hold,,,
1540.0,3,55,47.0,0.855,5,11.0,5,10.0,2,0.0,8,1.0,0,0,0,0,0.0,22.0,25.0,0,NS_GREEN,yellow_end,,,
1541.0,0,55,36.0,0.655,5,12.0,5,11.0,2,0.0,8,0.0,0,0,0,0,0.0,23.0,13.0,0,NS_GREEN,hold,,,
1542.0,0,54,26.0,0.481,5,13.0,5,12.0,2,0.0,8,0.0,0,0,0,0,0.0,25.0,1.0,0,NS_GREEN,hold,,,
1543.0,0,54,27.0,0.5,5,14.0,5,13.0,2,0.0,8,0.0,0,0,0,0,0.0,27.0,0.0,0,NS_GREEN,hold,,,
1544.0,0,57,29.0,0.509,5,15.0,5,14.0,2,0.0,9,0.0,0,0,0,0,0.0,29.0,0.0,0,NS_GREEN,hold,,,
1545.0,0,58,31.0,0.534,5,16.0,5,15.0,2,0.0,9,0.0,0,0,0,0,0.0,31.0,0.0,0,NS_GREEN,hold,,,
1546.0,0,58,33.0,0.569,5,17.0,5,16.0,2,0.0,9,0.0,0,0,0,0,0.0,33.0,0.0,0,NS_GREEN,hold,,,
1547.0,0,58,35.0,0.603,5,18.0,5,17.0,2,0.0,9,0.0,0,0,0,0,0.0,35.0,0.0,0,NS_GREEN,hold,,,
1548.0,0,58,37.0,0.638,5,19.0,5,18.0,2,0.0,8,0.0,0,0,0,0,0.0,37.0,0.0,0,NS_YELLOW,pressure_ew,,,
1549.0,1,59,40.0,0.678,5,20.0,5,19.0,2,0.0,8,0.0,0,0,0,0,0.0,39.0,1.0,0,NS_YELLOW,hold,,,
1550.0,1,61,43.0,0.705,5,21.0,5,20.0,2,0.0,9,0.0,0,0,0,0,0.0,41.0,2.0,0,NS_YELLOW,hold,,,
1551.0,1,60,47.0,0.783,5,22.0,5,21.0,2,0.0,9,0.0,0,0,0,0,0.0,43.0,4.0,0,EW_GREEN,yellow_end,,,
1552.0,2,57,8.0,0.14,3,0.0,3,0.0,2,0.0,9,1.0,0,0,0,0,0.0,1.0,7.0,0,EW_GREEN,hold,,,
1553.0,2,57,8.0,0.14,3,0.0,3,0.0,2,0.0,10,2.0,0,0,0,0,0.0,2.0,6.0,0,EW_GREEN,hold,,,
1554.0,2,57,6.0,0.105,3,0.0,3,0.0,2,0.0,10,3.0,0,0,0,0,0.0,3.0,3.0,0,EW_GREEN,hold,,,
1555.0,2,58,6.0,0.103,3,0.0,3,0.0,2,0.0,10,4.0,0,0,0,0,1.0,4.0,1.0,0,EW_GREEN,hold,,,
1556.0,2,59,8.0,0.136,3,0.0,3,0.0,2,0.0,11,5.0,0,0,0,0,2.0,5.0,1.0,0,EW_GREEN,hold,,,
1557.0,2,59,9.0,0.153,3,0.0,3,0.0,2,0.0,11,6.0,0,0,0,0,3.0,6.0,0.0,0,EW_GREEN,hold,,,
1558.0,2,59,13.0,0.22,3,0.0,3,0.0,2,0.0,11,7.0,0,0,0,0,4.0,7.0,2.0,0,EW_GREEN,hold,,,
1559.0,2,56,19.0,0.339,2,0.0,2,0.0,2,0.0,11,8.0,0,0,0,0,5.0,8.0,6.0,0,EW_GREEN,hold,,,
1560.0,2,58,25.0,0.431,2,0.0,2,0.0,2,0.0,12,9.0,0,0,0,0,6.0,9.0,10.0,0,EW_GREEN,hold,,,
1561.0,2,60,25.0,0.417,4,0.0,4,0.0,2,0.0,12,10.0,0,0,0,0,7.0,10.0,8.0,0,EW_GREEN,hold,,,
1562.0,2,59,30.0,0.508,4,0.0,4,0.0,2,0.0,12,11.0,0,0,0,0,9.0,11.0,10.0,0,EW_GREEN,hold,,,
1563.0,2,58,39.0,0.672,3,0.0,3,0.0,2,0.0,13,13.0,0,0,0,0,13.0,13.0,13.0,0,EW_GREEN,hold,,,
1564.0,2,56,50.0,0.893,3,0.0,3,0.0,2,0.0,13,16.0,0,0,0,0,17.0,16.0,17.0,0,EW_GREEN,hold,,,
1565.0,2,58,62.0,1.069,3,0.0,3,0.0,3,0.0,13,19.0,0,0,0,0,21.0,19.0,22.0,0,EW_GREEN,hold,,,
1566.0,2,60,76.0,1.267,3,0.0,3,0.0,3,0.0,13,23.0,0,0,0,0,25.0,23.0,28.0,0,EW_GREEN,hold,,,
1567.0,2,59,95.0,1.61,2,0.0,2,0.0,4,1.0,13,28.0,0,0,0,1,31.0,29.0,35.0,0,EW_GREEN,hold,,,
1568.0,2,58,94.0,1.621,2,0.0,2,0.0,4,2.0,13,33.0,0,0,0,1,17.0,35.0,42.0,0,EW_GREEN,hold,,,
1569.0,2,58,103.0,1.776,2,0.0,2,0.0,4,4.0,13,39.0,0,0,1,1,11.0,43.0,49.0,0,EW_GREEN,hold,,,
1570.0,2,56,113.0,2.018,2,0.0,2,0.0,4,6.0,13,45.0,0,0,1,1,5.0,51.0,57.0,0,EW_GREEN,hold,,,
1571.0,2,58,126.0,2.172,2,0.0,2,0.0,4,8.0,14,51.0,0,0,1,0,2.0,59.0,65.0,0,EW_GREEN,hold,,,
1572.0,2,57,141.0,2.474,2,0.0,2,0.0,4,10.0,14,57.0,0,0,1,0,0.0,67.0,74.0,0,EW_GREEN,hold,,,
1573.0,2,56,159.0,2.839,2,0.0,2,0.0,4,12.0,14,63.0,0,0,1,0,0.0,75.0,84.0,0,EW_GREEN,hold,,,
1574.0,2,56,178.0,3.179,2,0.0,2,0.0,4,14.0,14,70.0,0,0,1,2,0.0,84.0,94.0,0,EW_GREEN,hold,,,
1575.0,2,56,198.0,3.536,1,0.0,2,0.0,4,16.0,14,77.0,0,0,1,2,0.0,93.0,105.0,0,EW_GREEN,hold,,,
1576.0,2,54,219.0,4.056,1,0.0,2,0.0,4,18.0,14,84.0,0,0,1,2,0.0,102.0,117.0,0,EW_GREEN,hold,,,
1577.0,2,54,242.0,4.481,1,0.0,2,0.0,4,20.0,14,92.0,0,0,1,2,0.0,112.0,130.0,0,EW_GREEN,hold,,,
1578.0,2,53,266.0,5.019,1,0.0,2,0.0,4,22.0,14,100.0,0,0,1,2,0.0,122.0,144.0,0,EW_GREEN,hold,,,
1579.0,2,52,290.0,5.577,1,0.0,2,0.0,4,24.0,14,108.0,0,0,1,2,0.0,132.0,158.0,0,EW_GREEN,hold,,,
1580.0,2,51,315.0,6.176,1,0.0,2,0.0,4,26.0,14,116.0,0,0,1,2,0.0,142.0,173.0,0,EW_GREEN,hold,,,
1581.0,2,51,341.0,6.686,1,0.0,1,0.0,4,28.0,15,124.0,0,0,1,2,0.0,152.0,189.0,0,EW_GREEN,hold,,,
1582.0,2,51,367.0,7.196,1,0.0,1,0.0,4,30.0,15,132.0,0,0,1,2,0.0,162.0,205.0,0,EW_GREEN,hold,,,
1583.0,2,50,394.0,7.88,1,0.0,1,0.0,4,32.0,15,140.0,0,0,1,2,0.0,172.0,222.0,0,EW_GREEN,hold,,,
1584.0,2,50,422.0,8.44,1,0.0,1,0.0,4,34.0,15,148.0,0,0,1,0,0.0,182.0,240.0,0,EW_GREEN,hold,,,
1585.0,2,57,450.0,7.895,3,0.0,3,0.0,4,36.0,15,156.0,0,0,1,0,0.0,192.0,258.0,0,EW_GREEN,hold,,,
1586.0,2,58,480.0,8.276,3,0.0,3,0.0,4,38.0,15,164.0,0,0,1,0,0.0,202.0,278.0,0,EW_GREEN,hold,,,
1587.0,2,58,512.0,8.828,3,0.0,3,0.0,4,40.0,15,173.0,0,0,1,3,0.0,213.0,299.0,0,EW_GREEN,hold,,,
1588.0,2,58,546.0,9.414,3,0.0,3,0.0,4,42.0,15,183.0,0,0,1,3,0.0,225.0,321.0,0,EW_GREEN,hold,,,
1589.0,2,58,576.0,9.931,3,0.0,3,0.0,4,44.0,15,194.0,0,0,1,7,0.0,238.0,338.0,0,EW_GREEN,hold,,,
1590.0,2,57,578.0,10.14,3,0.0,3,0.0,4,46.0,15,205.0,0,0,1,3,0.0,251.0,327.0,0,EW_GREEN,hold,,,
1591.0,2,56,581.0,10.375,3,0.0,3,0.0,4,48.0,15,217.0,0,0,1,3,0.0,265.0,316.0,0,EW_GREEN,hold,,,
1592.0,2,57,586.0,10.281,3,0.0,3,0.0,4,50.0,16,229.0,0,0,1,4,0.0,279.0,307.0,0,EW_GREEN,hold,,,
1593.0,2,56,589.0,10.518,3,0.0,3,0.0,4,52.0,16,241.0,0,0,1,4,0.0,293.0,296.0,0,EW_GREEN,hold,,,
1594.0,3,57,593.0,10.404,3,0.0,3,0.0,4,54.0,17,253.0,0,0,1,4,0.0,307.0,286.0,0,EW_GREEN,hold,,,
1595.0,3,57,596.0,10.456,3,0.0,3,0.0,4,56.0,17,265.0,0,0,1,4,0.0,321.0,275.0,0,EW_GREEN,hold,,,
1596.0,3,57,598.0,10.491,3,0.0,3,0.0,4,58.0,17,277.0,0,0,1,4,0.0,335.0,263.0,0,EW_GREEN,hold,,,
1597.0,0,52,431.0,8.288,3,0.0,3,0.0,1,1.0,15,178.0,0,0,1,0,0.0,179.0,252.0,0,EW_GREEN,hold,,,
1598.0,0,52,338.0,6.5,3,0.0,3,0.0,1,0.0,15,97.0,0,0,0,0,0.0,97.0,241.0,0,EW_GREEN,hold,,,
1599.0,0,53,265.0,5.0,3,0.0,3,0.0,1,0.0,15,35.0,0,0,0,0,0.0,35.0,230.0,0,EW_GREEN,hold,,,
1600.0,0,48,230.0,4.792,3,0.0,3,0.0,0,0.0,12,10.0,0,0,0,0,1.0,10.0,219.0,0,EW_GREEN,hold,,,
1601.0,0,53,238.0,4.491,3,1.0,3,1.0,0,0.0,13,0.0,1,1,0,0,2.0,2.0,234.0,0,EW_GREEN,hold,,,
1602.0,0,50,230.0,4.6,3,2.0,3,2.0,0,0.0,11,0.0,1,1,0,0,3.0,4.0,223.0,0,EW_GREEN,hold,,,
1603.0,0,54,222.0,4.111,3,3.0,3,3.0,1,0.0,11,0.0,1,1,0,0,5.0,6.0,211.0,0,EW_GREEN,hold,,,
1604.0,0,54,211.0,3.907,3,4.0,3,4.0,1,0.0,11,0.0,1,1,0,0,7.0,8.0,196.0,0,EW_GREEN,hold,,,
1605.0,0,53,201.0,3.792,3,5.0,3,5.0,2,0.0,8,0.0,0,1,0,0,9.0,10.0,182.0,0,EW_GREEN,hold,,,
1606.0,0,52,178.0,3.423,3,6.0,3,6.0,2,0.0,8,0.0,0,1,0,0,0.0,12.0,166.0,0,EW_GREEN,hold,,,
1607.0,0,53,165.0,3.113,3,7.0,3,7.0,2,0.0,7,0.0,0,0,0,0,0.0,14.0,151.0,0,EW_GREEN,hold,,,
1608.0,0,54,152.0,2.815,3,8.0,3,8.0,2,0.0,7,0.0,0,0,0,0,0.0,16.0,136.0,0,EW_GREEN,hold,,,
1609.0,0,58,161.0,2.776,4,9.0,4,9.0,2,0.0,8,0.0,0,0,0,0,0.0,18.0,143.0,0,EW_GREEN,hold,,,
1610.0,0,58,146.0,2.517,4,10.0,4,10.0,2,0.0,8,0.0,0,0,0,0,0.0,20.0,126.0,0,EW_GREEN,hold,,,
1611.0,0,56,129.0,2.304,4,11.0,4,11.0,2,0.0,7,0.0,0,0,0,0,0.0,22.0,107.0,0,EW_YELLOW,max_green,,,
1612.0,3,58,115.0,1.983,4,12.0,4,12.0,2,0.0,8,0.0,0,0,0,0,0.0,24.0,91.0,0,EW_YELLOW,hold,,,
1613.0,3,58,124.0,2.138,4,13.0,4,13.0,2,0.0,8,0.0,0,0,0,0,0.0,26.0,98.0,0,EW_YELLOW,hold,,,
1614.0,3,58,108.0,1.862,4,14.0,4,14.0,2,0.0,8,0.0,0,0,0,0,0.0,28.0,80.0,0,NS_GREEN,yellow_end,,,
1615.0,0,58,60.0,1.034,4,15.0,4,15.0,2,0.0,9,0.0,0,0,0,0,0.0,30.0,30.0,0,NS_GREEN,hold,,,
1616.0,0,59,44.0,0.746,4,16.0,4,16.0,2,0.0,9,0.0,0,0,0,0,0.0,32.0,12.0,0,NS_GREEN,hold,,,
1617.0,0,59,49.0,0.831,4,17.0,4,17.0,2,0.0,9,0.0,0,0,0,0,0.0,34.0,15.0,0,NS_GREEN,hold,,,
1618.0,0,59,55.0,0.932,4,18.0,4,18.0,2,0.0,9,0.0,0,0,0,0,0.0,36.0,19.0,0,NS_GREEN,hold,,,
1619.0,0,59,61.0,1.034,4,19.0,4,19.0,2,0.0,9,0.0,0,0,0,0,0.0,38.0,23.0,0,NS_GREEN,hold,,,
1620.0,0,59,68.0,1.153,4,20.0,4,20.0,2,0.0,9,0.0,0,0,0,0,0.0,40.0,28.0,0,NS_GREEN,hold,,,
1621.0,0,62,76.0,1.226,4,21.0,4,21.0,2,0.0,9,0.0,0,0,0,0,0.0,42.0,34.0,0,NS_GREEN,hold,,,
1622.0,0,62,84.0,1.355,4,22.0,4,22.0,2,0.0,9,0.0,0,0,0,0,0.0,44.0,40.0,0,NS_YELLOW,pressure_ew,,,
1623.0,1,64,93.0,1.453,4,23.0,4,23.0,2,0.0,10,0.0,0,0,0,0,0.0,46.0,47.0,0,NS_YELLOW,hold,,,
1624.0,1,63,103.0,1.635,4,24.0,4,24.0,2,0.0,9,0.0,0,0,0,0,0.0,48.0,55.0,0,NS_YELLOW,hold,,,
1625.0,1,64,115.0,1.797,4,26.0,4,25.0,2,0.0,9,0.0,1,0,0,0,0.0,51.0,64.0,0,EW_GREEN,yellow_end,,,
1626.0,2,59,58.0,0.983,2,0.0,2,0.0,2,0.0,9,0.0,0,0,0,0,0.0,0.0,58.0,0,EW_GREEN,hold,,,
1627.0,2,60,53.0,0.883,2,0.0,2,0.0,2,0.0,9,1.0,0,0,0,0,0.0,1.0,52.0,0,EW_GREEN,hold,,,
1628.0,2,60,48.0,0.8,2,0.0,2,0.0,2,0.0,9,2.0,0,0,0,0,0.0,2.0,46.0,0,EW_GREEN,hold,,,
1629.0,2,60,44.0,0.733,2,0.0,2,0.0,2,0.0,9,3.0,0,0,0,0,0.0,3.0,41.0,0,EW_GREEN,hold,,,
1630.0,2,59,42.0,0.712,2,0.0,2,0.0,2,0.0,9,4.0,0,0,0,0,0.0,4.0,38.0,0,EW_GREEN,hold,,,
1631.0,2,58,42.0,0.724,2,0.0,2,0.0,2,0.0,9,6.0,0,0,0,0,0.0,6.0,36.0,0,EW_GREEN,hold,,,
1632.0,2,58,43.0,0.741,2,0.0,2,0.0,2,0.0,10,8.0,0,0,0,0,0.0,8.0,35.0,0,EW_GREEN,hold,,,
1633.0,2,60,44.0,0.733,4,0.0,4,0.0,2,0.0,10,11.0,0,0,0,0,0.0,11.0,33.0,0,EW_GREEN,hold,,,
1634.0,2,61,45.0,0.738,4,0.0,4,0.0,2,0.0,10,14.0,0,0,0,0,0.0,14.0,31.0,0,EW_GREEN,hold,,,
1635.0,2,62,48.0,0.774,4,0.0,4,0.0,2,0.0,11,17.0,0,0,0,0,0.0,17.0,31.0,0,EW_GREEN,hold,,,
1636.0,2,60,52.0,0.867,4,0.0,4,0.0,2,0.0,11,20.0,0,0,0,0,0.0,20.0,32.0,0,EW_GREEN,hold,,,
1637.0,2,62,66.0,1.065,4,0.0,4,0.0,3,0.0,11,24.0,0,0,0,1,0.0,24.0,42.0,0,EW_GREEN,hold,,,
1638.0,2,62,74.0,1.194,4,0.0,4,0.0,3,0.0,11,28.0,0,0,0,1,2.0,28.0,44.0,0,EW_GREEN,hold,,,
1639.0,2,62,83.0,1.339,4,0.0,4,0.0,4,0.0,11,32.0,0,0,0,1,4.0,32.0,47.0,0,EW_GREEN,hold,,,
1640.0,2,63,93.0,1.476,4,0.0,4,0.0,4,1.0,12,36.0,0,0,0,1,7.0,37.0,49.0,0,EW_GREEN,hold,,,
1641.0,2,62,107.0,1.726,4,0.0,4,0.0,4,3.0,12,40.0,0,0,1,0,11.0,43.0,53.0,0,EW_GREEN,hold,,,
1642.0,2,62,124.0,2.0,4,0.0,4,0.0,4,5.0,12,45.0,0,0,1,0,16.0,50.0,58.0,0,EW_GREEN,hold,,,
1643.0,2,63,148.0,2.349,4,0.0,4,0.0,4,7.0,13,50.0,0,0,1,0,21.0,57.0,70.0,0,EW_GREEN,hold,,,
1644.0,2,63,170.0,2.698,4,0.0,4,0.0,4,9.0,13,56.0,0,0,1,0,28.0,65.0,77.0,0,EW_GREEN,hold,,,
1645.0,2,62,189.0,3.048,4,0.0,4,0.0,4,11.0,13,62.0,0,0,1,0,35.0,73.0,81.0,0,EW_GREEN,hold,,,
1646.0,2,58,151.0,2.603,4,0.0,4,0.0,4,13.0,14,69.0,0,0,1,0,22.0,82.0,47.0,0,EW_GREEN,hold,,,
1647.0,2,58,142.0,2.448,4,0.0,3,0.0,4,15.0,14,77.0,0,0,1,2,10.0,92.0,40.0,0,EW_GREEN,hold,,,
1648.0,2,58,151.0,2.603,4,0.0,3,0.0,4,17.0,14,85.0,0,0,1,5,5.0,102.0,44.0,0,EW_GREEN,hold,,,
1649.0,2,56,161.0,2.875,4,0.0,3,0.0,4,19.0,15,93.0,0,0,1,2,0.0,112.0,49.0,0,EW_GREEN,hold,,,
1650.0,2,55,181.0,3.291,3,0.0,3,0.0,4,21.0,15,101.0,0,0,1,2,0.0,122.0,59.0,0,EW_GREEN,hold,,,
1651.0,2,54,196.0,3.63,3,0.0,3,0.0,4,23.0,15,109.0,0,0,1,2,0.0,132.0,64.0,0,EW_GREEN,hold,,,
1652.0,2,51,211.0,4.137,3,0.0,3,0.0,4,25.0,15,117.0,0,0,1,2,0.0,142.0,69.0,0,EW_GREEN,hold,,,
1653.0,2,52,224.0,4.308,3,0.0,3,0.0,4,27.0,16,125.0,0,0,1,2,0.0,152.0,72.0,0,EW_GREEN,hold,,,
1654.0,2,50,245.0,4.9,3,0.0,3,0.0,4,29.0,16,133.0,0,0,1,2,0.0,162.0,83.0,0,EW_GREEN,hold,,,
1655.0,2,50,264.0,5.28,3,0.0,3,0.0,4,31.0,16,141.0,0,0,1,2,0.0,172.0,92.0,0,EW_GREEN,hold,,,
1656.0,2,50,285.0,5.7,3,0.0,3,0.0,4,33.0,16,149.0,0,0,1,2,0.0,182.0,103.0,0,EW_GREEN,hold,,,
1657.0,2,54,290.0,5.37,4,0.0,4,0.0,4,35.0,16,158.0,0,0,1,2,0.0,193.0,97.0,0,EW_GREEN,hold,,,
1658.0,2,55,297.0,5.4,4,0.0,4,0.0,4,37.0,16,167.0,0,0,1,2,0.0,204.0,93.0,0,EW_GREEN,hold,,,
1659.0,2,55,303.0,5.509,4,0.0,4,0.0,4,39.0,16,176.0,0,0,1,2,0.0,215.0,88.0,0,EW_GREEN,hold,,,
1660.0,2,55,309.0,5.618,4,0.0,4,0.0,4,41.0,16,185.0,0,0,1,0,0.0,226.0,83.0,0,EW_GREEN,hold,,,
1661.0,2,56,315.0,5.625,4,0.0,4,0.0,4,43.0,16,194.0,0,0,1,0,0.0,237.0,78.0,0,EW_GREEN,hold,,,
1662.0,2,55,322.0,5.855,4,0.0,4,0.0,4,45.0,16,203.0,0,0,1,0,0.0,248.0,74.0,0,EW_GREEN,hold,,,
1663.0,2,56,331.0,5.911,4,0.0,4,0.0,4,47.0,17,212.0,0,0,1,0,0.0,259.0,72.0,0,EW_GREEN,hold,,,
1664.0,2,55,338.0,6.145,4,0.0,4,0.0,4,49.0,17,222.0,0,0,1,3,0.0,271.0,67.0,0,EW_GREEN,hold,,,
1665.0,2,55,344.0,6.255,4,0.0,4,0.0,4,51.0,17,232.0,0,0,1,3,0.0,283.0,61.0,0,EW_GREEN,hold,,,
1666.0,2,56,365.0,6.518,4,0.0,4,0.0,4,53.0,18,242.0,0,0,1,3,0.0,295.0,70.0,0,EW_GREEN,hold,,,
1667.0,2,55,374.0,6.8,4,0.0,4,0.0,4,55.0,18,253.0,0,0,1,3,0.0,308.0,66.0,0,EW_GREEN,hold,,,
1668.0,3,57,383.0,6.719,4,0.0,4,0.0,4,57.0,19,264.0,0,0,1,3,0.0,321.0,62.0,0,EW_GREEN,hold,,,
1669.0,3,57,393.0,6.895,4,0.0,4,0.0,4,60.0,19,275.0,0,0,3,3,0.0,335.0,58.0,0,EW_GREEN,hold,,,
1670.0,3,56,403.0,7.196,4,0.0,4,0.0,4,63.0,19,286.0,0,0,3,3,0.0,349.0,54.0,0,EW_GREEN,hold,,,
1671.0,0,51,228.0,4.471,4,0.0,4,0.0,1,3.0,17,176.0,0,0,1,0,0.0,179.0,49.0,0,EW_GREEN,hold,,,
1672.0,0,49,132.0,2.694,4,0.0,4,0.0,1,0.0,17,87.0,0,0,0,0,0.0,87.0,45.0,0,EW_GREEN,hold,,,
1673.0,0,49,66.0,1.347,4,0.0,4,0.0,2,0.0,17,24.0,0,0,0,0,0.0,24.0,42.0,0,EW_GREEN,hold,,,
1674.0,0,48,39.0,0.812,4,0.0,4,0.0,1,0.0,14,0.0,0,0,0,0,0.0,0.0,39.0,0,EW_GREEN,hold,,,
1675.0,0,54,38.0,0.704,4,0.0,4,1.0,2,0.0,15,0.0,0,1,0,0,0.0,1.0,37.0,0,EW_GREEN,hold,,,
1676.0,0,51,37.0,0.725,4,1.0,4,3.0,2,0.0,13,0.0,1,1,0,0,0.0,4.0,33.0,0,EW_GREEN,hold,,,
1677.0,0,53,49.0,0.925,4,2.0,4,6.0,2,0.0,12,0.0,1,1,0,0,0.0,8.0,41.0,0,EW_GREEN,hold,,,
1678.0,0,53,48.0,0.906,4,4.0,4,9.0,2,0.0,11,0.0,1,1,0,0,0.0,13.0,35.0,0,EW_GREEN,hold,,,
1679.0,0,54,49.0,0.907,4,6.0,4,13.0,2,0.0,10,0.0,1,4,0,0,0.0,19.0,30.0,0,EW_GREEN,hold,,,
1680.0,0,56,48.0,0.857,4,8.0,4,17.0,2,0.0,10,0.0,1,4,0,0,0.0,25.0,23.0,0,EW_GREEN,hold,,,
1681.0,0,60,48.0,0.8,6,11.0,6,21.0,2,0.0,9,0.0,0,0,0,0,0.0,32.0,16.0,0,EW_GREEN,hold,,,
1682.0,0,63,46.0,0.73,7,14.0,7,25.0,2,0.0,9,0.0,0,0,0,0,0.0,39.0,7.0,0,EW_GREEN,hold,,,
1683.0,0,62,47.0,0.758,7,17.0,7,29.0,2,0.0,7,0.0,0,0,0,0,0.0,46.0,1.0,0,EW_YELLOW,pressure_ns,,,
1684.0,3,61,56.0,0.918,7,21.0,7,33.0,2,0.0,7,0.0,0,0,0,0,0.0,54.0,2.0,0,EW_YELLOW,hold,,,
1685.0,3,64,66.0,1.031,7,25.0,7,37.0,2,0.0,8,0.0,0,0,0,0,0.0,62.0,4.0,0,EW_YELLOW,hold,,,
1686.0,3,63,72.0,1.143,7,29.0,7,41.0,2,0.0,8,0.0,0,0,0,0,0.0,70.0,2.0,0,NS_GREEN,yellow_end,,,
1687.0,0,63,79.0,1.254,7,33.0,7,45.0,2,0.0,8,0.0,0,0,0,0,0.0,78.0,1.0,0,NS_GREEN,hold,,,
1688.0,0,65,86.0,1.323,7,37.0,7,49.0,2,0.0,9,0.0,0,0,0,0,0.0,86.0,0.0,0,NS_GREEN,hold,,,
1689.0,0,65,94.0,1.446,7,41.0,7,53.0,2,0.0,9,0.0,0,0,0,0,0.0,94.0,0.0,0,NS_GREEN,hold,,,
1690.0,0,65,102.0,1.569,7,45.0,7,57.0,2,0.0,9,0.0,0,0,0,0,0.0,102.0,0.0,0,NS_GREEN,hold,,,
1691.0,0,65,111.0,1.708,7,49.0,7,61.0,2,0.0,9,0.0,0,0,0,0,0.0,110.0,1.0,0,NS_GREEN,hold,,,
1692.0,0,66,120.0,1.818,7,53.0,7,65.0,2,0.0,9,0.0,0,1,0,0,0.0,118.0,2.0,0,NS_GREEN,hold,,,
1693.0,0,66,130.0,1.97,7,57.0,7,69.0,2,0.0,8,0.0,0,1,0,0,0.0,126.0,4.0,0,NS_GREEN,hold,,,
1694.0,0,68,140.0,2.059,7,61.0,7,73.0,2,0.0,9,0.0,0,1,0,0,0.0,134.0,6.0,0,NS_YELLOW,pressure_ew,,,
1695.0,1,66,146.0,2.212,7,65.0,7,77.0,2,0.0,8,0.0,0,0,0,0,0.0,142.0,4.0,0,NS_YELLOW,hold,,,
1696.0,1,68,152.0,2.235,7,69.0,7,81.0,2,0.0,8,0.0,0,0,0,0,0.0,150.0,2.0,0,NS_YELLOW,hold,,,
1697.0,1,69,161.0,2.333,7,74.0,7,86.0,2,0.0,9,0.0,2,0,0,0,0.0,160.0,1.0,0,EW_GREEN,yellow_end,,,
1698.0,2,66,81.0,1.227,6,36.0,6,44.0,2,0.0,9,0.0,1,0,0,0,0.0,80.0,1.0,0,EW_GREEN,hold,,,
1699.0,2,68,43.0,0.632,6,19.0,5,24.0,2,0.0,10,0.0,0,0,0,0,0.0,43.0,0.0,0,EW_GREEN,hold,,,
1700.0,2,67,9.0,0.134,5,4.0,5,4.0,2,0.0,10,1.0,0,0,0,0,0.0,9.0,0.0,0,EW_GREEN,hold,,,
1701.0,2,65,7.0,0.108,4,5.0,4,0.0,2,0.0,10,2.0,0,0,0,0,0.0,7.0,0.0,0,EW_GREEN,hold,,,
1702.0,2,65,4.0,0.062,4,0.0,4,0.0,2,0.0,10,4.0,0,0,0,1,0.0,4.0,0.0,0,EW_GREEN,hold,,,
1703.0,2,64,7.0,0.109,4,0.0,4,0.0,2,0.0,10,6.0,0,0,0,1,0.0,6.0,1.0,0,EW_GREEN,hold,,,
1704.0,2,62,10.0,0.161,3,0.0,3,0.0,2,0.0,11,8.0,0,0,0,1,0.0,8.0,2.0,0,EW_GREEN,hold,,,
1705.0,2,63,14.0,0.222,4,0.0,4,0.0,2,0.0,11,10.0,0,0,0,1,0.0,10.0,4.0,0,EW_GREEN,hold,,,
1706.0,2,64,20.0,0.312,4,0.0,4,0.0,2,1.0,11,12.0,0,0,1,1,0.0,13.0,7.0,0,EW_GREEN,hold,,,
1707.0,2,61,26.0,0.426,3,0.0,3,0.0,2,2.0,12,14.0,0,0,1,1,0.0,16.0,10.0,0,EW_GREEN,hold,,,
1708.0,2,59,34.0,0.576,3,0.0,3,0.0,2,3.0,12,16.0,0,0,1,1,0.0,19.0,15.0,0,EW_GREEN,hold,,,
1709.0,2,61,42.0,0.689,3,0.0,3,0.0,3,5.0,12,18.0,0,0,1,1,0.0,23.0,19.0,0,EW_GREEN,hold,,,
1710.0,2,58,52.0,0.897,2,0.0,2,0.0,3,7.0,12,21.0,0,0,1,1,1.0,28.0,23.0,0,EW_GREEN,hold,,,
1711.0,2,59,64.0,1.085,2,0.0,2,0.0,3,9.0,12,24.0,0,0,1,1,2.0,33.0,29.0,0,EW_GREEN,hold,,,
1712.0,2,60,77.0,1.283,2,0.0,2,0.0,3,11.0,12,27.0,0,0,1,1,3.0,38.0,36.0,0,EW_GREEN,hold,,,
1713.0,2,57,90.0,1.579,2,0.0,2,0.0,3,13.0,12,30.0,0,0,1,1,4.0,43.0,43.0,0,EW_GREEN,hold,,,
1714.0,2,57,104.0,1.825,2,0.0,2,0.0,3,15.0,12,33.0,0,0,1,0,5.0,48.0,51.0,0,EW_GREEN,hold,,,
1715.0,2,58,119.0,2.052,2,0.0,2,0.0,3,17.0,13,36.0,0,0,1,0,6.0,53.0,60.0,0,EW_GREEN,hold,,,
1716.0,2,58,135.0,2.328,2,0.0,2,0.0,3,19.0,13,40.0,0,0,1,0,7.0,59.0,69.0,0,EW_GREEN,hold,,,
1717.0,2,57,144.0,2.526,2,0.0,2,0.0,3,21.0,13,44.0,0,0,1,0,0.0,65.0,79.0,0,EW_GREEN,hold,,,
1718.0,2,57,163.0,2.86,2,0.0,2,0.0,3,23.0,13,50.0,0,0,1,0,1.0,73.0,89.0,0,EW_GREEN,hold,,,
1719.0,2,57,183.0,3.211,1,0.0,1,0.0,3,25.0,13,56.0,0,0,1,0,2.0,81.0,100.0,0,EW_GREEN,hold,,,
1720.0,2,57,208.0,3.649,1,0.0,1,0.0,3,27.0,13,63.0,0,0,1,2,5.0,90.0,113.0,0,EW_GREEN,hold,,,
1721.0,2,58,231.0,3.983,1,0.0,1,0.0,4,29.0,13,70.0,0,0,1,2,8.0,99.0,124.0,0,EW_GREEN,hold,,,
1722.0,2,58,258.0,4.448,1,0.0,1,0.0,4,31.0,13,77.0,0,0,1,2,12.0,108.0,138.0,0,EW_GREEN,hold,,,
1723.0,2,58,287.0,4.948,1,0.0,1,0.0,4,33.0,13,84.0,0,0,1,2,17.0,117.0,153.0,0,EW_GREEN,hold,,,
1724.0,2,57,317.0,5.561,1,0.0,1,0.0,4,35.0,13,91.0,0,0,1,2,22.0,126.0,169.0,0,EW_GREEN,hold,,,
1725.0,2,57,349.0,6.123,1,0.0,1,0.0,4,37.0,13,99.0,0,0,1,2,27.0,136.0,186.0,0,EW_GREEN,hold,,,
1726.0,2,58,379.0,6.534,1,0.0,1,0.0,4,39.0,14,107.0,0,0,1,3,32.0,146.0,201.0,0,EW_GREEN,hold,,,
1727.0,2,58,413.0,7.121,1,0.0,1,0.0,4,41.0,14,116.0,0,0,1,4,38.0,157.0,218.0,0,EW_GREEN,hold,,,
1728.0,2,54,419.0,7.759,1,0.0,1,0.0,4,43.0,14,125.0,0,0,1,4,16.0,168.0,235.0,0,EW_GREEN,hold,,,
1729.0,2,61,434.0,7.115,3,0.0,3,0.0,4,45.0,14,134.0,0,0,1,4,2.0,179.0,253.0,0,EW_GREEN,hold,,,
1730.0,2,63,461.0,7.317,3,0.0,3,0.0,4,47.0,15,143.0,0,0,1,7,0.0,190.0,271.0,0,EW_GREEN,hold,,,
1731.0,2,60,464.0,7.733,3,0.0,3,0.0,4,49.0,15,153.0,0,0,1,7,0.0,202.0,262.0,0,EW_GREEN,hold,,,
1732.0,2,59,467.0,7.915,3,0.0,3,0.0,4,51.0,15,163.0,0,0,1,7,0.0,214.0,253.0,0,EW_GREEN,hold,,,
1733.0,2,59,469.0,7.949,3,0.0,3,0.0,4,53.0,15,173.0,0,0,1,7,0.0,226.0,243.0,0,EW_GREEN,hold,,,
1734.0,2,57,472.0,8.281,3,0.0,3,0.0,4,55.0,15,183.0,0,0,1,7,0.0,238.0,234.0,0,EW_GREEN,hold,,,
1735.0,2,58,476.0,8.207,3,0.0,3,0.0,4,57.0,16,193.0,0,0,1,7,0.0,250.0,226.0,0,EW_GREEN,hold,,,
1736.0,2,58,480.0,8.276,3,0.0,3,0.0,4,59.0,16,204.0,0,0,1,3,0.0,263.0,217.0,0,EW_GREEN,hold,,,
1737.0,2,57,484.0,8.491,3,0.0,3,0.0,4,61.0,16,215.0,0,0,1,4,0.0,276.0,208.0,0,EW_GREEN,hold,,,
1738.0,2,57,488.0,8.561,3,0.0,3,0.0,4,63.0,17,226.0,0,0,1,0,0.0,289.0,199.0,0,EW_GREEN,hold,,,
1739.0,2,57,491.0,8.614,3,0.0,3,0.0,4,65.0,17,237.0,0,0,1,0,0.0,302.0,189.0,0,EW_GREEN,hold,,,
1740.0,3,57,495.0,8.684,3,0.0,3,0.0,4,67.0,17,248.0,0,0,1,4,0.0,315.0,180.0,0,EW_GREEN,hold,,,
1741.0,3,58,525.0,9.052,3,0.0,3,0.0,4,70.0,18,260.0,0,0,3,4,1.0,330.0,194.0,0,EW_GREEN,hold,,,
1742.0,3,58,531.0,9.155,3,0.0,3,0.0,4,73.0,18,272.0,0,0,3,4,2.0,345.0,184.0,0,EW_GREEN,hold,,,
1743.0,0,52,349.0,6.712,3,0.0,3,0.0,2,3.0,15,170.0,0,0,1,3,3.0,173.0,173.0,0,EW_GREEN,hold,,,
1744.0,0,51,260.0,5.098,3,0.0,3,0.0,2,0.0,15,92.0,0,0,0,0,5.0,92.0,163.0,0,EW_GREEN,hold,,,
1745.0,0,51,194.0,3.804,3,1.0,3,0.0,2,0.0,16,35.0,1,0,0,0,7.0,36.0,151.0,0,EW_GREEN,hold,,,
1746.0,0,50,176.0,3.52,3,2.0,3,0.0,3,0.0,14,2.0,1,0,0,0,9.0,4.0,163.0,0,EW_GREEN,hold,,,
1747.0,0,53,167.0,3.151,3,3.0,3,1.0,2,0.0,15,0.0,1,1,0,0,11.0,4.0,152.0,0,EW_GREEN,hold,,,
1748.0,0,51,157.0,3.078,3,4.0,3,2.0,2,0.0,14,0.0,1,1,0,0,13.0,6.0,138.0,0,EW_GREEN,hold,,,
1749.0,0,53,148.0,2.792,3,5.0,3,3.0,3,0.0,13,1.0,1,1,0,0,15.0,9.0,124.0,0,EW_GREEN,hold,,,
1750.0,0,52,122.0,2.346,3,6.0,3,4.0,2,0.0,14,3.0,1,1,0,0,0.0,13.0,109.0,0,EW_GREEN,hold,,,
1751.0,0,53,113.0,2.132,3,7.0,3,5.0,2,0.0,12,5.0,0,0,0,0,0.0,17.0,96.0,0,EW_GREEN,hold,,,
1752.0,0,53,97.0,1.83,3,8.0,3,6.0,2,0.0,12,1.0,0,0,0,0,0.0,15.0,82.0,0,EW_GREEN,hold,,,
1753.0,0,55,86.0,1.564,4,9.0,4,7.0,2,0.0,10,0.0,0,0,0,0,0.0,16.0,70.0,0,EW_GREEN,hold,,,
1754.0,0,55,75.0,1.364,4,10.0,4,8.0,2,0.0,9,0.0,0,0,0,0,0.0,18.0,57.0,0,EW_YELLOW,pressure_ns,,,
1755.0,3,52,37.0,0.712,4,11.0,4,9.0,2,0.0,9,0.0,0,0,0,0,0.0,20.0,17.0,0,EW_YELLOW,hold,,,
1756.0,3,54,34.0,0.63,4,12.0,4,10.0,2,0.0,10,0.0,0,0,0,0,0.0,22.0,12.0,0,EW_YELLOW,hold,,,
1757.0,3,56,39.0,0.696,4,13.0,4,11.0,2,0.0,10,0.0,0,0,0,0,0.0,24.0,15.0,0,NS_GREEN,yellow_end,,,
1758.0,0,53,45.0,0.849,4,14.0,4,12.0,2,0.0,8,0.0,0,0,0,0,0.0,26.0,19.0,0,NS_GREEN,hold,,,
1759.0,0,53,52.0,0.981,4,15.0,4,13.0,2,0.0,8,0.0,0,0,0,0,0.0,28.0,24.0,0,NS_GREEN,hold,,,
1760.0,0,56,60.0,1.071,4,16.0,4,14.0,2,0.0,9,0.0,0,0,0,0,0.0,30.0,30.0,0,NS_GREEN,hold,,,
1761.0,0,57,68.0,1.193,4,17.0,4,15.0,2,0.0,9,0.0,0,0,0,0,0.0,32.0,36.0,0,NS_GREEN,hold,,,
1762.0,0,57,76.0,1.333,4,18.0,4,16.0,2,0.0,9,0.0,0,0,0,0,0.0,34.0,42.0,0,NS_GREEN,hold,,,
1763.0,0,57,85.0,1.491,4,19.0,4,17.0,2,0.0,9,0.0,0,0,0,0,0.0,36.0,49.0,0,NS_GREEN,hold,,,
1764.0,0,57,95.0,1.667,4,20.0,4,18.0,2,0.0,8,0.0,0,0,0,0,0.0,38.0,57.0,0,NS_GREEN,hold,,,
1765.0,0,58,105.0,1.81,4,21.0,4,19.0,2,0.0,7,0.0,0,0,0,0,0.0,40.0,65.0,0,NS_YELLOW,pressure_ew,,,
1766.0,1,59,101.0,1.712,4,22.0,4,20.0,2,0.0,7,0.0,0,0,0,0,0.0,42.0,59.0,0,NS_YELLOW,hold,,,
1767.0,1,58,96.0,1.655,4,23.0,4,21.0,2,0.0,7,0.0,0,0,0,0,0.0,44.0,52.0,0,NS_YELLOW,hold,,,
1768.0,1,59,92.0,1.559,4,24.0,4,22.0,2,0.0,8,0.0,0,0,0,0,0.0,46.0,46.0,0,EW_GREEN,yellow_end,,,
1769.0,2,56,40.0,0.714,3,0.0,2,0.0,2,0.0,8,0.0,0,0,0,0,0.0,0.0,40.0,0,EW_GREEN,hold,,,
1770.0,2,57,36.0,0.632,3,0.0,2,0.0,2,0.0,9,0.0,0,0,0,0,0.0,0.0,36.0,0,EW_GREEN,hold,,,
1771.0,2,57,31.0,0.544,2,0.0,2,0.0,2,0.0,9,0.0,0,0,0,0,0.0,0.0,31.0,0,EW_GREEN,hold,,,
1772.0,2,56,28.0,0.5,2,0.0,2,0.0,2,0.0,9,0.0,0,0,0,0,0.0,0.0,28.0,0,EW_GREEN,hold,,,
1773.0,2,57,24.0,0.421,2,0.0,2,0.0,2,0.0,10,0.0,0,0,0,0,0.0,0.0,24.0,0,EW_GREEN,hold,,,
1774.0,2,57,21.0,0.368,2,0.0,2,0.0,2,0.0,10,0.0,0,0,0,0,0.0,0.0,21.0,0,EW_GREEN,hold,,,
1775.0,2,57,20.0,0.351,2,0.0,2,0.0,2,0.0,10,1.0,0,0,0,0,0.0,1.0,19.0,0,EW_GREEN,hold,,,
1776.0,2,57,20.0,0.351,2,0.0,2,0.0,2,0.0,10,2.0,0,0,0,0,0.0,2.0,18.0,0,EW_GREEN,hold,,,
1777.0,2,62,19.0,0.306,4,0.0,4,0.0,2,0.0,11,4.0,0,0,0,0,0.0,4.0,15.0,0,EW_GREEN,hold,,,
1778.0,2,61,25.0,0.41,4,0.0,4,0.0,2,0.0,11,6.0,0,0,0,0,0.0,6.0,19.0,0,EW_GREEN,hold,,,
1779.0,2,60,27.0,0.45,4,0.0,4,0.0,2,0.0,11,9.0,0,0,0,0,1.0,9.0,17.0,0,EW_GREEN,hold,,,
1780.0,2,60,33.0,0.55,4,0.0,4,0.0,2,0.0,12,13.0,0,0,0,0,2.0,13.0,18.0,0,EW_GREEN,hold,,,
1781.0,2,61,40.0,0.656,4,0.0,4,0.0,3,2.0,12,17.0,0,0,1,0,3.0,19.0,18.0,0,EW_GREEN,hold,,,
1782.0,2,61,51.0,0.836,4,0.0,4,0.0,3,4.0,12,21.0,0,0,1,0,4.0,25.0,22.0,0,EW_GREEN,hold,,,
1783.0,2,63,63.0,1.0,4,0.0,4,0.0,4,6.0,13,25.0,0,0,1,0,6.0,31.0,26.0,0,EW_GREEN,hold,,,
1784.0,2,60,73.0,1.217,4,0.0,4,0.0,4,8.0,13,30.0,0,0,1,0,0.0,38.0,35.0,0,EW_GREEN,hold,,,
1785.0,2,60,81.0,1.35,4,0.0,4,0.0,4,10.0,13,35.0,0,0,1,0,0.0,45.0,36.0,0,EW_GREEN,hold,,,
1786.0,2,60,92.0,1.533,4,0.0,4,0.0,4,12.0,13,40.0,0,0,1,0,0.0,52.0,40.0,0,EW_GREEN,hold,,,
1787.0,2,56,103.0,1.839,4,0.0,4,0.0,4,14.0,13,45.0,0,0,1,0,0.0,59.0,44.0,0,EW_GREEN,hold,,,
1788.0,2,57,113.0,1.982,4,0.0,4,0.0,4,16.0,14,50.0,0,0,1,0,0.0,66.0,47.0,0,EW_GREEN,hold,,,
1789.0,2,53,92.0,1.736,4,0.0,4,0.0,4,18.0,14,55.0,0,0,1,0,0.0,73.0,19.0,0,EW_GREEN,hold,,,
1790.0,2,51,91.0,1.784,4,0.0,4,0.0,4,20.0,14,61.0,0,0,1,0,0.0,81.0,10.0,0,EW_GREEN,hold,,,
1791.0,2,51,104.0,2.039,3,0.0,3,0.0,4,22.0,15,68.0,0,0,1,0,0.0,90.0,14.0,0,EW_GREEN,hold,,,
1792.0,2,50,117.0,2.34,3,0.0,3,0.0,4,24.0,15,75.0,0,0,1,0,0.0,99.0,18.0,0,EW_GREEN,hold,,,
1793.0,2,50,131.0,2.62,3,0.0,3,0.0,4,26.0,15,82.0,0,0,1,0,0.0,108.0,23.0,0,EW_GREEN,hold,,,
1794.0,2,48,146.0,3.042,3,0.0,3,0.0,4,28.0,15,89.0,0,0,1,0,0.0,117.0,29.0,0,EW_GREEN,hold,,,
1795.0,2,47,162.0,3.447,3,0.0,3,0.0,4,30.0,15,96.0,0,0,1,0,0.0,126.0,36.0,0,EW_GREEN,hold,,,
1796.0,2,46,178.0,3.87,3,0.0,3,0.0,4,32.0,15,103.0,0,0,1,0,0.0,135.0,43.0,0,EW_GREEN,hold,,,
1797.0,2,48,195.0,4.062,3,0.0,3,0.0,4,34.0,16,110.0,0,0,1,0,0.0,144.0,51.0,0,EW_GREEN,hold,,,
1798.0,2,47,212.0,4.511,3,0.0,2,0.0,4,36.0,16,117.0,0,0,1,0,0.0,153.0,59.0,0,EW_GREEN,hold,,,
1799.0,2,46,229.0,4.978,2,0.0,2,0.0,4,38.0,16,124.0,0,0,1,0,0.0,162.0,67.0,0,EW_GREEN,hold,,,
1800.0,2,46,232.0,5.043,2,0.0,2,0.0,4,40.0,16,131.0,0,0,1,3,0.0,171.0,61.0,0,EW_GREEN,hold,,,
1801.0,2,52,237.0,4.558,4,0.0,4,0.0,4,42.0,16,139.0,0,0,1,3,0.0,181.0,56.0,0,EW_GREEN,hold,,,
1802.0,2,54,242.0,4.481,4,0.0,4,0.0,4,44.0,16,147.0,0,0,1,3,0.0,191.0,51.0,0,EW_GREEN,hold,,,
1803.0,2,55,250.0,4.545,4,0.0,4,0.0,4,46.0,16,157.0,0,0,1,3,0.0,203.0,47.0,0,EW_GREEN,hold,,,
1804.0,2,56,259.0,4.625,4,0.0,4,0.0,4,48.0,17,167.0,0,0,1,3,0.0,215.0,44.0,0,EW_GREEN,hold,,,
1805.0,2,59,267.0,4.525,4,0.0,4,0.0,4,50.0,17,177.0,0,0,1,3,0.0,227.0,40.0,0,EW_GREEN,hold,,,
1806.0,2,57,275.0,4.825,3,0.0,3,0.0,4,52.0,17,187.0,0,0,1,3,0.0,239.0,36.0,0,EW_GREEN,hold,,,
1807.0,2,59,283.0,4.797,3,0.0,3,0.0,4,54.0,18,197.0,0,0,1,0,0.0,251.0,32.0,0,EW_GREEN,hold,,,
1808.0,2,61,293.0,4.803,3,0.0,3,0.0,4,56.0,18,207.0,0,0,1,0,0.0,263.0,30.0,0,EW_GREEN,hold,,,
1809.0,2,62,304.0,4.903,3,0.0,3,0.0,4,58.0,18,218.0,0,0,1,0,0.0,276.0,28.0,0,EW_GREEN,hold,,,
1810.0,2,64,314.0,4.906,3,0.0,3,0.0,4,60.0,19,229.0,0,0,1,0,0.0,289.0,25.0,0,EW_GREEN,hold,,,
1811.0,3,63,324.0,5.143,3,0.0,3,0.0,4,62.0,19,240.0,0,0,1,4,0.0,302.0,22.0,0,EW_GREEN,hold,,,
1812.0,3,66,345.0,5.227,3,0.0,3,0.0,4,65.0,20,252.0,0,0,3,4,0.0,317.0,28.0,0,EW_GREEN,hold,,,
1813.0,3,65,357.0,5.492,3,0.0,3,0.0,4,68.0,20,264.0,0,0,3,4,0.0,332.0,25.0,0,EW_GREEN,hold,,,
1814.0,0,61,193.0,3.164,3,0.0,3,0.0,1,3.0,19,167.0,0,0,1,3,0.0,170.0,23.0,0,EW_GREEN,hold,,,
1815.0,0,60,96.0,1.6,3,0.0,3,0.0,1,0.0,18,77.0,0,0,0,0,0.0,77.0,19.0,0,EW_GREEN,hold,,,
1816.0,0,59,51.0,0.864,3,0.0,3,0.0,1,0.0,18,27.0,0,0,0,0,0.0,27.0,24.0,0,EW_GREEN,hold,,,
1817.0,0,56,22.0,0.393,3,0.0,3,0.0,1,0.0,16,0.0,0,0,0,0,0.0,0.0,22.0,0,EW_GREEN,hold,,,
1818.0,0,61,21.0,0.344,3,0.0,3,1.0,1,0.0,17,0.0,0,0,0,0,0.0,1.0,20.0,0,EW_GREEN,hold,,,
1819.0,0,58,17.0,0.293,3,0.0,3,2.0,1,0.0,15,0.0,0,2,0,0,0.0,2.0,15.0,0,EW_GREEN,hold,,,
1820.0,0,61,17.0,0.279,3,1.0,3,4.0,2,0.0,14,0.0,0,2,0,0,0.0,5.0,12.0,0,EW_GREEN,hold,,,
1821.0,0,60,18.0,0.3,3,2.0,3,6.0,2,0.0,14,0.0,0,2,0,0,0.0,8.0,10.0,0,EW_GREEN,hold,,,
1822.0,0,60,18.0,0.3,3,3.0,3,8.0,2,0.0,12,0.0,0,2,0,0,0.0,11.0,7.0,0,EW_GREEN,hold,,,
1823.0,0,62,19.0,0.306,3,5.0,3,10.0,3,0.0,13,0.0,1,2,0,0,0.0,15.0,4.0,0,EW_GREEN,hold,,,
1824.0,0,61,24.0,0.393,3,7.0,3,12.0,3,0.0,11,0.0,1,2,0,0,0.0,19.0,5.0,0,EW_GREEN,hold,,,
1825.0,0,64,24.0,0.375,4,9.0,4,14.0,4,0.0,10,0.0,0,0,0,0,1.0,23.0,0.0,0,EW_GREEN,hold,,,
1826.0,0,65,29.0,0.446,4,11.0,4,16.0,4,0.0,10,0.0,0,0,0,0,2.0,27.0,0.0,0,EW_GREEN,hold,,,
1827.0,0,65,35.0,0.538,4,13.0,4,18.0,4,0.0,9,0.0,0,0,0,0,4.0,31.0,0.0,0,EW_GREEN,hold,,,
1828.0,0,68,42.0,0.618,4,15.0,4,20.0,4,0.0,10,0.0,0,0,0,0,7.0,35.0,0.0,0,EW_YELLOW,max_green,,,
1829.0,3,69,50.0,0.725,4,17.0,4,22.0,5,0.0,10,0.0,0,0,0,0,11.0,39.0,0.0,0,EW_YELLOW,hold,,,
1830.0,3,69,59.0,0.855,4,19.0,4,24.0,5,0.0,10,0.0,0,0,0,0,15.0,43.0,1.0,0,EW_YELLOW,hold,,,
1831.0,3,69,70.0,1.014,4,21.0,4,26.0,5,0.0,10,0.0,0,0,0,0,20.0,47.0,3.0,0,NS_GREEN,yellow_end,,,
1832.0,0,71,81.0,1.141,4,23.0,4,28.0,5,0.0,10,0.0,0,0,0,0,25.0,51.0,5.0,0,NS_GREEN,hold,,,
1833.0,0,71,92.0,1.296,4,25.0,4,30.0,6,0.0,9,0.0,0,0,0,0,30.0,55.0,7.0,0,NS_GREEN,hold,,,
1834.0,0,72,105.0,1.458,4,27.0,4,32.0,6,0.0,9,0.0,0,0,0,0,36.0,59.0,10.0,0,NS_GREEN,hold,,,
1835.0,0,73,102.0,1.397,4,29.0,4,18.0,6,0.0,9,0.0,0,0,0,0,42.0,47.0,13.0,0,NS_GREEN,hold,,,
1836.0,0,73,116.0,1.589,4,31.0,4,19.0,6,0.0,9,0.0,0,0,0,0,49.0,50.0,17.0,0,NS_GREEN,hold,,,
1837.0,0,73,132.0,1.808,4,33.0,4,20.0,6,0.0,8,0.0,0,0,0,0,56.0,53.0,23.0,0,NS_GREEN,hold,,,
1838.0,0,73,149.0,2.041,4,35.0,4,21.0,6,0.0,8,0.0,0,0,0,0,63.0,56.0,30.0,0,NS_GREEN,hold,,,
1839.0,0,74,164.0,2.216,4,37.0,4,22.0,7,0.0,7,0.0,0,0,0,0,70.0,59.0,35.0,0,NS_YELLOW,pressure_ew,,,
1840.0,1,72,166.0,2.306,4,39.0,4,24.0,7,0.0,7,0.0,0,0,0,0,61.0,63.0,42.0,0,NS_YELLOW,hold,,,
1841.0,1,73,169.0,2.315,4,41.0,4,26.0,7,0.0,7,0.0,0,0,0,0,52.0,67.0,50.0,0,NS_YELLOW,hold,,,
1842.0,1,75,173.0,2.307,4,43.0,4,29.0,8,0.0,7,0.0,0,2,0,0,42.0,72.0,59.0,0,EW_GREEN,yellow_end,,,
1843.0,2,71,103.0,1.451,2,1.0,2,2.0,8,0.0,7,0.0,1,1,0,0,31.0,3.0,69.0,0,EW_GREEN,hold,,,
1844.0,2,72,99.0,1.375,2,0.0,2,0.0,9,0.0,7,0.0,0,0,0,0,20.0,0.0,79.0,0,EW_GREEN,hold,,,
1845.0,2,72,100.0,1.389,2,0.0,2,0.0,9,0.0,7,1.0,0,0,0,0,10.0,1.0,89.0,0,EW_GREEN,hold,,,
1846.0,2,72,114.0,1.583,2,0.0,2,0.0,9,0.0,7,3.0,0,0,0,0,11.0,3.0,100.0,0,EW_GREEN,hold,,,
1847.0,2,71,113.0,1.592,2,0.0,2,0.0,9,0.0,7,5.0,0,0,0,0,14.0,5.0,94.0,0,EW_GREEN,hold,,,
1848.0,2,72,113.0,1.569,2,0.0,2,1.0,10,0.0,7,7.0,0,1,0,0,17.0,8.0,88.0,0,EW_GREEN,hold,,,
1849.0,2,71,98.0,1.38,2,0.0,3,2.0,10,0.0,7,9.0,0,0,0,0,4.0,11.0,83.0,0,EW_GREEN,hold,,,
1850.0,2,72,101.0,1.403,3,0.0,4,3.0,10,1.0,7,11.0,0,0,0,0,6.0,15.0,80.0,0,EW_GREEN,hold,,,
1851.0,2,75,108.0,1.44,3,0.0,4,4.0,11,2.0,8,13.0,0,0,0,0,9.0,19.0,80.0,0,EW_GREEN,hold,,,
1852.0,2,73,110.0,1.507,3,0.0,3,0.0,11,4.0,8,16.0,0,0,0,0,13.0,20.0,77.0,0,EW_GREEN,hold,,,
1853.0,2,74,120.0,1.622,3,0.0,3,0.0,11,6.0,8,20.0,0,0,0,1,17.0,26.0,77.0,0,EW_GREEN,hold,,,
1854.0,2,74,130.0,1.757,3,0.0,3,0.0,11,8.0,8,25.0,0,0,0,1,21.0,33.0,76.0,0,EW_GREEN,hold,,,
1855.0,2,73,141.0,1.932,3,0.0,3,0.0,11,10.0,9,30.0,0,0,0,1,26.0,40.0,75.0,0,EW_GREEN,hold,,,
1856.0,2,72,166.0,2.306,3,0.0,3,0.0,11,12.0,9,35.0,0,0,0,3,31.0,47.0,88.0,0,EW_GREEN,hold,,,
1857.0,2,71,177.0,2.493,3,0.0,3,0.0,11,14.0,9,40.0,0,0,0,3,37.0,54.0,86.0,0,EW_GREEN,hold,,,
1858.0,2,72,191.0,2.653,3,0.0,3,0.0,11,17.0,10,45.0,0,0,0,1,43.0,62.0,86.0,0,EW_GREEN,hold,,,
1859.0,2,71,205.0,2.887,3,0.0,3,0.0,11,20.0,10,50.0,0,0,0,1,49.0,70.0,86.0,0,EW_GREEN,hold,,,
1860.0,2,72,206.0,2.861,3,0.0,3,0.0,12,23.0,11,55.0,0,0,0,1,42.0,78.0,86.0,0,EW_GREEN,hold,,,
1861.0,2,69,175.0,2.536,3,0.0,3,0.0,12,26.0,11,60.0,0,0,0,1,35.0,86.0,54.0,0,EW_GREEN,hold,,,
1862.0,2,69,167.0,2.42,3,0.0,3,0.0,12,30.0,11,66.0,0,0,0,0,30.0,96.0,41.0,0,EW_GREEN,hold,,,
1863.0,2,69,181.0,2.623,2,0.0,2,0.0,12,34.0,11,72.0,0,0,0,0,25.0,106.0,50.0,0,EW_GREEN,hold,,,
1864.0,2,68,186.0,2.735,2,0.0,2,0.0,12,38.0,11,78.0,0,0,0,0,23.0,116.0,47.0,0,EW_GREEN,hold,,,
1865.0,2,67,192.0,2.866,1,0.0,2,0.0,12,42.0,11,84.0,0,0,0,0,21.0,126.0,45.0,0,EW_GREEN,hold,,,
1866.0,2,66,208.0,3.152,1,0.0,1,0.0,12,46.0,11,90.0,0,0,0,0,29.0,136.0,43.0,0,EW_GREEN,hold,,,
1867.0,2,66,236.0,3.576,1,0.0,1,0.0,12,50.0,11,97.0,0,0,0,2,38.0,147.0,51.0,0,EW_GREEN,hold,,,
1868.0,2,66,256.0,3.879,1,0.0,1,0.0,12,55.0,11,104.0,0,0,0,2,48.0,159.0,49.0,0,EW_GREEN,hold,,,
1869.0,2,68,278.0,4.088,1,0.0,1,0.0,13,61.0,11,111.0,0,0,0,2,59.0,172.0,47.0,0,EW_GREEN,hold,,,
1870.0,2,68,296.0,4.353,1,0.0,1,0.0,13,67.0,11,118.0,0,0,0,2,66.0,185.0,45.0,0,EW_GREEN,hold,,,
1871.0,2,66,284.0,4.303,1,0.0,1,0.0,13,73.0,11,125.0,0,0,0,2,43.0,198.0,43.0,0,EW_GREEN,hold,,,
1872.0,2,65,274.0,4.215,1,0.0,1,0.0,13,80.0,11,132.0,0,0,0,2,22.0,212.0,40.0,0,EW_GREEN,hold,,,
1873.0,2,71,276.0,3.887,2,0.0,2,0.0,14,87.0,11,139.0,0,0,0,0,3.0,226.0,47.0,0,EW_GREEN,hold,,,
1874.0,2,72,293.0,4.069,2,0.0,2,0.0,14,91.0,11,146.0,0,0,0,0,1.0,237.0,55.0,0,EW_GREEN,hold,,,
1875.0,2,72,315.0,4.375,2,0.0,2,0.0,14,97.0,11,153.0,0,0,0,0,2.0,250.0,63.0,0,EW_GREEN,hold,,,
1876.0,2,71,341.0,4.803,2,0.0,2,0.0,14,104.0,11,160.0,0,0,0,0,4.0,264.0,73.0,0,EW_GREEN,hold,,,
1877.0,2,70,368.0,5.257,2,0.0,2,0.0,14,111.0,11,167.0,0,0,0,0,7.0,278.0,83.0,0,EW_GREEN,hold,,,
1878.0,2,69,398.0,5.768,2,0.0,2,0.0,14,119.0,11,174.0,0,0,0,0,11.0,293.0,94.0,0,EW_GREEN,hold,,,
1879.0,2,69,430.0,6.232,2,0.0,2,0.0,14,128.0,11,181.0,0,0,0,0,15.0,309.0,106.0,0,EW_GREEN,hold,,,
1880.0,2,68,462.0,6.794,2,0.0,2,0.0,14,137.0,11,188.0,0,0,0,0,19.0,325.0,118.0,0,EW_GREEN,hold,,,
1881.0,2,68,496.0,7.294,2,0.0,2,0.0,14,147.0,11,195.0,0,0,5,0,24.0,342.0,130.0,0,EW_GREEN,hold,,,
1882.0,2,68,501.0,7.368,2,0.0,2,0.0,15,157.0,11,202.0,0,0,5,0,21.0,359.0,121.0,0,EW_GREEN,hold,,,
1883.0,2,67,510.0,7.612,2,0.0,2,0.0,15,168.0,11,209.0,0,0,5,0,19.0,377.0,114.0,0,EW_GREEN,hold,,,
1884.0,2,70,521.0,7.443,2,0.0,2,0.0,15,179.0,11,216.0,0,0,8,0,17.0,395.0,109.0,0,EW_GREEN,hold,,,
1885.0,3,69,532.0,7.71,2,0.0,2,0.0,15,190.0,11,223.0,0,0,8,0,14.0,413.0,105.0,0,EW_GREEN,hold,,,
1886.0,3,70,542.0,7.743,2,0.0,2,0.0,15,201.0,12,230.0,0,0,8,0,12.0,431.0,99.0,0,EW_GREEN,hold,,,
1887.0,3,70,555.0,7.929,2,0.0,2,0.0,15,212.0,12,238.0,0,0,8,0,10.0,450.0,95.0,0,EW_GREEN,hold,,,
1888.0,0,62,359.0,5.79,2,0.0,2,0.0,12,132.0,9,123.0,0,0,6,0,13.0,255.0,91.0,0,EW_GREEN,hold,,,
1889.0,0,64,196.0,3.062,2,0.0,2,0.0,13,67.0,10,31.0,0,0,0,0,12.0,98.0,86.0,0,EW_GREEN,hold,,,
1890.0,0,63,116.0,1.841,2,0.0,2,1.0,13,18.0,10,1.0,0,1,0,0,12.0,20.0,84.0,0,EW_GREEN,hold,,,
1891.0,0,61,105.0,1.721,2,0.0,2,2.0,10,9.0,8,0.0,0,1,0,0,13.0,11.0,81.0,0,EW_GREEN,hold,,,
1892.0,0,65,99.0,1.523,2,1.0,2,3.0,10,0.0,9,0.0,0,0,0,0,17.0,4.0,78.0,0,EW_GREEN,hold,,,
1893.0,0,65,103.0,1.585,2,2.0,2,4.0,11,0.0,7,0.0,0,0,0,0,22.0,6.0,75.0,0,EW_GREEN,hold,,,
1894.0,0,67,124.0,1.851,2,3.0,2,5.0,10,0.0,8,1.0,0,0,0,0,28.0,9.0,87.0,0,EW_GREEN,hold,,,
1895.0,0,70,133.0,1.9,2,4.0,2,6.0,10,0.0,8,3.0,0,0,0,0,35.0,13.0,85.0,0,EW_GREEN,hold,,,
1896.0,0,67,142.0,2.119,2,5.0,2,7.0,9,1.0,6,5.0,0,0,0,0,42.0,18.0,82.0,0,EW_GREEN,hold,,,
1897.0,0,70,145.0,2.071,3,6.0,3,8.0,9,3.0,6,0.0,0,0,0,0,50.0,17.0,78.0,0,EW_GREEN,hold,,,
1898.0,0,72,166.0,2.306,4,7.0,4,9.0,7,5.0,6,0.0,0,0,1,0,58.0,21.0,87.0,0,EW_GREEN,hold,,,
1899.0,0,71,166.0,2.338,4,8.0,4,10.0,7,0.0,6,0.0,0,0,0,0,67.0,18.0,81.0,0,EW_GREEN,hold,,,
1900.0,0,73,172.0,2.356,4,9.0,4,11.0,7,0.0,6,0.0,0,0,0,0,77.0,20.0,75.0,0,EW_GREEN,hold,,,
1901.0,0,75,178.0,2.373,4,10.0,4,12.0,7,0.0,7,1.0,0,0,0,0,87.0,23.0,68.0,0,EW_GREEN,hold,,,
1902.0,0,74,170.0,2.297,4,11.0,4,13.0,7,0.0,7,0.0,0,0,0,0,98.0,24.0,48.0,0,EW_YELLOW,max_green,,,
1903.0,3,75,171.0,2.28,4,12.0,4,14.0,7,0.0,7,1.0,0,0,0,0,110.0,27.0,34.0,0,EW_YELLOW,hold,,,
1904.0,3,77,177.0,2.299,4,13.0,4,15.0,7,0.0,7,2.0,0,0,0,0,123.0,30.0,24.0,0,EW_YELLOW,hold,,,
1905.0,3,76,198.0,2.605,4,14.0,4,16.0,7,1.0,7,3.0,0,0,1,0,136.0,34.0,28.0,0,NS_GREEN,yellow_end,,,
1906.0,0,75,200.0,2.667,4,15.0,4,17.0,7,0.0,6,0.0,0,0,0,0,150.0,32.0,18.0,0,NS_GREEN,hold,,,
1907.0,0,73,206.0,2.822,4,16.0,4,18.0,5,0.0,6,0.0,0,0,0,0,164.0,34.0,8.0,0,NS_GREEN,hold,,,
1908.0,0,72,226.0,3.139,4,17.0,4,19.0,5,0.0,6,0.0,0,0,0,0,178.0,36.0,12.0,0,NS_GREEN,hold,,,
1909.0,0,75,246.0,3.28,4,18.0,4,20.0,6,0.0,6,0.0,0,0,0,0,192.0,38.0,16.0,0,NS_GREEN,hold,,,
1910.0,0,77,267.0,3.468,4,19.0,4,21.0,6,0.0,6,0.0,0,0,0,0,206.0,40.0,21.0,0,NS_GREEN,hold,,,
1911.0,0,77,289.0,3.753,4,20.0,4,22.0,6,0.0,6,0.0,0,0,0,0,220.0,42.0,27.0,0,NS_GREEN,hold,,,
1912.0,0,77,311.0,4.039,4,21.0,4,23.0,6,0.0,6,0.0,0,0,0,0,234.0,44.0,33.0,0,NS_GREEN,hold,,,
1913.0,0,77,335.0,4.351,4,22.0,4,25.0,6,0.0,6,0.0,0,2,0,0,248.0,47.0,40.0,0,NS_YELLOW,pressure_ew,,,
1914.0,1,78,360.0,4.615,4,24.0,4,27.0,6,0.0,6,0.0,0,2,0,0,262.0,51.0,47.0,0,NS_YELLOW,hold,,,
1915.0,1,81,386.0,4.765,4,26.0,4,29.0,6,0.0,6,0.0,3,2,0,0,276.0,55.0,55.0,0,NS_YELLOW,hold,,,
1916.0,1,81,415.0,5.123,4,29.0,4,32.0,6,0.0,6,0.0,3,4,0,0,290.0,61.0,64.0,0,EW_GREEN,yellow_end,,,
1917.0,2,78,390.0,5.0,3,6.0,2,6.0,6,0.0,6,0.0,2,2,0,0,305.0,12.0,73.0,0,EW_GREEN,hold,,,
1918.0,2,77,406.0,5.273,2,3.0,2,0.0,6,0.0,6,1.0,0,0,0,0,320.0,4.0,82.0,0,EW_GREEN,hold,,,
1919.0,2,77,430.0,5.584,2,0.0,2,0.0,6,1.0,6,2.0,0,0,0,0,335.0,3.0,92.0,0,EW_GREEN,hold,,,
1920.0,2,77,458.0,5.948,2,0.0,1,0.0,7,2.0,6,3.0,0,0,0,0,350.0,5.0,103.0,0,EW_GREEN,hold,,,
1921.0,2,79,455.0,5.759,3,0.0,3,0.0,7,3.0,6,5.0,0,0,0,0,333.0,8.0,114.0,0,EW_GREEN,hold,,,
1922.0,2,79,454.0,5.747,3,0.0,3,0.0,7,5.0,6,7.0,0,0,0,0,316.0,12.0,126.0,0,EW_GREEN,hold,,,
1923.0,2,78,454.0,5.821,2,0.0,3,0.0,7,7.0,6,9.0,0,0,0,0,299.0,16.0,139.0,0,EW_GREEN,hold,,,
1924.0,2,76,455.0,5.987,2,0.0,3,0.0,7,9.0,6,12.0,0,0,0,1,282.0,21.0,152.0,0,EW_GREEN,hold,,,
1925.0,2,80,455.0,5.688,2,0.0,2,0.0,8,11.0,7,15.0,0,0,0,1,264.0,26.0,165.0,0,EW_GREEN,hold,,,
1926.0,2,80,488.0,6.1,2,0.0,2,0.0,8,13.0,7,18.0,0,0,0,1,278.0,31.0,179.0,0,EW_GREEN,hold,,,
1927.0,2,77,409.0,5.312,2,0.0,2,0.0,8,15.0,7,21.0,0,0,0,1,179.0,36.0,194.0,0,EW_GREEN,hold,,,
1928.0,2,77,382.0,4.961,2,0.0,2,0.0,8,18.0,7,24.0,0,0,0,1,130.0,42.0,210.0,0,EW_GREEN,hold,,,
1929.0,2,77,349.0,4.532,2,0.0,2,0.0,8,21.0,7,28.0,0,0,0,1,99.0,49.0,201.0,0,EW_GREEN,hold,,,
1930.0,2,74,324.0,4.378,2,0.0,2,0.0,8,24.0,7,32.0,0,0,0,1,77.0,56.0,191.0,0,EW_GREEN,hold,,,
1931.0,2,76,301.0,3.961,2,0.0,2,0.0,9,27.0,7,36.0,0,0,0,1,56.0,63.0,182.0,0,EW_GREEN,hold,,,
1932.0,2,74,281.0,3.797,2,0.0,2,0.0,9,31.0,7,40.0,0,0,1,0,36.0,71.0,174.0,0,EW_GREEN,hold,,,
1933.0,2,73,270.0,3.699,2,0.0,2,0.0,9,33.0,8,44.0,0,0,0,0,27.0,77.0,166.0,0,EW_GREEN,hold,,,
1934.0,2,73,275.0,3.767,2,0.0,2,0.0,9,36.0,8,48.0,0,0,0,0,34.0,84.0,157.0,0,EW_GREEN,hold,,,
1935.0,2,71,274.0,3.859,2,0.0,1,0.0,9,39.0,8,52.0,0,0,0,0,32.0,91.0,151.0,0,EW_GREEN,hold,,,
1936.0,2,72,278.0,3.861,2,0.0,1,0.0,9,42.0,9,57.0,0,0,1,0,34.0,99.0,145.0,0,EW_GREEN,hold,,,
1937.0,2,69,290.0,4.203,1,0.0,1,0.0,9,46.0,9,62.0,0,0,2,0,41.0,108.0,141.0,0,EW_GREEN,hold,,,
1938.0,2,69,306.0,4.435,1,0.0,1,0.0,9,50.0,10,68.0,0,0,2,2,49.0,118.0,139.0,0,EW_GREEN,hold,,,
1939.0,2,68,321.0,4.721,1,0.0,1,0.0,9,54.0,10,74.0,0,0,2,2,57.0,128.0,136.0,0,EW_GREEN,hold,,,
1940.0,2,68,338.0,4.971,1,0.0,1,0.0,9,58.0,11,80.0,0,0,1,2,66.0,138.0,134.0,0,EW_GREEN,hold,,,
1941.0,2,67,341.0,5.09,1,0.0,1,0.0,10,62.0,11,86.0,0,0,1,0,76.0,148.0,117.0,0,EW_GREEN,hold,,,
1942.0,2,67,347.0,5.179,1,0.0,1,0.0,10,66.0,11,92.0,0,0,1,0,86.0,158.0,103.0,0,EW_GREEN,hold,,,
1943.0,2,67,355.0,5.299,1,0.0,1,0.0,10,70.0,11,98.0,0,0,1,0,97.0,168.0,90.0,0,EW_GREEN,hold,,,
1944.0,2,67,388.0,5.791,1,0.0,1,0.0,10,74.0,11,104.0,0,0,1,0,109.0,178.0,101.0,0,EW_GREEN,hold,,,
1945.0,2,72,406.0,5.639,2,0.0,2,0.0,10,79.0,11,110.0,0,0,0,0,122.0,189.0,95.0,0,EW_GREEN,hold,,,
1946.0,2,75,424.0,5.653,3,0.0,3,0.0,10,84.0,11,116.0,0,0,0,0,135.0,200.0,89.0,0,EW_GREEN,hold,,,
1947.0,2,74,443.0,5.986,3,0.0,3,0.0,10,89.0,11,122.0,0,0,0,0,149.0,211.0,83.0,0,EW_GREEN,hold,,,
1948.0,2,74,462.0,6.243,3,0.0,3,0.0,10,94.0,11,128.0,0,0,2,0,163.0,222.0,77.0,0,EW_GREEN,hold,,,
1949.0,2,72,485.0,6.736,3,0.0,3,0.0,10,100.0,11,134.0,0,0,2,0,178.0,234.0,73.0,0,EW_GREEN,hold,,,
1950.0,2,70,522.0,7.457,3,0.0,3,0.0,10,106.0,11,140.0,0,0,2,0,193.0,246.0,83.0,0,EW_GREEN,hold,,,
1951.0,2,71,545.0,7.676,3,0.0,3,0.0,11,112.0,11,146.0,0,0,2,0,208.0,258.0,79.0,0,EW_GREEN,hold,,,
1952.0,2,71,584.0,8.225,3,0.0,3,0.0,11,119.0,11,152.0,0,0,2,0,223.0,271.0,90.0,0,EW_GREEN,hold,,,
1953.0,2,71,593.0,8.352,3,0.0,3,0.0,11,126.0,11,158.0,0,0,2,0,238.0,284.0,71.0,0,EW_GREEN,hold,,,
1954.0,2,70,603.0,8.614,3,0.0,3,0.0,11,133.0,11,164.0,0,0,2,0,254.0,297.0,52.0,0,EW_GREEN,hold,,,
1955.0,2,70,628.0,8.971,3,0.0,3,0.0,11,140.0,11,170.0,0,0,2,0,271.0,310.0,47.0,0,EW_GREEN,hold,,,
1956.0,2,72,625.0,8.681,3,0.0,3,0.0,11,147.0,11,176.0,0,0,3,0,259.0,323.0,43.0,0,EW_GREEN,hold,,,
1957.0,2,72,622.0,8.639,3,0.0,3,0.0,11,154.0,11,183.0,0,0,3,0,246.0,337.0,39.0,0,EW_GREEN,hold,,,
1958.0,2,72,619.0,8.597,3,0.0,3,0.0,11,161.0,11,190.0,0,0,3,0,232.0,351.0,36.0,0,EW_GREEN,hold,,,
1959.0,3,72,616.0,8.556,3,0.0,3,0.0,11,168.0,11,197.0,0,0,3,0,218.0,365.0,33.0,0,EW_GREEN,hold,,,
1960.0,3,71,613.0,8.634,3,0.0,3,0.0,11,175.0,11,204.0,0,0,3,0,203.0,379.0,31.0,0,EW_GREEN,hold,,,
1961.0,3,73,612.0,8.384,3,0.0,3,0.0,12,182.0,12,211.0,0,0,6,0,190.0,393.0,29.0,0,EW_GREEN,hold,,,
1962.0,0,65,380.0,5.846,3,0.0,3,0.0,9,85.0,9,92.0,0,0,4,0,176.0,177.0,27.0,0,EW_GREEN,hold,,,
1963.0,0,65,212.0,3.262,3,1.0,3,0.0,9,14.0,9,7.0,0,0,0,0,163.0,22.0,27.0,0,EW_GREEN,hold,,,
1964.0,0,66,177.0,2.682,3,2.0,3,1.0,10,0.0,9,0.0,0,0,0,0,148.0,3.0,26.0,0,EW_GREEN,hold,,,
1965.0,0,66,169.0,2.561,3,3.0,3,2.0,7,0.0,10,0.0,0,0,0,0,132.0,5.0,32.0,0,EW_GREEN,hold,,,
1966.0,0,69,161.0,2.333,3,4.0,3,3.0,8,0.0,8,0.0,0,0,0,0,116.0,7.0,38.0,0,EW_GREEN,hold,,,
1967.0,0,71,146.0,2.056,3,5.0,3,4.0,7,0.0,9,1.0,0,0,0,0,100.0,10.0,36.0,0,EW_GREEN,hold,,,
1968.0,0,70,128.0,1.829,3,6.0,3,5.0,6,0.0,8,2.0,0,0,0,0,82.0,13.0,33.0,0,EW_GREEN,hold,,,
1969.0,0,73,138.0,1.89,4,8.0,4,7.0,5,0.0,9,3.0,0,0,0,1,89.0,18.0,31.0,0,EW_GREEN,hold,,,
1970.0,0,74,125.0,1.689,4,10.0,4,9.0,5,0.0,7,4.0,0,0,0,1,73.0,23.0,29.0,0,EW_YELLOW,pressure_ns,,,
1971.0,3,73,114.0,1.562,4,12.0,4,11.0,5,0.0,7,5.0,0,0,0,1,57.0,28.0,29.0,0,EW_YELLOW,hold,,,
1972.0,3,77,108.0,1.403,4,14.0,4,13.0,6,1.0,8,6.0,0,0,0,0,44.0,34.0,30.0,0,EW_YELLOW,hold,,,
1973.0,3,76,99.0,1.303,4,16.0,4,15.0,6,2.0,8,7.0,0,0,0,0,27.0,40.0,32.0,0,NS_GREEN,yellow_end,,,
1974.0,0,74,82.0,1.108,4,18.0,4,17.0,5,0.0,7,0.0,0,0,0,0,16.0,35.0,31.0,0,NS_GREEN,hold,,,
1975.0,0,73,66.0,0.904,4,20.0,4,19.0,6,0.0,6,0.0,0,0,0,0,17.0,39.0,10.0,0,NS_GREEN,hold,,,
1976.0,0,74,61.0,0.824,4,22.0,4,21.0,6,0.0,6,0.0,0,0,0,0,14.0,43.0,4.0,0,NS_GREEN,hold,,,
1977.0,0,77,67.0,0.87,4,24.0,4,23.0,7,0.0,6,0.0,0,0,0,0,15.0,47.0,5.0,0,NS_GREEN,hold,,,
1978.0,0,77,72.0,0.935,4,26.0,4,25.0,7,0.0,6,0.0,0,0,0,0,16.0,51.0,5.0,0,NS_GREEN,hold,,,
1979.0,0,77,79.0,1.026,4,28.0,4,27.0,7,0.0,6,0.0,0,0,0,0,17.0,55.0,7.0,0,NS_GREEN,hold,,,
1980.0,0,79,84.0,1.063,4,30.0,4,29.0,7,0.0,6,0.0,0,0,0,0,18.0,59.0,7.0,0,NS_GREEN,hold,,,
1981.0,0,79,92.0,1.165,4,32.0,4,31.0,6,0.0,6,0.0,0,0,0,0,19.0,63.0,10.0,0,NS_YELLOW,pressure_ew,,,
1982.0,1,83,102.0,1.229,4,34.0,4,33.0,7,0.0,6,0.0,0,0,0,0,21.0,67.0,14.0,0,NS_YELLOW,hold,,,
1983.0,1,84,112.0,1.333,4,36.0,4,35.0,7,0.0,6,0.0,0,0,0,0,22.0,71.0,19.0,0,NS_YELLOW,hold,,,
1984.0,1,83,121.0,1.458,4,38.0,4,37.0,7,0.0,6,0.0,0,0,0,0,22.0,75.0,24.0,0,EW_GREEN,yellow_end,,,
1985.0,2,80,53.0,0.662,2,0.0,2,0.0,8,0.0,6,0.0,0,0,0,0,23.0,0.0,30.0,0,EW_GREEN,hold,,,
1986.0,2,80,60.0,0.75,2,0.0,2,0.0,8,0.0,6,0.0,0,0,0,0,24.0,0.0,36.0,0,EW_GREEN,hold,,,
1987.0,2,82,68.0,0.829,2,0.0,2,0.0,9,0.0,6,0.0,0,0,0,0,25.0,0.0,43.0,0,EW_GREEN,hold,,,
1988.0,2,82,77.0,0.939,2,0.0,2,0.0,9,0.0,6,0.0,0,0,0,0,26.0,0.0,51.0,0,EW_GREEN,hold,,,
1989.0,2,82,86.0,1.049,2,0.0,2,0.0,9,0.0,6,0.0,0,0,0,0,27.0,0.0,59.0,0,EW_GREEN,hold,,,
1990.0,2,82,96.0,1.171,2,0.0,2,0.0,9,0.0,6,0.0,0,0,0,0,28.0,0.0,68.0,0,EW_GREEN,hold,,,
1991.0,2,83,109.0,1.313,2,0.0,2,1.0,9,0.0,6,0.0,0,1,0,0,30.0,1.0,78.0,0,EW_GREEN,hold,,,
1992.0,2,81,123.0,1.519,1,0.0,2,2.0,9,0.0,6,0.0,0,1,0,0,33.0,2.0,88.0,0,EW_GREEN,hold,,,
1993.0,2,84,139.0,1.655,2,0.0,3,3.0,10,1.0,6,0.0,0,0,0,0,36.0,4.0,99.0,0,EW_GREEN,hold,,,
1994.0,2,86,152.0,1.767,3,0.0,4,4.0,10,2.0,6,1.0,0,0,0,0,35.0,7.0,110.0,0,EW_GREEN,hold,,,
1995.0,2,86,166.0,1.93,3,0.0,4,5.0,10,3.0,6,2.0,0,0,0,0,34.0,10.0,122.0,0,EW_GREEN,hold,,,
1996.0,2,85,175.0,2.059,3,0.0,3,0.0,11,4.0,6,3.0,0,0,0,0,34.0,7.0,134.0,0,EW_GREEN,hold,,,
1997.0,2,88,192.0,2.182,3,0.0,3,0.0,11,6.0,7,4.0,0,0,0,0,36.0,10.0,146.0,0,EW_GREEN,hold,,,
1998.0,2,88,210.0,2.386,3,0.0,3,0.0,11,8.0,7,5.0,0,0,0,0,38.0,13.0,159.0,0,EW_GREEN,hold,,,
1999.0,2,87,231.0,2.655,3,0.0,3,0.0,11,11.0,7,7.0,0,0,0,0,40.0,18.0,173.0,0,EW_GREEN,hold,,,
2000.0,2,86,254.0,2.953,3,0.0,3,0.0,11,14.0,7,9.0,0,0,0,0,43.0,23.0,188.0,0,EW_GREEN,hold,,,
2001.0,2,85,236.0,2.776,3,0.0,3,0.0,11,17.0,7,13.0,0,0,0,0,3.0,30.0,203.0,0,EW_GREEN,hold,,,
2002.0,2,84,234.0,2.786,3,0.0,3,0.0,12,20.0,7,17.0,0,0,0,0,5.0,37.0,192.0,0,EW_GREEN,hold,,,
2003.0,2,83,238.0,2.867,3,0.0,3,0.0,12,23.0,7,22.0,0,0,0,2,8.0,45.0,185.0,0,EW_GREEN,hold,,,
2004.0,2,82,244.0,2.976,3,0.0,3,0.0,13,27.0,7,27.0,0,0,0,2,11.0,54.0,179.0,0,EW_GREEN,hold,,,
2005.0,2,81,251.0,3.099,3,0.0,3,0.0,13,31.0,7,33.0,0,0,0,4,15.0,64.0,172.0,0,EW_GREEN,hold,,,
2006.0,2,80,260.0,3.25,3,0.0,3,0.0,13,36.0,8,39.0,0,0,0,2,19.0,75.0,166.0,0,EW_GREEN,hold,,,
2007.0,2,80,272.0,3.4,2,0.0,2,0.0,13,41.0,8,45.0,0,0,0,2,24.0,86.0,162.0,0,EW_GREEN,hold,,,
2008.0,2,79,286.0,3.62,2,0.0,2,0.0,14,46.0,8,51.0,0,0,0,2,29.0,97.0,160.0,0,EW_GREEN,hold,,,
2009.0,2,78,298.0,3.821,1,0.0,1,0.0,14,52.0,9,57.0,0,0,2,2,35.0,109.0,154.0,0,EW_GREEN,hold,,,
2010.0,2,77,313.0,4.065,1,0.0,1,0.0,14,58.0,9,63.0,0,0,2,2,42.0,121.0,150.0,0,EW_GREEN,hold,,,
2011.0,2,78,350.0,4.487,1,0.0,1,0.0,14,64.0,10,69.0,0,0,2,2,49.0,133.0,168.0,0,EW_GREEN,hold,,,
2012.0,2,78,368.0,4.718,1,0.0,1,0.0,14,70.0,10,75.0,0,0,2,2,57.0,145.0,166.0,0,EW_GREEN,hold,,,
2013.0,2,81,388.0,4.79,1,0.0,1,0.0,14,76.0,11,81.0,0,0,2,2,66.0,157.0,165.0,0,EW_GREEN,hold,,,
2014.0,2,77,382.0,4.961,1,0.0,1,0.0,14,83.0,11,87.0,0,0,2,0,75.0,170.0,137.0,0,EW_GREEN,hold,,,
2015.0,2,77,384.0,4.987,1,0.0,1,0.0,15,90.0,11,93.0,0,0,2,0,85.0,183.0,116.0,0,EW_GREEN,hold,,,
2016.0,2,76,396.0,5.211,1,0.0,1,0.0,15,97.0,11,99.0,0,0,2,0,96.0,196.0,104.0,0,EW_GREEN,hold,,,
2017.0,2,80,416.0,5.2,2,0.0,2,0.0,15,104.0,11,105.0,0,0,0,0,108.0,209.0,99.0,0,EW_GREEN,hold,,,
2018.0,2,83,438.0,5.277,2,0.0,2,0.0,16,111.0,11,111.0,0,0,0,0,122.0,222.0,94.0,0,EW_GREEN,hold,,,
2019.0,2,81,460.0,5.679,2,0.0,2,0.0,16,119.0,11,117.0,0,0,0,0,135.0,236.0,89.0,0,EW_GREEN,hold,,,
2020.0,2,80,499.0,6.237,2,0.0,2,0.0,16,127.0,11,123.0,0,0,0,0,149.0,250.0,100.0,0,EW_GREEN,hold,,,
2021.0,2,80,522.0,6.525,2,0.0,2,0.0,16,135.0,11,129.0,0,0,0,0,164.0,264.0,94.0,0,EW_GREEN,hold,,,
2022.0,2,80,546.0,6.825,2,0.0,2,0.0,16,143.0,11,135.0,0,0,0,2,180.0,278.0,88.0,0,EW_GREEN,hold,,,
2023.0,2,80,587.0,7.338,2,0.0,2,0.0,16,151.0,11,141.0,0,0,0,2,196.0,292.0,99.0,0,EW_GREEN,hold,,,
2024.0,2,79,611.0,7.734,2,0.0,2,0.0,16,159.0,11,147.0,0,0,0,2,212.0,306.0,93.0,0,EW_GREEN,hold,,,
2025.0,2,78,627.0,8.038,2,0.0,2,0.0,16,168.0,11,153.0,0,0,0,2,229.0,321.0,77.0,0,EW_GREEN,hold,,,
2026.0,2,79,646.0,8.177,2,0.0,2,0.0,17,177.0,11,159.0,0,0,0,2,247.0,336.0,63.0,0,EW_GREEN,hold,,,
2027.0,3,79,666.0,8.43,2,0.0,2,0.0,17,187.0,11,165.0,0,0,0,2,265.0,352.0,49.0,0,EW_GREEN,hold,,,
2028.0,3,80,688.0,8.6,2,0.0,2,0.0,17,198.0,11,172.0,0,0,0,2,284.0,370.0,34.0,0,EW_GREEN,hold,,,
2029.0,3,81,710.0,8.765,2,0.0,2,0.0,17,209.0,12,179.0,0,0,0,0,304.0,388.0,18.0,0,EW_GREEN,hold,,,
2030.0,0,74,513.0,6.932,2,0.0,2,0.0,14,116.0,9,87.0,0,0,0,0,293.0,203.0,17.0,0,EW_GREEN,hold,,,
2031.0,0,74,348.0,4.703,2,0.0,2,0.0,14,47.0,9,4.0,0,0,0,0,281.0,51.0,16.0,0,EW_GREEN,hold,,,
2032.0,0,72,298.0,4.139,2,0.0,2,0.0,14,14.0,9,0.0,0,0,0,0,269.0,14.0,15.0,0,EW_GREEN,hold,,,
2033.0,0,70,275.0,3.929,2,0.0,2,1.0,12,0.0,7,0.0,0,1,0,0,259.0,1.0,15.0,0,EW_GREEN,hold,,,
2034.0,0,72,271.0,3.764,2,1.0,2,2.0,12,0.0,7,0.0,1,1,0,0,249.0,3.0,19.0,0,EW_GREEN,hold,,,
2035.0,0,74,262.0,3.541,2,2.0,2,3.0,12,0.0,7,0.0,1,1,0,0,239.0,5.0,18.0,0,EW_GREEN,hold,,,
2036.0,0,75,280.0,3.733,2,3.0,2,4.0,10,0.0,6,0.0,1,1,0,0,255.0,7.0,18.0,0,EW_GREEN,hold,,,
2037.0,0,73,270.0,3.699,2,4.0,2,5.0,9,0.0,6,0.0,1,1,0,0,243.0,9.0,18.0,0,EW_GREEN,hold,,,
2038.0,0,80,260.0,3.25,2,6.0,2,7.0,9,0.0,7,0.0,2,2,0,0,231.0,13.0,16.0,0,EW_GREEN,hold,,,
2039.0,0,80,250.0,3.125,2,8.0,2,9.0,8,0.0,7,0.0,2,2,0,0,218.0,17.0,15.0,0,EW_GREEN,hold,,,
2040.0,0,81,242.0,2.988,2,10.0,2,11.0,7,0.0,6,0.0,2,2,0,0,205.0,21.0,16.0,0,EW_GREEN,hold,,,
2041.0,0,85,234.0,2.753,4,12.0,4,13.0,6,0.0,6,0.0,0,0,0,0,191.0,25.0,18.0,0,EW_YELLOW,pressure_ns,,,
2042.0,3,88,209.0,2.375,5,14.0,5,15.0,6,0.0,6,0.0,0,0,0,0,177.0,29.0,3.0,0,EW_YELLOW,hold,,,
2043.0,3,88,201.0,2.284,5,16.0,5,17.0,6,0.0,6,0.0,0,0,0,0,164.0,33.0,4.0,0,EW_YELLOW,hold,,,
2044.0,3,88,194.0,2.205,5,18.0,5,19.0,6,0.0,6,0.0,0,0,0,0,151.0,37.0,6.0,0,NS_GREEN,yellow_end,,,
2045.0,0,87,183.0,2.103,5,20.0,5,21.0,7,0.0,5,0.0,0,0,0,0,134.0,41.0,8.0,0,NS_GREEN,hold,,,
2046.0,0,86,174.0,2.023,5,22.0,5,23.0,7,0.0,5,0.0,0,0,0,0,117.0,45.0,12.0,0,NS_GREEN,hold,,,
2047.0,0,87,188.0,2.161,5,24.0,5,25.0,7,0.0,5,0.0,0,0,0,0,124.0,49.0,15.0,0,NS_GREEN,hold,,,
2048.0,0,89,181.0,2.034,5,26.0,5,27.0,7,0.0,5,0.0,0,0,0,0,108.0,53.0,20.0,0,NS_GREEN,hold,,,
2049.0,0,88,173.0,1.966,5,28.0,5,29.0,7,0.0,5,0.0,0,0,0,0,91.0,57.0,25.0,0,NS_GREEN,hold,,,
2050.0,0,89,166.0,1.865,5,30.0,5,31.0,7,0.0,5,0.0,0,0,0,0,74.0,61.0,31.0,0,NS_GREEN,hold,,,
2051.0,0,89,181.0,2.034,5,32.0,5,33.0,7,0.0,5,0.0,0,0,0,0,79.0,65.0,37.0,0,NS_GREEN,hold,,,
2052.0,0,89,173.0,1.944,5,34.0,5,35.0,7,0.0,5,0.0,0,0,0,0,60.0,69.0,44.0,0,NS_YELLOW,pressure_ew,,,
2053.0,1,90,169.0,1.878,5,36.0,5,37.0,7,0.0,5,0.0,0,0,0,0,45.0,73.0,51.0,0,NS_YELLOW,hold,,,
2054.0,1,91,175.0,1.923,5,38.0,5,39.0,8,0.0,5,0.0,0,0,0,0,38.0,77.0,60.0,0,NS_YELLOW,hold,,,
2055.0,1,90,189.0,2.1,5,40.0,5,41.0,8,0.0,5,0.0,0,0,0,0,39.0,81.0,69.0,0,EW_GREEN,yellow_end,,,
2056.0,2,88,117.0,1.33,4,0.0,4,0.0,8,0.0,5,0.0,0,0,0,0,38.0,0.0,79.0,0,EW_GREEN,hold,,,
2057.0,2,88,129.0,1.466,3,0.0,4,0.0,9,0.0,5,0.0,0,0,0,0,40.0,0.0,89.0,0,EW_GREEN,hold,,,
2058.0,2,88,141.0,1.602,3,0.0,3,0.0,9,0.0,5,0.0,0,0,0,0,42.0,0.0,99.0,0,EW_GREEN,hold,,,
2059.0,2,87,155.0,1.782,2,0.0,2,0.0,9,0.0,5,0.0,0,0,0,0,44.0,0.0,111.0,0,EW_GREEN,hold,,,
2060.0,2,88,170.0,1.932,2,0.0,2,0.0,10,0.0,5,0.0,0,0,0,0,46.0,0.0,124.0,0,EW_GREEN,hold,,,
2061.0,2,87,186.0,2.138,1,0.0,2,0.0,10,0.0,5,1.0,0,0,0,0,48.0,1.0,137.0,0,EW_GREEN,hold,,,
2062.0,2,86,203.0,2.36,1,0.0,1,0.0,10,0.0,5,2.0,0,0,0,0,50.0,2.0,151.0,0,EW_GREEN,hold,,,
2063.0,2,85,221.0,2.6,1,0.0,1,0.0,10,0.0,5,3.0,0,0,0,0,52.0,3.0,166.0,0,EW_GREEN,hold,,,
2064.0,2,84,241.0,2.869,1,0.0,1,0.0,10,1.0,5,4.0,0,0,0,0,55.0,5.0,181.0,0,EW_GREEN,hold,,,
2065.0,2,84,263.0,3.131,2,0.0,2,0.0,10,2.0,5,5.0,0,0,0,0,60.0,7.0,196.0,0,EW_GREEN,hold,,,
2066.0,2,85,286.0,3.365,2,0.0,2,0.0,11,4.0,5,7.0,0,0,0,1,63.0,11.0,212.0,0,EW_GREEN,hold,,,
2067.0,2,85,310.0,3.647,2,0.0,2,0.0,11,6.0,5,9.0,0,0,0,1,66.0,15.0,229.0,0,EW_GREEN,hold,,,
2068.0,2,85,338.0,3.976,2,0.0,2,0.0,12,9.0,5,11.0,0,0,0,1,71.0,20.0,247.0,0,EW_GREEN,hold,,,
2069.0,2,87,342.0,3.931,2,0.0,2,0.0,12,12.0,6,14.0,0,0,0,1,79.0,26.0,237.0,0,EW_GREEN,hold,,,
2070.0,2,88,350.0,3.977,2,0.0,2,0.0,13,15.0,6,17.0,0,0,0,1,88.0,32.0,230.0,0,EW_GREEN,hold,,,
2071.0,2,88,287.0,3.261,2,0.0,2,0.0,13,18.0,6,21.0,0,0,0,3,25.0,39.0,223.0,0,EW_GREEN,hold,,,
2072.0,2,87,282.0,3.241,2,0.0,2,0.0,13,21.0,6,26.0,0,0,0,3,17.0,47.0,218.0,0,EW_GREEN,hold,,,
2073.0,2,88,281.0,3.193,2,0.0,2,0.0,13,24.0,7,31.0,0,0,0,2,13.0,55.0,213.0,0,EW_GREEN,hold,,,
2074.0,2,85,282.0,3.318,2,0.0,2,0.0,13,28.0,7,36.0,0,0,0,2,7.0,64.0,211.0,0,EW_GREEN,hold,,,
2075.0,2,85,316.0,3.718,2,0.0,2,0.0,14,32.0,7,41.0,0,0,0,2,9.0,73.0,234.0,0,EW_GREEN,hold,,,
2076.0,2,86,327.0,3.802,2,0.0,2,0.0,14,36.0,8,46.0,0,0,0,2,12.0,82.0,233.0,0,EW_GREEN,hold,,,
2077.0,2,84,339.0,4.036,2,0.0,2,0.0,14,40.0,8,51.0,0,0,0,2,16.0,91.0,232.0,0,EW_GREEN,hold,,,
2078.0,2,84,352.0,4.19,2,0.0,2,0.0,14,46.0,8,56.0,0,0,0,2,20.0,102.0,230.0,0,EW_GREEN,hold,,,
2079.0,2,84,368.0,4.381,2,0.0,1,0.0,14,52.0,9,61.0,0,0,0,2,25.0,113.0,230.0,0,EW_GREEN,hold,,,
2080.0,2,81,355.0,4.383,2,0.0,1,0.0,14,58.0,9,66.0,0,0,2,2,31.0,124.0,200.0,0,EW_GREEN,hold,,,
2081.0,2,81,350.0,4.321,2,0.0,1,0.0,14,65.0,9,71.0,0,0,2,2,38.0,136.0,176.0,0,EW_GREEN,hold,,,
2082.0,2,81,349.0,4.309,2,0.0,1,0.0,14,72.0,9,76.0,0,0,2,2,45.0,148.0,156.0,0,EW_GREEN,hold,,,
2083.0,2,77,343.0,4.455,1,0.0,1,0.0,14,79.0,9,81.0,0,0,0,2,41.0,160.0,142.0,0,EW_GREEN,hold,,,
2084.0,2,76,343.0,4.513,1,0.0,1,0.0,14,86.0,9,86.0,0,0,0,2,38.0,172.0,133.0,0,EW_GREEN,hold,,,
2085.0,2,75,366.0,4.88,1,0.0,1,0.0,14,93.0,9,91.0,0,0,0,2,36.0,184.0,146.0,0,EW_GREEN,hold,,,
2086.0,2,74,369.0,4.986,1,0.0,1,0.0,15,100.0,9,96.0,0,0,0,2,34.0,196.0,139.0,0,EW_GREEN,hold,,,
2087.0,2,73,373.0,5.11,1,0.0,1,0.0,15,108.0,9,101.0,0,0,0,2,33.0,209.0,131.0,0,EW_GREEN,hold,,,
2088.0,2,72,379.0,5.264,1,0.0,1,0.0,15,116.0,9,106.0,0,0,0,2,33.0,222.0,124.0,0,EW_GREEN,hold,,,
2089.0,2,77,403.0,5.234,2,0.0,2,0.0,16,124.0,9,111.0,0,0,0,2,30.0,235.0,138.0,0,EW_GREEN,hold,,,
2090.0,2,81,409.0,5.049,3,0.0,3,0.0,16,133.0,9,116.0,0,0,0,2,29.0,249.0,131.0,0,EW_GREEN,hold,,,
2091.0,2,81,403.0,4.975,3,0.0,3,0.0,17,142.0,9,121.0,0,0,0,3,29.0,263.0,111.0,0,EW_GREEN,hold,,,
2092.0,2,81,401.0,4.951,3,0.0,3,0.0,17,151.0,9,126.0,0,0,0,3,30.0,277.0,94.0,0,EW_GREEN,hold,,,
2093.0,2,81,396.0,4.889,3,0.0,3,0.0,17,160.0,9,131.0,0,0,0,3,30.0,291.0,75.0,0,EW_GREEN,hold,,,
2094.0,2,79,411.0,5.203,3,0.0,3,0.0,17,169.0,9,136.0,0,0,0,3,31.0,305.0,75.0,0,EW_GREEN,hold,,,
2095.0,2,81,405.0,5.0,3,0.0,3,0.0,18,178.0,10,141.0,0,0,0,2,33.0,319.0,53.0,0,EW_GREEN,hold,,,
2096.0,2,82,398.0,4.854,3,0.0,3,0.0,18,187.0,10,146.0,0,0,0,2,34.0,333.0,31.0,0,EW_GREEN,hold,,,
2097.0,2,80,415.0,5.188,3,0.0,3,0.0,18,196.0,10,151.0,0,0,0,2,38.0,347.0,30.0,0,EW_GREEN,hold,,,
2098.0,3,82,430.0,5.244,3,0.0,3,0.0,19,206.0,11,156.0,0,0,0,2,39.0,362.0,29.0,0,EW_GREEN,hold,,,
2099.0,3,82,444.0,5.415,3,0.0,3,0.0,19,217.0,11,161.0,0,0,0,2,39.0,378.0,27.0,0,EW_GREEN,hold,,,
2100.0,3,84,459.0,5.464,3,0.0,3,0.0,20,230.0,12,166.0,0,0,0,2,39.0,396.0,24.0,0,EW_GREEN,hold,,,
2101.0,0,79,272.0,3.443,3,0.0,3,0.0,17,143.0,9,61.0,0,0,0,1,39.0,204.0,29.0,0,EW_GREEN,hold,,,
2102.0,0,79,139.0,1.759,3,0.0,3,0.0,17,69.0,9,1.0,0,0,0,0,40.0,70.0,29.0,0,EW_GREEN,hold,,,
2103.0,0,79,90.0,1.139,3,0.0,3,0.0,17,19.0,9,0.0,0,0,0,0,44.0,19.0,27.0,0,EW_GREEN,hold,,,
2104.0,0,74,80.0,1.081,3,0.0,3,0.0,16,6.0,6,0.0,0,0,0,0,48.0,6.0,26.0,0,EW_GREEN,hold,,,
2105.0,0,80,79.0,0.988,3,0.0,3,0.0,15,0.0,7,0.0,0,0,0,0,53.0,0.0,26.0,0,EW_GREEN,hold,,,
2106.0,0,77,82.0,1.065,3,0.0,3,0.0,14,0.0,6,0.0,0,0,0,0,56.0,0.0,26.0,0,EW_GREEN,hold,,,
2107.0,0,77,88.0,1.143,3,1.0,3,1.0,12,0.0,5,0.0,0,0,0,0,60.0,2.0,26.0,0,EW_GREEN,hold,,,
2108.0,0,78,96.0,1.231,3,2.0,3,2.0,12,0.0,6,0.0,0,0,0,0,60.0,4.0,32.0,0,EW_GREEN,hold,,,
2109.0,0,79,100.0,1.266,3,4.0,3,3.0,11,0.0,5,0.0,1,0,0,0,61.0,7.0,32.0,0,EW_GREEN,hold,,,
2110.0,0,84,106.0,1.262,3,4.0,3,4.0,10,0.0,6,0.0,0,0,0,0,64.0,8.0,34.0,0,EW_GREEN,hold,,,
2111.0,0,84,113.0,1.345,3,5.0,3,5.0,9,0.0,6,0.0,0,0,0,0,67.0,10.0,36.0,0,EW_GREEN,hold,,,
2112.0,0,86,120.0,1.395,3,6.0,3,6.0,9,0.0,6,0.0,0,0,0,0,69.0,12.0,39.0,0,EW_GREEN,hold,,,
2113.0,0,87,98.0,1.126,4,8.0,4,7.0,9,0.0,6,0.0,0,0,0,0,72.0,15.0,11.0,0,EW_GREEN,hold,,,
2114.0,0,87,112.0,1.287,4,10.0,4,9.0,9,0.0,6,0.0,0,0,0,0,76.0,19.0,17.0,0,EW_GREEN,hold,,,
2115.0,0,86,118.0,1.372,4,12.0,4,11.0,9,0.0,6,0.0,0,0,0,0,80.0,23.0,15.0,0,EW_YELLOW,max_green,,,
2116.0,3,87,125.0,1.437,4,14.0,4,13.0,10,0.0,6,0.0,0,0,0,0,81.0,27.0,17.0,0,EW_YELLOW,hold,,,
2117.0,3,87,138.0,1.586,4,16.0,4,15.0,10,1.0,6,0.0,0,0,0,0,84.0,32.0,22.0,0,EW_YELLOW,hold,,,
2118.0,3,88,153.0,1.739,4,18.0,4,17.0,10,2.0,6,0.0,0,0,0,0,89.0,37.0,27.0,0,NS_GREEN,yellow_end,,,
2119.0,0,86,93.0,1.081,4,20.0,4,19.0,10,0.0,6,0.0,0,0,0,0,21.0,39.0,33.0,0,NS_GREEN,hold,,,
2120.0,0,87,86.0,0.989,4,22.0,4,21.0,9,0.0,6,0.0,0,0,0,0,6.0,43.0,37.0,0,NS_GREEN,hold,,,
2121.0,0,86,100.0,1.163,4,24.0,4,23.0,8,0.0,6,0.0,0,0,0,0,10.0,47.0,43.0,0,NS_GREEN,hold,,,
2122.0,0,86,116.0,1.349,4,26.0,4,25.0,8,0.0,6,0.0,0,0,0,0,15.0,51.0,50.0,0,NS_GREEN,hold,,,
2123.0,0,87,133.0,1.529,4,28.0,4,27.0,8,0.0,6,0.0,0,0,0,0,20.0,55.0,58.0,0,NS_GREEN,hold,,,
2124.0,0,87,152.0,1.747,4,30.0,4,29.0,7,0.0,5,0.0,0,0,0,0,26.0,59.0,67.0,0,NS_GREEN,hold,,,
2125.0,0,87,173.0,1.989,4,32.0,4,31.0,7,0.0,5,0.0,0,0,0,0,33.0,63.0,77.0,0,NS_GREEN,hold,,,
2126.0,0,91,193.0,2.121,4,34.0,4,33.0,8,0.0,5,0.0,0,0,0,0,39.0,67.0,87.0,0,NS_GREEN,hold,,,
2127.0,0,91,215.0,2.363,4,36.0,4,35.0,8,0.0,5,0.0,0,0,0,0,46.0,71.0,98.0,0,NS_GREEN,hold,,,
2128.0,0,90,239.0,2.656,4,38.0,4,37.0,7,0.0,5,0.0,0,0,0,0,54.0,75.0,110.0,0,NS_YELLOW,pressure_ew,,,
2129.0,1,90,265.0,2.944,4,40.0,4,39.0,6,0.0,5,0.0,0,2,0,0,63.0,79.0,123.0,0,NS_YELLOW,hold,,,
2130.0,1,89,279.0,3.135,4,42.0,4,42.0,6,0.0,5,0.0,2,2,0,0,59.0,84.0,136.0,0,NS_YELLOW,hold,,,
2131.0,1,92,294.0,3.196,4,45.0,4,45.0,6,0.0,5,0.0,2,2,0,0,55.0,90.0,149.0,0,EW_GREEN,yellow_end,,,
2132.0,2,88,218.0,2.477,2,2.0,2,3.0,6,0.0,5,0.0,1,1,0,0,51.0,5.0,162.0,0,EW_GREEN,hold,,,
2133.0,2,89,224.0,2.517,2,0.0,2,0.0,6,0.0,5,0.0,0,0,0,0,47.0,0.0,177.0,0,EW_GREEN,hold,,,
2134.0,2,88,236.0,2.682,2,0.0,2,0.0,7,0.0,5,0.0,0,0,0,0,43.0,0.0,193.0,0,EW_GREEN,hold,,,
2135.0,2,88,246.0,2.795,2,0.0,2,0.0,7,0.0,5,0.0,0,0,0,0,39.0,0.0,207.0,0,EW_GREEN,hold,,,
2136.0,2,87,261.0,3.0,2,0.0,2,0.0,7,0.0,5,1.0,0,0,0,0,37.0,1.0,223.0,0,EW_GREEN,hold,,,
2137.0,2,88,281.0,3.193,3,1.0,3,0.0,7,0.0,5,3.0,0,0,0,1,37.0,4.0,240.0,0,EW_GREEN,hold,,,
2138.0,2,88,304.0,3.455,4,2.0,3,0.0,7,1.0,5,5.0,0,0,0,1,38.0,8.0,258.0,0,EW_GREEN,hold,,,
2139.0,2,89,330.0,3.708,4,3.0,3,0.0,8,2.0,5,7.0,0,0,0,1,41.0,12.0,277.0,0,EW_GREEN,hold,,,
2140.0,2,89,366.0,4.112,4,4.0,3,0.0,8,3.0,5,10.0,0,0,0,1,53.0,17.0,296.0,0,EW_GREEN,hold,,,
2141.0,2,91,363.0,3.989,4,5.0,3,0.0,8,5.0,6,13.0,0,0,0,1,55.0,23.0,285.0,0,EW_GREEN,hold,,,
2142.0,2,91,361.0,3.967,3,0.0,3,0.0,9,7.0,6,17.0,0,0,0,2,60.0,24.0,277.0,0,EW_GREEN,hold,,,
2143.0,2,91,367.0,4.033,3,0.0,3,0.0,9,10.0,6,22.0,0,0,0,2,66.0,32.0,269.0,0,EW_GREEN,hold,,,
2144.0,2,91,375.0,4.121,3,0.0,3,0.0,9,13.0,6,27.0,0,0,0,2,72.0,40.0,263.0,0,EW_GREEN,hold,,,
2145.0,2,90,384.0,4.267,3,0.0,3,0.0,9,16.0,6,32.0,0,0,0,2,78.0,48.0,258.0,0,EW_GREEN,hold,,,
2146.0,2,91,396.0,4.352,3,0.0,3,0.0,9,19.0,7,37.0,0,0,0,1,84.0,56.0,256.0,0,EW_GREEN,hold,,,
2147.0,2,91,419.0,4.604,3,0.0,3,0.0,10,22.0,7,42.0,0,0,0,1,99.0,64.0,256.0,0,EW_GREEN,hold,,,
2148.0,2,92,430.0,4.674,3,0.0,3,0.0,10,26.0,8,47.0,0,0,0,0,101.0,73.0,256.0,0,EW_GREEN,hold,,,
2149.0,2,92,440.0,4.783,3,0.0,3,0.0,10,30.0,8,52.0,0,0,0,0,103.0,82.0,255.0,0,EW_GREEN,hold,,,
2150.0,2,92,451.0,4.902,3,0.0,3,0.0,10,35.0,8,57.0,0,0,0,0,106.0,92.0,253.0,0,EW_GREEN,hold,,,
2151.0,2,93,463.0,4.978,2,0.0,2,0.0,10,40.0,9,62.0,0,0,1,0,108.0,102.0,253.0,0,EW_GREEN,hold,,,
2152.0,2,88,420.0,4.773,2,0.0,2,0.0,11,45.0,9,67.0,0,0,0,0,64.0,112.0,244.0,0,EW_GREEN,hold,,,
2153.0,2,86,367.0,4.267,1,0.0,1,0.0,11,50.0,9,72.0,0,0,0,0,32.0,122.0,213.0,0,EW_GREEN,hold,,,
2154.0,2,86,329.0,3.826,1,0.0,1,0.0,11,55.0,9,77.0,0,0,0,0,4.0,132.0,193.0,0,EW_GREEN,hold,,,
2155.0,2,81,329.0,4.062,1,0.0,1,0.0,11,60.0,9,82.0,0,0,0,0,6.0,142.0,181.0,0,EW_GREEN,hold,,,
2156.0,2,79,330.0,4.177,1,0.0,1,0.0,11,65.0,9,87.0,0,0,0,0,9.0,152.0,169.0,0,EW_GREEN,hold,,,
2157.0,2,77,334.0,4.338,0,0.0,0,0.0,12,70.0,9,92.0,0,0,0,0,12.0,162.0,160.0,0,EW_GREEN,hold,,,
2158.0,2,73,338.0,4.63,0,0.0,0,0.0,12,76.0,9,97.0,0,0,0,1,16.0,173.0,149.0,0,EW_GREEN,hold,,,
2159.0,2,73,345.0,4.726,0,0.0,0,0.0,12,82.0,9,102.0,0,0,0,1,20.0,184.0,141.0,0,EW_GREEN,hold,,,
2160.0,2,70,354.0,5.057,0,0.0,0,0.0,12,88.0,9,107.0,0,0,0,1,25.0,195.0,134.0,0,EW_GREEN,hold,,,
2161.0,2,77,384.0,4.987,2,0.0,2,0.0,12,94.0,9,112.0,0,0,0,1,31.0,206.0,147.0,0,EW_GREEN,hold,,,
2162.0,2,79,392.0,4.962,2,0.0,2,0.0,12,100.0,9,117.0,0,0,0,1,37.0,217.0,138.0,0,EW_GREEN,hold,,,
2163.0,2,78,388.0,4.974,2,0.0,2,0.0,12,106.0,9,122.0,0,0,0,1,32.0,228.0,128.0,0,EW_GREEN,hold,,,
2164.0,2,78,374.0,4.795,2,0.0,2,0.0,12,113.0,9,127.0,0,0,3,1,27.0,240.0,107.0,0,EW_GREEN,hold,,,
2165.0,2,78,362.0,4.641,2,0.0,2,0.0,12,120.0,9,132.0,0,0,3,1,23.0,252.0,87.0,0,EW_GREEN,hold,,,
2166.0,2,78,370.0,4.744,2,0.0,2,0.0,12,127.0,9,137.0,0,0,3,1,20.0,264.0,86.0,0,EW_GREEN,hold,,,
2167.0,2,80,357.0,4.463,2,0.0,2,0.0,13,134.0,9,142.0,0,0,3,1,17.0,276.0,64.0,0,EW_GREEN,hold,,,
2168.0,2,80,346.0,4.325,2,0.0,2,0.0,13,141.0,10,147.0,0,0,3,0,14.0,288.0,44.0,0,EW_GREEN,hold,,,
2169.0,2,80,356.0,4.45,2,0.0,2,0.0,13,148.0,10,152.0,0,0,3,0,12.0,300.0,44.0,0,EW_GREEN,hold,,,
2170.0,2,81,385.0,4.753,2,0.0,2,0.0,14,156.0,10,157.0,0,0,0,0,17.0,313.0,55.0,0,EW_GREEN,hold,,,
2171.0,2,81,395.0,4.877,2,0.0,2,0.0,14,164.0,11,162.0,0,0,0,0,15.0,326.0,54.0,0,EW_GREEN,hold,,,
2172.0,2,84,409.0,4.869,2,0.0,2,0.0,15,172.0,11,167.0,0,0,0,0,14.0,339.0,56.0,0,EW_GREEN,hold,,,
2173.0,2,84,423.0,5.036,2,0.0,2,0.0,15,180.0,11,172.0,0,0,0,0,13.0,352.0,58.0,0,EW_GREEN,hold,,,
2174.0,3,85,437.0,5.141,2,0.0,2,0.0,15,188.0,12,177.0,0,0,0,0,12.0,365.0,60.0,0,EW_GREEN,hold,,,
2175.0,3,86,454.0,5.279,2,0.0,2,0.0,15,197.0,12,183.0,0,0,0,0,11.0,380.0,63.0,0,EW_GREEN,hold,,,
2176.0,3,85,473.0,5.565,2,0.0,2,0.0,15,206.0,12,189.0,0,0,0,0,11.0,395.0,67.0,0,EW_GREEN,hold,,,
2177.0,0,80,269.0,3.362,2,0.0,2,0.0,13,103.0,10,77.0,0,0,0,0,10.0,180.0,79.0,0,EW_GREEN,hold,,,
2178.0,0,79,158.0,2.0,2,1.0,2,0.0,13,29.0,9,36.0,0,0,0,0,9.0,66.0,83.0,0,EW_GREEN,hold,,,
2179.0,0,78,97.0,1.244,2,2.0,2,0.0,13,2.0,10,0.0,0,0,0,0,9.0,4.0,84.0,0,EW_GREEN,hold,,,
2180.0,0,77,100.0,1.299,2,3.0,2,1.0,11,0.0,8,0.0,0,0,0,0,9.0,4.0,87.0,0,EW_GREEN,hold,,,
2181.0,0,80,108.0,1.35,2,4.0,2,2.0,11,0.0,9,0.0,0,0,0,0,12.0,6.0,90.0,0,EW_GREEN,hold,,,
2182.0,0,80,117.0,1.462,2,5.0,2,3.0,10,0.0,8,0.0,0,0,0,0,17.0,8.0,92.0,0,EW_GREEN,hold,,,
2183.0,0,81,114.0,1.407,2,6.0,2,4.0,9,0.0,7,0.0,0,0,0,0,22.0,10.0,82.0,0,EW_GREEN,hold,,,
2184.0,0,81,105.0,1.296,2,7.0,2,5.0,9,0.0,7,0.0,0,0,0,0,29.0,12.0,64.0,0,EW_GREEN,hold,,,
2185.0,0,84,98.0,1.167,3,8.0,3,6.0,8,0.0,6,0.0,0,0,0,0,36.0,14.0,48.0,0,EW_GREEN,hold,,,
2186.0,0,86,92.0,1.07,4,9.0,4,7.0,8,0.0,6,0.0,0,0,0,0,44.0,16.0,32.0,0,EW_GREEN,hold,,,
2187.0,0,88,92.0,1.045,4,10.0,4,8.0,8,0.0,6,0.0,0,0,0,0,53.0,18.0,21.0,0,EW_GREEN,hold,,,
2188.0,0,87,106.0,1.218,4,11.0,4,9.0,7,0.0,6,0.0,0,0,0,0,63.0,20.0,23.0,0,EW_GREEN,hold,,,
2189.0,0,86,119.0,1.384,4,12.0,4,10.0,7,0.0,6,0.0,0,0,0,0,73.0,22.0,24.0,0,EW_GREEN,hold,,,
2190.0,0,86,134.0,1.558,4,13.0,4,11.0,7,0.0,6,0.0,0,0,0,0,84.0,24.0,26.0,0,EW_GREEN,hold,,,
2191.0,0,86,148.0,1.721,4,14.0,4,12.0,8,0.0,6,0.0,0,0,0,0,95.0,26.0,27.0,0,EW_YELLOW,max_green,,,
2192.0,3,88,168.0,1.909,4,15.0,4,13.0,8,0.0,6,0.0,0,0,0,0,107.0,28.0,33.0,0,EW_YELLOW,hold,,,
2193.0,3,87,173.0,1.989,4,16.0,4,14.0,9,0.0,6,0.0,0,0,0,0,103.0,30.0,40.0,0,EW_YELLOW,hold,,,
2194.0,3,87,180.0,2.069,4,17.0,4,15.0,9,0.0,6,0.0,0,0,0,0,101.0,32.0,47.0,0,NS_GREEN,yellow_end,,,
2195.0,0,89,187.0,2.101,4,18.0,4,16.0,10,0.0,6,0.0,0,0,0,0,98.0,34.0,55.0,0,NS_GREEN,hold,,,
2196.0,0,88,195.0,2.216,4,19.0,4,17.0,9,0.0,6,0.0,0,0,0,0,95.0,36.0,64.0,0,NS_GREEN,hold,,,
2197.0,0,89,204.0,2.292,4,20.0,4,18.0,9,0.0,6,0.0,0,0,0,0,92.0,38.0,74.0,0,NS_GREEN,hold,,,
2198.0,0,92,211.0,2.293,4,21.0,4,19.0,10,0.0,6,0.0,0,0,0,0,87.0,40.0,84.0,0,NS_GREEN,hold,,,
2199.0,0,90,221.0,2.456,4,22.0,4,20.0,9,0.0,5,0.0,0,0,0,0,84.0,42.0,95.0,0,NS_GREEN,hold,,,
2200.0,0,89,230.0,2.584,4,23.0,4,21.0,9,0.0,4,0.0,0,0,0,0,80.0,44.0,106.0,0,NS_GREEN,hold,,,
2201.0,0,92,241.0,2.62,4,24.0,4,23.0,9,0.0,4,0.0,0,0,0,0,76.0,47.0,118.0,0,NS_GREEN,hold,,,
2202.0,0,92,255.0,2.772,4,25.0,4,26.0,9,0.0,4,0.0,0,2,0,0,73.0,51.0,131.0,0,NS_YELLOW,pressure_ew,,,
2203.0,1,93,271.0,2.914,4,27.0,4,29.0,10,0.0,4,0.0,0,2,0,0,71.0,56.0,144.0,0,NS_YELLOW,hold,,,
2204.0,1,93,300.0,3.226,4,29.0,4,32.0,10,0.0,4,0.0,2,2,0,0,81.0,61.0,158.0,0,NS_YELLOW,hold,,,
2205.0,1,93,319.0,3.43,4,32.0,4,35.0,10,0.0,4,0.0,2,2,0,0,79.0,67.0,173.0,0,EW_GREEN,yellow_end,,,
2206.0,2,89,272.0,3.056,2,2.0,2,5.0,10,0.0,4,0.0,1,1,0,0,76.0,7.0,189.0,0,EW_GREEN,hold,,,
2207.0,2,88,280.0,3.182,2,0.0,2,0.0,10,0.0,4,0.0,0,0,0,0,75.0,0.0,205.0,0,EW_GREEN,hold,,,
2208.0,2,87,262.0,3.011,2,0.0,2,0.0,11,0.0,4,0.0,0,0,0,0,40.0,0.0,222.0,0,EW_GREEN,hold,,,
2209.0,2,87,276.0,3.172,2,0.0,2,0.0,11,0.0,4,0.0,0,0,0,0,36.0,0.0,240.0,0,EW_GREEN,hold,,,
2210.0,2,86,276.0,3.209,2,0.0,2,0.0,11,1.0,4,0.0,0,0,0,0,44.0,1.0,231.0,0,EW_GREEN,hold,,,
2211.0,2,87,266.0,3.057,2,0.0,2,0.0,12,2.0,4,0.0,0,0,0,0,43.0,2.0,221.0,0,EW_GREEN,hold,,,
2212.0,2,85,257.0,3.024,2,0.0,2,0.0,12,3.0,4,0.0,0,0,0,0,42.0,3.0,212.0,0,EW_GREEN,hold,,,
2213.0,2,87,252.0,2.897,2,0.0,2,0.0,12,4.0,5,1.0,0,0,0,0,41.0,5.0,206.0,0,EW_GREEN,hold,,,
2214.0,2,86,248.0,2.884,2,0.0,2,0.0,12,5.0,5,2.0,0,0,0,0,40.0,7.0,201.0,0,EW_GREEN,hold,,,
2215.0,2,86,244.0,2.837,2,0.0,2,0.0,12,6.0,6,3.0,0,0,0,0,39.0,9.0,196.0,0,EW_GREEN,hold,,,
2216.0,2,84,244.0,2.905,2,0.0,2,0.0,12,7.0,6,5.0,0,0,0,0,39.0,12.0,193.0,0,EW_GREEN,hold,,,
2217.0,2,84,247.0,2.94,2,0.0,2,0.0,12,8.0,7,8.0,0,0,0,0,39.0,16.0,192.0,0,EW_GREEN,hold,,,
2218.0,2,84,257.0,3.06,2,0.0,2,0.0,12,10.0,7,11.0,0,0,0,0,46.0,21.0,190.0,0,EW_GREEN,hold,,,
2219.0,2,82,267.0,3.256,2,0.0,2,0.0,12,12.0,7,14.0,0,0,0,0,54.0,26.0,187.0,0,EW_GREEN,hold,,,
2220.0,2,81,279.0,3.444,2,0.0,2,0.0,12,14.0,8,17.0,0,0,0,0,62.0,31.0,186.0,0,EW_GREEN,hold,,,
2221.0,2,82,295.0,3.598,2,0.0,2,0.0,12,17.0,8,21.0,0,0,0,0,71.0,38.0,186.0,1,EW_GREEN,hold,,,
2222.0,2,84,332.0,3.952,2,0.0,2,0.0,13,21.0,8,25.0,0,0,0,0,80.0,46.0,206.0,1,EW_GREEN,hold,,,
2223.0,2,85,348.0,4.094,1,0.0,2,0.0,13,25.0,9,29.0,0,0,0,0,90.0,54.0,204.0,1,EW_GREEN,camera_emg_hold(int_C),,,
2224.0,2,84,365.0,4.345,1,0.0,2,0.0,13,30.0,9,33.0,0,0,0,0,100.0,63.0,202.0,1,EW_GREEN,camera_emg_hold(int_C),,,
2225.0,2,83,384.0,4.627,1,0.0,1,0.0,13,35.0,9,37.0,0,0,0,0,111.0,72.0,201.0,1,EW_GREEN,camera_emg_hold(int_C),,,
2226.0,2,83,403.0,4.855,1,0.0,1,0.0,13,41.0,9,41.0,0,0,0,0,122.0,82.0,199.0,1,EW_GREEN,camera_emg_hold(int_C),,,
2227.0,2,83,424.0,5.108,1,0.0,1,0.0,13,47.0,9,45.0,0,0,0,0,134.0,92.0,198.0,1,EW_GREEN,camera_emg_hold(int_C),,,
2228.0,2,84,444.0,5.286,1,0.0,1,0.0,13,53.0,10,49.0,0,0,0,0,146.0,102.0,196.0,1,EW_GREEN,camera_emg_hold(int_C),,,
2229.0,2,83,479.0,5.771,1,0.0,1,0.0,13,53.0,10,53.0,0,0,0,0,159.0,106.0,214.0,1,EW_GREEN,camera_emg_hold(int_C),,,
2230.0,2,81,503.0,6.21,1,0.0,1,0.0,13,59.0,10,57.0,0,0,0,0,174.0,116.0,213.0,1,EW_GREEN,camera_emg_hold(int_C),,,
2231.0,2,83,526.0,6.337,1,0.0,1,0.0,14,65.0,11,61.0,0,0,0,0,188.0,126.0,212.0,1,EW_GREEN,camera_emg_hold(int_C),,,
2232.0,2,82,571.0,6.963,1,0.0,1,0.0,14,73.0,11,65.0,0,0,0,0,204.0,138.0,229.0,1,EW_GREEN,camera_emg_hold(int_C),,,
2233.0,2,87,598.0,6.874,2,0.0,2,0.0,14,82.0,11,69.0,0,0,0,0,221.0,151.0,226.0,1,EW_GREEN,camera_emg_hold(int_C),,,
2234.0,2,91,626.0,6.879,3,0.0,3,0.0,14,91.0,12,73.0,0,0,0,0,239.0,164.0,223.0,1,EW_GREEN,camera_emg_hold(int_C),,,
2235.0,2,90,661.0,7.344,3,0.0,3,0.0,14,100.0,12,77.0,0,0,4,0,257.0,177.0,227.0,1,EW_GREEN,camera_emg_hold(int_C),,,
2236.0,2,91,708.0,7.78,3,0.0,3,0.0,14,110.0,13,81.0,0,0,4,0,276.0,191.0,241.0,1,EW_GREEN,camera_emg_hold(int_C),,,
2237.0,2,90,725.0,8.056,3,0.0,3,0.0,14,120.0,13,85.0,0,0,4,0,265.0,205.0,255.0,1,EW_GREEN,camera_emg_hold(int_C),,,
2238.0,2,88,743.0,8.443,3,0.0,3,0.0,14,130.0,13,89.0,0,0,4,0,255.0,219.0,269.0,1,EW_GREEN,camera_emg_hold(int_C),,,
2239.0,2,90,761.0,8.456,3,0.0,3,0.0,15,140.0,14,93.0,0,0,4,0,245.0,233.0,283.0,1,EW_GREEN,camera_emg_hold(int_C),,,
2240.0,2,88,779.0,8.852,3,0.0,3,0.0,15,151.0,14,97.0,0,0,4,0,234.0,248.0,297.0,1,EW_GREEN,camera_emg_hold(int_C),,,
2241.0,2,90,799.0,8.878,3,0.0,3,0.0,16,162.0,15,101.0,0,0,4,0,224.0,263.0,312.0,1,EW_GREEN,camera_emg_hold(int_C),,,
2242.0,2,90,821.0,9.122,3,0.0,3,0.0,16,174.0,15,105.0,0,0,4,0,215.0,279.0,327.0,1,EW_GREEN,camera_emg_hold(int_C),,,
2243.0,2,89,843.0,9.472,3,0.0,3,0.0,17,186.0,15,109.0,0,0,4,0,206.0,295.0,342.0,1,EW_GREEN,camera_emg_hold(int_C),,,
2244.0,2,91,890.0,9.78,3,0.0,3,0.0,17,198.0,16,113.0,0,0,4,0,222.0,311.0,357.0,1,EW_GREEN,camera_emg_hold(int_C),,,
2245.0,2,90,912.0,10.133,3,0.0,3,0.0,17,210.0,16,118.0,0,0,4,0,212.0,328.0,372.0,1,EW_GREEN,camera_emg_hold(int_C),,,
2246.0,2,91,935.0,10.275,3,0.0,3,0.0,18,222.0,16,124.0,0,0,4,0,202.0,346.0,387.0,1,EW_GREEN,camera_emg_hold(int_C),,,
2247.0,2,90,958.0,10.644,3,0.0,2,0.0,18,234.0,16,130.0,0,0,4,0,192.0,364.0,402.0,1,EW_GREEN,camera_emg_hold(int_C),,,
2248.0,3,88,982.0,11.159,3,0.0,2,0.0,18,246.0,16,136.0,0,0,4,0,182.0,382.0,418.0,1,EW_GREEN,camera_emg_hold(int_C),,,
2249.0,3,90,1006.0,11.178,3,0.0,2,0.0,19,258.0,17,142.0,0,0,4,0,172.0,400.0,434.0,1,EW_GREEN,camera_emg_hold(int_C),,,
2250.0,3,88,1050.0,11.932,3,0.0,2,0.0,19,270.0,17,148.0,0,0,4,0,184.0,418.0,448.0,1,EW_GREEN,camera_emg_hold(int_C),,,
2251.0,0,83,865.0,10.422,3,0.0,2,0.0,16,180.0,14,49.0,0,0,3,0,174.0,229.0,462.0,1,EW_GREEN,camera_emg_hold(int_C),,,
2252.0,0,84,744.0,8.857,3,0.0,2,0.0,17,103.0,15,3.0,0,0,0,0,161.0,106.0,477.0,1,EW_GREEN,camera_emg_hold(int_C),,,
2253.0,0,83,693.0,8.349,3,1.0,2,1.0,17,51.0,15,0.0,0,1,0,0,148.0,53.0,492.0,1,EW_GREEN,camera_emg_hold(int_C),,,
2254.0,0,84,658.0,7.833,3,2.0,2,2.0,16,13.0,13,0.0,0,1,0,0,134.0,17.0,507.0,1,EW_GREEN,camera_emg_hold(int_C),,,
2255.0,0,84,647.0,7.702,3,3.0,2,3.0,15,0.0,13,0.0,0,1,0,0,119.0,6.0,522.0,1,EW_GREEN,camera_emg_hold(int_C),,,
2256.0,0,84,648.0,7.714,3,4.0,2,4.0,14,0.0,12,0.0,0,1,0,0,103.0,8.0,537.0,1,EW_GREEN,camera_emg_hold(int_C),,,
2257.0,0,88,649.0,7.375,4,5.0,3,5.0,14,0.0,12,0.0,0,0,0,0,87.0,10.0,552.0,1,EW_GREEN,camera_emg_hold(int_C),,,
2258.0,0,88,650.0,7.386,4,7.0,3,6.0,14,0.0,12,0.0,0,0,0,0,70.0,13.0,567.0,1,EW_GREEN,camera_emg_hold(int_C),,,
2259.0,0,90,650.0,7.222,4,9.0,3,7.0,13,0.0,13,0.0,0,0,0,0,52.0,16.0,582.0,1,EW_GREEN,camera_emg_hold(int_C),,,
2260.0,0,87,672.0,7.724,4,11.0,3,8.0,12,0.0,12,1.0,0,0,0,0,55.0,20.0,597.0,1,EW_GREEN,camera_emg_hold(int_C),,,
2261.0,0,86,674.0,7.837,4,13.0,3,9.0,12,1.0,12,0.0,0,0,0,0,39.0,23.0,612.0,1,EW_GREEN,camera_emg_hold(int_C),,,
2262.0,0,88,676.0,7.682,4,15.0,3,10.0,12,2.0,11,0.0,0,0,0,0,22.0,27.0,627.0,1,EW_GREEN,camera_emg_hold(int_C),,,
2263.0,0,88,699.0,7.943,4,17.0,3,11.0,12,4.0,11,0.0,0,0,0,0,25.0,32.0,642.0,1,EW_GREEN,camera_emg_hold(int_C),,,
2264.0,0,89,723.0,8.124,4,19.0,3,12.0,11,6.0,11,0.0,0,0,0,0,29.0,37.0,657.0,1,EW_GREEN,camera_emg_hold(int_C),,,
2265.0,0,91,740.0,8.132,4,21.0,3,13.0,11,0.0,11,0.0,0,0,0,0,34.0,34.0,672.0,1,EW_YELLOW,camera_emg_hold(int_C),,,
2266.0,3,91,758.0,8.33,4,23.0,3,14.0,12,0.0,11,0.0,0,0,0,0,34.0,37.0,687.0,1,EW_YELLOW,camera_emg_hold(int_C),,,
2267.0,3,92,775.0,8.424,4,25.0,3,15.0,12,1.0,12,0.0,0,0,0,0,32.0,41.0,702.0,1,EW_YELLOW,camera_emg_hold(int_C),,,
2268.0,3,94,793.0,8.436,4,27.0,3,16.0,13,2.0,12,0.0,0,0,0,0,31.0,45.0,717.0,1,NS_GREEN,camera_emg_hold(int_C),,,
2269.0,0,92,808.0,8.783,4,29.0,3,17.0,11,0.0,11,0.0,0,0,0,0,30.0,46.0,732.0,1,NS_GREEN,camera_emg_hold(int_C),,,
2270.0,0,90,825.0,9.167,4,31.0,3,18.0,10,0.0,10,0.0,0,0,0,0,29.0,49.0,747.0,1,NS_GREEN,camera_emg_hold(int_C),,,
2271.0,0,90,844.0,9.378,4,33.0,3,19.0,10,0.0,10,0.0,0,0,0,0,30.0,52.0,762.0,1,NS_GREEN,camera_emg_hold(int_C),,,
2272.0,0,91,863.0,9.484,4,35.0,3,20.0,10,0.0,10,0.0,0,0,0,0,31.0,55.0,777.0,1,NS_GREEN,camera_emg_hold(int_C),,,
2273.0,0,93,880.0,9.462,4,37.0,3,21.0,10,0.0,11,0.0,2,0,0,0,30.0,58.0,792.0,1,NS_GREEN,camera_emg_hold(int_C),,,
2274.0,0,94,900.0,9.574,4,40.0,3,22.0,10,0.0,11,0.0,4,2,0,0,31.0,62.0,807.0,1,NS_GREEN,camera_emg_hold(int_C),,,
2275.0,0,99,921.0,9.303,4,44.0,3,24.0,11,0.0,12,0.0,4,2,0,0,31.0,68.0,822.0,1,NS_GREEN,camera_emg_hold(int_C),,,
2276.0,0,98,943.0,9.622,4,48.0,3,26.0,11,0.0,11,0.0,4,2,0,0,32.0,74.0,837.0,1,NS_YELLOW,camera_emg_hold(int_C),,,
2277.0,1,96,965.0,10.052,4,52.0,3,28.0,10,0.0,11,0.0,4,2,0,0,33.0,80.0,852.0,0,NS_YELLOW,camera_emg_hold(int_C),,,
2278.0,1,98,988.0,10.082,4,56.0,3,31.0,10,0.0,12,0.0,4,3,0,0,34.0,87.0,867.0,0,NS_YELLOW,camera_emg_hold(int_C),,,
2279.0,1,99,1011.0,10.212,4,60.0,3,34.0,10,0.0,13,0.0,4,3,0,0,35.0,94.0,882.0,1,EW_GREEN,camera_emg_hold(int_C),,,
2280.0,2,96,954.0,9.938,2,13.0,2,6.0,10,1.0,13,0.0,2,1,0,0,37.0,20.0,897.0,1,EW_GREEN,camera_emg_hold(int_C),,,
2281.0,2,100,954.0,9.54,4,0.0,3,0.0,11,3.0,13,0.0,0,0,0,0,39.0,3.0,912.0,1,EW_GREEN,"camera_emg_hold(int_B,int_C)",,,
2282.0,2,102,938.0,9.196,5,0.0,4,0.0,11,5.0,13,1.0,0,0,0,0,4.0,6.0,928.0,1,EW_GREEN,"camera_emg_hold(int_B,int_C)",,,
2283.0,2,102,960.0,9.412,5,0.0,4,0.0,11,7.0,13,2.0,0,0,0,0,7.0,9.0,944.0,1,EW_GREEN,camera_emg_hold(int_B),,,
2284.0,2,101,984.0,9.743,5,0.0,4,0.0,12,10.0,13,4.0,0,0,0,0,10.0,14.0,960.0,1,EW_GREEN,camera_emg_hold(int_B),,,
2285.0,2,103,1009.0,9.796,5,0.0,4,0.0,12,13.0,14,6.0,0,0,0,0,14.0,19.0,976.0,1,EW_GREEN,camera_emg_hold(int_B),,,
2286.0,2,100,1037.0,10.37,5,0.0,4,0.0,12,16.0,14,9.0,0,0,0,0,19.0,25.0,993.0,1,EW_GREEN,camera_emg_hold(int_B),,,
2287.0,2,99,1070.0,10.808,5,1.0,4,1.0,12,20.0,14,12.0,0,0,0,0,25.0,34.0,1011.0,1,EW_GREEN,camera_emg_hold(int_B),,,
2288.0,2,98,1103.0,11.255,4,2.0,4,2.0,12,24.0,15,15.0,0,0,0,0,31.0,43.0,1029.0,1,EW_GREEN,camera_emg_hold(int_B),,,
2289.0,2,97,1135.0,11.701,4,3.0,3,0.0,12,28.0,15,18.0,0,0,0,0,38.0,49.0,1048.0,1,EW_GREEN,camera_emg_hold(int_B),,,
2290.0,2,96,1170.0,12.188,4,4.0,3,0.0,12,32.0,15,21.0,0,0,0,0,45.0,57.0,1068.0,1,EW_GREEN,camera_emg_hold(int_B),,,
2291.0,2,96,1202.0,12.521,3,0.0,3,0.0,13,36.0,16,25.0,0,0,0,0,53.0,61.0,1088.0,1,EW_GREEN,camera_emg_hold(int_B),,,
2292.0,2,95,1241.0,13.063,3,0.0,3,0.0,13,41.0,16,30.0,0,0,0,0,62.0,71.0,1108.0,1,EW_GREEN,camera_emg_hold(int_B),,,
2293.0,2,95,1282.0,13.495,3,0.0,3,0.0,13,46.0,16,35.0,0,0,0,0,72.0,81.0,1129.0,1,EW_GREEN,camera_emg_hold(int_B),,,
2294.0,2,95,1325.0,13.947,3,0.0,3,0.0,13,51.0,16,40.0,0,0,0,0,84.0,91.0,1150.0,1,EW_GREEN,camera_emg_hold(int_B),,,
2295.0,2,95,1367.0,14.389,3,0.0,2,0.0,13,56.0,16,46.0,0,0,0,0,94.0,102.0,1171.0,1,EW_GREEN,camera_emg_hold(int_B),,,
2296.0,2,95,1415.0,14.895,3,0.0,2,0.0,13,62.0,16,52.0,0,0,0,0,107.0,114.0,1194.0,1,EW_GREEN,camera_emg_hold(int_B),,,
2297.0,2,95,1461.0,15.379,3,0.0,2,0.0,13,68.0,16,58.0,0,0,0,0,118.0,126.0,1217.0,1,EW_GREEN,camera_emg_hold(int_B),,,
2298.0,2,95,1513.0,15.926,3,0.0,2,0.0,13,75.0,16,64.0,0,0,0,0,132.0,139.0,1242.0,1,EW_GREEN,camera_emg_hold(int_B),,,
2299.0,2,95,1568.0,16.505,3,0.0,2,0.0,13,82.0,16,70.0,0,0,0,0,148.0,152.0,1268.0,1,EW_GREEN,camera_emg_hold(int_B),,,
2300.0,2,92,1626.0,17.674,3,1.0,2,1.0,13,90.0,16,78.0,0,1,0,0,161.0,170.0,1295.0,1,EW_GREEN,camera_emg_hold(int_B),,,
2301.0,2,92,1684.0,18.304,2,0.0,2,2.0,14,98.0,16,87.0,0,1,0,0,175.0,187.0,1322.0,1,EW_GREEN,camera_emg_hold(int_B),,,
2302.0,2,93,1747.0,18.785,2,0.0,2,3.0,14,106.0,16,97.0,0,1,0,0,191.0,206.0,1350.0,1,EW_GREEN,camera_emg_hold(int_B),,,
2303.0,2,93,1812.0,19.484,2,0.0,2,4.0,14,114.0,16,107.0,0,1,0,0,208.0,225.0,1379.0,1,EW_GREEN,camera_emg_hold(int_B),,,
2304.0,2,91,1877.0,20.626,1,0.0,2,5.0,14,122.0,16,118.0,0,1,0,4,224.0,245.0,1408.0,1,EW_GREEN,camera_emg_hold(int_B),,,
2305.0,2,95,1944.0,20.463,2,0.0,3,6.0,14,130.0,16,129.0,0,0,0,8,241.0,265.0,1438.0,1,EW_GREEN,camera_emg_hold(int_B),,,
2306.0,2,95,2013.0,21.189,2,0.0,3,7.0,14,138.0,16,141.0,0,0,0,8,259.0,286.0,1468.0,1,EW_GREEN,camera_emg_hold(int_B),,,
2307.0,2,94,2078.0,22.106,2,0.0,2,0.0,14,147.0,16,154.0,0,0,0,8,279.0,301.0,1498.0,1,EW_GREEN,camera_emg_hold(int_B),,,
2308.0,2,95,2150.0,22.632,2,0.0,2,0.0,14,156.0,16,167.0,0,0,4,8,299.0,323.0,1528.0,1,EW_GREEN,camera_emg_hold(int_B),,,
2309.0,2,96,2223.0,23.156,2,0.0,2,0.0,14,166.0,16,180.0,0,0,4,8,319.0,346.0,1558.0,1,EW_GREEN,camera_emg_hold(int_B),,,
2310.0,2,95,2297.0,24.179,2,0.0,2,0.0,14,176.0,16,193.0,0,0,4,8,340.0,369.0,1588.0,1,EW_GREEN,camera_emg_hold(int_B),,,
2311.0,2,95,2341.0,24.642,2,0.0,2,0.0,15,186.0,16,206.0,0,0,4,4,331.0,392.0,1618.0,1,EW_GREEN,camera_emg_hold(int_B),,,
2312.0,2,96,2386.0,24.854,2,0.0,2,0.0,15,196.0,16,219.0,0,0,4,4,323.0,415.0,1648.0,1,EW_GREEN,camera_emg_hold(int_B),,,
2313.0,2,96,2431.0,25.323,2,0.0,2,0.0,15,207.0,16,232.0,0,0,4,4,314.0,439.0,1678.0,1,EW_GREEN,camera_emg_hold(int_B),,,
2314.0,2,95,2477.0,26.074,2,0.0,2,0.0,15,218.0,16,246.0,0,0,4,4,305.0,464.0,1708.0,1,EW_GREEN,camera_emg_hold(int_B),,,
2315.0,2,96,2522.0,26.271,2,0.0,2,0.0,16,229.0,16,260.0,0,0,0,4,295.0,489.0,1738.0,1,EW_GREEN,camera_emg_hold(int_B),,,
2316.0,2,97,2566.0,26.454,2,0.0,2,0.0,16,240.0,16,274.0,0,0,0,5,284.0,514.0,1768.0,1,EW_GREEN,camera_emg_hold(int_B),,,
2317.0,2,97,2610.0,26.907,2,0.0,2,0.0,16,251.0,16,288.0,0,0,4,11,273.0,539.0,1798.0,1,EW_GREEN,camera_emg_hold(int_B),,,
2318.0,2,97,2656.0,27.381,2,0.0,2,0.0,16,263.0,16,303.0,0,0,0,11,262.0,566.0,1828.0,1,EW_GREEN,camera_emg_hold(int_B),,,
2319.0,2,96,2702.0,28.146,2,0.0,1,0.0,16,275.0,16,318.0,0,0,0,11,251.0,593.0,1858.0,1,EW_GREEN,camera_emg_hold(int_B),,,
2320.0,2,94,2748.0,29.234,2,0.0,1,0.0,16,287.0,16,334.0,0,0,0,16,239.0,621.0,1888.0,1,EW_GREEN,camera_emg_hold(int_B),,,
2321.0,2,94,2822.0,30.021,1,0.0,1,0.0,17,299.0,17,350.0,0,0,0,10,255.0,649.0,1918.0,1,EW_GREEN,camera_emg_hold(int_B),,,
2322.0,2,93,2868.0,30.839,1,0.0,1,0.0,17,312.0,17,366.0,0,0,5,10,242.0,678.0,1948.0,1,EW_GREEN,camera_emg_hold(int_B),,,
2323.0,2,93,2915.0,31.344,1,0.0,1,0.0,17,325.0,17,382.0,0,0,5,10,230.0,707.0,1978.0,1,EW_GREEN,camera_emg_hold(int_B),,,
2324.0,2,94,2956.0,31.447,1,0.0,1,0.0,18,338.0,18,398.0,0,0,5,5,212.0,736.0,2008.0,1,EW_GREEN,camera_emg_hold(int_B),,,
2325.0,2,94,2997.0,31.883,1,0.0,1,0.0,18,351.0,18,414.0,0,0,5,5,194.0,765.0,2038.0,1,EW_GREEN,camera_emg_hold(int_B),,,
2326.0,2,96,3038.0,31.646,1,0.0,1,0.0,19,364.0,18,430.0,0,0,5,5,176.0,794.0,2068.0,1,EW_GREEN,camera_emg_hold(int_B),,,
2327.0,2,95,3080.0,32.421,1,0.0,1,0.0,19,377.0,18,446.0,0,0,5,5,159.0,823.0,2098.0,1,EW_GREEN,camera_emg_hold(int_B),,,
2328.0,2,93,2774.0,29.828,1,0.0,1,0.0,20,390.0,18,462.0,0,0,5,5,142.0,852.0,1780.0,1,EW_GREEN,camera_emg_hold(int_B),,,
2329.0,2,95,2500.0,26.316,2,0.0,2,0.0,20,403.0,18,478.0,0,0,5,10,149.0,881.0,1470.0,1,EW_GREEN,camera_emg_hold(int_B),,,
2330.0,2,97,2198.0,22.66,3,0.0,3,0.0,20,417.0,18,494.0,0,0,5,10,130.0,911.0,1157.0,1,EW_GREEN,camera_emg_hold(int_B),,,
2331.0,2,93,1968.0,21.161,3,0.0,3,0.0,20,431.0,18,510.0,0,0,5,10,109.0,941.0,918.0,1,EW_GREEN,camera_emg_hold(int_B),,,
2332.0,2,94,1798.0,19.128,3,0.0,3,0.0,21,445.0,18,526.0,0,0,5,10,88.0,971.0,739.0,1,EW_GREEN,camera_emg_hold(int_B),,,
2333.0,2,91,1635.0,17.967,3,0.0,3,0.0,21,459.0,18,542.0,0,0,5,10,68.0,1001.0,566.0,1,EW_GREEN,camera_emg_hold(int_B),,,
2334.0,2,90,1476.0,16.4,3,0.0,3,0.0,21,473.0,18,558.0,0,0,5,10,47.0,1031.0,398.0,1,EW_GREEN,camera_emg_hold(int_B),,,
2335.0,2,91,1348.0,14.813,3,0.0,3,0.0,22,487.0,18,574.0,0,0,5,10,49.0,1061.0,238.0,1,EW_GREEN,camera_emg_hold(int_B),,,
2336.0,2,90,1271.0,14.122,3,0.0,3,0.0,22,501.0,18,590.0,0,0,5,10,26.0,1091.0,154.0,1,EW_GREEN,camera_emg_hold(int_B),,,
2337.0,2,88,1269.0,14.42,3,0.0,3,0.0,22,515.0,18,606.0,0,0,0,10,27.0,1121.0,121.0,1,EW_GREEN,camera_emg_hold(int_B),,,
2338.0,2,90,1268.0,14.089,3,0.0,3,0.0,23,529.0,18,622.0,0,0,0,10,28.0,1151.0,89.0,1,EW_GREEN,camera_emg_hold(int_B),,,
2339.0,2,87,1303.0,14.977,3,0.0,3,0.0,23,543.0,18,638.0,0,0,0,10,29.0,1181.0,93.0,1,EW_GREEN,camera_emg_hold(int_B),,,
2340.0,2,87,1301.0,14.954,3,0.0,3,0.0,23,557.0,18,654.0,0,0,0,10,31.0,1211.0,59.0,1,EW_GREEN,camera_emg_hold(int_B),,,
2341.0,2,87,1299.0,14.931,3,0.0,3,0.0,23,571.0,18,670.0,0,0,0,10,33.0,1241.0,25.0,1,EW_GREEN,hold,,,
2342.0,2,88,1320.0,15.0,3,0.0,3,0.0,24,586.0,18,686.0,0,0,0,10,36.0,1272.0,12.0,1,EW_GREEN,hold,,,
2343.0,2,87,1340.0,15.402,3,0.0,2,0.0,24,601.0,18,702.0,0,0,0,10,37.0,1303.0,0.0,1,EW_GREEN,hold,,,
2344.0,2,85,1373.0,16.153,3,0.0,2,0.0,24,616.0,18,718.0,0,0,0,10,39.0,1334.0,0.0,1,EW_GREEN,hold,,,
2345.0,2,84,1406.0,16.738,2,0.0,2,0.0,25,631.0,18,734.0,0,0,0,10,41.0,1365.0,0.0,1,EW_GREEN,hold,,,
2346.0,2,81,1440.0,17.778,2,0.0,1,0.0,25,646.0,18,750.0,0,0,0,5,44.0,1396.0,0.0,1,EW_GREEN,hold,,,
2347.0,2,79,1475.0,18.671,1,0.0,1,0.0,26,662.0,18,766.0,0,0,0,5,47.0,1428.0,0.0,1,EW_GREEN,hold,,,
2348.0,2,79,1510.0,19.114,1,0.0,1,0.0,26,678.0,18,782.0,0,0,0,5,50.0,1460.0,0.0,1,EW_GREEN,hold,,,
2349.0,2,76,1545.0,20.329,1,0.0,1,0.0,26,694.0,18,798.0,0,0,0,5,53.0,1492.0,0.0,1,EW_GREEN,hold,,,
2350.0,2,78,1581.0,20.269,1,0.0,1,0.0,27,711.0,18,814.0,0,0,0,11,56.0,1525.0,0.0,1,EW_GREEN,hold,,,
2351.0,2,77,1618.0,21.013,1,0.0,1,0.0,27,728.0,18,831.0,0,0,0,11,59.0,1559.0,0.0,1,EW_GREEN,hold,,,
2352.0,2,78,1655.0,21.218,1,0.0,1,0.0,27,745.0,18,848.0,0,0,0,11,62.0,1593.0,0.0,1,EW_GREEN,hold,,,
2353.0,2,81,1692.0,20.889,2,0.0,2,0.0,28,762.0,18,865.0,0,0,0,11,65.0,1627.0,0.0,1,EW_GREEN,hold,,,
2354.0,2,80,1730.0,21.625,2,0.0,2,0.0,28,779.0,18,882.0,0,0,0,11,69.0,1661.0,0.0,1,EW_GREEN,hold,,,
2355.0,2,80,1769.0,22.113,2,0.0,2,0.0,28,796.0,18,899.0,0,0,0,11,74.0,1695.0,0.0,1,EW_GREEN,hold,,,
2356.0,2,77,1748.0,22.701,2,0.0,2,0.0,29,814.0,18,917.0,0,0,0,18,17.0,1731.0,0.0,1,EW_GREEN,hold,,,
2357.0,2,78,1776.0,22.769,2,0.0,2,0.0,29,832.0,18,935.0,0,0,0,18,9.0,1767.0,0.0,1,EW_GREEN,hold,,,
2358.0,2,78,1816.0,23.282,2,0.0,2,0.0,29,850.0,19,953.0,0,0,0,11,13.0,1803.0,0.0,1,EW_GREEN,hold,,,
2359.0,2,77,1859.0,24.143,2,0.0,2,0.0,29,869.0,19,971.0,0,0,0,11,18.0,1840.0,1.0,1,EW_GREEN,hold,,,
2360.0,2,75,1903.0,25.373,2,0.0,2,0.0,29,889.0,19,989.0,0,0,0,11,23.0,1878.0,2.0,1,EW_GREEN,hold,,,
2361.0,2,76,1949.0,25.645,2,0.0,2,0.0,30,910.0,19,1007.0,0,0,0,11,29.0,1917.0,3.0,1,EW_GREEN,hold,,,
2362.0,2,77,1995.0,25.909,2,0.0,2,0.0,30,931.0,19,1025.0,0,0,0,11,35.0,1956.0,4.0,1,EW_GREEN,hold,,,
2363.0,2,76,2042.0,26.868,2,0.0,2,0.0,30,952.0,19,1043.0,0,0,0,11,42.0,1995.0,5.0,1,EW_GREEN,hold,,,
2364.0,2,76,2089.0,27.487,2,0.0,2,0.0,30,973.0,19,1061.0,0,0,0,11,49.0,2034.0,6.0,1,EW_GREEN,hold,,,
2365.0,2,77,2125.0,27.597,2,0.0,2,0.0,31,994.0,19,1079.0,0,0,0,11,45.0,2073.0,7.0,1,EW_GREEN,hold,,,
2366.0,2,78,2162.0,27.718,2,0.0,2,0.0,31,1016.0,19,1097.0,0,0,0,11,41.0,2113.0,8.0,1,EW_GREEN,hold,,,
2367.0,2,78,2200.0,28.205,2,0.0,1,0.0,31,1039.0,19,1115.0,0,0,0,11,37.0,2154.0,9.0,1,EW_GREEN,hold,,,
2368.0,2,77,2227.0,28.922,2,0.0,1,0.0,31,1062.0,19,1133.0,0,0,0,11,32.0,2195.0,0.0,1,EW_GREEN,hold,,,
2369.0,2,77,2262.0,29.377,1,0.0,1,0.0,32,1085.0,19,1151.0,0,0,0,11,26.0,2236.0,0.0,1,EW_GREEN,hold,,,
2370.0,2,77,2302.0,29.896,1,0.0,1,0.0,32,1109.0,19,1169.0,0,0,0,11,24.0,2278.0,0.0,1,EW_GREEN,hold,,,
2371.0,2,78,2350.0,30.128,1,0.0,1,0.0,32,1133.0,19,1187.0,0,0,0,11,30.0,2320.0,0.0,1,EW_GREEN,hold,,,
2372.0,2,79,2391.0,30.266,1,0.0,1,0.0,32,1157.0,20,1205.0,0,0,0,5,29.0,2362.0,0.0,1,EW_GREEN,hold,,,
2373.0,2,79,2433.0,30.797,1,0.0,1,0.0,32,1182.0,20,1223.0,0,0,0,5,28.0,2405.0,0.0,1,EW_GREEN,hold,,,
2374.0,2,79,2476.0,31.342,1,0.0,1,0.0,32,1207.0,20,1241.0,0,0,9,5,28.0,2448.0,0.0,1,EW_GREEN,hold,,,
2375.0,2,79,2521.0,31.911,1,0.0,1,0.0,32,1232.0,20,1259.0,0,0,9,5,30.0,2491.0,0.0,1,EW_GREEN,hold,,,
2376.0,2,80,2567.0,32.087,1,0.0,1,0.0,33,1258.0,20,1277.0,0,0,9,5,32.0,2535.0,0.0,1,EW_GREEN,hold,,,
2377.0,2,86,2614.0,30.395,2,0.0,2,0.0,33,1284.0,20,1295.0,0,0,9,5,35.0,2579.0,0.0,1,EW_GREEN,hold,,,
2378.0,2,89,2670.0,30.0,3,0.0,3,0.0,33,1311.0,20,1313.0,0,0,9,11,46.0,2624.0,0.0,1,EW_GREEN,hold,,,
2379.0,2,89,2720.0,30.562,3,0.0,3,0.0,33,1338.0,20,1331.0,0,0,9,11,51.0,2669.0,0.0,1,EW_GREEN,hold,,,
2380.0,2,89,2769.0,31.112,3,0.0,3,0.0,33,1365.0,20,1349.0,0,0,9,11,55.0,2714.0,0.0,1,EW_GREEN,hold,,,
2381.0,2,89,2820.0,31.685,3,0.0,3,0.0,33,1392.0,20,1367.0,0,0,10,11,61.0,2759.0,0.0,1,EW_GREEN,hold,,,
2382.0,2,87,2870.0,32.989,3,0.0,3,0.0,33,1419.0,20,1385.0,0,0,0,11,66.0,2804.0,0.0,1,EW_GREEN,hold,,,
2383.0,3,88,2923.0,33.216,3,0.0,3,0.0,34,1447.0,20,1403.0,0,0,10,11,73.0,2850.0,0.0,1,EW_GREEN,hold,,,
2384.0,3,87,2976.0,34.207,3,0.0,3,0.0,34,1475.0,20,1421.0,0,0,10,5,80.0,2896.0,0.0,1,EW_GREEN,hold,,,
2385.0,3,87,3020.0,34.713,3,0.0,3,0.0,34,1504.0,20,1439.0,0,0,10,6,77.0,2943.0,0.0,1,EW_GREEN,hold,,,
2386.0,0,80,2444.0,30.55,3,0.0,3,0.0,31,1220.0,17,1153.0,0,0,9,5,71.0,2373.0,0.0,1,EW_GREEN,hold,,,
2387.0,0,80,1901.0,23.762,3,0.0,3,0.0,31,954.0,17,882.0,0,0,0,0,65.0,1836.0,0.0,1,EW_GREEN,hold,,,
2388.0,0,80,1401.0,17.512,3,0.0,3,0.0,30,715.0,17,626.0,0,0,0,0,60.0,1341.0,0.0,1,EW_GREEN,hold,,,
2389.0,0,77,936.0,12.156,3,0.0,3,0.0,28,505.0,14,377.0,0,0,0,0,54.0,882.0,0.0,1,EW_GREEN,hold,,,
2390.0,0,80,558.0,6.975,3,0.0,3,0.0,28,343.0,14,151.0,0,0,0,0,64.0,494.0,0.0,1,EW_GREEN,hold,,,
2391.0,0,78,326.0,4.179,3,0.0,3,0.0,26,234.0,14,36.0,0,0,0,0,56.0,270.0,0.0,1,EW_GREEN,hold,,,
2392.0,0,79,199.0,2.519,3,0.0,3,0.0,25,146.0,11,0.0,0,0,0,0,53.0,146.0,0.0,0,EW_YELLOW,max_green,,,
2393.0,3,79,129.0,1.633,3,1.0,3,0.0,25,77.0,11,0.0,0,0,0,0,51.0,78.0,0.0,0,EW_YELLOW,hold,,,
2394.0,3,83,85.0,1.024,3,2.0,3,1.0,25,31.0,12,0.0,0,0,0,0,51.0,34.0,0.0,0,EW_YELLOW,hold,,,
2395.0,3,84,62.0,0.738,3,3.0,3,3.0,26,4.0,12,0.0,0,2,0,0,52.0,10.0,0.0,0,NS_GREEN,yellow_end,,,
2396.0,0,80,62.0,0.775,3,5.0,3,5.0,25,0.0,10,0.0,2,2,0,0,52.0,10.0,0.0,0,NS_GREEN,hold,,,
2397.0,0,78,69.0,0.885,3,7.0,3,7.0,23,0.0,10,0.0,2,2,0,0,55.0,14.0,0.0,0,NS_GREEN,hold,,,
2398.0,0,80,75.0,0.938,3,9.0,3,9.0,24,0.0,10,0.0,2,2,0,0,57.0,18.0,0.0,0,NS_GREEN,hold,,,
2399.0,0,78,93.0,1.192,3,12.0,3,12.0,24,0.0,8,0.0,3,3,0,0,69.0,24.0,0.0,0,NS_GREEN,hold,,,
2400.0,0,79,101.0,1.278,3,15.0,3,15.0,23,0.0,7,0.0,3,3,0,0,71.0,30.0,0.0,0,NS_GREEN,hold,,,
2401.0,0,83,111.0,1.337,5,18.0,5,18.0,22,1.0,6,0.0,0,0,0,0,74.0,37.0,0.0,0,NS_GREEN,hold,,,
2402.0,0,84,123.0,1.464,5,21.0,5,21.0,22,2.0,4,0.0,0,0,0,0,79.0,44.0,0.0,0,NS_GREEN,hold,,,
2403.0,0,83,146.0,1.759,5,24.0,5,24.0,20,4.0,3,0.0,0,0,0,0,94.0,52.0,0.0,0,NS_YELLOW,pressure_ew,,,
2404.0,1,84,159.0,1.893,5,27.0,5,27.0,21,7.0,2,0.0,0,0,0,0,98.0,61.0,0.0,0,NS_YELLOW,hold,,,
2405.0,1,87,159.0,1.828,5,30.0,5,30.0,21,10.0,2,0.0,0,0,0,0,89.0,70.0,0.0,0,NS_YELLOW,hold,,,
2406.0,1,88,158.0,1.795,5,33.0,5,33.0,21,14.0,2,0.0,0,0,0,0,78.0,80.0,0.0,0,EW_GREEN,yellow_end,,,
2407.0,2,88,105.0,1.193,5,12.0,5,13.0,21,13.0,2,0.0,0,0,0,0,67.0,38.0,0.0,0,EW_GREEN,hold,,,
2408.0,2,86,70.0,0.814,4,0.0,3,0.0,21,14.0,2,0.0,0,0,0,0,56.0,14.0,0.0,0,EW_GREEN,hold,,,
2409.0,2,85,69.0,0.812,3,0.0,3,0.0,22,16.0,2,0.0,0,0,0,0,53.0,16.0,0.0,0,EW_GREEN,hold,,,
2410.0,2,85,64.0,0.753,3,0.0,3,0.0,22,21.0,2,0.0,0,0,0,0,43.0,21.0,0.0,0,EW_GREEN,hold,,,
2411.0,2,83,58.0,0.699,2,0.0,2,0.0,22,27.0,2,0.0,0,0,0,0,31.0,27.0,0.0,0,EW_GREEN,hold,,,
2412.0,2,83,61.0,0.735,2,0.0,2,0.0,22,34.0,2,0.0,0,0,0,0,27.0,34.0,0.0,0,EW_GREEN,hold,,,
2413.0,2,85,75.0,0.882,2,0.0,2,0.0,22,42.0,2,0.0,0,0,0,0,33.0,42.0,0.0,0,EW_GREEN,hold,,,
2414.0,2,85,88.0,1.035,2,0.0,2,0.0,22,57.0,2,0.0,0,0,0,0,31.0,57.0,0.0,0,EW_GREEN,hold,,,
2415.0,2,86,100.0,1.163,2,0.0,2,0.0,23,71.0,2,0.0,0,0,7,0,29.0,71.0,0.0,0,EW_GREEN,hold,,,
2416.0,2,83,114.0,1.373,1,0.0,1,0.0,23,88.0,2,0.0,0,0,7,0,26.0,88.0,0.0,0,EW_GREEN,hold,,,
2417.0,2,83,128.0,1.542,1,0.0,1,0.0,23,106.0,2,0.0,0,0,7,0,22.0,106.0,0.0,0,EW_GREEN,hold,,,
2418.0,2,83,151.0,1.819,1,0.0,1,0.0,24,124.0,2,0.0,0,0,0,0,27.0,124.0,0.0,0,EW_GREEN,hold,,,
2419.0,2,84,165.0,1.964,1,0.0,1,0.0,24,142.0,2,0.0,0,0,0,0,23.0,142.0,0.0,0,EW_GREEN,hold,,,
2420.0,2,84,182.0,2.167,1,0.0,1,0.0,25,160.0,2,0.0,0,0,0,0,22.0,160.0,0.0,0,EW_GREEN,hold,,,
2421.0,2,82,199.0,2.427,1,0.0,1,0.0,25,178.0,2,0.0,0,0,0,0,21.0,178.0,0.0,0,EW_GREEN,hold,,,
2422.0,2,82,216.0,2.634,1,0.0,1,0.0,25,196.0,2,0.0,0,0,0,0,20.0,196.0,0.0,0,EW_GREEN,hold,,,
2423.0,2,81,235.0,2.901,1,0.0,1,0.0,25,214.0,2,0.0,0,0,0,0,21.0,214.0,0.0,0,EW_GREEN,hold,,,
2424.0,2,82,262.0,3.195,1,0.0,1,0.0,26,232.0,2,0.0,0,0,0,0,30.0,232.0,0.0,0,EW_GREEN,hold,,,
2425.0,2,82,285.0,3.476,2,0.0,2,0.0,26,250.0,2,0.0,0,0,0,0,35.0,250.0,0.0,0,EW_GREEN,hold,,,
2426.0,2,84,308.0,3.667,3,0.0,3,0.0,26,269.0,2,0.0,0,0,0,0,39.0,269.0,0.0,0,EW_GREEN,hold,,,
2427.0,2,82,322.0,3.927,3,0.0,3,0.0,27,289.0,2,1.0,0,0,0,1,32.0,290.0,0.0,0,EW_GREEN,hold,,,
2428.0,2,81,329.0,4.062,3,0.0,3,0.0,27,309.0,2,2.0,0,0,0,1,18.0,311.0,0.0,0,EW_GREEN,hold,,,
2429.0,2,82,355.0,4.329,3,0.0,3,0.0,27,329.0,3,4.0,0,0,0,1,22.0,333.0,0.0,0,EW_GREEN,hold,,,
2430.0,2,80,376.0,4.7,3,0.0,3,0.0,27,349.0,3,6.0,0,0,0,1,20.0,355.0,1.0,0,EW_GREEN,hold,,,
2431.0,2,81,397.0,4.901,3,0.0,3,0.0,27,369.0,3,8.0,0,0,0,1,18.0,377.0,2.0,0,EW_GREEN,hold,,,
2432.0,2,78,425.0,5.449,3,0.0,3,0.0,27,389.0,3,10.0,0,0,0,1,23.0,399.0,3.0,0,EW_GREEN,hold,,,
2433.0,2,76,454.0,5.974,3,0.0,3,0.0,27,409.0,3,12.0,0,0,0,1,29.0,421.0,4.0,0,EW_GREEN,hold,,,
2434.0,2,75,484.0,6.453,3,0.0,3,0.0,27,430.0,3,14.0,0,0,0,1,35.0,444.0,5.0,0,EW_GREEN,hold,,,
2435.0,2,72,514.0,7.139,3,0.0,3,0.0,27,451.0,3,16.0,0,0,0,1,41.0,467.0,6.0,0,EW_GREEN,hold,,,
2436.0,2,72,546.0,7.583,3,0.0,3,0.0,28,472.0,3,18.0,0,0,0,1,49.0,490.0,7.0,0,EW_GREEN,hold,,,
2437.0,2,71,578.0,8.141,3,0.0,3,0.0,28,493.0,3,20.0,0,0,0,1,57.0,513.0,8.0,0,EW_GREEN,hold,,,
2438.0,2,71,611.0,8.606,3,0.0,3,0.0,28,514.0,3,22.0,0,0,0,1,66.0,536.0,9.0,0,EW_GREEN,hold,,,
2439.0,2,69,644.0,9.333,2,0.0,3,0.0,28,535.0,3,24.0,0,0,0,1,75.0,559.0,10.0,0,EW_GREEN,hold,,,
2440.0,2,68,678.0,9.971,2,0.0,2,0.0,28,556.0,3,26.0,0,0,0,1,85.0,582.0,11.0,0,EW_GREEN,hold,,,
2441.0,2,67,712.0,10.627,1,0.0,2,0.0,28,577.0,3,28.0,0,0,0,1,95.0,605.0,12.0,0,EW_GREEN,hold,,,
2442.0,2,66,748.0,11.333,1,0.0,1,0.0,28,599.0,3,30.0,0,0,9,1,106.0,629.0,13.0,0,EW_GREEN,hold,,,
2443.0,2,66,784.0,11.879,1,0.0,1,0.0,28,621.0,3,32.0,0,0,0,1,117.0,653.0,14.0,0,EW_GREEN,hold,,,
2444.0,2,66,803.0,12.167,1,0.0,1,0.0,28,643.0,3,34.0,0,0,0,1,111.0,677.0,15.0,0,EW_GREEN,hold,,,
2445.0,2,67,825.0,12.313,1,0.0,1,0.0,28,665.0,3,36.0,0,0,0,1,108.0,701.0,16.0,0,EW_GREEN,hold,,,
2446.0,2,66,831.0,12.591,1,0.0,1,0.0,28,688.0,3,38.0,0,0,0,1,105.0,726.0,0.0,0,EW_GREEN,hold,,,
2447.0,2,67,855.0,12.761,1,0.0,1,0.0,29,712.0,3,40.0,0,0,9,1,103.0,752.0,0.0,0,EW_GREEN,hold,,,
2448.0,2,67,880.0,13.134,1,0.0,1,0.0,29,736.0,3,42.0,0,0,9,1,102.0,778.0,0.0,0,EW_GREEN,hold,,,
2449.0,3,72,905.0,12.569,2,0.0,2,0.0,29,761.0,3,44.0,0,0,9,1,100.0,805.0,0.0,0,EW_GREEN,hold,,,
2450.0,3,75,934.0,12.453,2,0.0,2,0.0,30,786.0,4,46.0,0,0,9,0,102.0,832.0,0.0,0,EW_GREEN,hold,,,
2451.0,3,75,960.0,12.8,2,0.0,2,0.0,30,811.0,4,48.0,0,0,9,0,101.0,859.0,0.0,0,EW_GREEN,hold,,,
2452.0,0,70,805.0,11.5,2,0.0,2,0.0,27,702.0,2,0.0,0,0,8,0,103.0,702.0,0.0,0,EW_GREEN,hold,,,
2453.0,0,70,699.0,9.986,2,0.0,2,0.0,27,593.0,2,0.0,0,0,0,0,106.0,593.0,0.0,0,EW_GREEN,hold,,,
2454.0,0,70,593.0,8.471,2,0.0,2,0.0,27,482.0,2,0.0,0,0,0,0,111.0,482.0,0.0,0,EW_GREEN,hold,,,
2455.0,0,66,486.0,7.364,2,0.0,2,0.0,24,369.0,2,0.0,0,0,0,0,117.0,369.0,0.0,0,EW_GREEN,hold,,,
2456.0,0,72,380.0,5.278,2,0.0,2,0.0,25,256.0,2,0.0,0,0,0,0,124.0,256.0,0.0,0,EW_GREEN,hold,,,
2457.0,0,69,285.0,4.13,2,0.0,2,0.0,22,152.0,2,0.0,0,0,0,0,133.0,152.0,0.0,0,EW_GREEN,hold,,,
2458.0,0,71,205.0,2.887,2,0.0,2,0.0,22,72.0,2,0.0,0,0,0,0,132.0,72.0,1.0,0,EW_GREEN,hold,,,
2459.0,0,71,165.0,2.324,2,0.0,2,0.0,21,31.0,1,0.0,0,0,0,0,132.0,31.0,2.0,0,EW_GREEN,hold,,,
2460.0,0,72,136.0,1.889,2,0.0,2,0.0,20,3.0,1,0.0,0,0,0,0,133.0,3.0,0.0,0,EW_GREEN,hold,,,
2461.0,0,73,135.0,1.849,2,0.0,3,0.0,19,0.0,1,0.0,0,0,0,0,135.0,0.0,0.0,1,EW_GREEN,hold,,,
2462.0,0,73,137.0,1.877,2,0.0,3,0.0,18,0.0,1,0.0,0,0,0,0,137.0,0.0,0.0,1,EW_GREEN,hold,,,
2463.0,0,73,139.0,1.904,2,0.0,3,0.0,16,0.0,1,0.0,0,0,0,0,139.0,0.0,0.0,1,EW_GREEN,hold,,,
2464.0,0,71,141.0,1.986,2,0.0,3,0.0,16,0.0,1,0.0,0,0,0,0,141.0,0.0,0.0,1,EW_GREEN,hold,,,
2465.0,0,73,142.0,1.945,2,0.0,3,0.0,15,0.0,2,0.0,0,0,0,0,141.0,0.0,1.0,1,EW_GREEN,hold,,,
2466.0,0,71,149.0,2.099,2,1.0,3,0.0,14,0.0,2,0.0,1,0,0,0,146.0,1.0,2.0,1,EW_GREEN,hold,,,
2467.0,0,72,149.0,2.069,2,2.0,3,1.0,13,0.0,2,0.0,1,0,0,0,143.0,3.0,3.0,1,EW_GREEN,hold,,,
2468.0,0,71,162.0,2.282,2,3.0,3,2.0,12,0.0,2,0.0,1,0,0,0,153.0,5.0,4.0,1,EW_GREEN,hold,,,
2469.0,0,70,91.0,1.3,2,4.0,3,3.0,11,0.0,2,0.0,1,0,0,0,79.0,7.0,5.0,1,EW_GREEN,hold,,,
2470.0,0,71,30.0,0.423,2,5.0,3,4.0,11,0.0,2,0.0,1,0,0,0,15.0,9.0,6.0,1,EW_GREEN,hold,,,
2471.0,0,71,35.0,0.493,2,6.0,3,5.0,9,0.0,2,0.0,0,0,0,0,17.0,11.0,7.0,1,EW_GREEN,hold,,,
2472.0,0,69,40.0,0.58,2,7.0,3,6.0,8,0.0,2,0.0,0,0,0,0,19.0,13.0,8.0,1,EW_GREEN,hold,,,
2473.0,0,72,50.0,0.694,3,8.0,4,8.0,8,0.0,2,0.0,0,0,0,0,25.0,16.0,9.0,1,EW_GREEN,hold,,,
2474.0,0,73,61.0,0.836,4,9.0,5,10.0,7,0.0,2,0.0,0,0,0,0,32.0,19.0,10.0,1,EW_GREEN,hold,,,
2475.0,0,72,72.0,1.0,4,10.0,5,12.0,7,0.0,2,0.0,0,0,0,0,39.0,22.0,11.0,1,EW_GREEN,hold,,,
2476.0,0,73,84.0,1.151,4,11.0,5,14.0,7,0.0,2,0.0,0,0,0,0,47.0,25.0,12.0,1,EW_GREEN,hold,,,
2477.0,0,72,98.0,1.361,4,12.0,5,16.0,7,0.0,2,0.0,0,0,0,0,57.0,28.0,13.0,1,EW_GREEN,hold,,,
2478.0,0,73,112.0,1.534,4,13.0,5,18.0,8,0.0,2,0.0,0,0,0,0,67.0,31.0,14.0,1,EW_GREEN,hold,,,
2479.0,0,71,127.0,1.789,4,14.0,5,20.0,7,0.0,1,0.0,0,0,0,0,78.0,34.0,15.0,1,EW_GREEN,hold,,,
2480.0,0,71,129.0,1.817,4,15.0,5,22.0,7,0.0,1,0.0,0,0,0,0,76.0,37.0,16.0,1,EW_GREEN,hold,,,
2481.0,0,73,132.0,1.808,4,16.0,5,24.0,7,0.0,1,0.0,0,0,0,0,75.0,40.0,17.0,1,EW_GREEN,hold,,,
2482.0,0,72,130.0,1.806,4,17.0,5,26.0,6,0.0,1,0.0,0,0,0,0,69.0,43.0,18.0,1,EW_GREEN,hold,,,
2483.0,0,73,125.0,1.712,4,18.0,5,28.0,6,0.0,1,0.0,0,0,0,0,60.0,46.0,19.0,1,EW_GREEN,hold,,,
2484.0,0,73,126.0,1.726,4,19.0,5,30.0,6,0.0,1,0.0,0,0,0,0,57.0,49.0,20.0,1,EW_GREEN,hold,,,
2485.0,0,73,126.0,1.726,4,20.0,5,32.0,6,0.0,1,0.0,0,0,0,0,53.0,52.0,21.0,1,EW_GREEN,hold,,,
2486.0,0,74,127.0,1.716,4,21.0,5,34.0,7,0.0,1,0.0,0,0,0,0,50.0,55.0,22.0,1,EW_GREEN,hold,,,
2487.0,0,72,127.0,1.764,4,22.0,5,36.0,6,0.0,1,0.0,0,0,0,0,46.0,58.0,23.0,1,EW_GREEN,hold,,,
2488.0,0,71,141.0,1.986,4,23.0,5,38.0,6,0.0,1,0.0,0,0,0,0,56.0,61.0,24.0,1,EW_GREEN,hold,,,
2489.0,0,73,141.0,1.932,4,24.0,5,40.0,7,0.0,1,0.0,0,0,0,0,52.0,64.0,25.0,1,EW_GREEN,hold,,,
2490.0,0,71,143.0,2.014,4,26.0,5,43.0,7,0.0,1,0.0,0,3,0,0,48.0,69.0,26.0,1,EW_GREEN,hold,,,
2491.0,0,72,149.0,2.069,4,28.0,5,47.0,8,0.0,1,0.0,0,3,0,0,47.0,75.0,27.0,1,EW_GREEN,hold,,,
2492.0,0,71,157.0,2.211,4,31.0,5,51.0,8,0.0,1,0.0,2,3,0,0,47.0,82.0,28.0,1,EW_GREEN,hold,,,
2493.0,0,71,167.0,2.352,4,34.0,5,55.0,8,0.0,1,0.0,2,3,0,0,49.0,89.0,29.0,1,EW_GREEN,hold,,,
2494.0,1,68,175.0,2.574,4,37.0,5,59.0,8,0.0,0,0.0,2,3,0,0,49.0,96.0,30.0,1,EW_GREEN,hold,,,
2495.0,1,66,192.0,2.909,4,40.0,5,63.0,7,0.0,0,0.0,2,3,0,0,58.0,103.0,31.0,1,EW_GREEN,hold,,,
2496.0,1,67,202.0,3.015,4,43.0,5,67.0,8,0.0,0,0.0,2,3,0,0,60.0,110.0,32.0,1,EW_GREEN,hold,,,
2497.0,2,65,112.0,1.723,3,6.0,4,15.0,8,0.0,0,0.0,0,0,0,0,58.0,21.0,33.0,0,EW_YELLOW,max_green,,,
2498.0,3,62,102.0,1.645,3,0.0,4,8.0,8,0.0,0,0.0,0,0,0,0,60.0,8.0,34.0,0,EW_YELLOW,hold,,,
2499.0,3,63,96.0,1.524,3,0.0,4,0.0,9,0.0,0,0.0,0,0,0,0,61.0,0.0,35.0,0,EW_YELLOW,hold,,,
2500.0,3,62,96.0,1.548,3,0.0,4,0.0,9,1.0,0,0.0,0,0,0,0,59.0,1.0,36.0,0,NS_GREEN,yellow_end,,,
2501.0,0,58,95.0,1.638,3,0.0,4,0.0,7,0.0,0,0.0,0,0,0,0,58.0,0.0,37.0,0,NS_GREEN,hold,,,
2502.0,0,60,98.0,1.633,3,1.0,4,1.0,8,0.0,1,0.0,0,0,0,0,57.0,2.0,39.0,0,NS_GREEN,hold,,,
2503.0,0,59,101.0,1.712,3,2.0,4,2.0,7,0.0,1,0.0,0,0,0,0,55.0,4.0,42.0,0,NS_GREEN,hold,,,
2504.0,0,60,105.0,1.75,3,3.0,4,4.0,7,0.0,1,0.0,0,0,0,0,52.0,7.0,46.0,0,NS_GREEN,hold,,,
2505.0,0,61,68.0,1.115,3,4.0,4,6.0,7,0.0,1,0.0,0,0,0,0,48.0,10.0,10.0,0,NS_GREEN,hold,,,
2506.0,0,60,77.0,1.283,3,5.0,4,8.0,7,0.0,1,0.0,0,0,0,0,52.0,13.0,12.0,0,NS_GREEN,hold,,,
2507.0,0,61,86.0,1.41,3,6.0,4,6.0,8,0.0,1,0.0,0,0,0,0,56.0,12.0,18.0,0,NS_GREEN,hold,,,
2508.0,0,60,97.0,1.617,3,7.0,4,7.0,8,0.0,1,0.0,0,0,0,0,58.0,14.0,25.0,0,NS_YELLOW,pressure_ew,,,
2509.0,1,61,109.0,1.787,3,8.0,4,8.0,8,0.0,2,0.0,0,0,0,0,60.0,16.0,33.0,0,NS_YELLOW,hold,,,
2510.0,1,62,124.0,2.0,3,9.0,4,9.0,9,0.0,2,0.0,0,0,0,0,63.0,18.0,43.0,0,NS_YELLOW,hold,,,
2511.0,1,62,139.0,2.242,3,10.0,4,10.0,9,0.0,2,0.0,0,0,0,0,66.0,20.0,53.0,0,EW_GREEN,yellow_end,,,
2512.0,2,61,135.0,2.213,2,0.0,2,0.0,10,0.0,3,0.0,0,0,0,0,70.0,0.0,65.0,0,EW_GREEN,hold,,,
2513.0,2,60,152.0,2.533,2,0.0,2,0.0,10,0.0,3,0.0,0,0,0,0,74.0,0.0,78.0,0,EW_GREEN,hold,,,
2514.0,2,61,170.0,2.787,2,0.0,2,0.0,11,1.0,3,0.0,0,0,0,0,78.0,1.0,91.0,0,EW_GREEN,hold,,,
2515.0,2,62,190.0,3.065,2,0.0,2,0.0,11,2.0,3,0.0,0,0,0,0,82.0,2.0,106.0,0,EW_GREEN,hold,,,
2516.0,2,62,211.0,3.403,2,0.0,2,0.0,11,3.0,3,0.0,0,0,0,0,87.0,3.0,121.0,0,EW_GREEN,hold,,,
2517.0,2,61,231.0,3.787,2,0.0,2,1.0,11,4.0,3,0.0,0,1,0,0,90.0,5.0,136.0,0,EW_GREEN,hold,,,
2518.0,2,60,253.0,4.217,1,0.0,1,2.0,12,6.0,3,0.0,0,1,0,0,94.0,8.0,151.0,0,EW_GREEN,hold,,,
2519.0,2,60,277.0,4.617,1,1.0,1,3.0,12,8.0,3,0.0,1,1,0,0,98.0,12.0,167.0,0,EW_GREEN,hold,,,
2520.0,2,59,302.0,5.119,1,2.0,1,4.0,12,11.0,3,0.0,1,1,0,0,102.0,17.0,183.0,0,EW_GREEN,hold,,,
2521.0,2,67,324.0,4.836,2,0.0,3,5.0,13,14.0,3,0.0,0,0,0,0,106.0,19.0,199.0,0,EW_GREEN,hold,,,
2522.0,2,70,348.0,4.971,3,0.0,4,6.0,13,17.0,3,0.0,0,0,0,0,110.0,23.0,215.0,0,EW_YELLOW,pressure_ns,,,
2523.0,3,70,373.0,5.329,3,0.0,4,7.0,13,21.0,3,0.0,0,0,0,0,114.0,28.0,231.0,0,EW_YELLOW,hold,,,
2524.0,3,69,313.0,4.536,3,0.0,4,8.0,14,25.0,3,0.0,0,0,0,0,33.0,33.0,247.0,0,EW_YELLOW,hold,,,
2525.0,3,69,302.0,4.377,3,0.0,4,9.0,14,29.0,3,0.0,0,0,0,0,1.0,38.0,263.0,0,NS_GREEN,yellow_end,,,
2526.0,0,70,295.0,4.214,3,0.0,4,10.0,14,4.0,3,0.0,0,0,0,0,2.0,14.0,279.0,0,NS_GREEN,hold,,,
2527.0,0,70,311.0,4.443,3,0.0,4,11.0,14,1.0,3,0.0,0,0,0,0,4.0,12.0,295.0,0,NS_GREEN,hold,,,
2528.0,0,68,334.0,4.912,3,0.0,4,12.0,14,4.0,3,0.0,0,0,0,0,7.0,16.0,311.0,0,NS_GREEN,hold,,,
2529.0,0,69,358.0,5.188,3,0.0,4,13.0,14,8.0,3,0.0,0,0,0,0,10.0,21.0,327.0,0,NS_GREEN,hold,,,
2530.0,0,71,384.0,5.408,3,0.0,4,14.0,15,13.0,3,0.0,0,0,0,0,14.0,27.0,343.0,0,NS_GREEN,hold,,,
2531.0,0,71,412.0,5.803,3,0.0,4,15.0,15,19.0,3,0.0,0,0,0,0,19.0,34.0,359.0,0,NS_GREEN,hold,,,
2532.0,0,72,441.0,6.125,3,0.0,4,16.0,15,25.0,3,0.0,0,0,0,0,25.0,41.0,375.0,0,NS_GREEN,hold,,,
2533.0,0,71,464.0,6.535,3,0.0,4,17.0,14,25.0,3,0.0,0,0,0,0,31.0,42.0,391.0,0,NS_YELLOW,pressure_ew,,,
2534.0,1,69,397.0,5.754,3,0.0,4,18.0,14,24.0,2,0.0,0,0,0,0,39.0,42.0,316.0,0,NS_YELLOW,hold,,,
2535.0,1,68,317.0,4.662,3,0.0,4,19.0,14,23.0,2,0.0,0,0,0,0,34.0,42.0,241.0,0,NS_YELLOW,hold,,,
2536.0,1,69,244.0,3.536,3,0.0,4,20.0,14,26.0,2,0.0,0,0,0,0,31.0,46.0,167.0,0,EW_GREEN,yellow_end,,,
2537.0,2,67,152.0,2.269,2,0.0,3,0.0,14,29.0,3,0.0,0,0,0,0,27.0,29.0,96.0,0,EW_GREEN,hold,,,
2538.0,2,66,89.0,1.348,2,0.0,3,0.0,14,33.0,3,0.0,0,0,0,0,24.0,33.0,32.0,0,EW_GREEN,hold,,,
2539.0,2,64,68.0,1.062,1,0.0,3,0.0,14,39.0,3,1.0,0,0,0,0,21.0,40.0,7.0,0,EW_GREEN,hold,,,
2540.0,2,62,69.0,1.113,1,0.0,2,0.0,14,46.0,3,2.0,0,0,0,0,17.0,48.0,4.0,0,EW_GREEN,hold,,,
2541.0,2,63,74.0,1.175,1,0.0,2,0.0,15,53.0,3,3.0,0,0,0,0,15.0,56.0,3.0,0,EW_GREEN,hold,,,
2542.0,2,60,83.0,1.383,1,0.0,1,0.0,15,60.0,3,4.0,0,0,0,0,15.0,64.0,4.0,0,EW_GREEN,hold,,,
2543.0,2,60,94.0,1.567,1,0.0,1,0.0,15,69.0,3,5.0,0,0,0,0,15.0,74.0,5.0,0,EW_GREEN,hold,,,
2544.0,2,59,112.0,1.898,1,0.0,1,0.0,15,78.0,3,6.0,0,0,0,0,22.0,84.0,6.0,0,EW_GREEN,hold,,,
2545.0,2,60,123.0,2.05,2,0.0,2,0.0,16,87.0,3,8.0,0,0,4,1,21.0,95.0,7.0,0,EW_GREEN,hold,,,
2546.0,2,60,138.0,2.3,2,0.0,2,0.0,16,97.0,3,10.0,0,0,4,1,23.0,107.0,8.0,0,EW_GREEN,hold,,,
2547.0,2,58,153.0,2.638,2,0.0,2,0.0,16,107.0,3,12.0,0,0,4,1,25.0,119.0,9.0,0,EW_GREEN,hold,,,
2548.0,2,61,170.0,2.787,2,0.0,2,0.0,17,117.0,3,14.0,0,0,4,1,29.0,131.0,10.0,0,EW_GREEN,hold,,,
2549.0,2,61,188.0,3.082,2,0.0,2,0.0,17,127.0,3,16.0,0,0,4,1,34.0,143.0,11.0,0,EW_GREEN,hold,,,
2550.0,2,59,205.0,3.475,2,0.0,2,0.0,17,137.0,3,18.0,0,0,0,1,38.0,155.0,12.0,0,EW_GREEN,hold,,,
2551.0,2,60,224.0,3.733,2,0.0,2,0.0,18,148.0,3,20.0,0,0,4,1,43.0,168.0,13.0,0,EW_GREEN,hold,,,
2552.0,2,60,245.0,4.083,2,0.0,2,0.0,18,160.0,3,22.0,0,0,4,1,49.0,182.0,14.0,0,EW_GREEN,hold,,,
2553.0,2,60,266.0,4.433,2,0.0,2,0.0,18,172.0,3,24.0,0,0,9,1,55.0,196.0,15.0,0,EW_GREEN,hold,,,
2554.0,2,58,289.0,4.983,2,0.0,2,0.0,18,184.0,3,26.0,0,0,9,1,63.0,210.0,16.0,0,EW_GREEN,hold,,,
2555.0,2,58,314.0,5.414,2,0.0,2,0.0,18,197.0,3,28.0,0,0,9,1,72.0,225.0,17.0,0,EW_GREEN,hold,,,
2556.0,2,59,340.0,5.763,2,0.0,2,0.0,19,210.0,3,30.0,0,0,9,1,82.0,240.0,18.0,0,EW_GREEN,hold,,,
2557.0,2,60,367.0,6.117,2,0.0,2,0.0,19,223.0,3,32.0,0,0,9,1,93.0,255.0,19.0,0,EW_GREEN,hold,,,
2558.0,2,61,395.0,6.475,2,0.0,2,0.0,20,236.0,3,34.0,0,0,9,1,105.0,270.0,20.0,0,EW_GREEN,hold,,,
2559.0,2,58,424.0,7.31,1,0.0,1,0.0,20,249.0,3,36.0,0,0,9,1,118.0,285.0,21.0,0,EW_GREEN,hold,,,
2560.0,2,58,454.0,7.828,1,0.0,1,0.0,20,262.0,3,38.0,0,0,5,1,132.0,300.0,22.0,0,EW_GREEN,hold,,,
2561.0,2,58,462.0,7.966,1,0.0,1,0.0,21,275.0,3,40.0,0,0,5,1,124.0,315.0,23.0,0,EW_GREEN,hold,,,
2562.0,2,58,470.0,8.103,1,0.0,1,0.0,21,288.0,3,42.0,0,0,5,1,116.0,330.0,24.0,0,EW_GREEN,hold,,,
2563.0,2,61,480.0,7.869,1,0.0,1,0.0,22,301.0,3,44.0,0,0,0,1,110.0,345.0,25.0,0,EW_GREEN,hold,,,
2564.0,2,59,489.0,8.288,1,0.0,1,0.0,22,314.0,3,46.0,0,0,0,1,103.0,360.0,26.0,0,EW_GREEN,hold,,,
2565.0,2,60,499.0,8.317,1,0.0,1,0.0,23,327.0,3,48.0,0,0,0,1,97.0,375.0,27.0,0,EW_GREEN,hold,,,
2566.0,2,60,511.0,8.517,1,0.0,1,0.0,23,341.0,3,50.0,0,0,0,1,92.0,391.0,28.0,0,EW_GREEN,hold,,,
2567.0,2,60,524.0,8.733,1,0.0,1,0.0,23,355.0,3,52.0,0,0,0,1,88.0,407.0,29.0,0,EW_GREEN,hold,,,
2568.0,2,59,553.0,9.373,1,0.0,1,0.0,23,369.0,3,54.0,0,0,0,1,100.0,423.0,30.0,0,EW_GREEN,hold,,,
2569.0,2,60,569.0,9.483,2,0.0,2,0.0,23,383.0,3,57.0,0,0,0,3,98.0,440.0,31.0,0,EW_GREEN,hold,,,
2570.0,2,62,586.0,9.452,3,0.0,3,0.0,23,397.0,3,60.0,0,0,0,3,97.0,457.0,32.0,0,EW_GREEN,hold,,,
2571.0,2,62,600.0,9.677,3,0.0,3,0.0,24,411.0,3,63.0,0,0,0,3,93.0,474.0,33.0,0,EW_GREEN,hold,,,
2572.0,2,61,614.0,10.066,3,0.0,3,0.0,24,425.0,3,66.0,0,0,0,3,89.0,491.0,34.0,0,EW_GREEN,hold,,,
2573.0,2,64,629.0,9.828,3,0.0,3,0.0,25,439.0,4,69.0,0,0,0,1,86.0,508.0,35.0,0,EW_GREEN,hold,,,
2574.0,2,64,644.0,10.062,3,0.0,3,0.0,25,453.0,4,72.0,0,0,0,1,83.0,525.0,36.0,0,EW_GREEN,hold,,,
2575.0,2,64,661.0,10.328,3,0.0,3,0.0,25,467.0,4,75.0,0,0,0,1,81.0,542.0,38.0,0,EW_GREEN,hold,,,
2576.0,2,63,641.0,10.175,3,0.0,3,0.0,25,481.0,4,78.0,0,0,0,1,80.0,559.0,2.0,0,EW_GREEN,hold,,,
2577.0,2,63,668.0,10.603,3,0.0,3,0.0,25,495.0,4,81.0,0,0,0,1,92.0,576.0,0.0,0,EW_GREEN,hold,,,
2578.0,2,62,684.0,11.032,3,0.0,3,0.0,25,510.0,4,84.0,0,0,0,1,90.0,594.0,0.0,0,EW_GREEN,hold,,,
2579.0,3,62,701.0,11.306,3,0.0,3,0.0,26,525.0,4,87.0,0,0,0,1,89.0,612.0,0.0,0,EW_GREEN,hold,,,
2580.0,3,62,688.0,11.097,3,0.0,3,0.0,26,540.0,5,90.0,0,0,0,0,58.0,630.0,0.0,0,EW_GREEN,hold,,,
2581.0,3,60,715.0,11.917,3,0.0,3,0.0,26,555.0,5,93.0,0,0,0,0,67.0,648.0,0.0,0,EW_GREEN,hold,,,
2582.0,0,57,491.0,8.614,3,0.0,3,0.0,24,414.0,4,14.0,0,0,0,0,63.0,428.0,0.0,0,EW_GREEN,hold,,,
2583.0,0,58,342.0,5.897,3,0.0,3,0.0,24,283.0,4,0.0,0,0,0,0,59.0,283.0,0.0,0,EW_GREEN,hold,,,
2584.0,0,58,218.0,3.759,3,0.0,3,0.0,24,163.0,4,0.0,0,0,0,0,55.0,163.0,0.0,0,EW_GREEN,hold,,,
2585.0,0,56,113.0,2.018,3,0.0,3,0.0,21,62.0,4,0.0,0,0,0,0,51.0,62.0,0.0,0,EW_GREEN,hold,,,
2586.0,0,59,58.0,0.983,3,0.0,3,0.0,21,11.0,3,0.0,0,0,0,0,47.0,11.0,0.0,0,EW_GREEN,hold,,,
2587.0,0,58,61.0,1.052,3,0.0,3,1.0,21,4.0,3,0.0,0,0,0,0,56.0,5.0,0.0,0,EW_GREEN,hold,,,
2588.0,0,58,55.0,0.948,3,1.0,3,2.0,19,0.0,3,0.0,0,0,0,0,52.0,3.0,0.0,0,EW_GREEN,hold,,,
2589.0,0,60,66.0,1.1,3,2.0,3,3.0,20,1.0,3,0.0,0,0,0,0,60.0,6.0,0.0,0,EW_GREEN,hold,,,
2590.0,0,60,76.0,1.267,3,3.0,3,4.0,18,0.0,3,0.0,0,0,0,0,69.0,7.0,0.0,0,EW_GREEN,hold,,,
2591.0,0,59,88.0,1.492,3,4.0,3,5.0,17,0.0,3,0.0,0,0,0,0,79.0,9.0,0.0,0,EW_GREEN,hold,,,
2592.0,0,60,101.0,1.683,3,5.0,3,7.0,16,0.0,3,0.0,0,1,0,0,89.0,12.0,0.0,0,EW_GREEN,hold,,,
2593.0,0,63,115.0,1.825,4,6.0,4,9.0,14,0.0,3,0.0,0,0,0,0,100.0,15.0,0.0,0,EW_GREEN,hold,,,
2594.0,0,66,131.0,1.985,4,8.0,4,11.0,14,0.0,3,0.0,0,0,0,0,112.0,19.0,0.0,0,EW_GREEN,hold,,,
2595.0,0,66,147.0,2.227,4,10.0,4,13.0,12,0.0,3,0.0,0,0,0,0,124.0,23.0,0.0,0,EW_GREEN,hold,,,
2596.0,0,66,164.0,2.485,4,12.0,4,15.0,11,0.0,3,0.0,0,0,0,0,137.0,27.0,0.0,0,EW_YELLOW,max_green,,,
2597.0,3,66,182.0,2.758,4,14.0,4,17.0,11,0.0,3,0.0,0,0,0,0,151.0,31.0,0.0,0,EW_YELLOW,hold,,,
2598.0,3,67,201.0,3.0,4,16.0,4,19.0,11,0.0,3,0.0,0,0,0,0,166.0,35.0,0.0,0,EW_YELLOW,hold,,,
2599.0,3,67,222.0,3.313,4,18.0,4,21.0,11,1.0,3,0.0,0,0,0,0,182.0,40.0,0.0,0,NS_GREEN,yellow_end,,,
2600.0,0,66,239.0,3.621,4,20.0,4,23.0,9,0.0,3,0.0,0,0,0,0,196.0,43.0,0.0,0,NS_GREEN,hold,,,
2601.0,0,66,259.0,3.924,4,22.0,4,25.0,9,0.0,3,0.0,0,0,0,0,212.0,47.0,0.0,0,NS_GREEN,hold,,,
2602.0,0,66,280.0,4.242,4,24.0,4,27.0,9,0.0,3,0.0,0,0,0,0,229.0,51.0,0.0,0,NS_GREEN,hold,,,
2603.0,0,64,302.0,4.719,4,26.0,4,29.0,7,0.0,2,0.0,0,0,0,0,247.0,55.0,0.0,0,NS_GREEN,hold,,,
2604.0,0,67,322.0,4.806,4,28.0,4,31.0,7,0.0,2,0.0,0,0,0,0,263.0,59.0,0.0,0,NS_GREEN,hold,,,
2605.0,0,67,345.0,5.149,4,30.0,4,33.0,6,0.0,2,0.0,0,0,0,0,282.0,63.0,0.0,0,NS_GREEN,hold,,,
2606.0,0,68,368.0,5.412,4,32.0,4,35.0,5,0.0,2,0.0,0,0,0,0,301.0,67.0,0.0,0,NS_GREEN,hold,,,
2607.0,0,68,392.0,5.765,4,34.0,4,37.0,4,0.0,2,0.0,0,0,0,0,321.0,71.0,0.0,0,NS_YELLOW,pressure_ew,,,
2608.0,1,68,417.0,6.132,4,36.0,4,39.0,4,0.0,2,0.0,0,0,0,0,342.0,75.0,0.0,0,NS_YELLOW,hold,,,
2609.0,1,67,411.0,6.134,4,38.0,4,41.0,5,0.0,2,0.0,0,2,0,0,332.0,79.0,0.0,0,NS_YELLOW,hold,,,
2610.0,1,67,405.0,6.045,4,40.0,4,44.0,5,0.0,3,0.0,2,2,0,0,321.0,84.0,0.0,0,EW_GREEN,yellow_end,,,
2611.0,2,65,314.0,4.831,2,1.0,2,2.0,6,0.0,3,0.0,1,1,0,0,310.0,3.0,1.0,0,EW_GREEN,hold,,,
2612.0,2,64,303.0,4.734,2,0.0,2,0.0,6,0.0,3,1.0,0,0,0,1,300.0,1.0,2.0,0,EW_GREEN,hold,,,
2613.0,2,65,294.0,4.523,2,0.0,2,0.0,7,0.0,3,2.0,0,0,0,1,289.0,2.0,3.0,0,EW_GREEN,hold,,,
2614.0,2,66,286.0,4.333,2,0.0,2,0.0,7,1.0,3,3.0,0,0,0,1,278.0,4.0,4.0,0,EW_GREEN,hold,,,
2615.0,2,64,277.0,4.328,2,0.0,2,0.0,7,2.0,3,4.0,0,0,0,1,266.0,6.0,5.0,0,EW_GREEN,hold,,,
2616.0,2,64,267.0,4.172,2,0.0,2,0.0,8,3.0,3,5.0,0,0,0,1,253.0,8.0,6.0,0,EW_GREEN,hold,,,
2617.0,2,65,260.0,4.0,3,0.0,3,1.0,8,4.0,3,6.0,0,0,0,1,242.0,11.0,7.0,0,EW_GREEN,hold,,,
2618.0,2,66,253.0,3.833,3,0.0,4,2.0,8,6.0,3,7.0,0,0,1,1,230.0,15.0,8.0,0,EW_YELLOW,pressure_ns,,,
2619.0,3,64,247.0,3.859,3,0.0,4,3.0,8,8.0,3,9.0,0,0,1,1,218.0,20.0,9.0,0,EW_YELLOW,hold,,,
2620.0,3,64,269.0,4.203,3,0.0,4,4.0,8,10.0,3,11.0,0,0,1,1,234.0,25.0,10.0,0,EW_YELLOW,hold,,,
2621.0,3,63,264.0,4.19,3,0.0,4,5.0,9,13.0,3,13.0,0,0,1,1,222.0,31.0,11.0,0,NS_GREEN,yellow_end,,,
2622.0,0,62,230.0,3.71,3,0.0,4,6.0,9,2.0,2,0.0,0,0,0,0,210.0,8.0,12.0,0,NS_GREEN,hold,,,
2623.0,0,59,217.0,3.678,3,0.0,4,7.0,9,0.0,1,0.0,0,0,0,0,197.0,7.0,13.0,0,NS_GREEN,hold,,,
2624.0,0,58,205.0,3.534,3,0.0,4,8.0,8,0.0,1,0.0,0,0,0,0,183.0,8.0,14.0,0,NS_GREEN,hold,,,
2625.0,0,57,194.0,3.404,3,0.0,4,9.0,8,0.0,1,0.0,0,0,0,0,170.0,9.0,15.0,0,NS_GREEN,hold,,,
2626.0,0,58,207.0,3.569,3,0.0,4,10.0,7,0.0,1,0.0,0,0,0,0,181.0,10.0,16.0,0,NS_GREEN,hold,,,
2627.0,0,56,194.0,3.464,3,0.0,4,11.0,7,0.0,1,0.0,0,0,0,0,166.0,11.0,17.0,0,NS_GREEN,hold,,,
2628.0,0,59,182.0,3.085,3,0.0,4,12.0,8,0.0,1,0.0,0,0,0,0,152.0,12.0,18.0,0,NS_GREEN,hold,,,
2629.0,0,59,169.0,2.864,3,0.0,4,13.0,8,0.0,1,0.0,0,0,0,0,137.0,13.0,19.0,0,NS_GREEN,hold,,,
2630.0,0,61,156.0,2.557,3,0.0,4,14.0,8,0.0,1,0.0,0,0,0,0,122.0,14.0,20.0,0,NS_GREEN,hold,,,
2631.0,0,61,167.0,2.738,3,0.0,4,15.0,8,0.0,1,0.0,0,0,0,0,131.0,15.0,21.0,0,NS_GREEN,hold,,,
2632.0,0,61,128.0,2.098,3,0.0,4,16.0,8,0.0,1,0.0,0,0,0,0,112.0,16.0,0.0,0,NS_GREEN,hold,,,
2633.0,0,62,112.0,1.806,3,1.0,4,17.0,9,0.0,1,0.0,0,0,0,0,93.0,18.0,1.0,0,NS_GREEN,hold,,,
2634.0,0,62,97.0,1.565,3,2.0,4,19.0,9,0.0,1,0.0,0,2,0,0,72.0,21.0,4.0,0,NS_GREEN,hold,,,
2635.0,0,63,87.0,1.381,3,3.0,4,23.0,9,0.0,1,0.0,0,4,0,0,53.0,26.0,8.0,0,NS_GREEN,hold,,,
2636.0,0,64,100.0,1.562,3,4.0,4,27.0,9,0.0,2,0.0,0,4,0,0,57.0,31.0,12.0,0,NS_GREEN,hold,,,
2637.0,0,65,118.0,1.815,3,6.0,4,31.0,9,0.0,2,0.0,2,4,0,0,62.0,37.0,19.0,0,NS_GREEN,hold,,,
2638.0,0,65,137.0,2.108,3,8.0,4,35.0,9,0.0,2,0.0,2,4,0,0,68.0,43.0,26.0,0,NS_GREEN,hold,,,
2639.0,0,60,94.0,1.567,3,10.0,4,39.0,8,0.0,2,0.0,2,4,0,0,12.0,49.0,33.0,0,NS_GREEN,hold,,,
2640.0,0,60,106.0,1.767,3,13.0,4,43.0,9,0.0,1,0.0,3,4,0,0,9.0,56.0,41.0,0,NS_GREEN,hold,,,
2641.0,0,64,119.0,1.859,5,16.0,6,47.0,8,0.0,1,0.0,0,0,0,0,7.0,63.0,49.0,0,NS_GREEN,hold,,,
2642.0,0,63,133.0,2.111,5,19.0,6,51.0,7,0.0,1,0.0,0,0,0,0,5.0,70.0,58.0,0,NS_GREEN,hold,,,
2643.0,0,64,146.0,2.281,5,22.0,6,55.0,7,0.0,1,0.0,0,0,0,0,2.0,77.0,67.0,0,NS_GREEN,hold,,,
2644.0,0,65,161.0,2.477,5,25.0,6,59.0,7,0.0,1,0.0,0,0,0,0,1.0,84.0,76.0,0,NS_GREEN,hold,,,
2645.0,0,67,178.0,2.657,5,28.0,6,63.0,8,0.0,2,0.0,0,0,0,0,0.0,91.0,87.0,0,NS_GREEN,hold,,,
2646.0,0,67,196.0,2.925,5,31.0,6,67.0,8,0.0,2,0.0,0,0,0,0,0.0,98.0,98.0,0,NS_GREEN,hold,,,
2647.0,0,67,212.0,3.164,5,34.0,6,71.0,8,0.0,2,0.0,2,2,0,0,1.0,105.0,106.0,0,NS_GREEN,hold,,,
2648.0,0,68,231.0,3.397,5,37.0,6,75.0,8,0.0,3,0.0,2,2,0,0,3.0,112.0,116.0,0,NS_YELLOW,pressure_ew,,,
2649.0,1,67,250.0,3.731,5,40.0,6,79.0,7,0.0,3,0.0,2,2,0,0,5.0,119.0,126.0,0,NS_YELLOW,hold,,,
2650.0,1,65,267.0,4.108,5,43.0,6,83.0,7,0.0,3,0.0,2,2,0,0,4.0,126.0,137.0,0,NS_YELLOW,hold,,,
2651.0,1,67,283.0,4.224,5,46.0,6,87.0,8,0.0,3,0.0,2,2,0,0,2.0,133.0,148.0,0,EW_GREEN,yellow_end,,,
2652.0,2,64,212.0,3.312,4,16.0,4,36.0,8,0.0,3,0.0,1,1,0,0,1.0,52.0,159.0,0,EW_GREEN,hold,,,
2653.0,2,62,170.0,2.742,3,0.0,4,0.0,8,0.0,3,0.0,0,0,0,0,0.0,0.0,170.0,0,EW_GREEN,hold,,,
2654.0,2,64,182.0,2.844,3,0.0,4,0.0,9,1.0,3,0.0,0,0,0,0,0.0,1.0,181.0,0,EW_GREEN,hold,,,
2655.0,2,62,196.0,3.161,2,0.0,3,0.0,9,3.0,3,0.0,0,0,0,0,0.0,3.0,193.0,0,EW_GREEN,hold,,,
2656.0,2,63,210.0,3.333,2,0.0,3,0.0,10,5.0,3,0.0,0,0,0,0,0.0,5.0,205.0,0,EW_GREEN,hold,,,
2657.0,2,63,226.0,3.587,2,0.0,3,0.0,10,7.0,3,0.0,0,0,0,0,0.0,7.0,219.0,0,EW_GREEN,hold,,,
2658.0,2,61,242.0,3.967,1,0.0,3,0.0,10,9.0,3,0.0,0,0,0,0,0.0,9.0,233.0,0,EW_GREEN,hold,,,
2659.0,2,61,258.0,4.23,1,0.0,2,0.0,11,11.0,3,0.0,0,0,0,0,0.0,11.0,247.0,0,EW_GREEN,hold,,,
2660.0,2,61,274.0,4.492,1,0.0,2,0.0,11,13.0,3,0.0,0,0,0,0,0.0,13.0,261.0,0,EW_GREEN,hold,,,
2661.0,2,57,208.0,3.649,1,0.0,2,1.0,11,15.0,3,0.0,0,1,0,0,0.0,16.0,192.0,0,EW_GREEN,hold,,,
2662.0,2,57,145.0,2.544,1,0.0,2,2.0,11,17.0,3,0.0,0,1,0,0,3.0,19.0,123.0,0,EW_GREEN,hold,,,
2663.0,2,57,93.0,1.632,1,0.0,2,3.0,12,21.0,3,0.0,0,1,0,0,4.0,24.0,65.0,0,EW_GREEN,hold,,,
2664.0,2,55,58.0,1.055,1,0.0,2,4.0,12,23.0,3,0.0,0,1,0,0,7.0,27.0,24.0,0,EW_GREEN,hold,,,
2665.0,2,61,44.0,0.721,2,0.0,3,5.0,13,26.0,3,0.0,0,0,0,0,10.0,31.0,3.0,0,EW_GREEN,hold,,,
2666.0,2,64,48.0,0.75,3,0.0,4,6.0,13,29.0,3,0.0,0,0,0,0,13.0,35.0,0.0,0,EW_GREEN,hold,,,
2667.0,2,60,48.0,0.8,3,0.0,3,0.0,13,32.0,3,0.0,0,0,0,0,16.0,32.0,0.0,0,EW_GREEN,hold,,,
2668.0,2,60,55.0,0.917,3,0.0,3,0.0,14,36.0,3,0.0,0,0,0,0,19.0,36.0,0.0,0,EW_GREEN,hold,,,
2669.0,2,58,62.0,1.069,3,0.0,3,0.0,14,40.0,3,0.0,0,0,0,0,22.0,40.0,0.0,0,EW_GREEN,hold,,,
2670.0,2,59,71.0,1.203,3,0.0,3,0.0,14,45.0,3,1.0,0,0,0,0,25.0,46.0,0.0,0,EW_GREEN,hold,,,
2671.0,2,56,81.0,1.446,3,0.0,3,0.0,14,51.0,3,2.0,0,0,0,0,28.0,53.0,0.0,0,EW_GREEN,hold,,,
2672.0,2,57,92.0,1.614,3,0.0,3,0.0,15,57.0,3,3.0,0,0,0,0,32.0,60.0,0.0,0,EW_GREEN,hold,,,
2673.0,2,54,103.0,1.907,3,0.0,3,0.0,15,63.0,3,4.0,0,0,0,0,36.0,67.0,0.0,0,EW_GREEN,hold,,,
2674.0,2,53,113.0,2.132,3,0.0,3,0.0,15,69.0,3,5.0,0,0,0,0,39.0,74.0,0.0,0,EW_GREEN,hold,,,
2675.0,2,54,124.0,2.296,3,0.0,3,0.0,16,75.0,3,6.0,0,0,0,0,43.0,81.0,0.0,0,EW_GREEN,hold,,,
2676.0,2,53,135.0,2.547,3,0.0,3,0.0,16,81.0,3,7.0,0,0,0,0,47.0,88.0,0.0,0,EW_GREEN,hold,,,
2677.0,2,53,147.0,2.774,3,0.0,3,0.0,16,87.0,3,9.0,0,0,0,1,51.0,96.0,0.0,0,EW_GREEN,hold,,,
2678.0,2,54,159.0,2.944,3,0.0,3,0.0,17,93.0,3,11.0,0,0,0,1,55.0,104.0,0.0,0,EW_GREEN,hold,,,
2679.0,2,53,171.0,3.226,2,0.0,3,0.0,17,99.0,3,13.0,0,0,0,1,59.0,112.0,0.0,0,EW_GREEN,hold,,,
2680.0,2,50,183.0,3.66,2,0.0,2,0.0,17,105.0,3,15.0,0,0,0,1,63.0,120.0,0.0,0,EW_GREEN,hold,,,
2681.0,2,50,195.0,3.9,1,0.0,2,0.0,17,111.0,4,17.0,0,0,0,1,67.0,128.0,0.0,0,EW_GREEN,hold,,,
2682.0,2,48,157.0,3.271,1,0.0,1,0.0,18,117.0,4,20.0,0,0,0,1,20.0,137.0,0.0,0,EW_GREEN,hold,,,
2683.0,2,47,149.0,3.17,1,0.0,1,0.0,18,124.0,4,23.0,0,0,0,1,2.0,147.0,0.0,0,EW_GREEN,hold,,,
2684.0,2,48,161.0,3.354,1,0.0,1,0.0,19,132.0,4,26.0,0,0,0,1,3.0,158.0,0.0,0,EW_GREEN,hold,,,
2685.0,2,48,176.0,3.667,1,0.0,1,0.0,19,140.0,4,29.0,0,0,0,1,6.0,169.0,1.0,0,EW_GREEN,hold,,,
2686.0,2,50,192.0,3.84,1,0.0,1,0.0,19,148.0,4,32.0,0,0,0,1,10.0,180.0,2.0,0,EW_GREEN,hold,,,
2687.0,2,51,209.0,4.098,1,0.0,1,0.0,19,157.0,4,35.0,0,0,0,1,14.0,192.0,3.0,0,EW_GREEN,hold,,,
2688.0,2,51,227.0,4.451,1,0.0,1,0.0,19,166.0,4,38.0,0,0,0,1,19.0,204.0,4.0,0,EW_GREEN,hold,,,
2689.0,2,53,246.0,4.642,2,0.0,2,0.0,19,175.0,4,41.0,0,0,0,1,25.0,216.0,5.0,0,EW_GREEN,hold,,,
2690.0,2,53,266.0,5.019,2,0.0,2,0.0,19,185.0,4,44.0,0,0,0,1,31.0,229.0,6.0,0,EW_GREEN,hold,,,
2691.0,2,53,286.0,5.396,2,0.0,2,0.0,19,195.0,4,47.0,0,0,0,1,37.0,242.0,7.0,0,EW_GREEN,hold,,,
2692.0,2,54,308.0,5.704,2,0.0,2,0.0,20,206.0,4,50.0,0,0,0,1,44.0,256.0,8.0,0,EW_GREEN,hold,,,
2693.0,2,53,318.0,6.0,2,0.0,2,0.0,20,217.0,4,53.0,0,0,0,1,39.0,270.0,9.0,0,EW_GREEN,hold,,,
2694.0,3,53,330.0,6.226,2,0.0,2,0.0,20,228.0,4,56.0,0,0,0,1,36.0,284.0,10.0,0,EW_GREEN,hold,,,
2695.0,3,54,341.0,6.315,2,0.0,2,0.0,21,239.0,4,59.0,0,0,0,1,32.0,298.0,11.0,0,EW_GREEN,hold,,,
2696.0,3,55,352.0,6.4,2,0.0,2,0.0,21,250.0,4,62.0,0,0,0,1,28.0,312.0,12.0,0,EW_GREEN,hold,,,
2697.0,0,51,199.0,3.902,2,0.0,2,0.0,19,146.0,2,16.0,0,0,5,0,24.0,162.0,13.0,0,EW_GREEN,hold,,,
2698.0,0,50,110.0,2.2,2,0.0,2,0.0,19,76.0,2,0.0,0,0,0,0,20.0,76.0,14.0,0,EW_GREEN,hold,,,
2699.0,0,51,58.0,1.137,2,0.0,2,0.0,20,26.0,2,0.0,0,0,0,0,17.0,26.0,15.0,0,EW_GREEN,hold,,,
2700.0,0,49,40.0,0.816,2,0.0,2,0.0,18,9.0,1,0.0,0,0,0,0,15.0,9.0,16.0,0,EW_GREEN,hold,,,
2701.0,0,55,37.0,0.673,2,0.0,2,0.0,17,0.0,1,0.0,0,0,0,0,20.0,0.0,17.0,0,EW_GREEN,hold,,,
2702.0,0,55,36.0,0.655,2,0.0,2,0.0,15,0.0,1,0.0,0,0,0,0,18.0,0.0,18.0,0,EW_GREEN,hold,,,
2703.0,0,56,35.0,0.625,2,0.0,2,0.0,15,0.0,1,0.0,0,0,0,0,16.0,0.0,19.0,0,EW_GREEN,hold,,,
2704.0,0,57,36.0,0.632,2,0.0,2,0.0,15,0.0,1,0.0,0,0,0,0,16.0,0.0,20.0,0,EW_GREEN,hold,,,
2705.0,0,58,38.0,0.655,2,0.0,2,0.0,13,0.0,1,0.0,0,0,0,0,17.0,0.0,21.0,0,EW_GREEN,hold,,,
2706.0,0,58,20.0,0.345,2,0.0,2,0.0,13,0.0,1,0.0,0,0,0,0,20.0,0.0,0.0,0,EW_GREEN,hold,,,
2707.0,0,59,20.0,0.339,2,1.0,2,1.0,11,0.0,1,0.0,1,1,0,0,18.0,2.0,0.0,0,EW_GREEN,hold,,,
2708.0,0,59,22.0,0.373,2,2.0,2,2.0,11,0.0,1,0.0,1,1,0,0,18.0,4.0,0.0,0,EW_GREEN,hold,,,
2709.0,0,60,24.0,0.4,2,3.0,2,3.0,11,0.0,1,0.0,1,1,0,0,18.0,6.0,0.0,0,EW_GREEN,hold,,,
2710.0,0,61,28.0,0.459,2,4.0,2,4.0,10,0.0,2,0.0,0,0,0,0,20.0,8.0,0.0,0,EW_GREEN,hold,,,
2711.0,0,59,32.0,0.542,2,5.0,2,5.0,10,0.0,1,0.0,0,0,0,0,21.0,10.0,1.0,0,EW_YELLOW,max_green,,,
2712.0,3,62,36.0,0.581,2,6.0,2,6.0,11,1.0,1,0.0,0,0,0,0,21.0,13.0,2.0,0,EW_YELLOW,hold,,,
2713.0,3,64,40.0,0.625,3,7.0,3,7.0,11,0.0,1,0.0,0,0,0,0,23.0,14.0,3.0,0,EW_YELLOW,hold,,,
2714.0,3,66,47.0,0.712,4,8.0,4,8.0,11,1.0,1,0.0,0,0,0,0,26.0,17.0,4.0,0,NS_GREEN,yellow_end,,,
2715.0,0,61,56.0,0.918,4,9.0,4,9.0,8,0.0,1,0.0,0,0,0,0,33.0,18.0,5.0,0,NS_GREEN,hold,,,
2716.0,0,61,64.0,1.049,4,10.0,4,10.0,9,0.0,1,0.0,0,0,0,0,37.0,20.0,7.0,0,NS_GREEN,hold,,,
2717.0,0,63,71.0,1.127,4,11.0,4,11.0,9,0.0,2,0.0,0,0,0,0,40.0,22.0,9.0,0,NS_GREEN,hold,,,
2718.0,0,64,78.0,1.219,4,12.0,4,12.0,8,0.0,2,0.0,0,0,0,0,43.0,24.0,11.0,0,NS_GREEN,hold,,,
2719.0,0,65,90.0,1.385,4,13.0,4,13.0,8,0.0,3,0.0,0,0,0,0,51.0,26.0,13.0,0,NS_GREEN,hold,,,
2720.0,0,65,103.0,1.585,4,14.0,4,14.0,8,0.0,3,0.0,0,0,0,0,60.0,28.0,15.0,0,NS_GREEN,hold,,,
2721.0,0,66,116.0,1.758,4,15.0,4,15.0,8,0.0,3,0.0,0,0,0,0,69.0,30.0,17.0,0,NS_GREEN,hold,,,
2722.0,0,66,130.0,1.97,4,16.0,4,16.0,8,0.0,3,0.0,0,0,0,0,79.0,32.0,19.0,0,NS_YELLOW,pressure_ew,,,
2723.0,1,67,144.0,2.149,4,17.0,4,17.0,8,0.0,3,0.0,0,0,0,0,89.0,34.0,21.0,0,NS_YELLOW,hold,,,
2724.0,1,67,158.0,2.358,4,18.0,4,18.0,8,0.0,3,0.0,0,0,0,0,99.0,36.0,23.0,0,NS_YELLOW,hold,,,
2725.0,1,68,175.0,2.574,4,19.0,4,19.0,9,0.0,3,0.0,0,0,0,0,112.0,38.0,25.0,0,EW_GREEN,yellow_end,,,
2726.0,2,65,135.0,2.077,3,0.0,3,0.0,9,0.0,3,0.0,0,0,0,0,108.0,0.0,27.0,0,EW_GREEN,hold,,,
2727.0,2,65,133.0,2.046,3,0.0,2,0.0,9,0.0,3,0.0,0,0,0,0,104.0,0.0,29.0,0,EW_GREEN,hold,,,
2728.0,2,66,134.0,2.03,2,0.0,2,0.0,10,0.0,3,0.0,0,0,0,0,103.0,0.0,31.0,0,EW_GREEN,hold,,,
2729.0,2,65,137.0,2.108,2,0.0,2,0.0,10,2.0,3,0.0,0,0,0,0,102.0,2.0,33.0,0,EW_GREEN,hold,,,
2730.0,2,66,137.0,2.076,2,0.0,2,0.0,11,4.0,3,0.0,0,0,0,0,98.0,4.0,35.0,0,EW_GREEN,hold,,,
2731.0,2,64,142.0,2.219,1,0.0,1,0.0,11,7.0,3,0.0,0,0,0,0,98.0,7.0,37.0,0,EW_GREEN,hold,,,
2732.0,2,64,148.0,2.312,1,0.0,1,0.0,11,10.0,3,0.0,0,0,0,0,97.0,10.0,41.0,0,EW_GREEN,hold,,,
2733.0,2,65,158.0,2.431,1,0.0,1,0.0,11,13.0,3,0.0,0,0,0,0,99.0,13.0,46.0,0,EW_GREEN,hold,,,
2734.0,2,66,166.0,2.515,1,0.0,1,0.0,11,16.0,3,0.0,0,0,0,0,99.0,16.0,51.0,0,EW_GREEN,hold,,,
2735.0,2,63,152.0,2.413,1,0.0,1,0.0,11,19.0,3,0.0,0,0,0,0,109.0,19.0,24.0,0,EW_GREEN,hold,,,
2736.0,2,63,139.0,2.206,1,0.0,1,0.0,11,22.0,3,0.0,0,0,0,0,112.0,22.0,5.0,0,EW_GREEN,hold,,,
2737.0,2,69,132.0,1.913,2,0.0,2,0.0,12,18.0,3,0.0,0,0,0,0,114.0,18.0,0.0,0,EW_GREEN,hold,,,
2738.0,2,66,76.0,1.152,2,0.0,2,0.0,12,20.0,3,0.0,0,0,0,0,56.0,20.0,0.0,0,EW_GREEN,hold,,,
2739.0,2,65,69.0,1.062,2,0.0,2,0.0,13,23.0,3,0.0,0,0,0,0,46.0,23.0,0.0,0,EW_GREEN,hold,,,
2740.0,2,64,75.0,1.172,2,0.0,2,0.0,13,28.0,3,0.0,0,0,0,0,47.0,28.0,0.0,0,EW_GREEN,hold,,,
2741.0,2,62,92.0,1.484,2,0.0,2,0.0,13,33.0,3,0.0,0,0,0,0,59.0,33.0,0.0,0,EW_GREEN,hold,,,
2742.0,2,58,99.0,1.707,2,0.0,2,0.0,13,38.0,3,0.0,0,0,0,0,61.0,38.0,0.0,0,EW_GREEN,hold,,,
2743.0,2,58,106.0,1.828,2,0.0,2,0.0,14,44.0,3,0.0,0,0,0,0,62.0,44.0,0.0,0,EW_GREEN,hold,,,
2744.0,2,57,117.0,2.053,2,0.0,2,0.0,14,50.0,3,0.0,0,0,0,0,67.0,50.0,0.0,0,EW_GREEN,hold,,,
2745.0,2,56,127.0,2.268,2,0.0,2,0.0,14,57.0,3,0.0,0,0,0,0,70.0,57.0,0.0,0,EW_GREEN,hold,,,
2746.0,2,56,133.0,2.375,2,0.0,2,0.0,14,58.0,3,1.0,0,0,0,0,74.0,59.0,0.0,0,EW_GREEN,hold,,,
2747.0,2,55,151.0,2.745,2,0.0,2,0.0,14,63.0,3,2.0,0,0,0,0,86.0,65.0,0.0,0,EW_GREEN,hold,,,
2748.0,2,56,162.0,2.893,2,0.0,2,0.0,14,69.0,3,3.0,0,0,0,0,90.0,72.0,0.0,0,EW_GREEN,hold,,,
2749.0,2,56,173.0,3.089,2,0.0,2,0.0,14,75.0,3,4.0,0,0,0,2,94.0,79.0,0.0,0,EW_GREEN,hold,,,
2750.0,2,54,187.0,3.463,2,0.0,2,0.0,14,82.0,3,7.0,0,0,0,3,98.0,89.0,0.0,0,EW_GREEN,hold,,,
2751.0,2,52,200.0,3.846,1,0.0,1,0.0,14,89.0,3,10.0,0,0,0,3,101.0,99.0,0.0,0,EW_GREEN,hold,,,
2752.0,2,49,221.0,4.51,1,0.0,1,0.0,14,96.0,3,13.0,0,0,0,3,112.0,109.0,0.0,0,EW_GREEN,hold,,,
2753.0,2,51,244.0,4.784,1,0.0,1,0.0,14,103.0,4,16.0,0,0,0,1,124.0,119.0,1.0,0,EW_GREEN,hold,,,
2754.0,2,50,268.0,5.36,1,0.0,1,0.0,14,110.0,4,19.0,0,0,0,1,137.0,129.0,2.0,0,EW_GREEN,hold,,,
2755.0,2,50,293.0,5.86,1,0.0,1,0.0,15,117.0,4,22.0,0,0,0,1,151.0,139.0,3.0,0,EW_GREEN,hold,,,
2756.0,2,49,319.0,6.51,1,0.0,1,0.0,15,124.0,4,25.0,0,0,0,1,166.0,149.0,4.0,0,EW_GREEN,hold,,,
2757.0,2,48,346.0,7.208,1,0.0,1,0.0,15,131.0,4,28.0,0,0,0,1,182.0,159.0,5.0,0,EW_GREEN,hold,,,
2758.0,2,48,376.0,7.833,0,0.0,0,0.0,16,140.0,4,31.0,0,0,0,1,199.0,171.0,6.0,0,EW_GREEN,hold,,,
2759.0,2,48,406.0,8.458,0,0.0,0,0.0,16,149.0,4,34.0,0,0,0,1,216.0,183.0,7.0,0,EW_GREEN,hold,,,
2760.0,2,48,438.0,9.125,0,0.0,0,0.0,16,159.0,4,37.0,0,0,0,1,234.0,196.0,8.0,0,EW_GREEN,hold,,,
2761.0,2,52,468.0,9.0,2,0.0,2,0.0,16,169.0,4,40.0,0,0,0,1,250.0,209.0,9.0,0,EW_GREEN,hold,,,
2762.0,2,54,500.0,9.259,3,0.0,3,0.0,16,179.0,4,43.0,0,0,4,1,268.0,222.0,10.0,0,EW_GREEN,hold,,,
2763.0,2,53,534.0,10.075,3,0.0,3,0.0,16,190.0,4,46.0,0,0,4,1,287.0,236.0,11.0,0,EW_GREEN,hold,,,
2764.0,2,54,570.0,10.556,3,0.0,3,0.0,17,201.0,4,49.0,0,0,4,1,308.0,250.0,12.0,0,EW_GREEN,hold,,,
2765.0,2,53,592.0,11.17,3,0.0,3,0.0,17,212.0,4,52.0,0,0,4,1,328.0,264.0,0.0,0,EW_GREEN,hold,,,
2766.0,2,53,628.0,11.849,3,0.0,3,0.0,17,223.0,4,55.0,0,0,4,1,350.0,278.0,0.0,0,EW_GREEN,hold,,,
2767.0,2,52,633.0,12.173,3,0.0,3,0.0,17,234.0,4,58.0,0,0,0,1,341.0,292.0,0.0,0,EW_GREEN,hold,,,
2768.0,3,53,638.0,12.038,3,0.0,3,0.0,17,246.0,4,61.0,0,0,5,1,331.0,307.0,0.0,0,EW_GREEN,hold,,,
2769.0,3,54,642.0,11.889,3,0.0,3,0.0,17,258.0,5,64.0,0,0,5,0,320.0,322.0,0.0,0,EW_GREEN,hold,,,
2770.0,3,53,647.0,12.208,3,0.0,3,0.0,17,270.0,5,67.0,0,0,5,0,309.0,337.0,1.0,0,EW_GREEN,hold,,,
2771.0,0,51,484.0,9.49,3,0.0,3,0.0,16,163.0,4,22.0,0,0,0,0,297.0,185.0,2.0,0,EW_GREEN,hold,,,
2772.0,0,51,371.0,7.275,3,0.0,3,0.0,16,84.0,4,0.0,0,0,0,0,284.0,84.0,3.0,0,EW_GREEN,hold,,,
2773.0,0,50,311.0,6.22,3,0.0,3,0.0,15,35.0,3,0.0,0,0,0,0,272.0,35.0,4.0,0,EW_GREEN,hold,,,
2774.0,0,50,273.0,5.46,3,0.0,3,0.0,14,8.0,3,0.0,0,0,0,0,260.0,8.0,5.0,0,EW_GREEN,hold,,,
2775.0,0,50,254.0,5.08,3,0.0,3,0.0,14,0.0,2,0.0,0,0,0,0,248.0,0.0,6.0,0,EW_GREEN,hold,,,
2776.0,0,46,263.0,5.717,3,0.0,3,0.0,11,0.0,2,0.0,0,0,0,0,263.0,0.0,0.0,0,EW_YELLOW,pressure_ns,,,
2777.0,3,52,249.0,4.788,3,0.0,3,0.0,12,0.0,2,0.0,0,0,0,0,249.0,0.0,0.0,0,EW_YELLOW,hold,,,
2778.0,3,52,236.0,4.538,3,2.0,3,0.0,12,0.0,2,0.0,1,0,0,0,234.0,2.0,0.0,0,EW_YELLOW,hold,,,
2779.0,3,55,225.0,4.091,3,4.0,3,1.0,13,0.0,2,0.0,1,0,0,0,220.0,5.0,0.0,0,NS_GREEN,yellow_end,,,
2780.0,0,53,214.0,4.038,3,6.0,3,3.0,10,0.0,2,0.0,1,1,0,0,205.0,9.0,0.0,0,NS_GREEN,hold,,,
2781.0,0,52,229.0,4.404,3,8.0,3,5.0,10,0.0,2,0.0,1,1,0,0,216.0,13.0,0.0,0,NS_GREEN,hold,,,
2782.0,0,51,216.0,4.235,3,10.0,3,7.0,10,0.0,1,0.0,1,1,0,0,199.0,17.0,0.0,0,NS_GREEN,hold,,,
2783.0,0,52,202.0,3.885,3,12.0,3,9.0,10,0.0,1,0.0,1,1,0,0,181.0,21.0,0.0,0,NS_GREEN,hold,,,
2784.0,0,52,187.0,3.596,3,14.0,3,11.0,9,0.0,1,0.0,1,1,0,0,162.0,25.0,0.0,0,NS_GREEN,hold,,,
2785.0,0,55,172.0,3.127,4,16.0,4,13.0,9,0.0,1,0.0,0,0,0,0,143.0,29.0,0.0,0,NS_GREEN,hold,,,
2786.0,0,54,157.0,2.907,4,18.0,4,15.0,9,0.0,1,0.0,0,0,0,0,124.0,33.0,0.0,0,NS_GREEN,hold,,,
2787.0,0,55,142.0,2.582,4,20.0,4,17.0,9,0.0,1,0.0,0,0,0,0,105.0,37.0,0.0,0,NS_YELLOW,pressure_ew,,,
2788.0,1,55,151.0,2.745,4,22.0,4,19.0,10,0.0,1,0.0,0,0,0,0,110.0,41.0,0.0,0,NS_YELLOW,hold,,,
2789.0,1,56,134.0,2.393,4,24.0,4,21.0,10,0.0,1,0.0,0,0,0,0,89.0,45.0,0.0,0,NS_YELLOW,hold,,,
2790.0,1,58,117.0,2.017,4,26.0,4,23.0,11,0.0,2,0.0,0,0,0,0,68.0,49.0,0.0,0,EW_GREEN,yellow_end,,,
2791.0,2,55,46.0,0.836,2,0.0,2,0.0,11,1.0,2,0.0,0,0,0,0,44.0,1.0,1.0,0,EW_GREEN,hold,,,
2792.0,2,55,25.0,0.455,2,0.0,2,0.0,11,3.0,2,0.0,0,0,0,0,20.0,3.0,2.0,0,EW_GREEN,hold,,,
2793.0,2,55,29.0,0.527,2,0.0,2,0.0,11,5.0,2,0.0,0,0,0,0,21.0,5.0,3.0,0,EW_GREEN,hold,,,
2794.0,2,54,34.0,0.63,2,0.0,2,0.0,11,7.0,2,0.0,0,0,0,0,23.0,7.0,4.0,0,EW_GREEN,hold,,,
2795.0,2,56,39.0,0.696,2,0.0,2,0.0,12,9.0,2,0.0,0,0,0,0,25.0,9.0,5.0,0,EW_GREEN,hold,,,
2796.0,2,55,43.0,0.782,2,0.0,2,0.0,12,12.0,2,0.0,0,0,0,0,25.0,12.0,6.0,0,EW_GREEN,hold,,,
2797.0,2,55,47.0,0.855,2,0.0,2,0.0,12,15.0,2,0.0,0,0,0,0,25.0,15.0,7.0,0,EW_GREEN,hold,,,
2798.0,2,57,52.0,0.912,2,0.0,2,0.0,13,18.0,2,0.0,0,0,0,0,26.0,18.0,8.0,0,EW_GREEN,hold,,,
2799.0,2,57,58.0,1.018,2,0.0,2,0.0,13,21.0,2,1.0,0,0,0,0,27.0,22.0,9.0,0,EW_GREEN,hold,,,
2800.0,2,58,64.0,1.103,2,0.0,2,0.0,14,24.0,2,2.0,0,0,0,0,28.0,26.0,10.0,0,EW_GREEN,hold,,,
2801.0,2,58,71.0,1.224,2,0.0,2,1.0,14,27.0,2,3.0,0,1,0,0,29.0,31.0,11.0,0,EW_GREEN,hold,,,
2802.0,2,57,78.0,1.368,1,0.0,2,2.0,14,30.0,2,4.0,0,1,0,0,30.0,36.0,12.0,0,EW_GREEN,hold,,,
2803.0,2,56,86.0,1.536,1,0.0,2,3.0,14,34.0,2,5.0,0,0,0,0,31.0,42.0,13.0,0,EW_GREEN,hold,,,
2804.0,2,55,91.0,1.655,1,0.0,1,0.0,14,38.0,2,6.0,0,0,0,0,33.0,44.0,14.0,0,EW_GREEN,hold,,,
2805.0,2,56,99.0,1.768,1,0.0,1,0.0,15,42.0,2,7.0,0,0,0,0,35.0,49.0,15.0,0,EW_GREEN,hold,,,
2806.0,2,55,109.0,1.982,1,0.0,1,0.0,15,47.0,2,8.0,0,0,0,0,38.0,55.0,16.0,0,EW_GREEN,hold,,,
2807.0,2,55,121.0,2.2,1,0.0,1,0.0,15,52.0,2,9.0,0,0,0,0,43.0,61.0,17.0,0,EW_GREEN,hold,,,
2808.0,2,56,132.0,2.357,1,0.0,1,0.0,16,57.0,2,10.0,0,0,0,0,47.0,67.0,18.0,0,EW_GREEN,hold,,,
2809.0,2,62,145.0,2.339,2,0.0,2,0.0,16,62.0,2,11.0,0,0,0,0,53.0,73.0,19.0,0,EW_GREEN,hold,,,
2810.0,2,65,161.0,2.477,3,0.0,3,0.0,16,69.0,2,12.0,0,0,0,0,60.0,81.0,20.0,0,EW_GREEN,hold,,,
2811.0,2,65,178.0,2.738,3,0.0,3,0.0,16,76.0,2,13.0,0,0,0,0,68.0,89.0,21.0,0,EW_GREEN,hold,,,
2812.0,2,60,148.0,2.467,3,0.0,3,0.0,16,83.0,2,14.0,0,0,0,0,29.0,97.0,22.0,0,EW_GREEN,hold,,,
2813.0,2,60,165.0,2.75,3,0.0,3,0.0,16,91.0,2,15.0,0,0,0,0,36.0,106.0,23.0,0,EW_GREEN,hold,,,
2814.0,2,58,183.0,3.155,3,0.0,3,0.0,16,99.0,2,16.0,0,0,0,0,44.0,115.0,24.0,0,EW_GREEN,hold,,,
2815.0,2,55,200.0,3.636,3,0.0,3,0.0,16,107.0,2,17.0,0,0,0,0,51.0,124.0,25.0,0,EW_GREEN,hold,,,
2816.0,2,54,218.0,4.037,3,0.0,3,0.0,16,115.0,2,18.0,0,0,0,0,59.0,133.0,26.0,0,EW_GREEN,hold,,,
2817.0,2,55,236.0,4.291,3,0.0,3,0.0,17,123.0,2,19.0,0,0,0,0,67.0,142.0,27.0,0,EW_GREEN,hold,,,
2818.0,2,54,255.0,4.722,3,0.0,3,0.0,17,131.0,2,20.0,0,0,0,1,76.0,151.0,28.0,0,EW_GREEN,hold,,,
2819.0,2,55,276.0,5.018,3,0.0,3,0.0,17,140.0,2,21.0,0,0,0,1,86.0,161.0,29.0,0,EW_GREEN,hold,,,
2820.0,2,56,298.0,5.321,3,0.0,3,0.0,17,149.0,2,22.0,0,0,0,1,97.0,171.0,30.0,0,EW_GREEN,hold,,,
2821.0,2,55,290.0,5.273,3,0.0,3,0.0,17,158.0,2,23.0,0,0,0,1,109.0,181.0,0.0,0,EW_GREEN,hold,,,
2822.0,2,55,317.0,5.764,3,0.0,3,0.0,17,169.0,2,25.0,0,0,0,2,122.0,194.0,1.0,0,EW_GREEN,hold,,,
2823.0,2,55,344.0,6.255,3,0.0,3,0.0,17,180.0,2,27.0,0,0,0,2,135.0,207.0,2.0,0,EW_GREEN,hold,,,
2824.0,2,54,373.0,6.907,3,0.0,3,0.0,17,191.0,2,29.0,0,0,0,2,149.0,220.0,4.0,0,EW_GREEN,hold,,,
2825.0,2,55,403.0,7.327,2,0.0,3,0.0,18,202.0,3,31.0,0,0,0,1,164.0,233.0,6.0,0,EW_GREEN,hold,,,
2826.0,2,53,433.0,8.17,2,0.0,2,0.0,18,213.0,3,33.0,0,0,4,1,179.0,246.0,8.0,0,EW_GREEN,hold,,,
2827.0,2,51,465.0,9.118,1,0.0,2,0.0,18,225.0,3,35.0,0,0,4,1,195.0,260.0,10.0,0,EW_GREEN,hold,,,
2828.0,2,52,498.0,9.577,1,0.0,1,0.0,19,238.0,4,37.0,0,0,4,0,211.0,275.0,12.0,0,EW_GREEN,hold,,,
2829.0,2,52,532.0,10.231,1,0.0,1,0.0,19,251.0,4,39.0,0,0,4,0,228.0,290.0,14.0,0,EW_GREEN,hold,,,
2830.0,2,54,568.0,10.519,1,0.0,1,0.0,19,264.0,5,41.0,0,0,4,0,247.0,305.0,16.0,0,EW_GREEN,hold,,,
2831.0,2,55,602.0,10.945,1,0.0,1,0.0,19,277.0,5,43.0,0,0,10,0,264.0,320.0,18.0,0,EW_GREEN,hold,,,
2832.0,2,57,640.0,11.228,1,0.0,1,0.0,19,291.0,5,45.0,0,0,6,0,284.0,336.0,20.0,1,EW_GREEN,hold,,,
2833.0,3,59,678.0,11.492,2,0.0,2,0.0,19,305.0,5,47.0,0,0,6,0,304.0,352.0,22.0,1,EW_GREEN,hold,,,
2834.0,3,59,717.0,12.153,2,0.0,2,0.0,19,319.0,5,49.0,0,0,6,0,325.0,368.0,24.0,1,EW_GREEN,camera_emg_hold(int_A),,,
2835.0,3,58,757.0,13.052,2,0.0,2,0.0,19,333.0,5,51.0,0,0,6,0,347.0,384.0,26.0,1,EW_GREEN,camera_emg_hold(int_A),,,
2836.0,0,54,622.0,11.519,2,0.0,2,0.0,17,223.0,3,0.0,0,0,9,0,370.0,223.0,29.0,1,EW_GREEN,camera_emg_hold(int_A),,,
2837.0,0,54,524.0,9.704,2,0.0,2,0.0,17,133.0,3,0.0,0,0,0,0,359.0,133.0,32.0,1,EW_GREEN,camera_emg_hold(int_A),,,
2838.0,0,54,454.0,8.407,2,0.0,2,0.0,17,71.0,3,0.0,0,0,0,0,348.0,71.0,35.0,1,EW_GREEN,camera_emg_hold(int_A),,,
2839.0,0,51,401.0,7.863,2,0.0,2,0.0,14,26.0,3,0.0,0,0,0,0,337.0,26.0,38.0,1,EW_GREEN,camera_emg_hold(int_A),,,
2840.0,0,55,375.0,6.818,2,0.0,2,0.0,14,9.0,3,0.0,0,0,0,0,325.0,9.0,41.0,1,EW_GREEN,camera_emg_hold(int_A),,,
2841.0,0,54,356.0,6.593,2,0.0,2,0.0,12,0.0,3,0.0,0,0,0,0,312.0,0.0,44.0,1,EW_GREEN,camera_emg_hold(int_A),,,
2842.0,0,56,346.0,6.179,2,0.0,2,0.0,12,0.0,3,0.0,0,0,0,0,299.0,0.0,47.0,1,EW_GREEN,camera_emg_hold(int_A),,,
2843.0,0,53,335.0,6.321,2,0.0,2,0.0,9,0.0,3,0.0,0,0,0,0,285.0,0.0,50.0,1,EW_GREEN,camera_emg_hold(int_A),,,
2844.0,0,56,354.0,6.321,2,0.0,2,0.0,9,0.0,3,0.0,0,0,0,0,301.0,0.0,53.0,1,EW_GREEN,camera_emg_hold(int_A),,,
2845.0,0,58,343.0,5.914,2,0.0,2,0.0,7,0.0,3,0.0,0,0,0,0,287.0,0.0,56.0,1,EW_YELLOW,camera_emg_hold(int_A),,,
2846.0,3,59,334.0,5.661,2,0.0,2,0.0,8,0.0,3,0.0,0,0,0,0,275.0,0.0,59.0,1,EW_YELLOW,camera_emg_hold(int_A),,,
2847.0,3,61,326.0,5.344,2,0.0,2,0.0,8,1.0,3,0.0,0,0,0,0,263.0,1.0,62.0,1,EW_YELLOW,camera_emg_hold(int_A),,,
2848.0,3,61,318.0,5.213,2,0.0,2,0.0,8,2.0,3,0.0,0,0,0,0,251.0,2.0,65.0,1,NS_GREEN,camera_emg_hold(int_A),,,
2849.0,0,59,306.0,5.186,2,0.0,2,0.0,6,0.0,3,0.0,0,0,0,0,238.0,0.0,68.0,1,NS_GREEN,camera_emg_hold(int_A),,,
2850.0,0,56,224.0,4.0,2,0.0,2,0.0,5,0.0,3,0.0,0,0,0,0,224.0,0.0,0.0,1,NS_GREEN,camera_emg_hold(int_A),,,
2851.0,0,56,213.0,3.804,2,1.0,2,1.0,5,0.0,3,0.0,0,1,0,0,211.0,2.0,0.0,1,NS_GREEN,camera_emg_hold(int_A),,,
2852.0,0,57,201.0,3.526,2,2.0,2,2.0,5,0.0,3,0.0,0,0,0,0,197.0,4.0,0.0,1,NS_GREEN,camera_emg_hold(int_A),,,
2853.0,0,58,190.0,3.276,2,3.0,2,3.0,5,0.0,3,0.0,0,0,0,0,184.0,6.0,0.0,1,NS_GREEN,camera_emg_hold(int_A),,,
2854.0,0,58,206.0,3.552,2,4.0,2,4.0,5,0.0,3,0.0,0,0,0,0,198.0,8.0,0.0,1,NS_GREEN,camera_emg_hold(int_A),,,
2855.0,0,55,197.0,3.582,2,5.0,2,5.0,4,0.0,2,0.0,0,0,0,0,187.0,10.0,0.0,1,NS_GREEN,camera_emg_hold(int_A),,,
2856.0,0,57,185.0,3.246,2,6.0,2,6.0,5,0.0,2,0.0,0,0,0,0,173.0,12.0,0.0,1,NS_YELLOW,camera_emg_hold(int_A),,,
2857.0,1,59,189.0,3.203,3,7.0,3,7.0,5,0.0,2,0.0,0,0,0,0,175.0,14.0,0.0,1,NS_YELLOW,camera_emg_hold(int_A),,,
2858.0,1,61,166.0,2.721,4,8.0,4,8.0,5,0.0,2,0.0,0,0,0,0,150.0,16.0,0.0,1,NS_YELLOW,camera_emg_hold(int_A),,,
2859.0,1,61,141.0,2.311,4,9.0,4,9.0,5,0.0,2,0.0,0,0,0,0,123.0,18.0,0.0,1,EW_GREEN,camera_emg_hold(int_A),,,
2860.0,2,59,98.0,1.661,3,0.0,3,0.0,5,0.0,2,0.0,0,0,0,0,98.0,0.0,0.0,1,EW_GREEN,camera_emg_hold(int_A),,,
2861.0,2,60,73.0,1.217,3,0.0,3,0.0,6,0.0,2,0.0,0,0,0,0,72.0,0.0,1.0,1,EW_GREEN,camera_emg_hold(int_A),,,
2862.0,2,58,47.0,0.81,3,0.0,3,0.0,6,0.0,2,0.0,0,0,0,0,45.0,0.0,2.0,1,EW_GREEN,camera_emg_hold(int_A),,,
2863.0,2,59,50.0,0.847,3,0.0,3,0.0,6,1.0,3,1.0,0,0,0,0,45.0,2.0,3.0,1,EW_GREEN,camera_emg_hold(int_A),,,
2864.0,2,59,54.0,0.915,3,0.0,3,0.0,6,2.0,3,3.0,0,0,0,1,45.0,5.0,4.0,1,EW_GREEN,camera_emg_hold(int_A),,,
2865.0,2,59,58.0,0.983,3,0.0,3,0.0,6,3.0,3,5.0,0,0,0,1,45.0,8.0,5.0,1,EW_GREEN,camera_emg_hold(int_A),,,
2866.0,2,59,69.0,1.169,3,0.0,3,0.0,6,4.0,3,7.0,0,0,0,1,52.0,11.0,6.0,1,EW_GREEN,camera_emg_hold(int_A),,,
2867.0,2,60,73.0,1.217,3,0.0,3,0.0,7,5.0,3,9.0,0,0,0,1,52.0,14.0,7.0,1,EW_GREEN,camera_emg_hold(int_A),,,
2868.0,2,59,76.0,1.288,3,0.0,3,0.0,7,7.0,3,11.0,0,0,0,1,50.0,18.0,8.0,1,EW_GREEN,camera_emg_hold(int_A),,,
2869.0,2,58,79.0,1.362,3,0.0,3,0.0,7,9.0,3,13.0,0,0,0,1,48.0,22.0,9.0,1,EW_GREEN,camera_emg_hold(int_A),,,
2870.0,2,59,82.0,1.39,3,0.0,3,0.0,8,11.0,3,15.0,0,0,0,1,46.0,26.0,10.0,1,EW_GREEN,camera_emg_hold(int_A),,,
2871.0,2,54,87.0,1.611,2,0.0,2,0.0,8,13.0,3,17.0,0,0,0,1,46.0,30.0,11.0,1,EW_GREEN,camera_emg_hold(int_A),,,
2872.0,2,55,99.0,1.8,2,0.0,2,0.0,9,15.0,3,19.0,0,0,0,1,53.0,34.0,12.0,1,EW_GREEN,camera_emg_hold(int_A),,,
2873.0,2,52,106.0,2.038,1,0.0,2,0.0,9,17.0,3,21.0,0,0,0,1,55.0,38.0,13.0,1,EW_GREEN,camera_emg_hold(int_A),,,
2874.0,2,51,117.0,2.294,1,0.0,1,0.0,9,19.0,3,23.0,0,0,0,1,61.0,42.0,14.0,1,EW_GREEN,camera_emg_hold(int_A),,,
2875.0,2,51,123.0,2.412,1,0.0,1,0.0,9,21.0,3,25.0,0,0,0,1,62.0,46.0,15.0,1,EW_GREEN,camera_emg_hold(int_A),,,
2876.0,2,49,131.0,2.673,1,0.0,1,0.0,9,23.0,3,27.0,0,0,0,1,65.0,50.0,16.0,1,EW_GREEN,camera_emg_hold(int_A),,,
2877.0,2,49,140.0,2.857,1,0.0,1,0.0,10,25.0,3,29.0,0,0,0,1,69.0,54.0,17.0,1,EW_GREEN,camera_emg_hold(int_A),,,
2878.0,2,46,148.0,3.217,1,0.0,0,0.0,10,28.0,3,31.0,0,0,2,1,71.0,59.0,18.0,1,EW_GREEN,camera_emg_hold(int_A),,,
2879.0,2,44,158.0,3.591,0,0.0,0,0.0,10,31.0,3,33.0,0,0,2,1,75.0,64.0,19.0,1,EW_GREEN,camera_emg_hold(int_A),,,
2880.0,2,45,169.0,3.756,0,0.0,0,0.0,11,35.0,3,35.0,0,0,0,1,79.0,70.0,20.0,1,EW_GREEN,camera_emg_hold(int_A),,,
2881.0,2,49,178.0,3.633,2,0.0,2,0.0,11,39.0,3,37.0,0,0,0,1,81.0,76.0,21.0,1,EW_GREEN,camera_emg_hold(int_A),,,
2882.0,2,51,186.0,3.647,2,0.0,2,0.0,12,43.0,3,39.0,0,0,0,1,82.0,82.0,22.0,1,EW_GREEN,camera_emg_hold(int_A),,,
2883.0,2,51,197.0,3.863,2,0.0,2,0.0,12,47.0,3,41.0,0,0,0,1,86.0,88.0,23.0,1,EW_GREEN,camera_emg_hold(int_A),,,
2884.0,2,51,208.0,4.078,2,0.0,2,0.0,12,51.0,3,43.0,0,0,0,1,90.0,94.0,24.0,1,EW_GREEN,camera_emg_hold(int_A),,,
2885.0,2,51,219.0,4.294,2,0.0,2,0.0,12,55.0,3,45.0,0,0,0,1,94.0,100.0,25.0,1,EW_GREEN,camera_emg_hold(int_A),,,
2886.0,2,51,231.0,4.529,2,0.0,2,0.0,12,59.0,3,47.0,0,0,0,1,99.0,106.0,26.0,1,EW_GREEN,camera_emg_hold(int_A),,,
2887.0,2,53,244.0,4.604,2,0.0,2,0.0,13,63.0,3,49.0,0,0,0,1,105.0,112.0,27.0,1,EW_GREEN,camera_emg_hold(int_A),,,
2888.0,2,53,255.0,4.811,2,0.0,2,0.0,13,68.0,3,51.0,0,0,0,1,108.0,119.0,28.0,1,EW_GREEN,camera_emg_hold(int_A),,,
2889.0,2,53,268.0,5.057,2,0.0,2,0.0,13,73.0,3,53.0,0,0,0,1,113.0,126.0,29.0,1,EW_GREEN,camera_emg_hold(int_A),,,
2890.0,2,54,281.0,5.204,2,0.0,2,0.0,14,78.0,3,55.0,0,0,0,1,118.0,133.0,30.0,1,EW_GREEN,camera_emg_hold(int_A),,,
2891.0,2,54,294.0,5.444,2,0.0,2,0.0,14,83.0,3,57.0,0,0,0,1,123.0,140.0,31.0,1,EW_GREEN,camera_emg_hold(int_A),,,
2892.0,2,56,307.0,5.482,2,0.0,2,0.0,15,88.0,3,59.0,0,0,0,1,128.0,147.0,32.0,1,EW_GREEN,camera_emg_hold(int_A),,,
2893.0,2,56,320.0,5.714,2,0.0,2,0.0,15,93.0,3,61.0,0,0,0,1,133.0,154.0,33.0,1,EW_GREEN,camera_emg_hold(int_A),,,
2894.0,2,56,333.0,5.946,2,0.0,2,0.0,15,98.0,3,63.0,0,0,0,1,138.0,161.0,34.0,1,EW_GREEN,hold,,,
2895.0,2,55,311.0,5.655,2,0.0,1,0.0,15,103.0,3,65.0,0,0,0,1,143.0,168.0,0.0,1,EW_GREEN,hold,,,
2896.0,2,53,323.0,6.094,2,0.0,1,0.0,15,108.0,3,67.0,0,0,0,1,148.0,175.0,0.0,1,EW_GREEN,hold,,,
2897.0,2,54,336.0,6.222,1,0.0,1,0.0,16,113.0,4,69.0,0,0,0,1,154.0,182.0,0.0,1,EW_GREEN,hold,,,
2898.0,2,53,350.0,6.604,1,0.0,1,0.0,16,119.0,4,71.0,0,0,0,1,160.0,190.0,0.0,1,EW_GREEN,hold,,,
2899.0,2,53,367.0,6.925,1,0.0,1,0.0,16,126.0,5,74.0,0,0,0,0,167.0,200.0,0.0,1,EW_GREEN,hold,,,
2900.0,2,54,384.0,7.111,1,0.0,1,0.0,17,133.0,5,77.0,0,0,0,0,174.0,210.0,0.0,1,EW_GREEN,hold,,,
2901.0,2,55,404.0,7.345,1,0.0,1,0.0,17,142.0,5,80.0,0,0,3,0,182.0,222.0,0.0,1,EW_GREEN,hold,,,
2902.0,3,55,425.0,7.727,1,0.0,1,0.0,17,151.0,5,83.0,0,0,3,0,191.0,234.0,0.0,1,EW_GREEN,hold,,,
2903.0,3,57,446.0,7.825,1,0.0,1,0.0,18,160.0,6,86.0,0,0,3,0,200.0,246.0,0.0,1,EW_GREEN,hold,,,
2904.0,3,57,468.0,8.211,1,0.0,1,0.0,18,169.0,6,89.0,0,0,3,0,210.0,258.0,0.0,1,EW_GREEN,hold,,,
2905.0,0,53,299.0,5.642,2,0.0,2,0.0,15,71.0,4,7.0,0,0,2,0,221.0,78.0,0.0,1,EW_GREEN,hold,,,
2906.0,0,55,252.0,4.582,3,0.0,3,0.0,15,20.0,4,0.0,0,0,0,0,232.0,20.0,0.0,1,EW_GREEN,hold,,,
2907.0,0,57,246.0,4.316,3,0.0,3,0.0,16,1.0,4,0.0,0,0,0,0,244.0,1.0,1.0,1,EW_GREEN,hold,,,
2908.0,0,57,259.0,4.544,3,0.0,3,0.0,15,0.0,3,0.0,0,0,0,0,257.0,0.0,2.0,1,EW_GREEN,hold,,,
2909.0,0,56,273.0,4.875,3,0.0,3,0.0,13,0.0,3,0.0,0,0,0,0,270.0,0.0,3.0,1,EW_GREEN,hold,,,
2910.0,0,56,285.0,5.089,3,0.0,3,0.0,12,0.0,3,0.0,0,0,0,0,285.0,0.0,0.0,1,EW_YELLOW,pressure_ns,,,
2911.0,3,59,301.0,5.102,3,0.0,3,0.0,13,0.0,3,0.0,0,0,0,0,301.0,0.0,0.0,1,EW_YELLOW,hold,,,
2912.0,3,61,318.0,5.213,3,0.0,3,0.0,13,0.0,3,0.0,0,0,0,0,318.0,0.0,0.0,1,EW_YELLOW,hold,,,
2913.0,3,63,334.0,5.302,3,0.0,3,0.0,14,0.0,3,0.0,0,0,0,0,334.0,0.0,0.0,1,NS_GREEN,yellow_end,,,
2914.0,0,59,334.0,5.661,3,0.0,3,0.0,11,0.0,3,0.0,0,0,0,0,334.0,0.0,0.0,1,NS_GREEN,hold,,,
2915.0,0,59,332.0,5.627,3,0.0,3,0.0,11,0.0,3,0.0,0,0,0,0,332.0,0.0,0.0,1,NS_GREEN,hold,,,
2916.0,0,60,332.0,5.533,3,0.0,3,0.0,11,0.0,3,0.0,0,0,0,0,332.0,0.0,0.0,1,NS_GREEN,hold,,,
2917.0,0,62,333.0,5.371,3,0.0,3,0.0,9,0.0,3,0.0,0,0,0,0,333.0,0.0,0.0,1,NS_GREEN,hold,,,
2918.0,0,64,333.0,5.203,3,0.0,3,0.0,9,0.0,3,0.0,0,0,0,0,333.0,0.0,0.0,1,NS_GREEN,hold,,,
2919.0,0,64,333.0,5.203,3,0.0,3,0.0,8,0.0,3,0.0,0,0,0,0,333.0,0.0,0.0,1,NS_GREEN,hold,,,
2920.0,0,64,336.0,5.25,3,0.0,3,0.0,8,0.0,3,0.0,0,0,0,0,336.0,0.0,0.0,1,NS_GREEN,hold,,,
2921.0,0,65,350.0,5.385,3,0.0,3,0.0,9,0.0,3,0.0,0,0,0,0,350.0,0.0,0.0,1,NS_GREEN,hold,,,
2922.0,0,65,350.0,5.385,3,1.0,3,0.0,8,0.0,3,0.0,0,0,0,0,349.0,1.0,0.0,1,NS_GREEN,hold,,,
2923.0,0,68,354.0,5.206,3,2.0,3,1.0,9,0.0,3,0.0,0,0,0,0,351.0,3.0,0.0,1,NS_GREEN,hold,,,
2924.0,0,68,359.0,5.279,3,4.0,3,2.0,9,0.0,3,0.0,1,2,0,0,353.0,6.0,0.0,1,NS_GREEN,hold,,,
2925.0,0,68,363.0,5.338,3,4.0,3,4.0,10,0.0,3,0.0,0,2,0,0,355.0,8.0,0.0,1,NS_GREEN,hold,,,
2926.0,0,68,370.0,5.441,3,5.0,3,6.0,10,0.0,3,0.0,0,1,0,0,359.0,11.0,0.0,1,NS_GREEN,hold,,,
2927.0,0,65,374.0,5.754,3,6.0,3,5.0,8,0.0,2,0.0,0,0,0,0,363.0,11.0,0.0,1,NS_GREEN,hold,,,
2928.0,0,66,390.0,5.909,3,7.0,3,6.0,8,0.0,1,0.0,0,0,0,0,377.0,13.0,0.0,1,NS_GREEN,hold,,,
2929.0,0,68,397.0,5.838,4,9.0,4,7.0,8,0.0,1,0.0,0,0,0,0,381.0,16.0,0.0,1,NS_GREEN,hold,,,
2930.0,0,69,406.0,5.884,4,11.0,4,9.0,9,0.0,1,0.0,0,0,0,0,386.0,20.0,0.0,1,NS_GREEN,hold,,,
2931.0,0,68,410.0,6.029,4,13.0,4,11.0,9,0.0,1,0.0,0,0,0,0,386.0,24.0,0.0,1,NS_GREEN,hold,,,
2932.0,0,67,417.0,6.224,4,15.0,4,13.0,9,0.0,0,0.0,0,0,0,0,389.0,28.0,0.0,1,NS_GREEN,hold,,,
2933.0,0,67,423.0,6.313,4,17.0,4,15.0,9,0.0,0,0.0,0,0,0,0,391.0,32.0,0.0,1,NS_GREEN,hold,,,
2934.0,0,70,428.0,6.114,4,19.0,4,17.0,10,0.0,1,0.0,0,0,0,0,392.0,36.0,0.0,1,NS_GREEN,hold,,,
2935.0,0,69,444.0,6.435,4,21.0,4,19.0,10,0.0,1,0.0,0,0,0,0,403.0,40.0,1.0,1,NS_GREEN,hold,,,
2936.0,0,70,449.0,6.414,4,23.0,4,21.0,11,0.0,1,0.0,0,0,0,0,403.0,44.0,2.0,1,NS_GREEN,hold,,,
2937.0,0,70,453.0,6.471,4,25.0,4,23.0,11,0.0,1,0.0,0,0,0,0,402.0,48.0,3.0,1,NS_GREEN,hold,,,
2938.0,0,69,458.0,6.638,4,27.0,4,25.0,11,0.0,1,0.0,0,0,0,0,402.0,52.0,4.0,1,NS_GREEN,hold,,,
2939.0,0,63,223.0,3.54,4,29.0,4,27.0,10,0.0,1,0.0,0,0,0,0,162.0,56.0,5.0,1,NS_GREEN,hold,,,
2940.0,0,64,70.0,1.094,4,31.0,4,29.0,11,0.0,1,0.0,0,0,0,0,4.0,60.0,6.0,1,NS_GREEN,hold,,,
2941.0,0,64,77.0,1.203,4,33.0,4,31.0,11,0.0,1,0.0,0,0,0,0,6.0,64.0,7.0,2,NS_GREEN,hold,,,
2942.0,0,62,85.0,1.371,4,35.0,4,33.0,11,0.0,1,0.0,0,0,0,0,9.0,68.0,8.0,2,NS_GREEN,hold,,,
2943.0,0,61,93.0,1.525,4,37.0,4,35.0,10,0.0,1,0.0,0,0,0,0,12.0,72.0,9.0,2,NS_GREEN,camera_emg_hold(int_C),,,
2944.0,0,61,92.0,1.508,4,39.0,4,37.0,10,0.0,1,0.0,0,0,0,0,16.0,76.0,0.0,2,NS_GREEN,camera_emg_hold(int_C),,,
2945.0,0,58,102.0,1.759,4,42.0,4,39.0,8,0.0,1,0.0,2,0,0,0,21.0,81.0,0.0,2,NS_GREEN,camera_emg_hold(int_C),,,
2946.0,0,58,114.0,1.966,4,45.0,4,42.0,8,0.0,1,0.0,2,2,0,0,27.0,87.0,0.0,2,NS_GREEN,camera_emg_hold(int_C),,,
2947.0,0,59,126.0,2.136,4,48.0,4,45.0,8,0.0,1,0.0,2,2,0,0,33.0,93.0,0.0,2,NS_GREEN,camera_emg_hold(int_C),,,
2948.0,0,60,139.0,2.317,4,51.0,4,48.0,8,0.0,2,0.0,2,2,0,0,40.0,99.0,0.0,2,NS_GREEN,camera_emg_hold(int_C),,,
2949.0,0,59,154.0,2.61,4,54.0,4,51.0,8,0.0,2,0.0,2,2,0,0,47.0,105.0,2.0,2,NS_GREEN,camera_emg_hold(int_C),,,
2950.0,0,61,170.0,2.787,4,57.0,4,54.0,9,0.0,2,0.0,2,2,0,0,55.0,111.0,4.0,2,NS_GREEN,camera_emg_hold(int_C),,,
2951.0,0,61,187.0,3.066,4,60.0,4,57.0,9,0.0,2,0.0,2,2,0,0,63.0,117.0,7.0,2,NS_GREEN,camera_emg_hold(int_C),,,
2952.0,0,60,206.0,3.433,4,63.0,4,60.0,9,0.0,2,0.0,2,2,0,0,72.0,123.0,11.0,1,NS_GREEN,camera_emg_hold(int_C),,,
2953.0,0,64,226.0,3.531,5,66.0,5,63.0,8,0.0,2,0.0,0,0,0,0,82.0,129.0,15.0,1,NS_GREEN,camera_emg_hold(int_C),,,
2954.0,0,68,248.0,3.647,6,69.0,6,66.0,8,0.0,3,0.0,0,0,0,0,93.0,135.0,20.0,2,NS_GREEN,camera_emg_hold(int_C),,,
2955.0,0,67,270.0,4.03,6,72.0,6,69.0,7,0.0,3,0.0,0,0,0,0,104.0,141.0,25.0,2,NS_GREEN,camera_emg_hold(int_C),,,
2956.0,1,67,294.0,4.388,6,75.0,6,72.0,6,0.0,3,0.0,0,0,0,0,116.0,147.0,31.0,2,NS_GREEN,"camera_emg_hold(int_B,int_C)",,,
2957.0,2,65,193.0,2.969,4,13.0,4,12.0,6,0.0,3,0.0,0,0,0,0,129.0,25.0,39.0,2,NS_GREEN,"camera_emg_hold(int_B,int_C)",,,
2958.0,2,62,189.0,3.048,4,0.0,4,0.0,6,0.0,3,0.0,0,0,0,0,142.0,0.0,47.0,2,NS_GREEN,"camera_emg_hold(int_B,int_C)",,,
2959.0,2,64,212.0,3.312,4,0.0,4,0.0,7,0.0,3,0.0,0,0,0,0,156.0,0.0,56.0,2,NS_GREEN,"camera_emg_hold(int_B,int_C)",,,
2960.0,2,64,237.0,3.703,4,0.0,4,0.0,7,0.0,3,0.0,0,0,0,0,172.0,0.0,65.0,2,NS_GREEN,"camera_emg_hold(int_B,int_C)",,,
2961.0,2,64,263.0,4.109,4,0.0,4,0.0,7,0.0,3,0.0,0,0,0,0,187.0,0.0,76.0,2,NS_GREEN,"camera_emg_hold(int_B,int_C)",,,
2962.0,2,63,290.0,4.603,4,1.0,4,0.0,7,0.0,3,0.0,0,0,0,0,204.0,1.0,85.0,2,NS_GREEN,"camera_emg_hold(int_B,int_C)",,,
2963.0,2,62,319.0,5.145,4,2.0,3,0.0,7,0.0,3,0.0,0,0,0,0,221.0,2.0,96.0,2,NS_GREEN,"camera_emg_hold(int_B,int_C)",,,
2964.0,2,64,344.0,5.375,4,3.0,3,0.0,7,0.0,3,0.0,0,0,0,0,234.0,3.0,107.0,2,NS_GREEN,"camera_emg_hold(int_B,int_C)",,,
2965.0,2,65,373.0,5.738,4,4.0,3,0.0,7,0.0,3,0.0,0,0,0,0,251.0,4.0,118.0,2,NS_GREEN,"camera_emg_hold(int_B,int_C)",,,
2966.0,2,64,399.0,6.234,3,0.0,3,0.0,7,1.0,3,0.0,0,0,0,0,269.0,1.0,129.0,2,NS_GREEN,"camera_emg_hold(int_B,int_C)",,,
2967.0,2,62,431.0,6.952,3,0.0,2,0.0,7,3.0,3,0.0,0,0,0,0,288.0,3.0,140.0,2,NS_GREEN,"camera_emg_hold(int_B,int_C)",,,
2968.0,2,60,465.0,7.75,3,0.0,2,0.0,7,5.0,3,1.0,0,0,0,0,308.0,6.0,151.0,2,NS_GREEN,"camera_emg_hold(int_B,int_C)",,,
2969.0,2,62,499.0,8.048,3,0.0,2,0.0,8,7.0,4,2.0,0,0,0,0,328.0,9.0,162.0,2,NS_GREEN,"camera_emg_hold(int_B,int_C)",,,
2970.0,2,60,536.0,8.933,3,0.0,1,0.0,8,10.0,4,3.0,0,0,1,0,350.0,13.0,173.0,2,NS_GREEN,"camera_emg_hold(int_B,int_C)",,,
2971.0,2,61,574.0,9.41,2,0.0,1,0.0,8,13.0,5,4.0,0,0,1,0,373.0,17.0,184.0,2,NS_GREEN,"camera_emg_hold(int_B,int_C)",,,
2972.0,2,62,610.0,9.839,2,0.0,1,0.0,9,16.0,5,5.0,0,0,1,0,394.0,21.0,195.0,2,NS_GREEN,"camera_emg_hold(int_B,int_C)",,,
2973.0,2,62,649.0,10.468,2,0.0,1,0.0,9,19.0,5,6.0,0,0,1,0,417.0,25.0,207.0,2,NS_GREEN,"camera_emg_hold(int_B,int_C)",,,
2974.0,2,64,689.0,10.766,2,0.0,1,0.0,9,22.0,5,7.0,0,0,1,0,441.0,29.0,219.0,2,NS_GREEN,"camera_emg_hold(int_B,int_C)",,,
2975.0,2,63,730.0,11.587,1,0.0,1,0.0,9,26.0,5,8.0,0,0,3,0,465.0,34.0,231.0,2,NS_GREEN,"camera_emg_hold(int_B,int_C)",,,
2976.0,2,63,772.0,12.254,1,0.0,1,0.0,9,31.0,5,9.0,0,0,3,0,489.0,40.0,243.0,2,NS_GREEN,"camera_emg_hold(int_B,int_C)",,,
2977.0,2,65,815.0,12.538,2,0.0,2,0.0,9,36.0,5,10.0,0,0,3,0,513.0,46.0,256.0,2,NS_GREEN,"camera_emg_hold(int_B,int_C)",,,
2978.0,2,66,859.0,13.015,2,0.0,2,0.0,9,41.0,5,12.0,0,0,3,0,537.0,53.0,269.0,2,NS_GREEN,"camera_emg_hold(int_B,int_C)",,,
2979.0,2,66,903.0,13.682,2,0.0,2,0.0,9,46.0,5,14.0,0,0,2,0,561.0,60.0,282.0,2,NS_GREEN,"camera_emg_hold(int_B,int_C)",,,
2980.0,2,67,949.0,14.164,2,0.0,2,0.0,9,51.0,5,17.0,0,0,2,0,585.0,68.0,296.0,2,NS_GREEN,"camera_emg_hold(int_B,int_C)",,,
2981.0,2,66,995.0,15.076,2,0.0,2,0.0,9,56.0,5,20.0,0,0,2,0,609.0,76.0,310.0,2,NS_GREEN,"camera_emg_hold(int_B,int_C)",,,
2982.0,2,67,1043.0,15.567,2,0.0,2,0.0,10,61.0,5,23.0,0,0,2,0,633.0,84.0,326.0,2,NS_GREEN,"camera_emg_hold(int_B,int_C)",,,
2983.0,2,67,1092.0,16.299,2,0.0,2,0.0,10,66.0,5,26.0,0,0,2,0,657.0,92.0,343.0,2,NS_GREEN,"camera_emg_hold(int_B,int_C)",,,
2984.0,2,67,1094.0,16.328,2,0.0,2,0.0,10,71.0,5,29.0,0,0,2,0,634.0,100.0,360.0,2,NS_GREEN,"camera_emg_hold(int_B,int_C)",,,
2985.0,2,67,1097.0,16.373,2,0.0,2,0.0,10,77.0,5,32.0,0,0,4,0,611.0,109.0,377.0,2,NS_GREEN,"camera_emg_hold(int_B,int_C)",,,
2986.0,2,67,1100.0,16.418,2,0.0,2,0.0,10,83.0,5,35.0,0,0,4,0,588.0,118.0,394.0,2,NS_GREEN,"camera_emg_hold(int_B,int_C)",,,
2987.0,2,66,1103.0,16.712,2,0.0,2,0.0,10,89.0,5,38.0,0,0,4,0,565.0,127.0,411.0,2,NS_GREEN,"camera_emg_hold(int_B,int_C)",,,
2988.0,2,67,1105.0,16.493,2,0.0,2,0.0,11,95.0,5,41.0,0,0,2,0,541.0,136.0,428.0,2,NS_GREEN,"camera_emg_hold(int_B,int_C)",,,
2989.0,2,69,1106.0,16.029,2,0.0,2,0.0,11,101.0,5,44.0,0,0,2,0,516.0,145.0,445.0,2,NS_GREEN,"camera_emg_hold(int_B,int_C)",,,
2990.0,2,69,1108.0,16.058,2,0.0,2,0.0,11,108.0,5,47.0,0,0,2,0,491.0,155.0,462.0,2,NS_GREEN,"camera_emg_hold(int_B,int_C)",,,
2991.0,2,69,1111.0,16.101,2,0.0,2,0.0,11,115.0,5,50.0,0,0,2,0,466.0,165.0,480.0,2,NS_GREEN,"camera_emg_hold(int_B,int_C)",,,
2992.0,2,66,1115.0,16.894,1,0.0,1,0.0,11,122.0,5,53.0,0,0,2,0,442.0,175.0,498.0,2,NS_GREEN,"camera_emg_hold(int_B,int_C)",,,
2993.0,2,66,1118.0,16.939,1,0.0,1,0.0,11,129.0,5,56.0,0,0,2,0,417.0,185.0,516.0,2,NS_GREEN,"camera_emg_hold(int_B,int_C)",,,
2994.0,2,66,1121.0,16.985,1,0.0,1,0.0,12,136.0,5,59.0,0,0,2,0,392.0,195.0,534.0,2,NS_GREEN,"camera_emg_hold(int_B,int_C)",,,
2995.0,2,67,1166.0,17.403,1,0.0,1,0.0,12,143.0,5,62.0,0,0,2,0,409.0,205.0,552.0,2,NS_GREEN,"camera_emg_hold(int_B,int_C)",,,
2996.0,2,68,1168.0,17.176,1,0.0,1,0.0,13,150.0,5,65.0,0,0,2,0,383.0,215.0,570.0,2,NS_GREEN,"camera_emg_hold(int_B,int_C)",,,
2997.0,2,67,1172.0,17.493,1,0.0,0,0.0,13,157.0,5,68.0,0,0,0,1,359.0,225.0,588.0,2,NS_GREEN,"camera_emg_hold(int_B,int_C)",,,
2998.0,2,66,1176.0,17.818,0,0.0,0,0.0,13,164.0,5,71.0,0,0,0,2,335.0,235.0,606.0,2,NS_GREEN,"camera_emg_hold(int_B,int_C)",,,
2999.0,2,65,1181.0,18.169,0,0.0,0,0.0,13,171.0,5,74.0,0,0,0,2,311.0,245.0,625.0,2,NS_GREEN,"camera_emg_hold(int_B,int_C)",,,
3000.0,2,66,1187.0,17.985,0,0.0,0,0.0,14,178.0,5,77.0,0,0,0,2,288.0,255.0,644.0,2,NS_GREEN,"camera_emg_hold(int_B,int_C)",,,
3001.0,2,69,1187.0,17.203,2,0.0,2,0.0,14,186.0,5,81.0,0,0,0,4,257.0,267.0,663.0,2,NS_GREEN,"camera_emg_hold(int_B,int_C)",,,
3002.0,2,71,1224.0,17.239,3,0.0,3,0.0,14,194.0,5,85.0,0,0,0,4,262.0,279.0,683.0,2,NS_GREEN,"camera_emg_hold(int_B,int_C)",,,
3003.0,2,71,1225.0,17.254,3,0.0,3,0.0,15,203.0,5,90.0,0,0,0,5,229.0,293.0,703.0,2,NS_GREEN,camera_emg_hold(int_B),,,
3004.0,2,70,1222.0,17.457,3,0.0,3,0.0,15,212.0,5,91.0,0,0,0,3,196.0,303.0,723.0,2,NS_GREEN,camera_emg_hold(int_B),,,
3005.0,2,71,1218.0,17.155,3,0.0,3,0.0,16,218.0,5,95.0,0,0,0,3,162.0,313.0,743.0,2,NS_GREEN,camera_emg_hold(int_B),,,
3006.0,2,72,1216.0,16.889,3,0.0,3,0.0,16,226.0,6,99.0,0,0,0,3,128.0,325.0,763.0,2,NS_GREEN,camera_emg_hold(int_B),,,
3007.0,2,72,1213.0,16.847,3,0.0,3,0.0,16,234.0,7,104.0,0,0,0,2,92.0,338.0,783.0,2,NS_GREEN,camera_emg_hold(int_B),,,
3008.0,2,73,1214.0,16.63,3,0.0,3,0.0,17,243.0,7,109.0,0,0,0,2,59.0,352.0,803.0,2,NS_GREEN,camera_emg_hold(int_B),,,
3009.0,2,73,1211.0,16.589,3,0.0,3,0.0,17,252.0,7,114.0,0,0,0,2,22.0,366.0,823.0,2,NS_GREEN,camera_emg_hold(int_B),,,
3010.0,2,73,1245.0,17.055,3,0.0,3,0.0,17,261.0,7,119.0,0,0,0,2,22.0,380.0,843.0,2,NS_GREEN,camera_emg_hold(int_B),,,
3011.0,2,73,1279.0,17.521,3,0.0,3,0.0,17,270.0,7,124.0,0,0,0,2,22.0,394.0,863.0,2,NS_GREEN,camera_emg_hold(int_B),,,
3012.0,2,73,1319.0,18.068,3,0.0,3,0.0,17,279.0,7,129.0,0,0,0,2,28.0,408.0,883.0,2,NS_GREEN,camera_emg_hold(int_B),,,
3013.0,2,74,1354.0,18.297,3,0.0,3,0.0,18,288.0,7,134.0,0,0,0,2,29.0,422.0,903.0,2,NS_GREEN,camera_emg_hold(int_B),,,
3014.0,2,73,1386.0,18.986,3,0.0,3,0.0,18,297.0,7,139.0,0,0,0,2,27.0,436.0,923.0,2,NS_GREEN,camera_emg_hold(int_B),,,
3015.0,2,73,1419.0,19.438,2,0.0,3,0.0,18,306.0,7,144.0,0,0,0,2,26.0,450.0,943.0,2,NS_GREEN,camera_emg_hold(int_B),,,
3016.0,2,72,1453.0,20.181,1,0.0,2,0.0,19,316.0,7,149.0,0,0,0,2,25.0,465.0,963.0,2,NS_GREEN,hold,,,
3017.0,2,73,1489.0,20.397,1,0.0,2,0.0,19,326.0,7,154.0,0,0,0,2,26.0,480.0,983.0,2,NS_GREEN,hold,,,
3018.0,2,73,1527.0,20.918,1,0.0,2,0.0,19,337.0,7,159.0,0,0,0,2,28.0,496.0,1003.0,2,NS_GREEN,hold,,,
3019.0,2,73,1567.0,21.466,1,0.0,2,0.0,19,348.0,7,164.0,0,0,0,2,32.0,512.0,1023.0,2,NS_GREEN,hold,,,
3020.0,2,72,1603.0,22.264,1,0.0,2,0.0,19,359.0,7,169.0,0,0,0,2,32.0,528.0,1043.0,2,NS_GREEN,hold,,,
3021.0,2,73,1643.0,22.507,1,0.0,2,0.0,20,370.0,7,174.0,0,0,0,2,36.0,544.0,1063.0,2,NS_GREEN,hold,,,
3022.0,2,73,1679.0,23.0,1,0.0,1,0.0,20,381.0,7,179.0,0,0,0,2,36.0,560.0,1083.0,2,NS_GREEN,hold,,,
3023.0,2,72,1716.0,23.833,1,0.0,1,0.0,20,392.0,7,184.0,0,0,0,2,37.0,576.0,1103.0,2,NS_GREEN,hold,,,
3024.0,2,73,1754.0,24.027,1,0.0,1,0.0,21,403.0,7,189.0,0,0,0,2,39.0,592.0,1123.0,2,NS_GREEN,hold,,,
3025.0,2,77,1792.0,23.273,2,0.0,2,0.0,21,414.0,7,194.0,0,0,0,2,41.0,608.0,1143.0,2,NS_GREEN,hold,,,
3026.0,2,80,1830.0,22.875,2,0.0,2,0.0,22,425.0,7,199.0,0,0,0,2,43.0,624.0,1163.0,2,NS_GREEN,hold,,,
3027.0,2,80,1868.0,23.35,2,0.0,2,0.0,22,436.0,7,204.0,0,0,0,2,45.0,640.0,1183.0,2,NS_GREEN,hold,,,
3028.0,2,81,1907.0,23.543,2,0.0,2,0.0,23,448.0,7,209.0,0,0,0,2,47.0,657.0,1203.0,2,NS_GREEN,hold,,,
3029.0,2,80,1897.0,23.712,2,0.0,2,0.0,23,460.0,7,214.0,0,0,0,2,0.0,674.0,1223.0,2,NS_GREEN,hold,,,
3030.0,2,80,1935.0,24.188,2,0.0,2,0.0,23,472.0,7,219.0,0,0,0,2,1.0,691.0,1243.0,2,NS_GREEN,hold,,,
3031.0,2,80,1975.0,24.688,2,0.0,2,0.0,23,485.0,7,224.0,0,0,0,2,3.0,709.0,1263.0,2,NS_GREEN,hold,,,
3032.0,2,80,2015.0,25.188,2,0.0,2,0.0,23,498.0,7,229.0,0,0,0,2,5.0,727.0,1283.0,2,NS_GREEN,hold,,,
3033.0,2,80,2056.0,25.7,2,0.0,2,0.0,23,511.0,7,234.0,0,0,0,2,8.0,745.0,1303.0,2,NS_GREEN,hold,,,
3034.0,2,80,2097.0,26.212,2,0.0,2,0.0,23,524.0,7,239.0,0,0,0,2,11.0,763.0,1323.0,2,NS_GREEN,hold,,,
3035.0,2,81,2142.0,26.444,2,0.0,2,0.0,24,540.0,7,244.0,0,0,6,2,15.0,784.0,1343.0,2,NS_GREEN,hold,,,
3036.0,2,82,2187.0,26.671,2,0.0,2,0.0,24,556.0,7,249.0,0,0,0,2,19.0,805.0,1363.0,2,NS_GREEN,hold,,,
3037.0,2,83,2234.0,26.916,2,0.0,2,0.0,24,573.0,7,254.0,0,0,0,2,24.0,827.0,1383.0,2,NS_GREEN,hold,,,
3038.0,2,83,2282.0,27.494,2,0.0,2,0.0,24,590.0,7,260.0,0,0,0,7,29.0,850.0,1403.0,2,NS_GREEN,hold,,,
3039.0,2,81,2332.0,28.79,1,0.0,1,0.0,24,607.0,7,267.0,0,0,0,7,35.0,874.0,1423.0,2,NS_GREEN,hold,,,
3040.0,2,79,2383.0,30.165,1,0.0,1,0.0,24,624.0,7,274.0,0,0,0,7,42.0,898.0,1443.0,2,NS_GREEN,hold,,,
3041.0,2,79,2427.0,30.722,1,0.0,1,0.0,24,634.0,8,281.0,0,0,0,4,49.0,915.0,1463.0,2,NS_GREEN,hold,,,
3042.0,2,80,2478.0,30.975,1,0.0,1,0.0,25,650.0,8,288.0,0,0,5,4,57.0,938.0,1483.0,2,NS_GREEN,hold,,,
3043.0,2,81,2530.0,31.235,1,0.0,1,0.0,25,666.0,9,295.0,0,0,0,2,66.0,961.0,1503.0,2,NS_GREEN,hold,,,
3044.0,2,81,2583.0,31.889,1,0.0,1,0.0,25,683.0,9,302.0,0,0,0,2,75.0,985.0,1523.0,2,NS_GREEN,hold,,,
3045.0,2,82,2637.0,32.159,1,0.0,1,0.0,26,700.0,9,309.0,0,0,0,2,85.0,1009.0,1543.0,2,NS_GREEN,hold,,,
3046.0,2,83,2694.0,32.458,1,0.0,1,0.0,26,719.0,9,316.0,0,0,0,2,96.0,1035.0,1563.0,2,NS_GREEN,hold,,,
3047.0,2,83,2752.0,33.157,1,0.0,1,0.0,26,738.0,9,323.0,0,0,0,2,107.0,1061.0,1584.0,2,NS_GREEN,hold,,,
3048.0,2,81,2512.0,31.012,1,0.0,1,0.0,26,757.0,9,330.0,0,0,0,2,118.0,1087.0,1307.0,2,NS_GREEN,hold,,,
3049.0,2,82,2307.0,28.134,2,0.0,2,0.0,26,776.0,9,337.0,0,0,0,2,130.0,1113.0,1064.0,2,NS_GREEN,hold,,,
3050.0,2,84,2122.0,25.262,3,0.0,3,0.0,26,796.0,9,344.0,0,0,0,2,143.0,1140.0,839.0,2,NS_GREEN,hold,,,
3051.0,2,82,1948.0,23.756,3,0.0,3,0.0,26,816.0,9,351.0,0,0,0,2,157.0,1167.0,624.0,2,NS_GREEN,hold,,,
3052.0,2,83,1903.0,22.928,3,0.0,3,0.0,27,836.0,9,358.0,0,0,0,2,172.0,1194.0,537.0,2,NS_GREEN,hold,,,
3053.0,2,83,1858.0,22.386,3,0.0,3,0.0,27,856.0,9,365.0,0,0,0,2,187.0,1221.0,450.0,2,NS_GREEN,hold,,,
3054.0,2,83,1908.0,22.988,3,0.0,3,0.0,27,876.0,9,372.0,0,0,0,2,203.0,1248.0,457.0,2,NS_GREEN,hold,,,
3055.0,2,84,1866.0,22.214,3,0.0,3,0.0,27,897.0,9,379.0,0,0,0,2,220.0,1276.0,370.0,2,NS_GREEN,hold,,,
3056.0,2,85,1825.0,21.471,3,0.0,3,0.0,27,918.0,9,386.0,0,0,7,2,237.0,1304.0,284.0,2,NS_GREEN,hold,,,
3057.0,2,85,1795.0,21.118,3,0.0,3,0.0,27,939.0,9,393.0,0,0,9,2,255.0,1332.0,208.0,2,NS_GREEN,hold,,,
3058.0,3,85,1778.0,20.918,3,0.0,3,0.0,27,961.0,9,400.0,0,0,9,2,274.0,1361.0,143.0,2,NS_GREEN,hold,,,
3059.0,3,85,1775.0,20.882,3,0.0,3,0.0,27,984.0,9,407.0,0,0,8,2,292.0,1391.0,92.0,2,NS_GREEN,hold,,,
3060.0,3,85,1772.0,20.847,3,0.0,3,0.0,27,1005.0,9,414.0,0,0,8,2,310.0,1419.0,43.0,2,NS_GREEN,hold,,,
3061.0,0,81,1296.0,16.0,3,0.0,3,0.0,24,744.0,6,184.0,0,0,7,1,330.0,928.0,38.0,1,NS_YELLOW,congestion_max,,,
3062.0,1,82,933.0,11.378,3,0.0,3,0.0,25,510.0,6,24.0,0,0,0,0,352.0,534.0,47.0,1,NS_YELLOW,hold,,,
3063.0,1,83,778.0,9.373,3,0.0,3,0.0,25,348.0,6,0.0,0,0,0,0,374.0,348.0,56.0,1,NS_YELLOW,hold,,,
3064.0,1,86,677.0,7.872,3,0.0,3,0.0,25,215.0,6,0.0,0,0,0,0,396.0,215.0,66.0,2,EW_GREEN,yellow_end,,,
3065.0,2,87,627.0,7.207,2,0.0,2,0.0,25,131.0,6,0.0,0,0,0,0,419.0,131.0,77.0,2,EW_GREEN,hold,,,
3066.0,2,87,600.0,6.897,2,0.0,2,0.0,25,69.0,6,1.0,0,0,0,0,442.0,70.0,88.0,2,EW_GREEN,hold,,,
3067.0,2,87,597.0,6.862,2,0.0,1,0.0,25,28.0,6,3.0,0,0,0,1,466.0,31.0,100.0,2,EW_GREEN,hold,,,
3068.0,2,84,586.0,6.976,1,0.0,1,0.0,25,17.0,6,6.0,0,0,0,1,490.0,23.0,73.0,2,EW_GREEN,hold,,,
3069.0,2,82,594.0,7.244,1,0.0,1,0.0,25,25.0,6,9.0,0,0,0,1,514.0,34.0,46.0,2,EW_GREEN,hold,,,
3070.0,2,82,625.0,7.622,1,0.0,1,0.0,25,34.0,6,13.0,0,0,0,1,538.0,47.0,40.0,2,EW_GREEN,hold,,,
3071.0,2,81,658.0,8.123,1,0.0,1,0.0,25,44.0,6,17.0,0,0,0,1,562.0,61.0,35.0,2,EW_GREEN,hold,,,
3072.0,2,81,692.0,8.543,1,0.0,1,0.0,26,56.0,6,21.0,0,0,0,1,586.0,77.0,29.0,2,EW_GREEN,hold,,,
3073.0,2,84,732.0,8.714,2,0.0,2,0.0,26,70.0,6,26.0,0,0,0,4,610.0,96.0,26.0,2,EW_GREEN,hold,,,
3074.0,2,81,729.0,9.0,2,0.0,2,0.0,26,86.0,6,32.0,0,0,7,6,589.0,118.0,22.0,2,EW_GREEN,hold,,,
3075.0,2,80,728.0,9.1,2,0.0,2,0.0,26,105.0,6,38.0,0,0,15,6,567.0,143.0,18.0,2,EW_GREEN,hold,,,
3076.0,2,81,727.0,8.975,2,0.0,2,0.0,27,124.0,6,44.0,0,0,15,6,545.0,168.0,14.0,2,EW_GREEN,hold,,,
3077.0,2,81,729.0,9.0,2,0.0,2,0.0,27,146.0,6,50.0,0,0,15,6,523.0,196.0,10.0,1,EW_GREEN,hold,,,
3078.0,2,81,732.0,9.037,2,0.0,2,0.0,28,168.0,6,56.0,0,0,8,6,501.0,224.0,7.0,1,EW_GREEN,hold,,,
3079.0,2,81,734.0,9.062,2,0.0,2,0.0,28,191.0,6,62.0,0,0,8,6,479.0,253.0,2.0,1,EW_GREEN,hold,,,
3080.0,2,78,741.0,9.5,2,0.0,2,0.0,28,214.0,6,68.0,0,0,8,6,456.0,282.0,3.0,1,EW_GREEN,hold,,,
3081.0,2,80,750.0,9.375,2,0.0,2,0.0,29,238.0,7,74.0,0,0,8,3,434.0,312.0,4.0,1,EW_GREEN,hold,,,
3082.0,2,79,758.0,9.595,2,0.0,2,0.0,29,262.0,7,80.0,0,0,8,3,411.0,342.0,5.0,1,EW_GREEN,hold,,,
3083.0,2,79,767.0,9.709,2,0.0,2,0.0,29,286.0,7,86.0,0,0,8,3,389.0,372.0,6.0,1,EW_GREEN,hold,,,
3084.0,2,77,775.0,10.065,2,0.0,2,0.0,29,310.0,7,92.0,0,0,8,3,366.0,402.0,7.0,1,EW_GREEN,hold,,,
3085.0,2,78,785.0,10.064,2,0.0,2,0.0,30,334.0,7,98.0,0,0,8,3,345.0,432.0,8.0,1,EW_GREEN,hold,,,
3086.0,2,77,825.0,10.714,2,0.0,2,0.0,30,358.0,7,104.0,0,0,0,3,354.0,462.0,9.0,1,EW_GREEN,hold,,,
3087.0,2,78,829.0,10.628,2,0.0,2,0.0,31,382.0,7,110.0,0,0,8,3,327.0,492.0,10.0,2,EW_GREEN,hold,,,
3088.0,2,77,833.0,10.818,2,0.0,2,0.0,31,406.0,7,116.0,0,0,8,3,300.0,522.0,11.0,2,EW_GREEN,hold,,,
3089.0,2,75,837.0,11.16,1,0.0,1,0.0,31,430.0,7,122.0,0,0,8,3,273.0,552.0,12.0,2,EW_GREEN,hold,,,
3090.0,2,74,840.0,11.351,1,0.0,1,0.0,32,454.0,7,128.0,0,0,8,3,245.0,582.0,13.0,2,EW_GREEN,hold,,,
3091.0,2,74,879.0,11.878,1,0.0,1,0.0,32,479.0,7,134.0,0,0,8,3,252.0,613.0,14.0,2,EW_GREEN,hold,,,
3092.0,2,73,882.0,12.082,1,0.0,1,0.0,32,504.0,7,140.0,0,0,8,3,223.0,644.0,15.0,2,EW_GREEN,hold,,,
3093.0,2,73,885.0,12.123,1,0.0,1,0.0,32,529.0,7,146.0,0,0,0,3,194.0,675.0,16.0,2,EW_GREEN,hold,,,
3094.0,2,72,889.0,12.347,1,0.0,1,0.0,32,554.0,7,152.0,0,0,0,3,166.0,706.0,17.0,2,EW_GREEN,hold,,,
3095.0,2,71,928.0,13.07,1,0.0,1,0.0,32,579.0,7,158.0,0,0,0,3,173.0,737.0,18.0,2,EW_GREEN,hold,,,
3096.0,2,71,931.0,13.113,1,0.0,1,0.0,33,604.0,7,164.0,0,0,0,3,144.0,768.0,19.0,2,EW_GREEN,hold,,,
3097.0,2,76,934.0,12.289,2,0.0,2,0.0,33,629.0,7,170.0,0,0,0,3,115.0,799.0,20.0,2,EW_GREEN,hold,,,
3098.0,2,77,938.0,12.182,3,0.0,3,0.0,33,654.0,7,176.0,0,0,0,3,87.0,830.0,21.0,2,EW_GREEN,hold,,,
3099.0,2,77,941.0,12.221,3,0.0,3,0.0,33,679.0,7,182.0,0,0,0,3,58.0,861.0,22.0,2,EW_GREEN,hold,,,
3100.0,2,77,947.0,12.299,3,0.0,3,0.0,33,705.0,7,188.0,0,0,0,3,31.0,893.0,23.0,2,EW_GREEN,hold,,,
3101.0,2,77,988.0,12.831,3,0.0,3,0.0,33,731.0,7,194.0,0,0,0,3,39.0,925.0,24.0,2,EW_GREEN,hold,,,
3102.0,2,78,1030.0,13.205,3,0.0,3,0.0,33,757.0,7,200.0,0,0,0,3,48.0,957.0,25.0,2,EW_GREEN,hold,,,
3103.0,2,77,1073.0,13.935,3,0.0,3,0.0,33,784.0,7,206.0,0,0,0,3,57.0,990.0,26.0,2,EW_GREEN,hold,,,
3104.0,2,77,1090.0,14.156,3,0.0,3,0.0,34,811.0,7,212.0,0,0,0,3,67.0,1023.0,0.0,2,EW_GREEN,hold,,,
3105.0,2,77,1135.0,14.74,3,0.0,3,0.0,34,838.0,7,218.0,0,0,9,3,78.0,1056.0,1.0,2,EW_GREEN,hold,,,
3106.0,2,78,1182.0,15.154,3,0.0,3,0.0,34,866.0,7,224.0,0,0,9,3,90.0,1090.0,2.0,2,EW_GREEN,hold,,,
3107.0,3,78,1230.0,15.769,3,0.0,3,0.0,34,895.0,7,230.0,0,0,19,3,102.0,1125.0,3.0,2,EW_GREEN,hold,,,
3108.0,3,80,1279.0,15.988,3,0.0,3,0.0,34,924.0,8,236.0,0,0,19,1,115.0,1160.0,4.0,2,EW_GREEN,hold,,,
3109.0,3,80,1328.0,16.6,3,0.0,3,0.0,34,953.0,8,242.0,0,0,19,1,128.0,1195.0,5.0,2,EW_GREEN,hold,,,
3110.0,0,74,1108.0,14.973,3,0.0,3,0.0,31,844.0,5,116.0,0,0,8,0,142.0,960.0,6.0,2,EW_GREEN,hold,,,
3111.0,0,74,940.0,12.703,3,0.0,3,0.0,31,738.0,5,39.0,0,0,0,0,156.0,777.0,7.0,2,EW_GREEN,hold,,,
3112.0,0,72,809.0,11.236,3,0.0,3,0.0,31,629.0,5,0.0,0,0,0,0,172.0,629.0,8.0,2,EW_GREEN,hold,,,
3113.0,0,71,723.0,10.183,3,0.0,3,0.0,30,525.0,4,0.0,0,0,0,0,189.0,525.0,9.0,2,EW_GREEN,hold,,,
3114.0,0,72,636.0,8.833,3,1.0,3,1.0,29,418.0,3,0.0,0,0,0,0,206.0,420.0,10.0,2,EW_GREEN,hold,,,
3115.0,0,74,549.0,7.419,3,2.0,3,3.0,30,310.0,3,0.0,0,2,0,0,223.0,315.0,11.0,2,EW_GREEN,hold,,,
3116.0,0,75,459.0,6.12,3,4.0,3,5.0,27,197.0,3,0.0,2,2,0,0,241.0,206.0,12.0,2,EW_GREEN,hold,,,
3117.0,0,76,385.0,5.066,3,6.0,3,7.0,27,99.0,3,0.0,2,2,0,0,260.0,112.0,13.0,2,EW_GREEN,hold,,,
3118.0,0,76,337.0,4.434,3,8.0,3,9.0,24,39.0,3,0.0,2,2,0,0,281.0,56.0,0.0,2,EW_GREEN,hold,,,
3119.0,0,73,281.0,3.849,3,11.0,3,12.0,24,28.0,3,0.0,3,3,0,0,230.0,51.0,0.0,1,EW_GREEN,hold,,,
3120.0,0,73,266.0,3.644,3,14.0,3,15.0,21,9.0,3,0.0,3,3,0,0,228.0,38.0,0.0,1,EW_GREEN,hold,,,
3121.0,0,78,282.0,3.615,5,17.0,5,18.0,21,0.0,3,0.0,0,0,0,0,247.0,35.0,0.0,1,EW_GREEN,hold,,,
3122.0,0,77,307.0,3.987,5,20.0,5,21.0,18,0.0,3,0.0,0,0,0,0,266.0,41.0,0.0,1,EW_GREEN,hold,,,
3123.0,0,77,334.0,4.338,5,23.0,5,24.0,18,0.0,3,0.0,0,0,0,0,287.0,47.0,0.0,1,EW_GREEN,hold,,,
3124.0,0,77,361.0,4.688,5,26.0,5,27.0,17,0.0,3,0.0,0,0,0,0,308.0,53.0,0.0,1,EW_GREEN,hold,,,
3125.0,0,76,357.0,4.697,5,29.0,5,30.0,16,0.0,3,0.0,0,0,0,0,298.0,59.0,0.0,1,EW_GREEN,hold,,,
3126.0,0,78,353.0,4.526,5,32.0,5,33.0,15,0.0,3,0.0,0,0,0,0,288.0,65.0,0.0,1,EW_GREEN,hold,,,
3127.0,0,76,350.0,4.605,5,35.0,5,36.0,13,0.0,3,0.0,2,2,0,0,279.0,71.0,0.0,1,EW_GREEN,hold,,,
3128.0,0,77,348.0,4.519,5,38.0,5,39.0,12,0.0,3,0.0,2,2,0,0,271.0,77.0,0.0,0,EW_YELLOW,max_green,,,
3129.0,3,78,345.0,4.423,5,41.0,5,42.0,13,0.0,3,0.0,2,2,0,0,262.0,83.0,0.0,0,EW_YELLOW,hold,,,
3130.0,3,79,342.0,4.329,5,44.0,5,45.0,13,1.0,3,0.0,2,2,0,0,252.0,90.0,0.0,0,EW_YELLOW,hold,,,
3131.0,3,79,340.0,4.304,5,47.0,5,48.0,13,3.0,3,0.0,2,2,0,0,242.0,98.0,0.0,0,NS_GREEN,yellow_end,,,
3132.0,0,76,333.0,4.382,5,50.0,5,51.0,10,0.0,3,0.0,2,2,0,0,232.0,101.0,0.0,0,NS_GREEN,hold,,,
3133.0,0,77,355.0,4.61,5,53.0,5,54.0,10,0.0,3,0.0,2,2,0,0,248.0,107.0,0.0,0,NS_GREEN,hold,,,
3134.0,0,77,351.0,4.558,5,56.0,5,57.0,10,0.0,3,0.0,2,2,0,0,238.0,113.0,0.0,0,NS_GREEN,hold,,,
3135.0,0,76,346.0,4.553,5,59.0,5,60.0,8,0.0,3,0.0,2,2,0,0,227.0,119.0,0.0,0,NS_GREEN,hold,,,
3136.0,0,77,340.0,4.416,5,62.0,5,63.0,8,0.0,3,0.0,2,2,0,0,215.0,125.0,0.0,0,NS_GREEN,hold,,,
3137.0,0,77,333.0,4.325,5,65.0,5,66.0,8,0.0,2,0.0,2,2,0,0,202.0,131.0,0.0,0,NS_GREEN,hold,,,
3138.0,0,78,326.0,4.179,5,69.0,5,69.0,7,0.0,2,0.0,2,2,0,0,188.0,138.0,0.0,0,NS_GREEN,hold,,,
3139.0,0,81,345.0,4.259,5,73.0,5,73.0,8,0.0,2,0.0,2,2,0,0,199.0,146.0,0.0,0,NS_GREEN,hold,,,
3140.0,0,80,339.0,4.237,5,77.0,5,77.0,7,0.0,2,0.0,2,2,0,0,185.0,154.0,0.0,0,NS_GREEN,hold,,,
3141.0,0,80,332.0,4.15,5,81.0,5,81.0,7,0.0,2,0.0,2,2,0,0,170.0,162.0,0.0,0,NS_GREEN,hold,,,
3142.0,0,82,324.0,3.951,5,85.0,5,85.0,8,0.0,2,0.0,2,2,0,0,154.0,170.0,0.0,0,NS_GREEN,hold,,,
3143.0,0,80,316.0,3.95,5,89.0,5,89.0,7,0.0,2,0.0,2,2,0,0,138.0,178.0,0.0,0,NS_GREEN,hold,,,
3144.0,0,79,307.0,3.886,5,93.0,5,93.0,7,0.0,2,0.0,2,2,0,0,121.0,186.0,0.0,0,NS_GREEN,hold,,,
3145.0,0,79,321.0,4.063,6,97.0,6,97.0,6,0.0,2,0.0,0,0,0,0,127.0,194.0,0.0,0,NS_GREEN,hold,,,
3146.0,0,82,310.0,3.78,7,101.0,7,101.0,7,0.0,2,0.0,0,0,0,0,108.0,202.0,0.0,0,NS_GREEN,hold,,,
3147.0,0,80,299.0,3.737,7,105.0,7,105.0,7,0.0,2,0.0,0,0,0,0,89.0,210.0,0.0,0,NS_GREEN,hold,,,
3148.0,0,76,293.0,3.855,7,109.0,7,109.0,7,0.0,1,0.0,0,0,0,0,75.0,218.0,0.0,0,NS_GREEN,hold,,,
3149.0,0,76,309.0,4.066,7,113.0,7,113.0,8,0.0,1,0.0,0,0,0,0,83.0,226.0,0.0,0,NS_GREEN,hold,,,
3150.0,0,77,302.0,3.922,7,117.0,7,117.0,8,0.0,1,0.0,0,0,0,0,68.0,234.0,0.0,0,NS_GREEN,hold,,,
3151.0,0,77,294.0,3.818,7,121.0,7,121.0,8,0.0,1,0.0,0,0,0,0,52.0,242.0,0.0,0,NS_GREEN,hold,,,
3152.0,0,76,310.0,4.079,7,125.0,7,125.0,9,0.0,1,0.0,0,0,0,0,59.0,250.0,1.0,0,NS_GREEN,hold,,,
3153.0,0,74,326.0,4.405,7,129.0,7,129.0,8,0.0,1,0.0,0,0,0,0,66.0,258.0,2.0,0,NS_GREEN,hold,,,
3154.0,0,75,342.0,4.56,7,133.0,7,133.0,9,0.0,1,0.0,0,0,0,0,73.0,266.0,3.0,0,NS_GREEN,hold,,,
3155.0,0,75,358.0,4.773,7,137.0,7,137.0,9,0.0,1,0.0,0,0,0,0,80.0,274.0,4.0,0,NS_GREEN,hold,,,
3156.0,0,74,374.0,5.054,7,141.0,7,141.0,9,0.0,1,0.0,0,0,0,0,87.0,282.0,5.0,0,NS_GREEN,hold,,,
3157.0,0,74,390.0,5.27,7,145.0,7,145.0,9,0.0,1,0.0,0,0,0,0,94.0,290.0,6.0,0,NS_GREEN,hold,,,
3158.0,0,74,406.0,5.486,7,149.0,7,149.0,10,0.0,1,0.0,0,0,0,0,101.0,298.0,7.0,0,NS_GREEN,hold,,,
3159.0,0,73,423.0,5.795,7,153.0,7,153.0,10,0.0,1,0.0,0,0,0,0,109.0,306.0,8.0,0,NS_GREEN,hold,,,
3160.0,0,73,440.0,6.027,7,157.0,7,157.0,11,0.0,1,0.0,0,0,0,0,117.0,314.0,9.0,0,NS_GREEN,hold,,,
3161.0,0,73,457.0,6.26,7,161.0,7,161.0,11,0.0,1,0.0,0,0,0,0,125.0,322.0,10.0,0,NS_GREEN,hold,,,
3162.0,0,73,476.0,6.521,7,166.0,7,166.0,11,0.0,1,0.0,0,3,0,0,133.0,332.0,11.0,0,NS_GREEN,hold,,,
3163.0,0,73,482.0,6.603,7,171.0,7,169.0,11,0.0,1,0.0,0,0,0,0,141.0,340.0,1.0,0,NS_GREEN,hold,,,
3164.0,0,72,501.0,6.958,7,176.0,7,173.0,11,0.0,1,0.0,3,0,0,0,149.0,349.0,3.0,0,NS_GREEN,hold,,,
3165.0,0,71,518.0,7.296,7,177.0,7,178.0,10,0.0,1,0.0,0,0,0,0,157.0,355.0,6.0,0,NS_GREEN,hold,,,
3166.0,0,71,541.0,7.62,7,181.0,7,183.0,10,0.0,1,0.0,0,3,0,0,166.0,364.0,11.0,0,NS_GREEN,hold,,,
3167.0,0,74,568.0,7.676,7,185.0,7,189.0,10,0.0,2,0.0,0,3,0,0,176.0,374.0,18.0,0,NS_GREEN,hold,,,
3168.0,0,75,596.0,7.947,7,189.0,7,195.0,11,0.0,2,0.0,3,3,0,0,186.0,384.0,26.0,0,NS_GREEN,hold,,,
3169.0,0,79,627.0,7.937,8,195.0,8,201.0,10,0.0,2,0.0,0,0,0,0,197.0,396.0,34.0,0,NS_GREEN,hold,,,
3170.0,0,81,660.0,8.148,8,201.0,8,207.0,10,0.0,2,0.0,0,0,0,0,209.0,408.0,43.0,0,NS_GREEN,hold,,,
3171.0,0,80,597.0,7.463,8,207.0,8,213.0,11,0.0,2,0.0,0,0,0,0,124.0,420.0,53.0,0,NS_GREEN,hold,,,
3172.0,0,79,557.0,7.051,8,213.0,8,219.0,10,0.0,2,0.0,0,0,0,0,62.0,432.0,63.0,0,NS_GREEN,hold,,,
3173.0,0,78,545.0,6.987,8,219.0,8,225.0,9,0.0,2,0.0,0,0,0,0,28.0,444.0,73.0,0,NS_GREEN,hold,,,
3174.0,1,75,574.0,7.653,8,225.0,8,231.0,9,0.0,2,0.0,0,0,0,0,34.0,456.0,84.0,0,NS_GREEN,hold,,,
3175.0,1,78,605.0,7.756,8,231.0,8,237.0,10,0.0,2,0.0,0,0,0,0,41.0,468.0,96.0,0,NS_GREEN,hold,,,
3176.0,1,78,639.0,8.192,8,237.0,8,243.0,10,0.0,2,0.0,0,0,0,0,49.0,480.0,110.0,0,NS_GREEN,hold,,,
3177.0,2,73,429.0,5.877,7,120.0,7,126.0,10,0.0,2,0.0,0,0,0,0,58.0,246.0,125.0,0,NS_GREEN,hold,,,
3178.0,2,74,251.0,3.392,7,20.0,7,26.0,10,0.0,2,0.0,0,0,0,0,65.0,46.0,140.0,0,NS_GREEN,hold,,,
3179.0,2,72,229.0,3.181,6,0.0,6,0.0,10,0.0,2,0.0,0,0,0,0,74.0,0.0,155.0,0,NS_GREEN,hold,,,
3180.0,2,72,255.0,3.542,6,0.0,5,0.0,10,0.0,2,0.0,0,0,0,0,85.0,0.0,170.0,0,NS_YELLOW,pressure_ew,,,
3181.0,1,72,282.0,3.917,6,1.0,5,0.0,10,0.0,2,0.0,0,0,0,0,96.0,1.0,185.0,0,NS_YELLOW,hold,,,
3182.0,1,72,294.0,4.083,6,2.0,5,0.0,10,0.0,2,1.0,0,0,0,0,91.0,3.0,200.0,0,NS_YELLOW,hold,,,
3183.0,1,71,308.0,4.338,6,4.0,5,0.0,10,0.0,2,2.0,0,0,0,0,86.0,6.0,216.0,0,EW_GREEN,yellow_end,,,
3184.0,2,67,318.0,4.746,4,0.0,4,0.0,10,2.0,2,3.0,0,0,0,0,81.0,5.0,232.0,0,EW_GREEN,hold,,,
3185.0,2,68,334.0,4.912,4,0.0,4,0.0,10,5.0,3,4.0,0,0,0,0,77.0,9.0,248.0,0,EW_GREEN,hold,,,
3186.0,2,67,351.0,5.239,4,0.0,4,1.0,10,8.0,3,5.0,0,0,0,0,73.0,14.0,264.0,0,EW_GREEN,hold,,,
3187.0,2,69,371.0,5.377,4,0.0,4,3.0,11,11.0,4,6.0,0,2,0,0,71.0,20.0,280.0,0,EW_GREEN,hold,,,
3188.0,2,68,394.0,5.794,4,1.0,3,5.0,11,14.0,4,7.0,0,2,0,0,71.0,27.0,296.0,0,EW_GREEN,hold,,,
3189.0,2,67,416.0,6.209,3,2.0,3,7.0,11,17.0,4,8.0,0,2,0,0,70.0,34.0,312.0,0,EW_GREEN,hold,,,
3190.0,2,68,435.0,6.397,3,3.0,3,9.0,12,20.0,4,9.0,2,2,0,0,66.0,41.0,328.0,0,EW_GREEN,hold,,,
3191.0,2,68,457.0,6.721,3,5.0,3,11.0,12,24.0,4,10.0,2,2,0,0,63.0,50.0,344.0,0,EW_GREEN,hold,,,
3192.0,2,66,391.0,5.924,3,7.0,3,13.0,13,28.0,4,11.0,1,2,0,0,59.0,59.0,273.0,0,EW_GREEN,hold,,,
3193.0,2,68,342.0,5.029,4,6.0,4,15.0,13,33.0,4,12.0,0,0,0,0,69.0,66.0,207.0,0,EW_YELLOW,pressure_ns,,,
3194.0,3,69,271.0,3.928,5,0.0,5,9.0,13,38.0,4,13.0,0,0,0,0,67.0,60.0,144.0,0,EW_YELLOW,hold,,,
3195.0,3,66,233.0,3.53,5,0.0,5,10.0,13,44.0,4,14.0,0,0,0,0,67.0,68.0,98.0,0,EW_YELLOW,hold,,,
3196.0,3,67,201.0,3.0,5,1.0,5,11.0,14,50.0,4,15.0,0,0,0,0,65.0,77.0,59.0,0,NS_GREEN,yellow_end,,,
3197.0,0,61,110.0,1.803,5,2.0,5,12.0,11,16.0,4,0.0,0,0,0,0,61.0,30.0,19.0,0,NS_GREEN,hold,,,
3198.0,0,58,79.0,1.362,5,4.0,5,14.0,11,3.0,2,0.0,0,0,0,0,58.0,21.0,0.0,0,NS_GREEN,hold,,,
3199.0,0,59,89.0,1.508,5,6.0,5,16.0,12,0.0,2,0.0,0,0,0,0,67.0,22.0,0.0,0,NS_GREEN,hold,,,
3200.0,0,58,92.0,1.586,5,8.0,5,18.0,10,0.0,2,0.0,0,0,0,0,66.0,26.0,0.0,0,NS_GREEN,hold,,,
3201.0,0,61,95.0,1.557,5,10.0,5,20.0,11,1.0,2,0.0,0,0,0,0,64.0,31.0,0.0,0,NS_GREEN,hold,,,
3202.0,0,59,97.0,1.644,5,12.0,5,22.0,10,2.0,2,0.0,0,0,0,0,61.0,36.0,0.0,0,NS_GREEN,hold,,,
3203.0,0,59,96.0,1.627,5,14.0,5,24.0,9,0.0,2,0.0,0,0,0,0,58.0,38.0,0.0,0,NS_GREEN,hold,,,
3204.0,0,57,96.0,1.684,5,16.0,5,26.0,8,0.0,2,0.0,0,0,0,0,54.0,42.0,0.0,0,NS_GREEN,hold,,,
3205.0,0,58,96.0,1.655,5,18.0,5,28.0,7,0.0,2,0.0,0,0,0,0,50.0,46.0,0.0,0,NS_GREEN,hold,,,
3206.0,0,58,95.0,1.638,5,20.0,5,30.0,8,0.0,2,0.0,0,0,0,0,45.0,50.0,0.0,0,NS_GREEN,hold,,,
3207.0,0,56,100.0,1.786,5,22.0,5,32.0,7,0.0,2,0.0,0,0,0,0,46.0,54.0,0.0,0,NS_GREEN,hold,,,
3208.0,0,56,106.0,1.893,5,24.0,5,34.0,7,0.0,2,0.0,0,0,0,0,48.0,58.0,0.0,0,NS_GREEN,hold,,,
3209.0,0,56,112.0,2.0,5,26.0,5,36.0,8,0.0,2,0.0,0,0,0,0,50.0,62.0,0.0,0,NS_GREEN,hold,,,
3210.0,0,56,118.0,2.107,5,28.0,5,39.0,8,0.0,2,0.0,0,0,0,0,51.0,67.0,0.0,0,NS_GREEN,hold,,,
3211.0,0,58,126.0,2.172,5,31.0,5,42.0,9,0.0,2,0.0,0,3,0,0,53.0,73.0,0.0,0,NS_GREEN,hold,,,
3212.0,0,58,136.0,2.345,5,35.0,5,46.0,9,0.0,2,0.0,3,3,0,0,55.0,81.0,0.0,0,NS_GREEN,hold,,,
3213.0,0,58,146.0,2.517,5,39.0,5,50.0,9,0.0,2,0.0,3,3,0,0,57.0,89.0,0.0,0,NS_GREEN,hold,,,
3214.0,0,58,156.0,2.69,5,43.0,5,54.0,9,0.0,2,0.0,3,3,0,0,59.0,97.0,0.0,0,NS_GREEN,hold,,,
3215.0,0,56,166.0,2.964,5,47.0,5,58.0,9,0.0,1,0.0,3,3,0,0,61.0,105.0,0.0,0,NS_GREEN,hold,,,
3216.0,0,57,177.0,3.105,5,51.0,5,62.0,10,0.0,0,0.0,3,3,0,0,64.0,113.0,0.0,0,NS_GREEN,hold,,,
3217.0,0,59,187.0,3.169,6,55.0,6,66.0,10,0.0,0,0.0,0,0,0,0,66.0,121.0,0.0,0,NS_GREEN,hold,,,
3218.0,0,59,197.0,3.339,6,59.0,6,70.0,10,0.0,0,0.0,0,0,0,0,68.0,129.0,0.0,0,NS_GREEN,hold,,,
3219.0,0,61,207.0,3.393,6,63.0,6,74.0,11,0.0,0,0.0,0,0,0,0,70.0,137.0,0.0,0,NS_GREEN,hold,,,
3220.0,0,58,216.0,3.724,6,67.0,6,78.0,10,0.0,0,0.0,0,0,0,0,71.0,145.0,0.0,0,NS_GREEN,hold,,,
3221.0,0,59,226.0,3.831,6,71.0,6,82.0,9,0.0,0,0.0,0,0,0,0,73.0,153.0,0.0,0,NS_GREEN,hold,,,
3222.0,0,61,236.0,3.869,6,75.0,6,86.0,9,0.0,1,0.0,0,0,0,0,75.0,161.0,0.0,0,NS_GREEN,hold,,,
3223.0,0,61,246.0,4.033,6,79.0,6,90.0,9,0.0,1,0.0,0,0,0,0,77.0,169.0,0.0,0,NS_GREEN,hold,,,
3224.0,0,62,256.0,4.129,6,83.0,6,94.0,9,0.0,1,0.0,0,0,0,0,79.0,177.0,0.0,0,NS_GREEN,hold,,,
3225.0,0,61,267.0,4.377,6,87.0,6,98.0,8,0.0,1,0.0,0,0,0,0,81.0,185.0,1.0,0,NS_GREEN,hold,,,
3226.0,0,60,279.0,4.65,6,91.0,6,102.0,8,0.0,1,0.0,0,0,0,0,84.0,193.0,2.0,0,NS_GREEN,hold,,,
3227.0,0,60,207.0,3.45,6,95.0,6,106.0,9,0.0,1,0.0,0,0,0,0,3.0,201.0,3.0,0,NS_GREEN,hold,,,
3228.0,0,59,218.0,3.695,6,99.0,6,110.0,8,0.0,1,0.0,0,0,0,0,5.0,209.0,4.0,0,NS_GREEN,hold,,,
3229.0,0,59,230.0,3.898,6,103.0,6,114.0,8,0.0,1,0.0,0,0,0,0,8.0,217.0,5.0,0,NS_GREEN,hold,,,
3230.0,0,60,242.0,4.033,6,107.0,6,118.0,9,0.0,1,0.0,0,0,0,0,11.0,225.0,6.0,0,NS_GREEN,hold,,,
3231.0,0,58,255.0,4.397,6,111.0,6,122.0,8,0.0,1,0.0,0,0,0,0,15.0,233.0,7.0,0,NS_GREEN,hold,,,
3232.0,0,57,269.0,4.719,6,115.0,6,127.0,8,0.0,1,0.0,3,3,0,0,19.0,242.0,8.0,0,NS_GREEN,hold,,,
3233.0,0,57,284.0,4.982,6,119.0,6,132.0,8,0.0,1,0.0,3,3,0,0,24.0,251.0,9.0,0,NS_GREEN,hold,,,
3234.0,0,57,300.0,5.263,6,124.0,6,137.0,8,0.0,1,0.0,3,3,0,0,29.0,261.0,10.0,0,NS_GREEN,hold,,,
3235.0,0,56,317.0,5.661,6,129.0,6,142.0,7,0.0,1,0.0,3,3,0,0,35.0,271.0,11.0,0,NS_GREEN,hold,,,
3236.0,0,55,335.0,6.091,6,134.0,6,147.0,7,0.0,1,0.0,3,6,0,0,42.0,281.0,12.0,0,NS_GREEN,hold,,,
3237.0,0,56,342.0,6.107,6,139.0,6,153.0,8,0.0,1,0.0,3,6,0,0,50.0,292.0,0.0,0,NS_GREEN,hold,,,
3238.0,0,55,362.0,6.582,6,144.0,6,159.0,7,0.0,1,0.0,6,6,0,0,58.0,303.0,1.0,0,NS_GREEN,hold,,,
3239.0,1,55,384.0,6.982,6,150.0,6,165.0,7,0.0,1,0.0,6,6,0,0,66.0,315.0,3.0,0,NS_GREEN,hold,,,
3240.0,1,57,408.0,7.158,6,156.0,6,171.0,7,0.0,1,0.0,6,6,0,0,75.0,327.0,6.0,0,NS_GREEN,hold,,,
3241.0,1,65,434.0,6.677,8,162.0,8,177.0,7,0.0,2,0.0,0,0,0,0,85.0,339.0,10.0,0,NS_GREEN,hold,,,
3242.0,2,64,268.0,4.188,7,76.0,7,81.0,7,0.0,2,0.0,0,0,0,0,96.0,157.0,15.0,0,NS_GREEN,hold,,,
3243.0,2,64,205.0,3.203,7,37.0,7,39.0,7,1.0,2,0.0,0,0,0,0,108.0,77.0,20.0,0,NS_GREEN,hold,,,
3244.0,2,66,148.0,2.242,7,0.0,7,0.0,7,2.0,2,0.0,0,0,0,0,120.0,2.0,26.0,0,NS_GREEN,hold,,,
3245.0,2,66,167.0,2.53,7,0.0,7,0.0,7,3.0,2,0.0,0,0,0,0,132.0,3.0,32.0,0,NS_GREEN,hold,,,
3246.0,2,63,187.0,2.968,7,0.0,7,0.0,7,4.0,2,0.0,0,0,0,0,145.0,4.0,38.0,0,NS_GREEN,hold,,,
3247.0,2,64,208.0,3.25,7,0.0,7,0.0,8,5.0,2,0.0,0,0,0,0,159.0,5.0,44.0,0,NS_GREEN,hold,,,
3248.0,2,65,232.0,3.569,7,1.0,7,0.0,8,7.0,2,0.0,0,0,0,0,174.0,8.0,50.0,0,NS_GREEN,hold,,,
3249.0,2,64,258.0,4.031,7,2.0,6,1.0,8,9.0,2,0.0,0,0,0,0,190.0,12.0,56.0,0,NS_GREEN,hold,,,
3250.0,2,66,284.0,4.303,7,4.0,6,3.0,8,11.0,2,0.0,0,0,0,0,204.0,18.0,62.0,0,NS_GREEN,hold,,,
3251.0,2,65,312.0,4.8,6,6.0,6,5.0,8,13.0,2,0.0,0,0,0,0,220.0,24.0,68.0,0,NS_GREEN,hold,,,
3252.0,2,66,344.0,5.212,6,8.0,6,7.0,8,15.0,2,0.0,0,0,2,0,238.0,30.0,76.0,0,NS_GREEN,hold,,,
3253.0,2,65,379.0,5.831,6,10.0,5,9.0,8,19.0,2,0.0,0,0,2,0,257.0,38.0,84.0,0,NS_GREEN,hold,,,
3254.0,2,64,413.0,6.453,5,12.0,5,11.0,8,23.0,2,0.0,0,0,2,0,275.0,46.0,92.0,0,NS_YELLOW,pressure_ew,,,
3255.0,1,64,451.0,7.047,5,14.0,5,13.0,8,27.0,2,1.0,0,0,2,0,296.0,55.0,100.0,0,NS_YELLOW,hold,,,
3256.0,1,62,459.0,7.403,5,16.0,5,16.0,8,31.0,2,2.0,0,3,2,0,286.0,65.0,108.0,0,NS_YELLOW,hold,,,
3257.0,1,62,467.0,7.532,5,18.0,5,19.0,8,35.0,2,3.0,0,3,2,0,276.0,75.0,116.0,0,EW_GREEN,yellow_end,,,
3258.0,2,62,478.0,7.71,5,20.0,5,22.0,8,39.0,3,4.0,3,3,2,0,267.0,85.0,126.0,0,EW_GREEN,hold,,,
3259.0,2,60,488.0,8.133,5,23.0,4,25.0,8,43.0,3,5.0,3,3,2,0,256.0,96.0,136.0,0,EW_GREEN,hold,,,
3260.0,2,60,501.0,8.35,5,26.0,4,28.0,9,48.0,3,6.0,3,3,2,0,247.0,108.0,146.0,0,EW_GREEN,hold,,,
3261.0,2,59,516.0,8.746,4,29.0,4,31.0,9,54.0,3,7.0,3,3,4,0,238.0,121.0,157.0,0,EW_GREEN,hold,,,
3262.0,2,62,531.0,8.565,4,32.0,4,34.0,10,60.0,4,8.0,3,3,4,0,229.0,134.0,168.0,0,EW_GREEN,hold,,,
3263.0,2,62,546.0,8.806,4,35.0,4,37.0,10,66.0,4,9.0,3,3,4,0,220.0,147.0,179.0,0,EW_GREEN,hold,,,
3264.0,2,61,562.0,9.213,4,38.0,4,40.0,10,72.0,4,10.0,3,3,4,0,212.0,160.0,190.0,0,EW_GREEN,hold,,,
3265.0,2,64,578.0,9.031,5,41.0,5,43.0,11,78.0,4,11.0,0,0,2,0,204.0,173.0,201.0,0,EW_YELLOW,pressure_ns,,,
3266.0,3,61,537.0,8.803,5,44.0,5,46.0,11,84.0,4,12.0,0,0,2,0,221.0,186.0,130.0,0,EW_YELLOW,hold,,,
3267.0,3,60,478.0,7.967,5,47.0,5,49.0,11,90.0,4,13.0,0,0,2,0,212.0,199.0,67.0,0,EW_YELLOW,hold,,,
3268.0,3,60,452.0,7.533,5,50.0,5,52.0,11,96.0,4,14.0,0,0,2,0,203.0,212.0,37.0,0,NS_GREEN,yellow_end,,,
3269.0,0,54,364.0,6.741,5,53.0,5,55.0,9,37.0,3,0.0,0,0,1,0,196.0,145.0,23.0,0,NS_GREEN,hold,,,
3270.0,0,56,318.0,5.679,5,56.0,5,58.0,9,2.0,3,0.0,0,0,0,0,189.0,116.0,13.0,0,NS_GREEN,hold,,,
3271.0,0,54,306.0,5.667,5,59.0,5,61.0,9,0.0,3,0.0,0,0,0,0,182.0,120.0,4.0,0,NS_GREEN,hold,,,
3272.0,0,51,303.0,5.941,5,62.0,5,64.0,7,0.0,3,0.0,0,0,0,0,177.0,126.0,0.0,0,NS_GREEN,hold,,,
3273.0,0,55,303.0,5.509,5,65.0,5,67.0,8,0.0,3,0.0,0,0,0,0,171.0,132.0,0.0,0,NS_GREEN,hold,,,
3274.0,0,53,301.0,5.679,5,68.0,5,70.0,8,0.0,3,0.0,0,0,0,0,163.0,138.0,0.0,0,NS_GREEN,hold,,,
3275.0,0,53,322.0,6.075,5,71.0,5,73.0,6,0.0,3,0.0,0,3,0,0,178.0,144.0,0.0,0,NS_GREEN,hold,,,
3276.0,0,52,322.0,6.192,5,74.0,5,76.0,7,0.0,2,0.0,0,3,0,0,172.0,150.0,0.0,0,NS_GREEN,hold,,,
3277.0,0,54,319.0,5.907,5,77.0,5,79.0,6,0.0,2,0.0,0,3,0,0,163.0,156.0,0.0,0,NS_GREEN,hold,,,
3278.0,0,54,316.0,5.852,5,80.0,5,82.0,6,0.0,2,0.0,0,3,0,0,154.0,162.0,0.0,0,NS_GREEN,hold,,,
3279.0,0,55,284.0,5.164,5,53.0,5,85.0,6,0.0,2,0.0,0,3,0,0,146.0,138.0,0.0,0,NS_GREEN,hold,,,
3280.0,0,55,241.0,4.382,5,33.0,5,88.0,7,0.0,2,0.0,0,3,0,0,120.0,121.0,0.0,0,NS_GREEN,hold,,,
3281.0,0,54,239.0,4.426,5,34.0,5,91.0,7,0.0,2,0.0,0,3,0,0,114.0,125.0,0.0,0,NS_GREEN,hold,,,
3282.0,0,55,239.0,4.345,5,36.0,5,94.0,8,0.0,2,0.0,0,3,0,0,109.0,130.0,0.0,0,NS_GREEN,hold,,,
3283.0,0,56,239.0,4.268,5,38.0,5,97.0,8,0.0,2,0.0,2,3,0,0,104.0,135.0,0.0,0,NS_GREEN,hold,,,
3284.0,0,56,241.0,4.304,5,42.0,5,100.0,9,0.0,2,0.0,2,3,0,0,99.0,142.0,0.0,0,NS_GREEN,hold,,,
3285.0,0,57,243.0,4.263,5,46.0,5,103.0,9,0.0,2,0.0,2,3,0,0,94.0,149.0,0.0,0,NS_GREEN,hold,,,
3286.0,0,57,245.0,4.298,5,50.0,5,106.0,9,0.0,2,0.0,2,3,0,0,89.0,156.0,0.0,0,NS_GREEN,hold,,,
3287.0,0,56,246.0,4.393,5,54.0,5,109.0,9,0.0,2,0.0,2,3,0,0,83.0,163.0,0.0,0,NS_GREEN,hold,,,
3288.0,0,55,265.0,4.818,5,58.0,5,113.0,9,0.0,1,0.0,2,3,0,0,94.0,171.0,0.0,0,NS_GREEN,hold,,,
3289.0,0,57,266.0,4.667,6,62.0,6,117.0,9,0.0,1,0.0,0,0,0,0,87.0,179.0,0.0,0,NS_GREEN,hold,,,
3290.0,0,60,269.0,4.483,7,66.0,7,121.0,9,0.0,1,0.0,0,0,0,0,82.0,187.0,0.0,0,NS_GREEN,hold,,,
3291.0,0,61,271.0,4.443,7,70.0,7,125.0,10,0.0,1,0.0,0,0,0,0,76.0,195.0,0.0,0,NS_GREEN,hold,,,
3292.0,0,60,274.0,4.567,7,74.0,7,129.0,10,0.0,1,0.0,0,0,0,0,71.0,203.0,0.0,0,NS_GREEN,hold,,,
3293.0,0,62,277.0,4.468,7,78.0,7,133.0,11,0.0,2,0.0,0,0,0,0,66.0,211.0,0.0,0,NS_GREEN,hold,,,
3294.0,0,62,282.0,4.548,7,82.0,7,137.0,11,0.0,2,0.0,0,0,0,0,62.0,219.0,1.0,0,NS_GREEN,hold,,,
3295.0,0,60,286.0,4.767,7,86.0,7,141.0,10,0.0,2,0.0,0,0,0,0,57.0,227.0,2.0,0,NS_GREEN,hold,,,
3296.0,0,61,289.0,4.738,7,90.0,7,145.0,11,0.0,2,0.0,0,0,0,0,51.0,235.0,3.0,0,NS_GREEN,hold,,,
3297.0,0,61,305.0,5.0,7,94.0,7,149.0,11,0.0,2,0.0,0,0,0,0,58.0,243.0,4.0,0,NS_GREEN,hold,,,
3298.0,0,59,307.0,5.203,7,98.0,7,153.0,11,0.0,1,0.0,0,0,0,0,51.0,251.0,5.0,0,NS_GREEN,hold,,,
3299.0,0,59,308.0,5.22,7,102.0,7,157.0,12,0.0,1,0.0,0,0,0,0,43.0,259.0,6.0,0,NS_GREEN,hold,,,
3300.0,0,60,310.0,5.167,7,106.0,7,161.0,12,0.0,1,0.0,0,0,0,0,36.0,267.0,7.0,0,NS_GREEN,hold,,,
3301.0,0,59,324.0,5.492,7,110.0,7,165.0,12,0.0,1,0.0,0,0,0,0,41.0,275.0,8.0,0,NS_GREEN,hold,,,
3302.0,0,58,326.0,5.621,7,114.0,7,169.0,11,0.0,1,0.0,0,0,0,0,34.0,283.0,9.0,0,NS_GREEN,hold,,,
3303.0,0,58,330.0,5.69,7,118.0,7,173.0,11,0.0,1,0.0,0,0,0,0,29.0,291.0,10.0,0,NS_GREEN,hold,,,
3304.0,0,57,331.0,5.807,7,122.0,7,177.0,11,0.0,1,0.0,0,0,0,0,21.0,299.0,11.0,0,NS_GREEN,hold,,,
3305.0,0,55,333.0,6.055,7,126.0,7,181.0,10,0.0,1,0.0,0,0,0,0,14.0,307.0,12.0,0,NS_GREEN,hold,,,
3306.0,0,54,347.0,6.426,7,131.0,7,185.0,10,0.0,1,0.0,4,0,0,0,18.0,316.0,13.0,0,NS_GREEN,hold,,,
3307.0,0,54,362.0,6.704,7,136.0,7,189.0,9,0.0,1,0.0,4,4,0,0,23.0,325.0,14.0,0,NS_GREEN,hold,,,
3308.0,0,52,381.0,7.327,7,142.0,7,195.0,9,0.0,1,0.0,4,4,0,0,29.0,337.0,15.0,0,NS_GREEN,hold,,,
3309.0,0,54,401.0,7.426,7,148.0,7,201.0,10,0.0,1,0.0,4,4,0,0,36.0,349.0,16.0,0,NS_GREEN,hold,,,
3310.0,0,54,421.0,7.796,7,154.0,7,207.0,10,0.0,1,0.0,4,4,0,0,43.0,361.0,17.0,0,NS_GREEN,hold,,,
3311.0,1,53,424.0,8.0,7,160.0,7,213.0,10,0.0,1,0.0,4,4,0,0,51.0,373.0,0.0,0,NS_GREEN,hold,,,
3312.0,1,53,445.0,8.396,7,166.0,7,219.0,10,0.0,1,0.0,4,4,0,0,60.0,385.0,0.0,0,NS_GREEN,hold,,,
3313.0,1,58,466.0,8.034,8,172.0,8,225.0,10,0.0,1,0.0,0,0,0,0,69.0,397.0,0.0,0,NS_GREEN,hold,,,
3314.0,2,55,295.0,5.364,6,78.0,6,138.0,10,0.0,1,0.0,0,0,0,0,79.0,216.0,0.0,0,NS_GREEN,hold,,,
3315.0,2,56,176.0,3.143,6,18.0,6,68.0,10,1.0,2,0.0,0,0,0,0,89.0,87.0,0.0,0,NS_GREEN,hold,,,
3316.0,2,56,120.0,2.143,6,9.0,6,9.0,10,2.0,2,0.0,0,0,0,0,100.0,20.0,0.0,0,NS_GREEN,hold,,,
3317.0,2,54,115.0,2.13,5,0.0,4,0.0,10,3.0,2,0.0,0,0,0,0,111.0,3.0,1.0,0,NS_GREEN,hold,,,
3318.0,2,53,131.0,2.472,5,0.0,4,0.0,10,5.0,2,0.0,0,0,0,0,124.0,5.0,2.0,0,NS_GREEN,hold,,,
3319.0,2,54,149.0,2.759,5,1.0,4,0.0,11,8.0,2,0.0,0,0,0,0,137.0,9.0,3.0,0,NS_GREEN,hold,,,
3320.0,2,53,169.0,3.189,5,2.0,4,0.0,11,12.0,2,0.0,0,0,0,0,151.0,14.0,4.0,0,NS_GREEN,hold,,,
3321.0,2,53,189.0,3.566,4,3.0,4,0.0,11,16.0,2,0.0,0,0,0,0,165.0,19.0,5.0,0,NS_GREEN,hold,,,
3322.0,2,53,207.0,3.906,4,0.0,4,1.0,11,20.0,2,0.0,0,0,0,0,180.0,21.0,6.0,0,NS_GREEN,hold,,,
3323.0,2,52,230.0,4.423,3,0.0,4,2.0,11,25.0,2,0.0,0,0,0,0,196.0,27.0,7.0,0,NS_GREEN,hold,,,
3324.0,2,54,256.0,4.741,3,0.0,4,4.0,11,30.0,2,1.0,0,0,0,0,213.0,35.0,8.0,0,NS_GREEN,hold,,,
3325.0,2,54,282.0,5.222,3,0.0,4,6.0,11,35.0,2,2.0,0,0,0,0,230.0,43.0,9.0,0,NS_GREEN,hold,,,
3326.0,2,54,310.0,5.741,3,0.0,4,8.0,11,41.0,2,3.0,0,0,3,0,248.0,52.0,10.0,0,NS_GREEN,hold,,,
3327.0,2,55,339.0,6.164,3,0.0,4,10.0,11,47.0,2,4.0,0,2,3,0,267.0,61.0,11.0,0,NS_GREEN,hold,,,
3328.0,2,54,370.0,6.852,2,0.0,4,12.0,11,54.0,2,5.0,0,2,3,0,287.0,71.0,12.0,0,NS_YELLOW,max_green,,,
3329.0,1,51,400.0,7.843,2,0.0,4,14.0,11,62.0,2,6.0,0,2,3,0,305.0,82.0,13.0,0,NS_YELLOW,hold,,,
3330.0,1,53,403.0,7.604,2,0.0,4,16.0,12,71.0,3,7.0,0,2,6,0,295.0,94.0,14.0,0,NS_YELLOW,hold,,,
3331.0,1,53,406.0,7.66,2,0.0,4,18.0,12,80.0,3,8.0,0,2,6,0,285.0,106.0,15.0,0,EW_GREEN,yellow_end,,,
3332.0,2,52,398.0,7.654,1,0.0,2,9.0,12,89.0,4,9.0,0,1,6,0,275.0,107.0,16.0,0,EW_GREEN,hold,,,
3333.0,2,54,391.0,7.241,1,0.0,2,0.0,13,98.0,4,10.0,0,0,6,0,266.0,108.0,17.0,0,EW_GREEN,hold,,,
3334.0,2,55,393.0,7.145,1,0.0,2,0.0,13,107.0,4,11.0,0,0,6,0,257.0,118.0,18.0,0,EW_GREEN,hold,,,
3335.0,2,55,395.0,7.182,1,0.0,2,0.0,13,116.0,4,12.0,0,0,6,0,247.0,128.0,20.0,0,EW_GREEN,hold,,,
3336.0,2,55,397.0,7.218,1,0.0,2,0.0,13,125.0,4,13.0,0,0,3,0,237.0,138.0,22.0,0,EW_GREEN,hold,,,
3337.0,2,56,401.0,7.161,2,0.0,2,0.0,13,134.0,4,14.0,0,0,3,0,229.0,148.0,24.0,0,EW_GREEN,hold,,,
3338.0,2,57,405.0,7.105,3,0.0,3,0.0,13,143.0,4,15.0,0,0,3,0,221.0,158.0,26.0,0,EW_GREEN,hold,,,
3339.0,2,58,409.0,7.052,3,0.0,3,0.0,13,152.0,4,16.0,0,0,3,0,213.0,168.0,28.0,0,EW_GREEN,hold,,,
3340.0,2,57,404.0,7.088,3,0.0,3,0.0,14,161.0,4,17.0,0,0,7,0,225.0,178.0,1.0,0,EW_GREEN,hold,,,
3341.0,2,57,400.0,7.018,3,0.0,3,0.0,14,171.0,4,18.0,0,0,7,0,211.0,189.0,0.0,0,EW_GREEN,hold,,,
3342.0,2,58,396.0,6.828,3,0.0,3,0.0,14,181.0,4,19.0,0,0,7,0,196.0,200.0,0.0,0,EW_GREEN,hold,,,
3343.0,2,56,392.0,7.0,3,0.0,3,0.0,15,191.0,4,20.0,0,0,4,0,181.0,211.0,0.0,0,EW_GREEN,hold,,,
3344.0,2,57,389.0,6.825,3,0.0,3,0.0,15,201.0,4,21.0,0,0,4,0,167.0,222.0,0.0,0,EW_GREEN,hold,,,
3345.0,2,57,385.0,6.754,3,0.0,3,0.0,15,211.0,4,22.0,0,0,4,0,152.0,233.0,0.0,0,EW_GREEN,hold,,,
3346.0,2,56,382.0,6.821,3,0.0,3,0.0,15,221.0,4,24.0,0,0,0,0,137.0,245.0,0.0,0,EW_GREEN,hold,,,
3347.0,2,56,402.0,7.179,3,0.0,3,0.0,15,231.0,4,26.0,0,0,0,0,145.0,257.0,0.0,0,EW_GREEN,hold,,,
3348.0,2,55,397.0,7.218,3,0.0,3,0.0,15,241.0,4,28.0,0,0,3,0,128.0,269.0,0.0,0,EW_GREEN,hold,,,
3349.0,2,58,394.0,6.793,3,0.0,3,0.0,16,251.0,4,30.0,0,0,3,0,113.0,281.0,0.0,0,EW_GREEN,hold,,,
3350.0,2,57,390.0,6.842,3,0.0,3,0.0,16,262.0,4,32.0,0,0,3,0,96.0,294.0,0.0,0,EW_GREEN,hold,,,
3351.0,2,56,388.0,6.929,3,0.0,2,0.0,16,273.0,4,34.0,0,0,3,0,81.0,307.0,0.0,0,EW_GREEN,hold,,,
3352.0,2,56,385.0,6.875,2,0.0,2,0.0,17,284.0,4,36.0,0,0,3,0,65.0,320.0,0.0,0,EW_GREEN,hold,,,
3353.0,2,56,382.0,6.821,2,0.0,2,0.0,17,295.0,4,38.0,0,0,3,0,49.0,333.0,0.0,0,EW_GREEN,hold,,,
3354.0,2,54,379.0,7.019,1,0.0,2,0.0,17,306.0,4,40.0,0,0,3,0,33.0,346.0,0.0,0,EW_GREEN,hold,,,
3355.0,2,54,398.0,7.37,1,0.0,1,0.0,17,317.0,4,42.0,0,0,3,1,39.0,359.0,0.0,0,EW_GREEN,hold,,,
3356.0,2,53,416.0,7.849,0,0.0,1,0.0,17,328.0,4,44.0,0,0,3,1,44.0,372.0,0.0,0,EW_GREEN,hold,,,
3357.0,2,52,436.0,8.385,0,0.0,0,0.0,17,339.0,4,46.0,0,0,3,1,51.0,385.0,0.0,0,EW_GREEN,hold,,,
3358.0,2,52,457.0,8.788,0,0.0,0,0.0,17,350.0,4,48.0,0,0,3,1,59.0,398.0,0.0,0,EW_GREEN,hold,,,
3359.0,2,53,478.0,9.019,0,0.0,0,0.0,17,361.0,4,50.0,0,0,3,1,67.0,411.0,0.0,0,EW_GREEN,hold,,,
3360.0,2,52,500.0,9.615,0,0.0,0,0.0,17,372.0,4,52.0,0,0,3,1,76.0,424.0,0.0,0,EW_GREEN,hold,,,
3361.0,2,57,523.0,9.175,2,0.0,2,0.0,18,383.0,4,54.0,0,0,3,0,86.0,437.0,0.0,0,EW_GREEN,hold,,,
3362.0,2,56,548.0,9.786,2,0.0,2,0.0,18,395.0,4,56.0,0,0,3,1,97.0,451.0,0.0,0,EW_GREEN,hold,,,
3363.0,2,56,573.0,10.232,2,0.0,2,0.0,18,407.0,4,58.0,0,0,0,3,108.0,465.0,0.0,0,EW_GREEN,hold,,,
3364.0,2,54,600.0,11.111,2,0.0,2,0.0,18,419.0,4,61.0,0,0,0,3,120.0,480.0,0.0,0,EW_GREEN,hold,,,
3365.0,2,55,629.0,11.436,2,0.0,2,0.0,18,431.0,4,65.0,0,0,0,4,133.0,496.0,0.0,0,EW_GREEN,hold,,,
3366.0,2,56,659.0,11.768,2,0.0,2,0.0,18,443.0,5,69.0,0,0,0,2,147.0,512.0,0.0,0,EW_GREEN,hold,,,
3367.0,2,56,690.0,12.321,2,0.0,2,0.0,18,455.0,5,73.0,0,0,4,2,161.0,528.0,1.0,0,EW_GREEN,hold,,,
3368.0,2,56,723.0,12.911,2,0.0,2,0.0,18,468.0,5,77.0,0,0,4,2,176.0,545.0,2.0,0,EW_GREEN,hold,,,
3369.0,2,56,756.0,13.5,2,0.0,2,0.0,18,481.0,5,81.0,0,0,4,2,191.0,562.0,3.0,0,EW_GREEN,hold,,,
3370.0,2,56,792.0,14.143,2,0.0,2,0.0,18,495.0,5,85.0,0,0,4,2,208.0,580.0,4.0,0,EW_GREEN,hold,,,
3371.0,2,56,824.0,14.714,2,0.0,2,0.0,19,509.0,5,89.0,0,0,4,2,226.0,598.0,0.0,0,EW_GREEN,hold,,,
3372.0,2,57,836.0,14.667,2,0.0,2,0.0,19,523.0,5,93.0,0,0,4,2,220.0,616.0,0.0,0,EW_GREEN,hold,,,
3373.0,2,58,848.0,14.621,2,0.0,2,0.0,19,537.0,5,97.0,0,0,4,2,214.0,634.0,0.0,0,EW_GREEN,hold,,,
3374.0,3,58,862.0,14.862,2,0.0,2,0.0,19,551.0,5,101.0,0,0,0,2,210.0,652.0,0.0,0,EW_GREEN,hold,,,
3375.0,3,60,827.0,13.783,2,0.0,2,0.0,20,565.0,6,105.0,0,0,0,1,157.0,670.0,0.0,0,EW_GREEN,hold,,,
3376.0,3,59,831.0,14.085,2,0.0,2,0.0,20,579.0,6,109.0,0,0,0,1,143.0,688.0,0.0,0,EW_GREEN,hold,,,
3377.0,0,53,563.0,10.623,2,0.0,2,0.0,17,412.0,3,14.0,0,0,0,0,137.0,426.0,0.0,0,EW_GREEN,hold,,,
3378.0,0,53,385.0,7.264,2,0.0,2,0.0,17,254.0,3,0.0,0,0,0,0,131.0,254.0,0.0,0,EW_GREEN,hold,,,
3379.0,0,52,258.0,4.962,2,1.0,2,1.0,17,110.0,3,0.0,0,0,0,0,146.0,112.0,0.0,0,EW_GREEN,hold,,,
3380.0,0,49,177.0,3.612,2,2.0,2,2.0,15,32.0,2,0.0,0,0,0,0,141.0,36.0,0.0,0,EW_GREEN,hold,,,
3381.0,0,53,142.0,2.679,2,3.0,2,3.0,14,0.0,2,0.0,0,0,0,0,136.0,6.0,0.0,0,EW_GREEN,hold,,,
3382.0,0,52,140.0,2.692,2,4.0,2,4.0,13,1.0,2,0.0,0,0,0,0,131.0,9.0,0.0,0,EW_GREEN,hold,,,
3383.0,0,54,138.0,2.556,2,5.0,2,5.0,12,0.0,2,0.0,0,0,0,0,128.0,10.0,0.0,0,EW_GREEN,hold,,,
3384.0,0,54,137.0,2.537,2,6.0,2,6.0,11,0.0,2,0.0,0,0,0,0,125.0,12.0,0.0,0,EW_GREEN,hold,,,
3385.0,0,58,137.0,2.362,3,7.0,3,7.0,9,0.0,2,0.0,0,0,0,0,123.0,14.0,0.0,0,EW_YELLOW,pressure_ns,,,
3386.0,3,62,137.0,2.21,4,8.0,4,8.0,9,0.0,2,0.0,0,0,0,0,121.0,16.0,0.0,0,EW_YELLOW,hold,,,
3387.0,3,63,138.0,2.19,4,9.0,4,9.0,9,1.0,2,0.0,0,0,0,0,119.0,19.0,0.0,0,EW_YELLOW,hold,,,
3388.0,3,64,156.0,2.438,4,10.0,4,10.0,9,3.0,2,0.0,0,0,2,0,133.0,23.0,0.0,0,NS_GREEN,yellow_end,,,
3389.0,0,61,155.0,2.541,4,11.0,4,11.0,6,2.0,2,0.0,0,0,1,0,131.0,24.0,0.0,0,NS_GREEN,hold,,,
3390.0,0,60,153.0,2.55,4,12.0,4,12.0,6,0.0,2,0.0,0,0,0,0,129.0,24.0,0.0,0,NS_GREEN,hold,,,
3391.0,0,61,152.0,2.492,4,13.0,4,13.0,7,0.0,2,0.0,0,0,0,0,126.0,26.0,0.0,0,NS_GREEN,hold,,,
3392.0,0,60,167.0,2.783,4,14.0,4,14.0,5,0.0,2,0.0,0,0,0,0,139.0,28.0,0.0,0,NS_GREEN,hold,,,
3393.0,0,61,165.0,2.705,4,15.0,4,15.0,5,0.0,2,0.0,0,0,0,0,135.0,30.0,0.0,0,NS_GREEN,hold,,,
3394.0,0,61,165.0,2.705,4,16.0,4,16.0,4,0.0,2,0.0,0,0,0,0,133.0,32.0,0.0,0,NS_GREEN,hold,,,
3395.0,0,62,163.0,2.629,4,17.0,4,17.0,4,0.0,2,0.0,0,0,0,0,129.0,34.0,0.0,0,NS_GREEN,hold,,,
3396.0,0,64,162.0,2.531,4,18.0,4,18.0,4,0.0,2,0.0,0,0,0,0,126.0,36.0,0.0,0,NS_GREEN,hold,,,
3397.0,0,63,162.0,2.571,4,19.0,4,19.0,4,0.0,1,0.0,0,0,0,0,124.0,38.0,0.0,0,NS_GREEN,hold,,,
3398.0,0,63,177.0,2.81,4,20.0,4,20.0,4,0.0,1,0.0,0,0,0,0,137.0,40.0,0.0,0,NS_GREEN,hold,,,
3399.0,0,64,193.0,3.016,4,21.0,4,21.0,4,0.0,1,0.0,0,0,0,0,151.0,42.0,0.0,0,NS_GREEN,hold,,,
3400.0,0,63,209.0,3.317,4,22.0,4,22.0,4,0.0,1,0.0,0,0,0,0,165.0,44.0,0.0,0,NS_GREEN,hold,,,
3401.0,0,62,226.0,3.645,4,23.0,4,23.0,3,0.0,2,0.0,0,0,0,0,180.0,46.0,0.0,0,NS_GREEN,hold,,,
3402.0,0,63,245.0,3.889,4,24.0,4,24.0,3,0.0,2,0.0,0,0,0,0,196.0,48.0,1.0,0,NS_YELLOW,pressure_ew,,,
3403.0,1,64,264.0,4.125,4,25.0,4,25.0,4,0.0,2,0.0,0,0,0,0,212.0,50.0,2.0,0,NS_YELLOW,hold,,,
3404.0,1,63,257.0,4.079,4,27.0,4,27.0,4,0.0,2,0.0,2,0,0,0,200.0,54.0,3.0,0,NS_YELLOW,hold,,,
3405.0,1,62,253.0,4.081,4,30.0,4,29.0,4,0.0,2,0.0,2,2,0,0,190.0,59.0,4.0,0,EW_GREEN,yellow_end,,,
3406.0,2,60,189.0,3.15,2,2.0,2,1.0,5,0.0,2,0.0,1,1,0,0,181.0,3.0,5.0,0,EW_GREEN,hold,,,
3407.0,2,59,179.0,3.034,2,0.0,2,0.0,5,0.0,2,0.0,0,0,0,0,173.0,0.0,6.0,0,EW_GREEN,hold,,,
3408.0,2,60,173.0,2.883,2,0.0,2,0.0,6,0.0,2,1.0,0,0,0,0,165.0,1.0,7.0,0,EW_GREEN,hold,,,
3409.0,2,60,169.0,2.817,2,0.0,2,0.0,6,0.0,2,2.0,0,0,0,0,159.0,2.0,8.0,0,EW_GREEN,hold,,,
3410.0,2,60,165.0,2.75,2,0.0,2,0.0,6,0.0,2,3.0,0,0,0,0,153.0,3.0,9.0,0,EW_GREEN,hold,,,
3411.0,2,60,162.0,2.7,2,0.0,2,0.0,6,0.0,2,4.0,0,0,0,0,148.0,4.0,10.0,0,EW_GREEN,hold,,,
3412.0,2,60,159.0,2.65,2,0.0,2,0.0,6,0.0,2,5.0,0,0,0,0,143.0,5.0,11.0,0,EW_GREEN,hold,,,
3413.0,2,59,158.0,2.678,2,0.0,2,0.0,6,0.0,2,6.0,0,0,0,0,140.0,6.0,12.0,0,EW_YELLOW,pressure_ns,,,
3414.0,3,59,180.0,3.051,2,0.0,2,0.0,7,1.0,2,7.0,0,0,1,0,159.0,8.0,13.0,0,EW_YELLOW,hold,,,
3415.0,3,58,179.0,3.086,2,0.0,2,0.0,7,2.0,2,8.0,0,0,0,0,155.0,10.0,14.0,0,EW_YELLOW,hold,,,
3416.0,3,57,179.0,3.14,2,0.0,2,0.0,7,3.0,2,9.0,0,0,0,0,152.0,12.0,15.0,0,NS_GREEN,yellow_end,,,
3417.0,0,54,165.0,3.056,2,0.0,2,0.0,6,0.0,1,0.0,0,0,0,0,149.0,0.0,16.0,0,NS_GREEN,hold,,,
3418.0,0,53,161.0,3.038,2,0.0,2,0.0,6,0.0,1,0.0,0,0,0,0,144.0,0.0,17.0,0,NS_GREEN,hold,,,
3419.0,0,52,158.0,3.038,2,0.0,2,0.0,6,0.0,1,0.0,0,0,0,0,140.0,0.0,18.0,0,NS_GREEN,hold,,,
3420.0,0,51,154.0,3.02,2,0.0,2,0.0,6,0.0,1,0.0,0,0,0,0,135.0,0.0,19.0,0,NS_GREEN,hold,,,
3421.0,0,53,169.0,3.189,2,0.0,2,0.0,5,0.0,1,0.0,0,0,0,0,149.0,0.0,20.0,1,NS_GREEN,hold,,,
3422.0,0,54,166.0,3.074,2,0.0,2,0.0,6,0.0,1,0.0,0,0,0,0,145.0,0.0,21.0,1,NS_GREEN,hold,,,
3423.0,0,55,159.0,2.891,2,0.0,2,0.0,6,0.0,1,0.0,0,0,0,0,137.0,0.0,22.0,1,NS_GREEN,camera_emg_hold(int_C),,,
3424.0,0,54,130.0,2.407,2,0.0,2,0.0,6,0.0,1,0.0,0,0,0,0,130.0,0.0,0.0,1,NS_YELLOW,camera_emg_hold(int_C),,,
3425.0,1,55,124.0,2.255,2,0.0,2,1.0,7,0.0,1,0.0,0,1,0,0,122.0,1.0,1.0,1,NS_YELLOW,camera_emg_hold(int_C),,,
3426.0,1,55,117.0,2.127,2,0.0,2,2.0,7,0.0,1,0.0,0,1,0,0,113.0,2.0,2.0,1,NS_YELLOW,camera_emg_hold(int_C),,,
3427.0,1,56,110.0,1.964,2,0.0,2,3.0,8,0.0,1,0.0,0,1,0,0,104.0,3.0,3.0,1,EW_GREEN,camera_emg_hold(int_C),,,
3428.0,2,55,99.0,1.8,1,0.0,1,0.0,8,0.0,2,0.0,0,0,0,0,95.0,0.0,4.0,1,EW_GREEN,camera_emg_hold(int_C),,,
3429.0,2,55,91.0,1.655,1,0.0,1,0.0,8,0.0,2,0.0,0,0,0,0,85.0,0.0,6.0,1,EW_GREEN,camera_emg_hold(int_C),,,
3430.0,2,55,99.0,1.8,1,0.0,1,0.0,8,0.0,2,0.0,0,0,0,0,90.0,0.0,9.0,1,EW_GREEN,camera_emg_hold(int_C),,,
3431.0,2,55,109.0,1.982,1,0.0,1,0.0,8,0.0,3,0.0,0,0,0,0,96.0,0.0,13.0,1,EW_GREEN,camera_emg_hold(int_C),,,
3432.0,2,56,120.0,2.143,1,0.0,1,0.0,9,0.0,3,0.0,0,0,0,0,103.0,0.0,17.0,1,EW_GREEN,camera_emg_hold(int_C),,,
3433.0,2,57,130.0,2.281,2,0.0,2,0.0,9,0.0,3,1.0,0,0,0,0,108.0,1.0,21.0,1,EW_GREEN,"camera_emg_hold(int_B,int_C)",,,
3434.0,2,59,141.0,2.39,3,0.0,3,0.0,9,0.0,3,2.0,0,0,0,0,114.0,2.0,25.0,1,EW_GREEN,"camera_emg_hold(int_B,int_C)",,,
3435.0,2,60,153.0,2.55,3,0.0,3,0.0,10,0.0,3,3.0,0,0,0,0,120.0,3.0,30.0,1,EW_GREEN,"camera_emg_hold(int_B,int_C)",,,
3436.0,2,59,165.0,2.797,3,0.0,3,0.0,10,0.0,3,4.0,0,0,0,0,126.0,4.0,35.0,1,EW_GREEN,"camera_emg_hold(int_B,int_C)",,,
3437.0,2,60,178.0,2.967,3,0.0,3,0.0,10,1.0,3,5.0,0,0,0,0,132.0,6.0,40.0,1,EW_GREEN,"camera_emg_hold(int_B,int_C)",,,
3438.0,2,60,192.0,3.2,3,0.0,3,0.0,10,3.0,4,6.0,0,0,0,0,138.0,9.0,45.0,1,EW_GREEN,"camera_emg_hold(int_B,int_C)",,,
3439.0,2,61,207.0,3.393,3,0.0,3,0.0,11,5.0,4,7.0,0,0,0,0,145.0,12.0,50.0,1,EW_GREEN,"camera_emg_hold(int_B,int_C)",,,
3440.0,2,62,223.0,3.597,3,0.0,3,0.0,11,8.0,5,8.0,0,0,0,0,152.0,16.0,55.0,1,EW_GREEN,"camera_emg_hold(int_B,int_C)",,,
3441.0,2,61,240.0,3.934,3,0.0,3,0.0,11,11.0,5,9.0,0,0,0,0,160.0,20.0,60.0,1,EW_GREEN,"camera_emg_hold(int_B,int_C)",,,
3442.0,2,62,257.0,4.145,3,0.0,3,0.0,12,14.0,5,10.0,0,0,0,0,168.0,24.0,65.0,1,EW_GREEN,"camera_emg_hold(int_B,int_C)",,,
3443.0,2,62,276.0,4.452,3,0.0,3,0.0,12,17.0,5,11.0,0,0,0,0,177.0,28.0,71.0,1,EW_GREEN,"camera_emg_hold(int_B,int_C)",,,
3444.0,2,62,296.0,4.774,3,0.0,3,0.0,12,20.0,5,12.0,0,0,1,0,187.0,32.0,77.0,1,EW_GREEN,"camera_emg_hold(int_B,int_C)",,,
3445.0,2,62,309.0,4.984,3,0.0,3,0.0,12,23.0,5,13.0,0,0,1,0,190.0,36.0,83.0,1,EW_GREEN,"camera_emg_hold(int_B,int_C)",,,
3446.0,2,63,324.0,5.143,3,0.0,3,0.0,13,26.0,5,14.0,0,0,1,0,195.0,40.0,89.0,1,EW_GREEN,"camera_emg_hold(int_B,int_C)",,,
3447.0,2,62,341.0,5.5,2,0.0,2,0.0,13,29.0,5,15.0,0,0,0,0,202.0,44.0,95.0,1,EW_GREEN,"camera_emg_hold(int_B,int_C)",,,
3448.0,2,60,245.0,4.083,2,0.0,2,0.0,14,32.0,5,16.0,0,0,0,0,96.0,48.0,101.0,1,EW_GREEN,"camera_emg_hold(int_B,int_C)",,,
3449.0,2,58,180.0,3.103,1,0.0,1,0.0,14,37.0,5,17.0,0,0,0,0,19.0,54.0,107.0,1,EW_GREEN,"camera_emg_hold(int_B,int_C)",,,
3450.0,2,58,193.0,3.328,1,0.0,1,0.0,14,42.0,5,18.0,0,0,0,0,20.0,60.0,113.0,1,EW_GREEN,"camera_emg_hold(int_B,int_C)",,,
3451.0,2,56,214.0,3.821,1,0.0,1,0.0,14,47.0,5,19.0,0,0,0,0,29.0,66.0,119.0,1,EW_GREEN,"camera_emg_hold(int_B,int_C)",,,
3452.0,2,55,235.0,4.273,1,0.0,1,0.0,14,52.0,5,20.0,0,0,0,0,38.0,72.0,125.0,1,EW_GREEN,"camera_emg_hold(int_B,int_C)",,,
3453.0,2,58,259.0,4.466,1,0.0,1,0.0,15,57.0,5,22.0,0,0,0,0,48.0,79.0,132.0,1,EW_GREEN,"camera_emg_hold(int_B,int_C)",,,
3454.0,2,56,286.0,5.107,1,0.0,1,0.0,15,63.0,5,24.0,0,0,0,0,59.0,87.0,140.0,1,EW_GREEN,"camera_emg_hold(int_B,int_C)",,,
3455.0,2,57,314.0,5.509,1,0.0,1,0.0,15,69.0,5,26.0,0,0,0,0,71.0,95.0,148.0,1,EW_GREEN,"camera_emg_hold(int_B,int_C)",,,
3456.0,2,57,343.0,6.018,1,0.0,1,0.0,15,76.0,5,28.0,0,0,0,0,83.0,104.0,156.0,1,EW_GREEN,"camera_emg_hold(int_B,int_C)",,,
3457.0,2,62,373.0,6.016,2,0.0,2,0.0,15,83.0,5,30.0,0,0,0,0,96.0,113.0,164.0,1,EW_GREEN,"camera_emg_hold(int_B,int_C)",,,
3458.0,2,63,403.0,6.397,2,0.0,2,0.0,15,90.0,5,32.0,0,0,0,0,109.0,122.0,172.0,1,EW_GREEN,"camera_emg_hold(int_B,int_C)",,,
3459.0,2,62,421.0,6.79,2,0.0,2,0.0,15,97.0,5,34.0,0,0,0,0,109.0,131.0,181.0,1,EW_GREEN,"camera_emg_hold(int_B,int_C)",,,
3460.0,2,62,435.0,7.016,2,0.0,2,0.0,15,105.0,5,37.0,0,0,0,1,103.0,142.0,190.0,1,EW_GREEN,"camera_emg_hold(int_B,int_C)",,,
3461.0,2,62,454.0,7.323,2,0.0,2,0.0,15,113.0,5,40.0,0,0,0,1,102.0,153.0,199.0,1,EW_GREEN,"camera_emg_hold(int_B,int_C)",,,
3462.0,2,62,474.0,7.645,2,0.0,2,0.0,15,121.0,5,43.0,0,0,0,1,102.0,164.0,208.0,1,EW_GREEN,"camera_emg_hold(int_B,int_C)",,,
3463.0,2,63,495.0,7.857,2,0.0,2,0.0,16,130.0,5,46.0,0,0,0,1,102.0,176.0,217.0,1,EW_GREEN,"camera_emg_hold(int_B,int_C)",,,
3464.0,2,63,510.0,8.095,2,0.0,2,0.0,16,139.0,5,49.0,0,0,0,1,96.0,188.0,226.0,1,EW_GREEN,"camera_emg_hold(int_B,int_C)",,,
3465.0,2,62,526.0,8.484,2,0.0,2,0.0,16,149.0,5,52.0,0,0,0,0,90.0,201.0,235.0,1,EW_GREEN,"camera_emg_hold(int_B,int_C)",,,
3466.0,2,63,542.0,8.603,2,0.0,2,0.0,17,159.0,5,55.0,0,0,0,0,84.0,214.0,244.0,1,EW_GREEN,"camera_emg_hold(int_B,int_C)",,,
3467.0,2,62,559.0,9.016,2,0.0,2,0.0,17,169.0,5,58.0,0,0,0,0,79.0,227.0,253.0,1,EW_GREEN,"camera_emg_hold(int_B,int_C)",,,
3468.0,2,64,591.0,9.234,2,0.0,2,0.0,18,179.0,5,61.0,0,0,0,2,89.0,240.0,262.0,1,EW_GREEN,"camera_emg_hold(int_B,int_C)",,,
3469.0,2,64,610.0,9.531,2,0.0,2,0.0,18,189.0,5,65.0,0,0,0,3,85.0,254.0,271.0,1,EW_GREEN,"camera_emg_hold(int_B,int_C)",,,
3470.0,2,64,623.0,9.734,2,0.0,2,0.0,18,199.0,5,67.0,0,0,0,2,77.0,266.0,280.0,1,EW_GREEN,"camera_emg_hold(int_B,int_C)",,,
3471.0,2,64,641.0,10.016,2,0.0,2,0.0,18,209.0,5,70.0,0,0,0,2,73.0,279.0,289.0,1,EW_GREEN,"camera_emg_hold(int_B,int_C)",,,
3472.0,2,59,655.0,11.102,1,0.0,1,0.0,18,219.0,5,73.0,0,0,0,2,65.0,292.0,298.0,1,EW_GREEN,"camera_emg_hold(int_B,int_C)",,,
3473.0,2,60,675.0,11.25,1,0.0,1,0.0,19,229.0,5,77.0,0,0,0,4,62.0,306.0,307.0,1,EW_GREEN,"camera_emg_hold(int_B,int_C)",,,
3474.0,2,60,694.0,11.567,1,0.0,1,0.0,19,240.0,6,81.0,0,0,0,2,57.0,321.0,316.0,1,EW_GREEN,"camera_emg_hold(int_B,int_C)",,,
3475.0,2,61,717.0,11.754,1,0.0,0,0.0,20,251.0,7,86.0,0,0,0,1,55.0,337.0,325.0,1,EW_GREEN,"camera_emg_hold(int_B,int_C)",,,
3476.0,2,61,735.0,12.049,1,0.0,0,0.0,20,262.0,7,91.0,0,0,0,1,48.0,353.0,334.0,1,EW_GREEN,"camera_emg_hold(int_B,int_C)",,,
3477.0,2,60,754.0,12.567,1,0.0,0,0.0,20,273.0,7,96.0,0,0,0,1,42.0,369.0,343.0,1,EW_GREEN,"camera_emg_hold(int_B,int_C)",,,
3478.0,2,61,786.0,12.885,0,0.0,0,0.0,21,287.0,7,101.0,0,0,0,1,46.0,388.0,352.0,1,EW_GREEN,"camera_emg_hold(int_B,int_C)",,,
3479.0,2,61,806.0,13.213,0,0.0,0,0.0,21,301.0,7,106.0,0,0,0,1,38.0,407.0,361.0,1,EW_GREEN,"camera_emg_hold(int_B,int_C)",,,
3480.0,2,61,829.0,13.59,0,0.0,0,0.0,21,315.0,7,111.0,0,0,0,1,33.0,426.0,370.0,1,EW_GREEN,"camera_emg_hold(int_B,int_C)",,,
3481.0,2,65,851.0,13.092,2,0.0,2,0.0,21,329.0,7,116.0,0,0,0,1,27.0,445.0,379.0,1,EW_GREEN,"camera_emg_hold(int_B,int_C)",,,
3482.0,2,67,872.0,13.015,3,0.0,3,0.0,21,343.0,7,121.0,0,0,0,1,19.0,464.0,389.0,1,EW_GREEN,"camera_emg_hold(int_B,int_C)",,,
3483.0,2,66,904.0,13.697,3,0.0,3,0.0,21,358.0,7,126.0,0,0,0,1,21.0,484.0,399.0,1,EW_GREEN,camera_emg_hold(int_B),,,
3484.0,2,67,924.0,13.791,3,0.0,3,0.0,22,373.0,7,131.0,0,0,0,1,11.0,504.0,409.0,1,EW_GREEN,camera_emg_hold(int_B),,,
3485.0,2,66,944.0,14.303,3,0.0,3,0.0,22,388.0,7,136.0,0,0,0,1,1.0,524.0,419.0,1,EW_GREEN,camera_emg_hold(int_B),,,
3486.0,2,66,974.0,14.758,3,0.0,3,0.0,22,403.0,7,141.0,0,0,0,1,1.0,544.0,429.0,1,EW_GREEN,camera_emg_hold(int_B),,,
3487.0,2,68,1005.0,14.779,3,0.0,3,0.0,23,418.0,7,146.0,0,0,0,1,2.0,564.0,439.0,1,EW_GREEN,camera_emg_hold(int_B),,,
3488.0,2,68,1036.0,15.235,3,0.0,3,0.0,23,433.0,7,151.0,0,0,0,1,3.0,584.0,449.0,1,EW_GREEN,camera_emg_hold(int_B),,,
3489.0,2,68,1067.0,15.691,3,0.0,3,0.0,23,448.0,7,156.0,0,0,0,1,4.0,604.0,459.0,1,EW_GREEN,camera_emg_hold(int_B),,,
3490.0,2,69,1098.0,15.913,3,0.0,3,0.0,24,463.0,7,161.0,0,0,0,1,5.0,624.0,469.0,1,EW_GREEN,camera_emg_hold(int_B),,,
3491.0,2,69,1129.0,16.362,3,0.0,3,0.0,24,478.0,7,166.0,0,0,0,1,6.0,644.0,479.0,1,EW_GREEN,camera_emg_hold(int_B),,,
3492.0,2,69,1161.0,16.826,3,0.0,3,0.0,24,493.0,7,171.0,0,0,0,1,8.0,664.0,489.0,1,EW_GREEN,camera_emg_hold(int_B),,,
3493.0,2,72,1194.0,16.583,3,0.0,3,0.0,24,509.0,7,176.0,0,0,0,1,10.0,685.0,499.0,1,EW_GREEN,hold,,,
3494.0,2,71,1227.0,17.282,3,0.0,3,0.0,24,525.0,7,181.0,0,0,0,1,12.0,706.0,509.0,1,EW_GREEN,hold,,,
3495.0,2,68,1261.0,18.544,1,0.0,1,0.0,25,541.0,7,186.0,0,0,0,1,15.0,727.0,519.0,1,EW_GREEN,hold,,,
3496.0,2,67,1290.0,19.254,1,0.0,1,0.0,25,557.0,7,191.0,0,0,0,1,13.0,748.0,529.0,1,EW_GREEN,hold,,,
3497.0,2,68,1322.0,19.441,1,0.0,1,0.0,25,574.0,7,196.0,0,0,0,1,13.0,770.0,539.0,1,EW_GREEN,hold,,,
3498.0,2,69,1354.0,19.623,1,0.0,1,0.0,26,591.0,7,201.0,0,0,0,1,13.0,792.0,549.0,1,EW_GREEN,hold,,,
3499.0,2,70,1388.0,19.829,1,0.0,1,0.0,26,609.0,7,206.0,0,0,0,1,14.0,815.0,559.0,1,EW_GREEN,hold,,,
3500.0,2,70,1422.0,20.314,1,0.0,1,0.0,27,627.0,7,211.0,0,0,0,1,15.0,838.0,569.0,1,EW_GREEN,hold,,,
3501.0,2,72,1457.0,20.236,1,0.0,1,0.0,27,646.0,7,216.0,0,0,0,1,16.0,862.0,579.0,1,EW_GREEN,hold,,,
3502.0,2,73,1492.0,20.438,1,0.0,1,0.0,27,665.0,7,221.0,0,0,0,2,17.0,886.0,589.0,1,EW_GREEN,hold,,,
3503.0,2,72,1528.0,21.222,1,0.0,1,0.0,27,684.0,7,226.0,0,0,0,2,19.0,910.0,599.0,1,EW_GREEN,hold,,,
3504.0,2,71,1543.0,21.732,1,0.0,1,0.0,27,703.0,7,231.0,0,0,0,2,0.0,934.0,609.0,1,EW_GREEN,hold,,,
3505.0,2,74,1579.0,21.338,2,0.0,2,0.0,28,723.0,7,236.0,0,0,0,2,1.0,959.0,619.0,1,EW_GREEN,hold,,,
3506.0,2,74,1615.0,21.824,2,0.0,2,0.0,28,743.0,7,241.0,0,0,0,5,2.0,984.0,629.0,1,EW_GREEN,hold,,,
3507.0,2,75,1653.0,22.04,2,0.0,2,0.0,29,763.0,7,247.0,0,0,0,7,4.0,1010.0,639.0,1,EW_GREEN,hold,,,
3508.0,2,73,1694.0,23.205,2,0.0,2,0.0,29,784.0,7,254.0,0,0,0,7,7.0,1038.0,649.0,1,EW_GREEN,hold,,,
3509.0,2,75,1735.0,23.133,2,0.0,2,0.0,29,805.0,8,261.0,0,0,0,5,10.0,1066.0,659.0,1,EW_GREEN,hold,,,
3510.0,2,75,1777.0,23.693,2,0.0,2,0.0,29,826.0,8,268.0,0,0,0,5,14.0,1094.0,669.0,1,EW_GREEN,hold,,,
3511.0,2,78,1820.0,23.333,2,0.0,2,0.0,29,847.0,9,275.0,0,0,0,2,19.0,1122.0,679.0,1,EW_GREEN,hold,,,
3512.0,2,78,1865.0,23.91,2,0.0,2,0.0,29,868.0,9,282.0,0,0,0,2,26.0,1150.0,689.0,1,EW_GREEN,hold,,,
3513.0,2,78,1909.0,24.474,2,0.0,2,0.0,29,890.0,9,289.0,0,0,0,2,31.0,1179.0,699.0,1,EW_GREEN,hold,,,
3514.0,2,77,1954.0,25.377,2,0.0,2,0.0,29,912.0,9,296.0,0,0,0,2,37.0,1208.0,709.0,1,EW_GREEN,hold,,,
3515.0,2,78,2000.0,25.641,2,0.0,2,0.0,30,934.0,9,303.0,0,0,0,2,44.0,1237.0,719.0,1,EW_GREEN,hold,,,
3516.0,2,78,2048.0,26.256,2,0.0,2,0.0,30,957.0,9,310.0,0,0,0,2,52.0,1267.0,729.0,1,EW_GREEN,hold,,,
3517.0,2,79,2094.0,26.506,2,0.0,2,0.0,30,980.0,9,317.0,0,0,0,2,58.0,1297.0,739.0,1,EW_GREEN,hold,,,
3518.0,2,79,2142.0,27.114,2,0.0,2,0.0,30,1003.0,9,324.0,0,0,0,2,66.0,1327.0,749.0,1,EW_GREEN,hold,,,
3519.0,2,79,2191.0,27.734,2,0.0,1,0.0,30,1026.0,9,331.0,0,0,0,2,75.0,1357.0,759.0,1,EW_GREEN,hold,,,
3520.0,2,79,2241.0,28.367,2,0.0,1,0.0,30,1049.0,9,338.0,0,0,0,2,85.0,1387.0,769.0,1,EW_GREEN,hold,,,
3521.0,2,79,2293.0,29.025,2,0.0,1,0.0,30,1072.0,9,345.0,0,0,0,2,97.0,1417.0,779.0,1,EW_GREEN,hold,,,
3522.0,2,79,2343.0,29.658,2,0.0,1,0.0,30,1095.0,9,352.0,0,0,0,2,107.0,1447.0,789.0,1,EW_GREEN,hold,,,
3523.0,2,79,2395.0,30.316,2,0.0,1,0.0,30,1118.0,9,359.0,0,0,0,2,119.0,1477.0,799.0,1,EW_GREEN,hold,,,
3524.0,2,77,2448.0,31.792,1,0.0,1,0.0,30,1141.0,9,366.0,0,0,0,2,132.0,1507.0,809.0,1,EW_GREEN,hold,,,
3525.0,2,79,2504.0,31.696,1,0.0,1,0.0,31,1166.0,9,373.0,0,0,9,2,146.0,1539.0,819.0,1,EW_GREEN,hold,,,
3526.0,2,79,2559.0,32.392,1,0.0,1,0.0,31,1189.0,9,380.0,0,0,9,2,161.0,1569.0,829.0,1,EW_GREEN,hold,,,
3527.0,2,78,2615.0,33.526,1,0.0,1,0.0,31,1214.0,9,387.0,0,0,9,2,175.0,1601.0,839.0,1,EW_GREEN,hold,,,
3528.0,2,77,2372.0,30.805,1,0.0,1,0.0,32,1240.0,9,394.0,0,0,9,2,191.0,1634.0,547.0,1,EW_GREEN,hold,,,
3529.0,2,82,2146.0,26.171,2,0.0,2,0.0,32,1266.0,9,401.0,0,0,9,2,207.0,1667.0,272.0,1,EW_GREEN,hold,,,
3530.0,2,84,1974.0,23.5,3,0.0,3,0.0,32,1292.0,9,408.0,0,0,9,2,224.0,1700.0,50.0,1,EW_GREEN,hold,,,
3531.0,2,84,1978.0,23.548,3,0.0,3,0.0,32,1319.0,9,415.0,0,0,10,2,242.0,1734.0,2.0,1,EW_GREEN,hold,,,
3532.0,2,84,2029.0,24.155,3,0.0,3,0.0,32,1346.0,9,422.0,0,0,10,2,261.0,1768.0,0.0,1,EW_GREEN,hold,,,
3533.0,2,83,2055.0,24.759,3,0.0,3,0.0,32,1373.0,9,429.0,0,0,10,2,251.0,1802.0,2.0,1,EW_GREEN,hold,,,
3534.0,2,83,2083.0,25.096,3,0.0,3,0.0,32,1401.0,9,436.0,0,0,10,2,242.0,1837.0,4.0,1,EW_GREEN,hold,,,
3535.0,3,83,2113.0,25.458,3,0.0,3,0.0,32,1429.0,9,443.0,0,0,20,2,233.0,1872.0,8.0,1,EW_GREEN,hold,,,
3536.0,3,82,2144.0,26.146,3,0.0,3,0.0,32,1457.0,9,450.0,0,0,20,2,224.0,1907.0,13.0,1,EW_GREEN,hold,,,
3537.0,3,83,2177.0,26.229,3,0.0,3,0.0,33,1486.0,9,457.0,0,0,20,2,216.0,1943.0,18.0,1,EW_GREEN,hold,,,
3538.0,0,76,1659.0,21.829,3,0.0,3,0.0,30,1213.0,6,215.0,0,0,18,2,207.0,1428.0,24.0,1,EW_GREEN,hold,,,
3539.0,0,76,1236.0,16.263,3,0.0,3,0.0,30,973.0,6,33.0,0,0,0,0,200.0,1006.0,30.0,1,EW_GREEN,hold,,,
3540.0,0,78,1004.0,12.872,3,0.0,3,0.0,31,750.0,6,0.0,0,0,0,0,217.0,750.0,37.0,1,EW_GREEN,hold,,,
3541.0,0,72,816.0,11.333,3,0.0,3,0.0,28,561.0,3,0.0,0,0,0,0,210.0,561.0,45.0,0,EW_YELLOW,congestion_max,,,
3542.0,3,77,643.0,8.351,3,0.0,3,0.0,29,388.0,3,0.0,0,0,0,0,202.0,388.0,53.0,0,EW_YELLOW,hold,,,
3543.0,3,77,517.0,6.714,3,0.0,3,0.0,29,263.0,3,0.0,0,0,0,0,193.0,263.0,61.0,0,EW_YELLOW,hold,,,
3544.0,3,79,369.0,4.671,3,0.0,3,0.0,29,150.0,3,0.0,0,0,0,0,183.0,150.0,36.0,0,NS_GREEN,yellow_end,,,
3545.0,0,72,264.0,3.667,3,1.0,3,1.0,26,78.0,0,0.0,0,0,0,0,173.0,80.0,11.0,0,NS_GREEN,hold,,,
3546.0,0,72,203.0,2.819,3,2.0,3,2.0,26,29.0,1,0.0,0,0,0,0,163.0,33.0,7.0,0,NS_GREEN,hold,,,
3547.0,0,71,162.0,2.282,3,4.0,3,4.0,27,0.0,1,0.0,1,1,0,0,152.0,8.0,2.0,0,NS_GREEN,hold,,,
3548.0,0,72,175.0,2.431,3,4.0,3,4.0,24,0.0,1,0.0,0,0,0,0,164.0,8.0,3.0,0,NS_GREEN,hold,,,
3549.0,0,72,168.0,2.333,3,5.0,3,5.0,24,0.0,1,0.0,0,0,0,0,154.0,10.0,4.0,0,NS_GREEN,hold,,,
3550.0,0,72,155.0,2.153,3,6.0,3,6.0,22,0.0,1,0.0,0,0,0,0,138.0,12.0,5.0,0,NS_GREEN,hold,,,
3551.0,0,73,143.0,1.959,3,7.0,3,7.0,22,0.0,1,0.0,0,0,0,0,123.0,14.0,6.0,0,NS_GREEN,hold,,,
3552.0,0,74,130.0,1.757,3,9.0,3,8.0,21,0.0,1,0.0,1,0,0,0,106.0,17.0,7.0,0,NS_YELLOW,pressure_ew,,,
3553.0,1,75,140.0,1.867,4,11.0,4,10.0,20,0.0,1,0.0,0,0,0,0,111.0,21.0,8.0,0,NS_YELLOW,hold,,,
3554.0,1,75,128.0,1.707,4,13.0,4,12.0,20,0.0,1,0.0,0,0,0,0,94.0,25.0,9.0,0,NS_YELLOW,hold,,,
3555.0,1,75,116.0,1.547,4,15.0,4,14.0,20,0.0,1,0.0,0,0,0,0,77.0,29.0,10.0,0,EW_GREEN,yellow_end,,,
3556.0,2,70,71.0,1.014,2,0.0,2,0.0,20,1.0,1,0.0,0,0,0,0,59.0,1.0,11.0,0,EW_GREEN,hold,,,
3557.0,2,71,57.0,0.803,2,0.0,2,0.0,21,3.0,1,0.0,0,0,0,0,42.0,3.0,12.0,0,EW_GREEN,hold,,,
3558.0,2,70,41.0,0.586,2,0.0,2,0.0,21,7.0,1,0.0,0,0,0,0,21.0,7.0,13.0,0,EW_GREEN,hold,,,
3559.0,2,70,28.0,0.4,2,0.0,2,0.0,21,13.0,1,0.0,0,0,0,0,1.0,13.0,14.0,0,EW_GREEN,hold,,,
3560.0,2,72,35.0,0.486,2,0.0,2,0.0,22,20.0,1,0.0,0,0,0,0,0.0,20.0,15.0,0,EW_GREEN,hold,,,
3561.0,2,72,44.0,0.611,2,0.0,2,0.0,22,28.0,1,0.0,0,0,0,0,0.0,28.0,16.0,0,EW_GREEN,hold,,,
3562.0,2,73,55.0,0.753,2,0.0,2,0.0,23,38.0,1,0.0,0,0,0,0,0.0,38.0,17.0,1,EW_GREEN,hold,,,
3563.0,2,74,69.0,0.932,2,0.0,2,0.0,23,50.0,1,0.0,0,0,0,0,1.0,50.0,18.0,1,EW_GREEN,hold,,,
3564.0,2,75,82.0,1.093,2,0.0,2,0.0,23,63.0,1,0.0,0,0,0,0,0.0,63.0,19.0,1,EW_GREEN,camera_emg_hold(int_A),,,
3565.0,2,76,97.0,1.276,2,0.0,2,0.0,23,77.0,1,0.0,0,0,0,0,0.0,77.0,20.0,1,EW_GREEN,camera_emg_hold(int_A),,,
3566.0,2,78,113.0,1.449,2,0.0,2,0.0,24,91.0,1,0.0,0,0,0,0,1.0,91.0,21.0,1,EW_GREEN,camera_emg_hold(int_A),,,
3567.0,2,77,127.0,1.649,1,0.0,2,0.0,24,105.0,1,0.0,0,0,0,0,0.0,105.0,22.0,1,EW_GREEN,camera_emg_hold(int_A),,,
3568.0,2,75,142.0,1.893,1,0.0,1,0.0,24,119.0,1,0.0,0,0,0,0,0.0,119.0,23.0,1,EW_GREEN,camera_emg_hold(int_A),,,
3569.0,2,76,157.0,2.066,1,0.0,1,0.0,25,133.0,1,0.0,0,0,0,0,0.0,133.0,24.0,1,EW_GREEN,camera_emg_hold(int_A),,,
3570.0,2,75,172.0,2.293,1,0.0,1,0.0,25,147.0,1,0.0,0,0,0,0,0.0,147.0,25.0,1,EW_GREEN,camera_emg_hold(int_A),,,
3571.0,2,76,188.0,2.474,1,0.0,1,0.0,26,162.0,1,0.0,0,0,0,0,0.0,162.0,26.0,1,EW_GREEN,camera_emg_hold(int_A),,,
3572.0,2,76,205.0,2.697,1,0.0,1,0.0,26,178.0,1,0.0,0,0,0,0,0.0,178.0,27.0,1,EW_GREEN,camera_emg_hold(int_A),,,
3573.0,2,75,224.0,2.987,1,0.0,1,0.0,26,194.0,1,0.0,0,0,0,0,2.0,194.0,28.0,1,EW_GREEN,camera_emg_hold(int_A),,,
3574.0,2,74,243.0,3.284,1,0.0,1,0.0,26,210.0,1,0.0,0,0,0,0,4.0,210.0,29.0,1,EW_GREEN,camera_emg_hold(int_A),,,
3575.0,2,72,264.0,3.667,1,0.0,1,0.0,26,227.0,1,0.0,0,0,0,0,7.0,227.0,30.0,1,EW_GREEN,camera_emg_hold(int_A),,,
3576.0,2,72,285.0,3.958,1,0.0,1,0.0,27,244.0,1,0.0,0,0,0,0,10.0,244.0,31.0,1,EW_GREEN,camera_emg_hold(int_A),,,
3577.0,2,73,307.0,4.205,2,0.0,2,0.0,27,261.0,1,0.0,0,0,0,0,14.0,261.0,32.0,1,EW_GREEN,camera_emg_hold(int_A),,,
3578.0,2,74,330.0,4.459,3,0.0,3,0.0,27,278.0,1,0.0,0,0,0,0,19.0,278.0,33.0,1,EW_GREEN,camera_emg_hold(int_A),,,
3579.0,2,74,354.0,4.784,3,0.0,3,0.0,28,295.0,1,0.0,0,0,0,0,25.0,295.0,34.0,1,EW_GREEN,camera_emg_hold(int_A),,,
3580.0,2,72,382.0,5.306,3,0.0,3,0.0,28,314.0,1,0.0,0,0,0,0,33.0,314.0,35.0,1,EW_GREEN,camera_emg_hold(int_A),,,
3581.0,2,73,412.0,5.644,3,0.0,3,0.0,28,333.0,1,1.0,0,0,0,1,41.0,334.0,37.0,1,EW_GREEN,camera_emg_hold(int_A),,,
3582.0,2,71,443.0,6.239,3,0.0,3,0.0,29,353.0,2,2.0,0,0,0,0,49.0,355.0,39.0,1,EW_GREEN,camera_emg_hold(int_A),,,
3583.0,2,71,474.0,6.676,3,0.0,3,0.0,29,373.0,2,3.0,0,0,0,0,57.0,376.0,41.0,1,EW_GREEN,camera_emg_hold(int_A),,,
3584.0,2,70,505.0,7.214,3,0.0,3,0.0,29,393.0,2,4.0,0,0,0,0,65.0,397.0,43.0,1,EW_GREEN,camera_emg_hold(int_A),,,
3585.0,2,70,536.0,7.657,3,0.0,3,0.0,29,413.0,2,5.0,0,0,0,0,73.0,418.0,45.0,1,EW_GREEN,camera_emg_hold(int_A),,,
3586.0,2,69,567.0,8.217,3,0.0,3,0.0,29,433.0,2,6.0,0,0,0,0,81.0,439.0,47.0,1,EW_GREEN,camera_emg_hold(int_A),,,
3587.0,2,71,599.0,8.437,3,0.0,3,0.0,30,454.0,2,7.0,0,0,0,0,89.0,461.0,49.0,1,EW_GREEN,camera_emg_hold(int_A),,,
3588.0,2,70,631.0,9.014,3,0.0,3,0.0,30,475.0,2,8.0,0,0,0,0,97.0,483.0,51.0,1,EW_GREEN,camera_emg_hold(int_A),,,
3589.0,2,69,619.0,8.971,3,0.0,3,0.0,30,496.0,2,9.0,0,0,0,0,105.0,505.0,9.0,1,EW_GREEN,camera_emg_hold(int_A),,,
3590.0,2,70,643.0,9.186,3,0.0,3,0.0,31,519.0,2,10.0,0,0,0,0,113.0,529.0,1.0,1,EW_GREEN,camera_emg_hold(int_A),,,
3591.0,2,70,676.0,9.657,3,0.0,2,0.0,31,542.0,2,11.0,0,0,0,0,121.0,553.0,2.0,1,EW_GREEN,camera_emg_hold(int_A),,,
3592.0,2,70,709.0,10.129,3,0.0,2,0.0,32,565.0,2,12.0,0,0,0,0,129.0,577.0,3.0,1,EW_GREEN,camera_emg_hold(int_A),,,
3593.0,2,69,743.0,10.768,2,0.0,1,0.0,32,588.0,3,13.0,0,0,0,0,138.0,601.0,4.0,1,EW_GREEN,camera_emg_hold(int_A),,,
3594.0,2,69,777.0,11.261,2,0.0,1,0.0,32,611.0,3,14.0,0,0,0,0,147.0,625.0,5.0,1,EW_GREEN,camera_emg_hold(int_A),,,
3595.0,2,68,812.0,11.941,1,0.0,1,0.0,32,635.0,3,15.0,0,0,0,0,156.0,650.0,6.0,1,EW_GREEN,camera_emg_hold(int_A),,,
3596.0,2,70,848.0,12.114,1,0.0,1,0.0,32,660.0,4,16.0,0,0,0,0,165.0,676.0,7.0,1,EW_GREEN,camera_emg_hold(int_A),,,
3597.0,2,69,885.0,12.826,1,0.0,1,0.0,32,685.0,4,17.0,0,0,0,0,174.0,702.0,9.0,1,EW_GREEN,camera_emg_hold(int_A),,,
3598.0,3,70,924.0,13.2,1,0.0,1,0.0,33,711.0,4,18.0,0,0,0,0,184.0,729.0,11.0,1,EW_GREEN,camera_emg_hold(int_A),,,
3599.0,3,71,961.0,13.535,1,0.0,1,0.0,33,737.0,4,19.0,0,0,0,0,192.0,756.0,13.0,1,EW_GREEN,camera_emg_hold(int_A),,,
3600.0,3,70,1001.0,14.3,1,1.0,1,1.0,33,763.0,4,20.0,1,1,0,0,201.0,785.0,15.0,1,EW_GREEN,camera_emg_hold(int_A),,,
3601.0,0,68,885.0,13.015,1,2.0,1,2.0,30,654.0,3,0.0,1,1,0,0,210.0,658.0,17.0,1,EW_GREEN,camera_emg_hold(int_A),,,
3602.0,0,69,789.0,11.435,1,3.0,1,3.0,31,545.0,3,0.0,1,1,0,0,219.0,551.0,19.0,1,EW_GREEN,camera_emg_hold(int_A),,,
3603.0,0,68,694.0,10.206,1,4.0,1,4.0,31,437.0,3,0.0,1,1,0,0,228.0,445.0,21.0,1,EW_GREEN,camera_emg_hold(int_A),,,
3604.0,0,67,598.0,8.925,1,5.0,1,5.0,29,328.0,3,0.0,1,1,0,0,237.0,338.0,23.0,1,EW_GREEN,camera_emg_hold(int_A),,,
3605.0,0,70,509.0,7.271,1,6.0,1,6.0,29,226.0,3,0.0,1,1,0,0,246.0,238.0,25.0,1,EW_GREEN,camera_emg_hold(int_A),,,
3606.0,0,67,441.0,6.582,1,7.0,1,7.0,26,145.0,3,0.0,1,1,0,0,255.0,159.0,27.0,1,EW_GREEN,camera_emg_hold(int_A),,,
3607.0,0,70,389.0,5.557,1,8.0,1,8.0,26,80.0,3,0.0,1,1,0,0,264.0,96.0,29.0,1,EW_GREEN,camera_emg_hold(int_A),,,
3608.0,0,68,358.0,5.265,1,9.0,1,9.0,24,35.0,3,0.0,1,1,0,0,274.0,53.0,31.0,1,EW_GREEN,camera_emg_hold(int_A),,,
3609.0,0,71,360.0,5.07,1,10.0,1,10.0,24,23.0,3,0.0,1,1,0,0,284.0,43.0,33.0,1,EW_GREEN,camera_emg_hold(int_A),,,
3610.0,0,70,358.0,5.114,1,11.0,1,11.0,22,9.0,3,0.0,1,1,0,0,292.0,31.0,35.0,1,EW_GREEN,camera_emg_hold(int_A),,,
3611.0,0,70,362.0,5.171,1,12.0,1,12.0,21,0.0,3,0.0,1,1,0,0,301.0,24.0,37.0,1,EW_GREEN,camera_emg_hold(int_A),,,
3612.0,0,69,374.0,5.42,1,13.0,1,13.0,19,0.0,2,0.0,1,1,0,0,309.0,26.0,39.0,1,EW_GREEN,camera_emg_hold(int_A),,,
3613.0,0,70,387.0,5.529,1,14.0,1,14.0,19,0.0,2,0.0,1,1,0,0,318.0,28.0,41.0,1,EW_GREEN,camera_emg_hold(int_A),,,
3614.0,0,71,400.0,5.634,1,15.0,1,15.0,18,0.0,2,0.0,1,1,0,0,327.0,30.0,43.0,1,EW_GREEN,camera_emg_hold(int_A),,,
3615.0,0,72,413.0,5.736,1,16.0,1,16.0,18,0.0,2,0.0,1,1,0,0,336.0,32.0,45.0,1,EW_YELLOW,camera_emg_hold(int_A),,,
3616.0,3,72,426.0,5.917,1,17.0,1,17.0,18,0.0,2,0.0,1,1,0,0,345.0,34.0,47.0,1,EW_YELLOW,camera_emg_hold(int_A),,,
3617.0,3,73,439.0,6.014,1,18.0,1,18.0,19,0.0,2,0.0,1,1,0,0,354.0,36.0,49.0,1,EW_YELLOW,camera_emg_hold(int_A),,,
3618.0,3,71,402.0,5.662,1,19.0,1,19.0,19,1.0,2,0.0,1,1,0,0,363.0,39.0,0.0,1,NS_GREEN,camera_emg_hold(int_A),,,
3619.0,0,67,412.0,6.149,1,20.0,1,20.0,16,0.0,2,0.0,1,1,0,0,372.0,40.0,0.0,1,NS_GREEN,camera_emg_hold(int_A),,,
3620.0,0,68,423.0,6.221,1,21.0,1,21.0,17,0.0,2,0.0,1,1,0,0,381.0,42.0,0.0,1,NS_GREEN,camera_emg_hold(int_A),,,
3621.0,0,67,434.0,6.478,1,22.0,1,22.0,17,0.0,2,0.0,1,1,0,0,390.0,44.0,0.0,1,NS_GREEN,camera_emg_hold(int_A),,,
3622.0,0,67,445.0,6.642,1,23.0,1,23.0,16,0.0,1,0.0,1,1,0,0,399.0,46.0,0.0,1,NS_GREEN,camera_emg_hold(int_A),,,
3623.0,0,69,456.0,6.609,1,24.0,1,24.0,15,0.0,1,0.0,1,1,0,0,408.0,48.0,0.0,1,NS_GREEN,camera_emg_hold(int_A),,,
3624.0,0,68,467.0,6.868,1,25.0,1,25.0,14,0.0,1,0.0,1,1,0,0,417.0,50.0,0.0,1,NS_GREEN,hold,,,
3625.0,0,68,478.0,7.029,1,26.0,1,26.0,13,0.0,0,0.0,1,1,0,0,426.0,52.0,0.0,1,NS_GREEN,hold,,,
3626.0,0,69,489.0,7.087,1,27.0,1,27.0,12,0.0,0,0.0,1,1,0,0,435.0,54.0,0.0,1,NS_YELLOW,pressure_ew,,,
3627.0,1,69,500.0,7.246,1,28.0,1,28.0,11,0.0,0,0.0,1,1,0,0,444.0,56.0,0.0,1,NS_YELLOW,hold,,,
3628.0,1,72,511.0,7.097,1,29.0,1,29.0,12,0.0,0,0.0,1,1,0,0,453.0,58.0,0.0,1,NS_YELLOW,hold,,,
3629.0,1,72,522.0,7.25,1,30.0,1,30.0,12,0.0,0,0.0,1,1,0,0,462.0,60.0,0.0,1,EW_GREEN,yellow_end,,,
3630.0,2,72,471.0,6.542,1,0.0,1,0.0,13,0.0,0,0.0,0,0,0,0,471.0,0.0,0.0,1,EW_GREEN,hold,,,
3631.0,2,71,482.0,6.789,1,0.0,0,0.0,13,1.0,0,0.0,0,0,0,0,481.0,1.0,0.0,1,EW_GREEN,hold,,,
3632.0,2,69,493.0,7.145,0,0.0,0,0.0,13,2.0,0,0.0,0,0,0,0,491.0,2.0,0.0,1,EW_GREEN,hold,,,
3633.0,2,71,505.0,7.113,0,0.0,0,0.0,14,4.0,0,0.0,0,0,0,0,501.0,4.0,0.0,1,EW_GREEN,hold,,,
3634.0,2,71,518.0,7.296,0,0.0,0,0.0,14,7.0,0,0.0,0,0,0,0,511.0,7.0,0.0,1,EW_GREEN,hold,,,
3635.0,2,69,531.0,7.696,0,0.0,0,0.0,15,10.0,0,0.0,0,0,0,0,521.0,10.0,0.0,1,EW_GREEN,hold,,,
3636.0,2,68,545.0,8.015,0,0.0,0,0.0,15,14.0,0,0.0,0,0,0,0,531.0,14.0,0.0,1,EW_GREEN,hold,,,
3637.0,2,68,559.0,8.221,0,0.0,0,0.0,16,18.0,0,0.0,0,0,0,0,541.0,18.0,0.0,0,EW_GREEN,hold,,,
3638.0,2,66,574.0,8.697,0,0.0,0,0.0,16,22.0,0,0.0,0,0,0,0,552.0,22.0,0.0,0,EW_GREEN,hold,,,
3639.0,2,67,589.0,8.791,0,0.0,0,0.0,17,26.0,0,0.0,0,0,0,0,563.0,26.0,0.0,1,EW_GREEN,hold,,,
3640.0,2,66,604.0,9.152,0,0.0,0,0.0,17,30.0,0,0.0,0,0,0,0,574.0,30.0,0.0,1,EW_GREEN,hold,,,
3641.0,2,63,416.0,6.603,0,0.0,0,0.0,17,34.0,0,0.0,0,0,0,0,382.0,34.0,0.0,1,EW_GREEN,hold,,,
3642.0,2,62,231.0,3.726,0,0.0,0,0.0,17,38.0,0,0.0,0,0,0,0,193.0,38.0,0.0,1,EW_GREEN,hold,,,
3643.0,2,61,107.0,1.754,0,0.0,0,0.0,17,42.0,0,0.0,0,0,0,0,65.0,42.0,0.0,1,EW_GREEN,hold,,,
3644.0,2,59,49.0,0.831,0,0.0,0,0.0,17,47.0,0,0.0,0,0,2,0,2.0,47.0,0.0,1,EW_GREEN,hold,,,
3645.0,2,58,57.0,0.983,0,0.0,0,0.0,17,52.0,0,0.0,0,0,2,0,5.0,52.0,0.0,1,EW_GREEN,hold,,,
3646.0,2,56,66.0,1.179,0,0.0,0,0.0,17,58.0,0,0.0,0,0,2,0,8.0,58.0,0.0,1,EW_GREEN,hold,,,
3647.0,2,53,75.0,1.415,0,0.0,0,0.0,17,64.0,0,0.0,0,0,2,0,11.0,64.0,0.0,1,EW_GREEN,hold,,,
3648.0,2,52,86.0,1.654,0,0.0,0,0.0,17,71.0,0,0.0,0,0,2,0,15.0,71.0,0.0,1,EW_GREEN,hold,,,
3649.0,2,51,98.0,1.922,0,0.0,0,0.0,17,78.0,0,0.0,0,0,2,0,20.0,78.0,0.0,1,EW_GREEN,hold,,,
3650.0,2,50,111.0,2.22,0,0.0,0,0.0,17,86.0,0,0.0,0,0,2,0,25.0,86.0,0.0,1,EW_GREEN,hold,,,
3651.0,2,49,125.0,2.551,0,0.0,0,0.0,17,94.0,0,0.0,0,0,2,0,31.0,94.0,0.0,1,EW_GREEN,hold,,,
3652.0,2,48,140.0,2.917,0,0.0,0,0.0,17,102.0,0,0.0,0,0,0,0,38.0,102.0,0.0,1,EW_GREEN,hold,,,
3653.0,2,48,153.0,3.188,0,0.0,0,0.0,17,110.0,0,0.0,0,0,2,0,43.0,110.0,0.0,1,EW_GREEN,hold,,,
3654.0,2,46,169.0,3.674,0,0.0,0,0.0,17,118.0,0,0.0,0,0,2,0,51.0,118.0,0.0,1,EW_GREEN,hold,,,
3655.0,2,45,185.0,4.111,0,0.0,0,0.0,17,126.0,0,0.0,0,0,2,0,59.0,126.0,0.0,1,EW_GREEN,hold,,,
3656.0,2,46,203.0,4.413,0,0.0,0,0.0,17,135.0,0,0.0,0,0,0,0,68.0,135.0,0.0,1,EW_GREEN,hold,,,
3657.0,2,43,208.0,4.837,0,0.0,0,0.0,17,145.0,0,0.0,0,0,0,0,63.0,145.0,0.0,1,EW_GREEN,hold,,,
3658.0,2,43,214.0,4.977,0,0.0,0,0.0,17,156.0,0,0.0,0,0,0,0,58.0,156.0,0.0,1,EW_GREEN,hold,,,
3659.0,2,42,221.0,5.262,0,0.0,0,0.0,17,167.0,0,0.0,0,0,0,0,54.0,167.0,0.0,1,EW_GREEN,hold,,,
3660.0,2,42,228.0,5.429,0,0.0,0,0.0,17,179.0,0,0.0,0,0,3,0,49.0,179.0,0.0,1,EW_GREEN,hold,,,
3661.0,2,43,237.0,5.512,0,0.0,0,0.0,18,191.0,0,0.0,0,0,3,0,46.0,191.0,0.0,1,EW_GREEN,hold,,,
3662.0,2,43,246.0,5.721,0,0.0,0,0.0,18,204.0,0,0.0,0,0,3,0,42.0,204.0,0.0,1,EW_GREEN,hold,,,
3663.0,2,42,257.0,6.119,0,0.0,0,0.0,18,215.0,0,0.0,0,0,3,0,41.0,215.0,1.0,1,EW_GREEN,hold,,,
3664.0,2,44,269.0,6.114,0,0.0,0,0.0,19,227.0,0,0.0,0,0,3,0,40.0,227.0,2.0,1,EW_GREEN,hold,,,
3665.0,2,44,282.0,6.409,0,0.0,0,0.0,19,239.0,0,0.0,0,0,3,0,39.0,239.0,4.0,1,EW_GREEN,hold,,,
3666.0,2,43,295.0,6.86,0,0.0,0,0.0,19,252.0,0,0.0,0,0,4,0,37.0,252.0,6.0,1,EW_GREEN,hold,,,
3667.0,2,45,308.0,6.844,0,0.0,0,0.0,20,264.0,0,0.0,0,0,0,0,35.0,264.0,9.0,1,EW_GREEN,hold,,,
3668.0,2,44,323.0,7.341,0,0.0,0,0.0,20,277.0,0,0.0,0,0,0,0,34.0,277.0,12.0,1,EW_GREEN,hold,,,
3669.0,2,45,340.0,7.556,0,0.0,0,0.0,21,291.0,0,0.0,0,0,4,0,33.0,291.0,16.0,1,EW_GREEN,hold,,,
3670.0,2,45,365.0,8.111,0,0.0,0,0.0,21,305.0,0,0.0,0,0,5,0,39.0,305.0,21.0,1,EW_GREEN,hold,,,
3671.0,2,44,384.0,8.727,0,0.0,0,0.0,21,321.0,0,0.0,0,0,5,0,37.0,321.0,26.0,1,EW_GREEN,hold,,,
3672.0,3,45,403.0,8.956,0,0.0,0,0.0,22,337.0,0,0.0,0,0,6,0,35.0,337.0,31.0,1,EW_GREEN,hold,,,
3673.0,3,44,416.0,9.455,0,0.0,0,0.0,22,348.0,0,0.0,0,0,5,0,32.0,348.0,36.0,1,EW_GREEN,hold,,,
3674.0,3,45,436.0,9.689,0,0.0,0,0.0,23,364.0,0,0.0,0,0,5,0,31.0,364.0,41.0,1,EW_GREEN,hold,,,
3675.0,0,42,329.0,7.833,0,0.0,0,0.0,20,253.0,0,0.0,0,0,9,0,30.0,253.0,46.0,1,EW_GREEN,hold,,,
3676.0,0,41,240.0,5.854,0,0.0,0,0.0,20,160.0,0,0.0,0,0,0,0,29.0,160.0,51.0,1,EW_GREEN,hold,,,
3677.0,0,42,185.0,4.405,0,0.0,0,0.0,21,95.0,0,0.0,0,0,0,0,34.0,95.0,56.0,1,EW_GREEN,hold,,,
3678.0,0,41,150.0,3.659,0,0.0,0,0.0,19,50.0,0,0.0,0,0,0,0,39.0,50.0,61.0,1,EW_GREEN,hold,,,
3679.0,0,42,113.0,2.69,0,0.0,0,0.0,19,18.0,0,0.0,0,0,0,0,29.0,18.0,66.0,1,EW_GREEN,hold,,,
3680.0,0,42,103.0,2.452,0,0.0,0,0.0,19,0.0,0,0.0,0,0,0,0,32.0,0.0,71.0,1,EW_GREEN,hold,,,
3681.0,0,40,104.0,2.6,0,0.0,0,0.0,16,0.0,0,0.0,0,0,0,0,28.0,0.0,76.0,1,EW_GREEN,hold,,,
3682.0,0,41,105.0,2.561,0,0.0,0,0.0,16,0.0,0,0.0,0,0,0,0,24.0,0.0,81.0,1,EW_GREEN,hold,,,
3683.0,0,42,111.0,2.643,0,0.0,0,0.0,15,0.0,0,0.0,0,0,0,0,25.0,0.0,86.0,1,EW_GREEN,hold,,,
3684.0,0,41,117.0,2.854,0,0.0,0,0.0,13,0.0,0,0.0,0,0,0,0,26.0,0.0,91.0,1,EW_GREEN,hold,,,
3685.0,0,41,123.0,3.0,0,0.0,0,0.0,12,0.0,0,0.0,0,0,0,0,27.0,0.0,96.0,0,EW_GREEN,hold,,,
3686.0,0,41,129.0,3.146,0,0.0,0,0.0,11,0.0,0,0.0,0,0,0,0,28.0,0.0,101.0,0,EW_GREEN,hold,,,
3687.0,0,41,135.0,3.293,0,0.0,0,0.0,11,0.0,0,0.0,0,0,0,0,29.0,0.0,106.0,0,EW_GREEN,hold,,,
3688.0,0,42,141.0,3.357,0,0.0,0,0.0,11,0.0,0,0.0,0,0,0,0,30.0,0.0,111.0,1,EW_GREEN,hold,,,
3689.0,0,43,148.0,3.442,0,0.0,0,0.0,12,1.0,0,0.0,0,0,0,0,31.0,1.0,116.0,1,EW_YELLOW,max_green,,,
3690.0,3,44,153.0,3.477,0,0.0,0,0.0,12,0.0,0,0.0,0,0,0,0,32.0,0.0,121.0,1,EW_YELLOW,hold,,,
3691.0,3,45,159.0,3.533,0,0.0,0,0.0,12,0.0,0,0.0,0,0,0,0,33.0,0.0,126.0,1,EW_YELLOW,hold,,,
3692.0,3,46,165.0,3.587,0,0.0,0,0.0,13,0.0,0,0.0,0,0,0,0,34.0,0.0,131.0,1,NS_GREEN,yellow_end,,,
3693.0,0,44,171.0,3.886,0,0.0,0,0.0,11,0.0,0,0.0,0,0,0,0,35.0,0.0,136.0,1,NS_GREEN,hold,,,
3694.0,0,44,177.0,4.023,0,0.0,0,0.0,11,0.0,0,0.0,0,0,0,0,36.0,0.0,141.0,1,NS_GREEN,hold,,,
3695.0,0,45,183.0,4.067,0,0.0,0,0.0,12,0.0,0,0.0,0,0,0,0,37.0,0.0,146.0,1,NS_GREEN,hold,,,
3696.0,0,45,189.0,4.2,0,0.0,0,0.0,11,0.0,0,0.0,0,0,0,0,38.0,0.0,151.0,1,NS_GREEN,hold,,,
3697.0,0,46,195.0,4.239,0,0.0,0,0.0,11,0.0,0,0.0,0,0,0,0,39.0,0.0,156.0,1,NS_GREEN,hold,,,
3698.0,0,47,201.0,4.277,0,0.0,0,0.0,12,0.0,0,0.0,0,0,0,0,40.0,0.0,161.0,1,NS_GREEN,hold,,,
3699.0,0,48,207.0,4.312,0,0.0,0,0.0,11,0.0,0,0.0,0,0,0,0,41.0,0.0,166.0,1,NS_GREEN,hold,,,
3700.0,0,50,213.0,4.26,0,0.0,0,0.0,12,0.0,0,0.0,0,0,0,0,42.0,0.0,171.0,1,NS_YELLOW,pressure_ew,,,
3701.0,1,48,219.0,4.562,0,0.0,0,0.0,10,0.0,0,0.0,0,0,0,0,43.0,0.0,176.0,1,NS_YELLOW,hold,,,
3702.0,1,49,182.0,3.714,0,0.0,0,0.0,10,0.0,0,0.0,0,0,0,0,1.0,0.0,181.0,1,NS_YELLOW,hold,,,
3703.0,1,49,188.0,3.837,0,0.0,0,0.0,10,0.0,0,0.0,0,0,0,0,2.0,0.0,186.0,1,EW_GREEN,yellow_end,,,
3704.0,2,50,195.0,3.9,0,0.0,0,0.0,10,0.0,0,0.0,0,0,0,0,4.0,0.0,191.0,1,EW_GREEN,hold,,,
3705.0,2,51,203.0,3.98,0,0.0,0,0.0,10,0.0,0,0.0,0,0,0,0,7.0,0.0,196.0,1,EW_GREEN,hold,,,
3706.0,2,51,212.0,4.157,0,0.0,0,0.0,10,0.0,0,0.0,0,0,0,0,11.0,0.0,201.0,1,EW_GREEN,hold,,,
3707.0,2,51,222.0,4.353,0,0.0,0,0.0,10,1.0,0,0.0,0,0,0,0,15.0,1.0,206.0,1,EW_GREEN,hold,,,
3708.0,2,52,233.0,4.481,0,0.0,0,0.0,10,2.0,0,0.0,0,0,0,0,19.0,2.0,212.0,1,EW_GREEN,hold,,,
3709.0,2,52,244.0,4.692,0,0.0,0,0.0,10,3.0,0,0.0,0,0,0,0,23.0,3.0,218.0,1,EW_GREEN,hold,,,
3710.0,2,53,257.0,4.849,0,0.0,0,0.0,10,5.0,0,0.0,0,0,0,0,28.0,5.0,224.0,1,EW_GREEN,hold,,,
3711.0,2,53,272.0,5.132,0,0.0,0,0.0,10,7.0,0,0.0,0,0,0,0,34.0,7.0,231.0,1,EW_GREEN,hold,,,
3712.0,2,54,288.0,5.333,0,0.0,0,0.0,10,9.0,0,0.0,0,0,1,0,40.0,9.0,239.0,1,EW_GREEN,hold,,,
3713.0,2,54,306.0,5.667,0,0.0,0,0.0,10,11.0,0,0.0,0,0,1,0,47.0,11.0,248.0,1,EW_GREEN,hold,,,
3714.0,2,54,325.0,6.019,0,0.0,0,0.0,10,13.0,0,0.0,0,0,1,0,55.0,13.0,257.0,1,EW_GREEN,hold,,,
3715.0,2,55,345.0,6.273,0,0.0,0,0.0,10,15.0,0,0.0,0,0,1,0,63.0,15.0,267.0,1,EW_GREEN,hold,,,
3716.0,2,55,369.0,6.709,0,0.0,0,0.0,10,18.0,0,0.0,0,0,1,0,72.0,18.0,279.0,1,EW_GREEN,hold,,,
3717.0,2,55,394.0,7.164,0,0.0,0,0.0,10,21.0,0,0.0,0,0,1,0,82.0,21.0,291.0,1,EW_GREEN,hold,,,
3718.0,2,56,421.0,7.518,0,0.0,0,0.0,10,24.0,0,0.0,0,0,1,0,93.0,24.0,304.0,1,EW_GREEN,hold,,,
3719.0,2,56,448.0,8.0,0,0.0,0,0.0,10,27.0,0,0.0,0,0,1,0,104.0,27.0,317.0,1,EW_GREEN,hold,,,
3720.0,2,56,472.0,8.429,0,0.0,0,0.0,10,25.0,0,0.0,0,0,0,0,116.0,25.0,331.0,1,EW_GREEN,hold,,,
3721.0,2,57,501.0,8.789,0,0.0,0,0.0,10,27.0,0,0.0,0,0,1,0,129.0,27.0,345.0,1,EW_GREEN,hold,,,
3722.0,2,57,532.0,9.333,0,0.0,0,0.0,10,29.0,0,0.0,0,0,1,0,143.0,29.0,360.0,1,EW_GREEN,hold,,,
3723.0,2,58,564.0,9.724,0,0.0,0,0.0,10,31.0,0,0.0,0,0,1,0,157.0,31.0,376.0,1,EW_GREEN,hold,,,
3724.0,2,58,598.0,10.31,0,0.0,0,0.0,10,34.0,0,0.0,0,0,1,0,172.0,34.0,392.0,1,EW_GREEN,hold,,,
3725.0,2,58,632.0,10.897,0,0.0,0,0.0,10,37.0,0,0.0,0,0,0,0,187.0,37.0,408.0,1,EW_GREEN,hold,,,
3726.0,2,56,578.0,10.321,0,0.0,0,0.0,10,40.0,0,0.0,0,0,0,0,203.0,40.0,335.0,1,EW_GREEN,hold,,,
3727.0,2,56,550.0,9.821,0,0.0,0,0.0,10,44.0,0,0.0,0,0,0,0,219.0,44.0,287.0,1,EW_GREEN,hold,,,
3728.0,2,56,524.0,9.357,0,0.0,0,0.0,10,48.0,0,0.0,0,0,0,0,236.0,48.0,240.0,1,EW_GREEN,hold,,,
3729.0,2,56,499.0,8.911,0,0.0,0,0.0,10,53.0,0,0.0,0,0,2,0,253.0,53.0,193.0,1,EW_GREEN,hold,,,
3730.0,2,55,475.0,8.636,0,0.0,0,0.0,10,59.0,0,0.0,0,0,2,0,271.0,59.0,145.0,1,EW_GREEN,hold,,,
3731.0,2,54,460.0,8.519,0,0.0,0,0.0,10,66.0,0,0.0,0,0,2,0,260.0,66.0,134.0,1,EW_GREEN,hold,,,
3732.0,2,53,449.0,8.472,0,0.0,0,0.0,10,74.0,0,0.0,0,0,3,0,250.0,74.0,125.0,1,EW_GREEN,hold,,,
3733.0,2,52,437.0,8.404,0,0.0,0,0.0,10,80.0,0,0.0,0,0,0,0,240.0,80.0,117.0,1,EW_GREEN,hold,,,
3734.0,2,51,427.0,8.373,0,0.0,0,0.0,10,87.0,0,0.0,0,0,0,0,230.0,87.0,110.0,1,EW_GREEN,hold,,,
3735.0,2,52,419.0,8.058,0,0.0,0,0.0,11,95.0,0,0.0,0,0,3,0,222.0,95.0,102.0,1,EW_GREEN,hold,,,
3736.0,2,51,411.0,8.059,0,0.0,0,0.0,11,103.0,0,0.0,0,0,3,0,214.0,103.0,94.0,1,EW_GREEN,hold,,,
3737.0,2,50,406.0,8.12,0,0.0,0,0.0,11,112.0,0,0.0,0,0,6,0,207.0,112.0,87.0,1,EW_GREEN,hold,,,
3738.0,2,51,418.0,8.196,0,0.0,0,0.0,12,122.0,0,0.0,0,0,6,0,199.0,122.0,97.0,1,EW_GREEN,hold,,,
3739.0,2,50,412.0,8.24,0,0.0,0,0.0,12,132.0,0,0.0,0,0,6,0,191.0,132.0,89.0,1,EW_GREEN,hold,,,
3740.0,2,50,404.0,8.08,0,0.0,0,0.0,13,142.0,0,0.0,0,0,6,0,182.0,142.0,80.0,1,EW_GREEN,hold,,,
3741.0,2,50,436.0,8.72,0,0.0,0,0.0,13,152.0,0,0.0,0,0,6,0,196.0,152.0,88.0,1,EW_GREEN,hold,,,
3742.0,2,48,426.0,8.875,0,0.0,0,0.0,13,162.0,0,0.0,0,0,7,0,185.0,162.0,79.0,1,EW_GREEN,hold,,,
3743.0,2,49,402.0,8.204,0,0.0,0,0.0,14,159.0,0,0.0,0,0,0,0,174.0,159.0,69.0,1,EW_GREEN,hold,,,
3744.0,2,47,397.0,8.447,0,0.0,0,0.0,14,167.0,0,0.0,0,0,0,0,186.0,167.0,44.0,1,EW_GREEN,hold,,,
3745.0,2,48,397.0,8.271,0,0.0,0,0.0,15,175.0,0,0.0,0,0,4,0,173.0,175.0,49.0,1,EW_GREEN,hold,,,
3746.0,3,46,395.0,8.587,0,0.0,0,0.0,15,184.0,0,0.0,0,0,4,0,159.0,184.0,52.0,1,EW_GREEN,hold,,,
3747.0,3,47,364.0,7.745,0,0.0,0,0.0,16,194.0,0,0.0,0,0,7,0,145.0,194.0,25.0,1,EW_GREEN,hold,,,
3748.0,3,46,348.0,7.565,0,0.0,0,0.0,16,204.0,0,0.0,0,0,7,0,131.0,204.0,13.0,1,EW_GREEN,hold,,,
3749.0,0,42,236.0,5.619,0,0.0,0,0.0,13,105.0,0,0.0,0,0,5,0,117.0,105.0,14.0,1,EW_GREEN,hold,,,
3750.0,0,42,183.0,4.357,0,0.0,0,0.0,14,45.0,0,0.0,0,0,0,0,124.0,45.0,14.0,1,EW_GREEN,hold,,,
3751.0,0,41,115.0,2.805,0,0.0,0,0.0,14,6.0,0,0.0,0,0,0,0,109.0,6.0,0.0,1,EW_GREEN,hold,,,
3752.0,0,40,93.0,2.325,0,0.0,0,0.0,14,0.0,0,0.0,0,0,0,0,93.0,0.0,0.0,1,EW_GREEN,hold,,,
3753.0,0,40,76.0,1.9,0,0.0,0,0.0,13,0.0,0,0.0,0,0,0,0,76.0,0.0,0.0,1,EW_GREEN,hold,,,
3754.0,0,38,58.0,1.526,0,0.0,0,0.0,12,0.0,0,0.0,0,0,0,0,58.0,0.0,0.0,1,EW_GREEN,hold,,,
3755.0,0,39,61.0,1.564,0,0.0,0,0.0,13,0.0,0,0.0,0,0,0,0,61.0,0.0,0.0,1,EW_GREEN,hold,,,
3756.0,0,38,41.0,1.079,0,0.0,0,0.0,13,0.0,0,0.0,0,0,0,0,41.0,0.0,0.0,1,EW_GREEN,hold,,,
3757.0,0,38,21.0,0.553,0,0.0,0,0.0,12,0.0,0,0.0,0,0,0,0,21.0,0.0,0.0,1,EW_GREEN,hold,,,
3758.0,0,39,0.0,0.0,0,0.0,0,0.0,12,0.0,0,0.0,0,0,0,0,0.0,0.0,0.0,1,EW_GREEN,hold,,,
3759.0,0,37,0.0,0.0,0,0.0,0,0.0,11,0.0,0,0.0,0,0,0,0,0.0,0.0,0.0,1,EW_GREEN,hold,,,
3760.0,0,38,0.0,0.0,0,0.0,0,0.0,11,0.0,0,0.0,0,0,0,0,0.0,0.0,0.0,1,EW_GREEN,hold,,,
3761.0,0,37,0.0,0.0,0,0.0,0,0.0,11,0.0,0,0.0,0,0,0,0,0.0,0.0,0.0,1,EW_GREEN,hold,,,
3762.0,0,39,0.0,0.0,0,0.0,0,0.0,12,0.0,0,0.0,0,0,0,0,0.0,0.0,0.0,0,EW_GREEN,hold,,,
3763.0,0,40,0.0,0.0,0,0.0,0,0.0,12,0.0,0,0.0,0,0,0,0,0.0,0.0,0.0,0,EW_YELLOW,max_green,,,
3764.0,3,39,0.0,0.0,0,0.0,0,0.0,12,0.0,0,0.0,0,0,0,0,0.0,0.0,0.0,0,EW_YELLOW,hold,,,
3765.0,3,40,1.0,0.025,0,0.0,0,0.0,13,1.0,0,0.0,0,0,0,0,0.0,1.0,0.0,0,EW_YELLOW,hold,,,
3766.0,3,39,2.0,0.051,0,0.0,0,0.0,13,2.0,0,0.0,0,0,0,0,0.0,2.0,0.0,0,NS_GREEN,yellow_end,,,
3767.0,0,39,0.0,0.0,0,0.0,0,0.0,13,0.0,0,0.0,0,0,0,0,0.0,0.0,0.0,0,NS_GREEN,hold,,,
3768.0,0,38,0.0,0.0,0,0.0,0,0.0,13,0.0,0,0.0,0,0,0,0,0.0,0.0,0.0,0,NS_GREEN,hold,,,
3769.0,0,38,0.0,0.0,0,0.0,0,0.0,13,0.0,0,0.0,0,0,0,0,0.0,0.0,0.0,0,NS_GREEN,hold,,,
3770.0,0,37,0.0,0.0,0,0.0,0,0.0,13,0.0,0,0.0,0,0,0,0,0.0,0.0,0.0,0,NS_GREEN,hold,,,
3771.0,0,37,0.0,0.0,0,0.0,0,0.0,13,0.0,0,0.0,0,0,0,0,0.0,0.0,0.0,0,NS_GREEN,hold,,,
3772.0,0,39,0.0,0.0,0,0.0,0,0.0,14,0.0,0,0.0,0,0,0,0,0.0,0.0,0.0,0,NS_GREEN,hold,,,
3773.0,0,37,0.0,0.0,0,0.0,0,0.0,13,0.0,0,0.0,0,0,0,0,0.0,0.0,0.0,0,NS_GREEN,hold,,,
3774.0,0,39,0.0,0.0,0,0.0,0,0.0,14,0.0,0,0.0,0,0,0,0,0.0,0.0,0.0,0,NS_YELLOW,pressure_ew,,,
3775.0,1,38,0.0,0.0,0,0.0,0,0.0,14,0.0,0,0.0,0,0,0,0,0.0,0.0,0.0,0,NS_YELLOW,hold,,,
3776.0,1,39,1.0,0.026,0,0.0,0,0.0,14,0.0,0,0.0,0,0,0,0,1.0,0.0,0.0,0,NS_YELLOW,hold,,,
3777.0,1,38,2.0,0.053,0,0.0,0,0.0,14,0.0,0,0.0,0,0,0,0,2.0,0.0,0.0,0,EW_GREEN,yellow_end,,,
3778.0,2,39,4.0,0.103,0,0.0,0,0.0,14,0.0,0,0.0,0,0,0,0,4.0,0.0,0.0,0,EW_GREEN,hold,,,
3779.0,2,38,7.0,0.184,0,0.0,0,0.0,14,1.0,0,0.0,0,0,0,0,6.0,1.0,0.0,0,EW_GREEN,hold,,,
3780.0,2,39,11.0,0.282,0,0.0,0,0.0,14,2.0,0,0.0,0,0,1,0,9.0,2.0,0.0,0,EW_GREEN,hold,,,
3781.0,2,39,16.0,0.41,0,0.0,0,0.0,14,3.0,0,0.0,0,0,1,0,13.0,3.0,0.0,0,EW_GREEN,hold,,,
3782.0,2,40,22.0,0.55,0,0.0,0,0.0,14,5.0,0,0.0,0,0,1,0,17.0,5.0,0.0,0,EW_GREEN,hold,,,
3783.0,2,39,30.0,0.769,0,0.0,0,0.0,14,8.0,0,0.0,0,0,1,0,22.0,8.0,0.0,0,EW_GREEN,hold,,,
3784.0,2,40,39.0,0.975,0,0.0,0,0.0,14,11.0,0,0.0,0,0,1,0,28.0,11.0,0.0,0,EW_GREEN,hold,,,
3785.0,2,40,49.0,1.225,0,0.0,0,0.0,14,15.0,0,0.0,0,0,1,0,34.0,15.0,0.0,0,EW_GREEN,hold,,,
3786.0,2,40,60.0,1.5,0,0.0,0,0.0,14,20.0,0,0.0,0,0,1,0,40.0,20.0,0.0,0,EW_GREEN,hold,,,
3787.0,2,39,73.0,1.872,0,0.0,0,0.0,14,26.0,0,0.0,0,0,1,0,47.0,26.0,0.0,0,EW_GREEN,hold,,,
3788.0,2,40,86.0,2.15,0,0.0,0,0.0,14,32.0,0,0.0,0,0,0,0,54.0,32.0,0.0,0,EW_GREEN,hold,,,
3789.0,2,40,101.0,2.525,0,0.0,0,0.0,14,39.0,0,0.0,0,0,1,0,62.0,39.0,0.0,0,EW_GREEN,hold,,,
3790.0,2,41,117.0,2.854,0,0.0,0,0.0,14,46.0,0,0.0,0,0,1,0,71.0,46.0,0.0,0,EW_GREEN,hold,,,
3791.0,2,41,129.0,3.146,0,0.0,0,0.0,14,50.0,0,0.0,0,0,1,0,79.0,50.0,0.0,0,EW_GREEN,hold,,,
3792.0,2,41,146.0,3.561,0,0.0,0,0.0,14,57.0,0,0.0,0,0,1,0,89.0,57.0,0.0,0,EW_GREEN,hold,,,
3793.0,2,40,164.0,4.1,0,0.0,0,0.0,14,64.0,0,0.0,0,0,0,0,100.0,64.0,0.0,0,EW_GREEN,hold,,,
3794.0,2,40,183.0,4.575,0,0.0,0,0.0,14,71.0,0,0.0,0,0,0,0,112.0,71.0,0.0,0,EW_GREEN,hold,,,
3795.0,2,40,202.0,5.05,0,0.0,0,0.0,14,78.0,0,0.0,0,0,0,0,124.0,78.0,0.0,0,EW_GREEN,hold,,,
3796.0,2,39,224.0,5.744,0,0.0,0,0.0,14,87.0,0,0.0,0,0,0,0,137.0,87.0,0.0,0,EW_GREEN,hold,,,
3797.0,2,39,246.0,6.308,0,0.0,0,0.0,14,96.0,0,0.0,0,0,0,0,150.0,96.0,0.0,0,EW_GREEN,hold,,,
3798.0,2,38,269.0,7.079,0,0.0,0,0.0,14,105.0,0,0.0,0,0,2,0,164.0,105.0,0.0,0,EW_GREEN,hold,,,
3799.0,2,38,294.0,7.737,0,0.0,0,0.0,14,116.0,0,0.0,0,0,3,0,178.0,116.0,0.0,0,EW_GREEN,hold,,,
3800.0,2,37,320.0,8.649,0,0.0,0,0.0,14,127.0,0,0.0,0,0,0,0,193.0,127.0,0.0,0,EW_GREEN,hold,,,
3801.0,2,37,347.0,9.378,0,0.0,0,0.0,14,138.0,0,0.0,0,0,5,0,209.0,138.0,0.0,0,EW_GREEN,hold,,,
3802.0,2,37,374.0,10.108,0,0.0,0,0.0,14,149.0,0,0.0,0,0,5,0,225.0,149.0,0.0,0,EW_GREEN,hold,,,
3803.0,2,36,402.0,11.167,0,0.0,0,0.0,14,160.0,0,0.0,0,0,5,0,242.0,160.0,0.0,0,EW_GREEN,hold,,,
3804.0,2,36,431.0,11.972,0,0.0,0,0.0,14,171.0,0,0.0,0,0,8,0,260.0,171.0,0.0,0,EW_GREEN,hold,,,
3805.0,2,34,432.0,12.706,0,0.0,0,0.0,14,183.0,0,0.0,0,0,8,0,249.0,183.0,0.0,0,EW_GREEN,hold,,,
3806.0,2,34,435.0,12.794,0,0.0,0,0.0,14,196.0,0,0.0,0,0,8,0,239.0,196.0,0.0,0,EW_GREEN,hold,,,
3807.0,2,33,438.0,13.273,0,0.0,0,0.0,14,209.0,0,0.0,0,0,9,0,229.0,209.0,0.0,0,EW_GREEN,hold,,,
3808.0,2,33,437.0,13.242,0,0.0,0,0.0,14,219.0,0,0.0,0,0,5,0,218.0,219.0,0.0,0,EW_GREEN,hold,,,
3809.0,2,33,438.0,13.273,0,0.0,0,0.0,15,231.0,0,0.0,0,0,0,0,207.0,231.0,0.0,0,EW_GREEN,hold,,,
3810.0,2,33,438.0,13.273,0,0.0,0,0.0,15,243.0,0,0.0,0,0,9,0,195.0,243.0,0.0,0,EW_GREEN,hold,,,
3811.0,2,32,441.0,13.781,0,0.0,0,0.0,15,257.0,0,0.0,0,0,9,0,184.0,257.0,0.0,0,EW_GREEN,hold,,,
3812.0,2,33,444.0,13.455,0,0.0,0,0.0,16,271.0,0,0.0,0,0,9,0,173.0,271.0,0.0,0,EW_GREEN,hold,,,
3813.0,2,32,447.0,13.969,0,0.0,0,0.0,16,285.0,0,0.0,0,0,9,0,162.0,285.0,0.0,0,EW_GREEN,hold,,,
3814.0,2,33,449.0,13.606,0,0.0,0,0.0,17,299.0,0,0.0,0,0,9,0,150.0,299.0,0.0,0,EW_GREEN,hold,,,
3815.0,2,33,473.0,14.333,0,0.0,0,0.0,17,313.0,0,0.0,0,0,9,0,160.0,313.0,0.0,0,EW_GREEN,hold,,,
3816.0,2,32,473.0,14.781,0,0.0,0,0.0,17,327.0,0,0.0,0,0,9,0,146.0,327.0,0.0,0,EW_GREEN,hold,,,
3817.0,2,33,472.0,14.303,0,0.0,0,0.0,18,341.0,0,0.0,0,0,9,0,131.0,341.0,0.0,0,EW_GREEN,hold,,,
3818.0,2,32,471.0,14.719,0,0.0,0,0.0,18,355.0,0,0.0,0,0,9,0,116.0,355.0,0.0,0,EW_GREEN,hold,,,
3819.0,2,33,470.0,14.242,0,0.0,0,0.0,19,369.0,0,0.0,0,0,9,0,101.0,369.0,0.0,0,EW_GREEN,hold,,,
3820.0,3,32,469.0,14.656,0,0.0,0,0.0,19,383.0,0,0.0,0,0,9,0,86.0,383.0,0.0,0,EW_GREEN,hold,,,
3821.0,3,33,467.0,14.152,0,0.0,0,0.0,20,397.0,0,0.0,0,0,9,0,70.0,397.0,0.0,0,EW_GREEN,hold,,,
3822.0,3,33,485.0,14.697,0,0.0,0,0.0,20,411.0,0,0.0,0,0,9,0,74.0,411.0,0.0,0,EW_GREEN,hold,,,
3823.0,0,29,354.0,12.207,0,0.0,0,0.0,17,297.0,0,0.0,0,0,7,0,57.0,297.0,0.0,0,EW_GREEN,hold,,,
3824.0,0,30,242.0,8.067,0,0.0,0,0.0,18,203.0,0,0.0,0,0,0,0,39.0,203.0,0.0,0,EW_GREEN,hold,,,
3825.0,0,29,158.0,5.448,0,0.0,0,0.0,18,117.0,0,0.0,0,0,0,0,41.0,117.0,0.0,0,EW_GREEN,hold,,,
3826.0,0,28,65.0,2.321,0,0.0,0,0.0,17,44.0,0,0.0,0,0,0,0,21.0,44.0,0.0,0,EW_GREEN,hold,,,
3827.0,0,30,0.0,0.0,0,0.0,0,0.0,16,0.0,0,0.0,0,0,0,0,0.0,0.0,0.0,0,EW_GREEN,hold,,,
3828.0,0,29,0.0,0.0,0,0.0,0,0.0,16,0.0,0,0.0,0,0,0,0,0.0,0.0,0.0,0,EW_GREEN,hold,,,
3829.0,0,30,0.0,0.0,0,0.0,0,0.0,14,0.0,0,0.0,0,0,0,0,0.0,0.0,0.0,0,EW_GREEN,hold,,,
3830.0,0,30,0.0,0.0,0,0.0,0,0.0,14,0.0,0,0.0,0,0,0,0,0.0,0.0,0.0,0,EW_GREEN,hold,,,
3831.0,0,29,0.0,0.0,0,0.0,0,0.0,12,0.0,0,0.0,0,0,0,0,0.0,0.0,0.0,0,EW_GREEN,hold,,,
3832.0,0,30,0.0,0.0,0,0.0,0,0.0,12,0.0,0,0.0,0,0,0,0,0.0,0.0,0.0,0,EW_GREEN,hold,,,
3833.0,0,29,0.0,0.0,0,0.0,0,0.0,12,0.0,0,0.0,0,0,0,0,0.0,0.0,0.0,0,EW_GREEN,hold,,,
3834.0,0,29,0.0,0.0,0,0.0,0,0.0,11,0.0,0,0.0,0,0,0,0,0.0,0.0,0.0,0,EW_GREEN,hold,,,
3835.0,0,29,0.0,0.0,0,0.0,0,0.0,11,0.0,0,0.0,0,0,0,0,0.0,0.0,0.0,0,EW_GREEN,hold,,,
3836.0,0,31,0.0,0.0,0,0.0,0,0.0,12,0.0,0,0.0,0,0,0,0,0.0,0.0,0.0,0,EW_GREEN,hold,,,
3837.0,0,31,0.0,0.0,0,0.0,0,0.0,12,0.0,0,0.0,0,0,0,0,0.0,0.0,0.0,0,EW_YELLOW,max_green,,,
3838.0,3,31,0.0,0.0,0,0.0,0,0.0,12,0.0,0,0.0,0,0,0,0,0.0,0.0,0.0,0,EW_YELLOW,hold,,,
3839.0,3,32,0.0,0.0,0,0.0,0,0.0,13,0.0,0,0.0,0,0,0,0,0.0,0.0,0.0,0,EW_YELLOW,hold,,,
3840.0,3,31,0.0,0.0,0,0.0,0,0.0,13,0.0,0,0.0,0,0,0,0,0.0,0.0,0.0,0,NS_GREEN,yellow_end,,,
3841.0,0,31,0.0,0.0,0,0.0,0,0.0,13,0.0,0,0.0,0,0,0,0,0.0,0.0,0.0,0,NS_GREEN,hold,,,
3842.0,0,30,0.0,0.0,0,0.0,0,0.0,13,0.0,0,0.0,0,0,0,0,0.0,0.0,0.0,0,NS_GREEN,hold,,,
3843.0,0,31,0.0,0.0,0,0.0,0,0.0,14,0.0,0,0.0,0,0,0,0,0.0,0.0,0.0,0,NS_GREEN,hold,,,
3844.0,0,32,0.0,0.0,0,0.0,0,0.0,14,0.0,0,0.0,0,0,0,0,0.0,0.0,0.0,0,NS_GREEN,hold,,,
3845.0,0,31,0.0,0.0,0,0.0,0,0.0,14,0.0,0,0.0,0,0,0,0,0.0,0.0,0.0,0,NS_GREEN,hold,,,
3846.0,0,30,0.0,0.0,0,0.0,0,0.0,13,0.0,0,0.0,0,0,0,0,0.0,0.0,0.0,0,NS_GREEN,hold,,,
3847.0,0,31,0.0,0.0,0,0.0,0,0.0,13,0.0,0,0.0,0,0,0,0,0.0,0.0,0.0,0,NS_GREEN,hold,,,
3848.0,0,31,0.0,0.0,0,0.0,0,0.0,12,0.0,0,0.0,0,0,0,0,0.0,0.0,0.0,0,NS_YELLOW,pressure_ew,,,
3849.0,1,32,0.0,0.0,0,0.0,0,0.0,13,0.0,0,0.0,0,0,0,0,0.0,0.0,0.0,0,NS_YELLOW,hold,,,
3850.0,1,32,1.0,0.031,0,0.0,0,0.0,13,0.0,0,0.0,0,0,0,0,1.0,0.0,0.0,0,NS_YELLOW,hold,,,
3851.0,1,32,2.0,0.062,0,0.0,0,0.0,13,0.0,0,0.0,0,0,0,0,2.0,0.0,0.0,0,EW_GREEN,yellow_end,,,
3852.0,2,32,4.0,0.125,0,0.0,0,0.0,13,0.0,0,0.0,0,0,0,0,4.0,0.0,0.0,0,EW_GREEN,hold,,,
3853.0,2,32,8.0,0.25,0,0.0,0,0.0,13,1.0,0,0.0,0,0,0,0,7.0,1.0,0.0,0,EW_GREEN,hold,,,
3854.0,2,32,12.0,0.375,0,0.0,0,0.0,13,2.0,0,0.0,0,0,0,0,10.0,2.0,0.0,0,EW_GREEN,hold,,,
3855.0,2,32,17.0,0.531,0,0.0,0,0.0,13,4.0,0,0.0,0,0,0,0,13.0,4.0,0.0,0,EW_GREEN,hold,,,
3856.0,2,31,20.0,0.645,0,0.0,0,0.0,13,4.0,0,0.0,0,0,0,0,16.0,4.0,0.0,0,EW_GREEN,hold,,,
3857.0,2,31,25.0,0.806,0,0.0,0,0.0,13,6.0,0,0.0,0,0,0,0,19.0,6.0,0.0,0,EW_GREEN,hold,,,
3858.0,2,31,30.0,0.968,0,0.0,0,0.0,13,8.0,0,0.0,0,0,0,0,22.0,8.0,0.0,0,EW_GREEN,hold,,,
3859.0,2,31,36.0,1.161,0,0.0,0,0.0,13,11.0,0,0.0,0,0,0,0,25.0,11.0,0.0,0,EW_GREEN,hold,,,
3860.0,2,30,44.0,1.467,0,0.0,0,0.0,13,16.0,0,0.0,0,0,1,0,28.0,16.0,0.0,0,EW_GREEN,hold,,,
3861.0,2,30,52.0,1.733,0,0.0,0,0.0,13,21.0,0,0.0,0,0,1,0,31.0,21.0,0.0,0,EW_GREEN,hold,,,
3862.0,2,29,61.0,2.103,0,0.0,0,0.0,13,27.0,0,0.0,0,0,1,0,34.0,27.0,0.0,0,EW_GREEN,hold,,,
3863.0,2,29,71.0,2.448,0,0.0,0,0.0,13,34.0,0,0.0,0,0,2,0,37.0,34.0,0.0,0,EW_GREEN,hold,,,
3864.0,2,28,78.0,2.786,0,0.0,0,0.0,13,38.0,0,0.0,0,0,0,0,40.0,38.0,0.0,0,EW_GREEN,hold,,,
3865.0,2,28,87.0,3.107,0,0.0,0,0.0,13,44.0,0,0.0,0,0,0,0,43.0,44.0,0.0,0,EW_GREEN,hold,,,
3866.0,2,27,96.0,3.556,0,0.0,0,0.0,13,50.0,0,0.0,0,0,0,0,46.0,50.0,0.0,0,EW_GREEN,hold,,,
3867.0,2,27,106.0,3.926,0,0.0,0,0.0,13,57.0,0,0.0,0,0,0,0,49.0,57.0,0.0,0,EW_GREEN,hold,,,
3868.0,2,26,116.0,4.462,0,0.0,0,0.0,13,64.0,0,0.0,0,0,2,0,52.0,64.0,0.0,0,EW_GREEN,hold,,,
3869.0,2,26,127.0,4.885,0,0.0,0,0.0,13,72.0,0,0.0,0,0,2,0,55.0,72.0,0.0,0,EW_GREEN,hold,,,
3870.0,2,25,138.0,5.52,0,0.0,0,0.0,13,80.0,0,0.0,0,0,2,0,58.0,80.0,0.0,0,EW_GREEN,hold,,,
3871.0,2,25,150.0,6.0,0,0.0,0,0.0,13,89.0,0,0.0,0,0,2,0,61.0,89.0,0.0,0,EW_GREEN,hold,,,
3872.0,2,25,162.0,6.48,0,0.0,0,0.0,13,98.0,0,0.0,0,0,2,0,64.0,98.0,0.0,0,EW_GREEN,hold,,,
3873.0,2,25,174.0,6.96,0,0.0,0,0.0,13,107.0,0,0.0,0,0,2,0,67.0,107.0,0.0,0,EW_GREEN,hold,,,
3874.0,2,25,187.0,7.48,0,0.0,0,0.0,13,117.0,0,0.0,0,0,2,0,70.0,117.0,0.0,0,EW_GREEN,hold,,,
3875.0,2,25,201.0,8.04,0,0.0,0,0.0,13,127.0,0,0.0,0,0,2,0,73.0,127.0,1.0,0,EW_GREEN,hold,,,
3876.0,2,25,216.0,8.64,0,0.0,0,0.0,13,138.0,0,0.0,0,0,6,0,76.0,138.0,2.0,0,EW_GREEN,hold,,,
3877.0,2,25,232.0,9.28,0,0.0,0,0.0,13,148.0,0,0.0,0,0,4,0,79.0,148.0,5.0,0,EW_GREEN,hold,,,
3878.0,2,25,247.0,9.88,0,0.0,0,0.0,13,157.0,0,0.0,0,0,0,0,82.0,157.0,8.0,0,EW_GREEN,hold,,,
3879.0,2,25,263.0,10.52,0,0.0,0,0.0,13,167.0,0,0.0,0,0,0,0,85.0,167.0,11.0,0,EW_GREEN,hold,,,
3880.0,2,25,280.0,11.2,0,0.0,0,0.0,13,177.0,0,0.0,0,0,0,0,88.0,177.0,15.0,0,EW_GREEN,hold,,,
3881.0,2,25,298.0,11.92,0,0.0,0,0.0,13,188.0,0,0.0,0,0,9,0,91.0,188.0,19.0,0,EW_GREEN,hold,,,
3882.0,2,25,317.0,12.68,0,0.0,0,0.0,13,199.0,0,0.0,0,0,9,0,94.0,199.0,24.0,0,EW_GREEN,hold,,,
3883.0,2,25,337.0,13.48,0,0.0,0,0.0,13,211.0,0,0.0,0,0,13,0,97.0,211.0,29.0,0,EW_GREEN,hold,,,
3884.0,2,25,358.0,14.32,0,0.0,0,0.0,13,223.0,0,0.0,0,0,13,0,100.0,223.0,35.0,0,EW_GREEN,hold,,,
3885.0,2,25,379.0,15.16,0,0.0,0,0.0,13,233.0,0,0.0,0,0,8,0,103.0,233.0,43.0,0,EW_GREEN,hold,,,
3886.0,2,25,403.0,16.12,0,0.0,0,0.0,13,245.0,0,0.0,0,0,8,0,106.0,245.0,52.0,0,EW_GREEN,hold,,,
3887.0,2,25,427.0,17.08,0,0.0,0,0.0,13,257.0,0,0.0,0,0,13,0,109.0,257.0,61.0,0,EW_GREEN,hold,,,
3888.0,2,25,452.0,18.08,0,0.0,0,0.0,13,270.0,0,0.0,0,0,13,0,112.0,270.0,70.0,0,EW_GREEN,hold,,,
3889.0,2,25,477.0,19.08,0,0.0,0,0.0,13,283.0,0,0.0,0,0,13,0,115.0,283.0,79.0,0,EW_GREEN,hold,,,
3890.0,2,25,499.0,19.96,0,0.0,0,0.0,13,293.0,0,0.0,0,0,9,0,118.0,293.0,88.0,0,EW_GREEN,hold,,,
3891.0,2,24,481.0,20.042,0,0.0,0,0.0,13,305.0,0,0.0,0,0,9,0,79.0,305.0,97.0,0,EW_GREEN,hold,,,
3892.0,2,24,463.0,19.292,0,0.0,0,0.0,13,317.0,0,0.0,0,0,9,0,40.0,317.0,106.0,0,EW_GREEN,hold,,,
3893.0,2,24,444.0,18.5,0,0.0,0,0.0,13,329.0,0,0.0,0,0,9,0,0.0,329.0,115.0,0,EW_GREEN,hold,,,
3894.0,3,23,465.0,20.217,0,0.0,0,0.0,13,341.0,0,0.0,0,0,13,0,0.0,341.0,124.0,0,EW_GREEN,hold,,,
3895.0,3,24,487.0,20.292,0,0.0,0,0.0,14,354.0,0,0.0,0,0,8,0,0.0,354.0,133.0,0,EW_GREEN,hold,,,
3896.0,3,24,509.0,21.208,0,0.0,0,0.0,14,367.0,0,0.0,0,0,8,0,0.0,367.0,142.0,0,EW_GREEN,hold,,,
3897.0,0,20,407.0,20.35,0,0.0,0,0.0,11,256.0,0,0.0,0,0,6,0,0.0,256.0,151.0,0,EW_GREEN,hold,,,
3898.0,0,21,317.0,15.095,0,0.0,0,0.0,12,157.0,0,0.0,0,0,0,0,0.0,157.0,160.0,0,EW_GREEN,hold,,,
3899.0,0,21,244.0,11.619,0,0.0,0,0.0,12,75.0,0,0.0,0,0,0,0,0.0,75.0,169.0,0,EW_GREEN,hold,,,
3900.0,0,19,205.0,10.789,0,0.0,0,0.0,9,27.0,0,0.0,0,0,0,0,0.0,27.0,178.0,0,EW_GREEN,hold,,,
3901.0,0,21,187.0,8.905,0,0.0,0,0.0,10,0.0,0,0.0,0,0,0,0,0.0,0.0,187.0,0,EW_GREEN,hold,,,
3902.0,0,20,168.0,8.4,0,0.0,0,0.0,10,0.0,0,0.0,0,0,0,0,0.0,0.0,168.0,0,EW_GREEN,hold,,,
3903.0,0,20,149.0,7.45,0,0.0,0,0.0,7,0.0,0,0.0,0,0,0,0,0.0,0.0,149.0,0,EW_GREEN,hold,,,
3904.0,0,20,128.0,6.4,0,0.0,0,0.0,7,0.0,0,0.0,0,0,0,0,0.0,0.0,128.0,0,EW_GREEN,hold,,,
3905.0,0,19,108.0,5.684,0,0.0,0,0.0,5,0.0,0,0.0,0,0,0,0,0.0,0.0,108.0,0,EW_GREEN,hold,,,
3906.0,0,18,88.0,4.889,0,0.0,0,0.0,4,0.0,0,0.0,0,0,0,0,0.0,0.0,88.0,0,EW_GREEN,hold,,,
3907.0,0,19,68.0,3.579,0,0.0,0,0.0,4,0.0,0,0.0,0,0,0,0,0.0,0.0,68.0,0,EW_GREEN,hold,,,
3908.0,0,19,47.0,2.474,0,0.0,0,0.0,4,0.0,0,0.0,0,0,0,0,0.0,0.0,47.0,0,EW_GREEN,hold,,,
3909.0,0,19,24.0,1.263,0,0.0,0,0.0,3,0.0,0,0.0,0,0,0,0,0.0,0.0,24.0,0,EW_GREEN,hold,,,
3910.0,0,19,0.0,0.0,0,0.0,0,0.0,3,0.0,0,0.0,0,0,0,0,0.0,0.0,0.0,0,EW_GREEN,hold,,,
3911.0,0,20,0.0,0.0,0,0.0,0,0.0,3,0.0,0,0.0,0,0,0,0,0.0,0.0,0.0,0,EW_YELLOW,max_green,,,
3912.0,3,19,0.0,0.0,0,0.0,0,0.0,3,0.0,0,0.0,0,0,0,0,0.0,0.0,0.0,0,EW_YELLOW,hold,,,
3913.0,3,19,0.0,0.0,0,0.0,0,0.0,3,0.0,0,0.0,0,0,0,0,0.0,0.0,0.0,0,EW_YELLOW,hold,,,
3914.0,3,19,0.0,0.0,0,0.0,0,0.0,3,0.0,0,0.0,0,0,0,0,0.0,0.0,0.0,0,NS_GREEN,yellow_end,,,
3915.0,0,18,0.0,0.0,0,0.0,0,0.0,3,0.0,0,0.0,0,0,0,0,0.0,0.0,0.0,0,NS_GREEN,hold,,,
3916.0,0,18,0.0,0.0,0,0.0,0,0.0,3,0.0,0,0.0,0,0,0,0,0.0,0.0,0.0,0,NS_GREEN,hold,,,
3917.0,0,18,0.0,0.0,0,0.0,0,0.0,3,0.0,0,0.0,0,0,0,0,0.0,0.0,0.0,0,NS_GREEN,hold,,,
3918.0,0,17,0.0,0.0,0,0.0,0,0.0,3,0.0,0,0.0,0,0,0,0,0.0,0.0,0.0,0,NS_GREEN,hold,,,
3919.0,0,17,0.0,0.0,0,0.0,0,0.0,3,0.0,0,0.0,0,0,0,0,0.0,0.0,0.0,0,NS_GREEN,hold,,,
3920.0,0,16,0.0,0.0,0,0.0,0,0.0,3,0.0,0,0.0,0,0,0,0,0.0,0.0,0.0,0,NS_GREEN,hold,,,
3921.0,0,16,0.0,0.0,0,0.0,0,0.0,3,0.0,0,0.0,0,0,0,0,0.0,0.0,0.0,0,NS_GREEN,hold,,,
3922.0,0,15,0.0,0.0,0,0.0,0,0.0,3,0.0,0,0.0,0,0,0,0,0.0,0.0,0.0,0,NS_YELLOW,pressure_ew,,,
3923.0,1,15,0.0,0.0,0,0.0,0,0.0,3,0.0,0,0.0,0,0,0,0,0.0,0.0,0.0,0,NS_YELLOW,hold,,,
3924.0,1,15,0.0,0.0,0,0.0,0,0.0,3,0.0,0,0.0,0,0,0,0,0.0,0.0,0.0,0,NS_YELLOW,hold,,,
3925.0,1,15,0.0,0.0,0,0.0,0,0.0,3,0.0,0,0.0,0,0,0,0,0.0,0.0,0.0,0,EW_GREEN,yellow_end,,,
3926.0,2,15,0.0,0.0,0,0.0,0,0.0,3,0.0,0,0.0,0,0,0,0,0.0,0.0,0.0,0,EW_GREEN,hold,,,
3927.0,2,15,0.0,0.0,0,0.0,0,0.0,3,0.0,0,0.0,0,0,0,0,0.0,0.0,0.0,0,EW_GREEN,hold,,,
3928.0,2,15,1.0,0.067,0,0.0,0,0.0,3,1.0,0,0.0,0,0,0,0,0.0,1.0,0.0,0,EW_GREEN,hold,,,
3929.0,2,14,2.0,0.143,0,0.0,0,0.0,3,2.0,0,0.0,0,0,1,0,0.0,2.0,0.0,0,EW_GREEN,hold,,,
3930.0,2,14,4.0,0.286,0,0.0,0,0.0,3,4.0,0,0.0,0,0,1,0,0.0,4.0,0.0,0,EW_GREEN,hold,,,
3931.0,2,14,6.0,0.429,0,0.0,0,0.0,3,6.0,0,0.0,0,0,2,0,0.0,6.0,0.0,0,EW_GREEN,hold,,,
3932.0,2,14,8.0,0.571,0,0.0,0,0.0,3,8.0,0,0.0,0,0,2,0,0.0,8.0,0.0,0,EW_GREEN,hold,,,
3933.0,2,14,10.0,0.714,0,0.0,0,0.0,3,10.0,0,0.0,0,0,2,0,0.0,10.0,0.0,0,EW_GREEN,hold,,,
3934.0,2,14,12.0,0.857,0,0.0,0,0.0,3,12.0,0,0.0,0,0,2,0,0.0,12.0,0.0,0,EW_GREEN,hold,,,
3935.0,2,13,14.0,1.077,0,0.0,0,0.0,3,14.0,0,0.0,0,0,2,0,0.0,14.0,0.0,0,EW_GREEN,hold,,,
3936.0,2,13,17.0,1.308,0,0.0,0,0.0,3,17.0,0,0.0,0,0,3,0,0.0,17.0,0.0,0,EW_GREEN,hold,,,
3937.0,2,12,20.0,1.667,0,0.0,0,0.0,3,20.0,0,0.0,0,0,3,0,0.0,20.0,0.0,0,EW_GREEN,hold,,,
3938.0,2,12,23.0,1.917,0,0.0,0,0.0,3,23.0,0,0.0,0,0,3,0,0.0,23.0,0.0,0,EW_GREEN,hold,,,
3939.0,2,11,26.0,2.364,0,0.0,0,0.0,3,26.0,0,0.0,0,0,3,0,0.0,26.0,0.0,0,EW_GREEN,hold,,,
3940.0,2,11,29.0,2.636,0,0.0,0,0.0,3,29.0,0,0.0,0,0,3,0,0.0,29.0,0.0,0,EW_GREEN,hold,,,
3941.0,2,10,32.0,3.2,0,0.0,0,0.0,3,32.0,0,0.0,0,0,3,0,0.0,32.0,0.0,0,EW_GREEN,hold,,,
3942.0,2,10,35.0,3.5,0,0.0,0,0.0,3,35.0,0,0.0,0,0,3,0,0.0,35.0,0.0,0,EW_GREEN,hold,,,
3943.0,2,9,38.0,4.222,0,0.0,0,0.0,3,38.0,0,0.0,0,0,3,0,0.0,38.0,0.0,0,EW_GREEN,hold,,,
3944.0,2,9,41.0,4.556,0,0.0,0,0.0,3,41.0,0,0.0,0,0,3,0,0.0,41.0,0.0,0,EW_GREEN,hold,,,
3945.0,2,9,44.0,4.889,0,0.0,0,0.0,3,44.0,0,0.0,0,0,3,0,0.0,44.0,0.0,0,EW_GREEN,hold,,,
3946.0,2,9,47.0,5.222,0,0.0,0,0.0,3,47.0,0,0.0,0,0,3,0,0.0,47.0,0.0,0,EW_GREEN,hold,,,
3947.0,2,9,51.0,5.667,0,0.0,0,0.0,3,50.0,0,0.0,0,0,3,0,0.0,50.0,1.0,0,EW_GREEN,hold,,,
3948.0,2,9,55.0,6.111,0,0.0,0,0.0,3,53.0,0,0.0,0,0,3,0,0.0,53.0,2.0,0,EW_GREEN,hold,,,
3949.0,2,9,59.0,6.556,0,0.0,0,0.0,3,56.0,0,0.0,0,0,3,0,0.0,56.0,3.0,0,EW_GREEN,hold,,,
3950.0,2,9,64.0,7.111,0,0.0,0,0.0,3,59.0,0,0.0,0,0,3,0,0.0,59.0,5.0,0,EW_GREEN,hold,,,
3951.0,2,9,69.0,7.667,0,0.0,0,0.0,3,62.0,0,0.0,0,0,3,0,0.0,62.0,7.0,0,EW_GREEN,hold,,,
3952.0,2,9,74.0,8.222,0,0.0,0,0.0,3,65.0,0,0.0,0,0,3,0,0.0,65.0,9.0,0,EW_GREEN,hold,,,
3953.0,2,9,80.0,8.889,0,0.0,0,0.0,3,68.0,0,0.0,0,0,3,0,0.0,68.0,12.0,0,EW_GREEN,hold,,,
3954.0,2,9,87.0,9.667,0,0.0,0,0.0,3,71.0,0,0.0,0,0,3,0,0.0,71.0,16.0,0,EW_GREEN,hold,,,
3955.0,2,9,95.0,10.556,0,0.0,0,0.0,3,74.0,0,0.0,0,0,3,0,0.0,74.0,21.0,0,EW_GREEN,hold,,,
3956.0,2,9,103.0,11.444,0,0.0,0,0.0,3,77.0,0,0.0,0,0,3,0,0.0,77.0,26.0,0,EW_GREEN,hold,,,
3957.0,2,9,112.0,12.444,0,0.0,0,0.0,3,80.0,0,0.0,0,0,3,0,0.0,80.0,32.0,0,EW_GREEN,hold,,,
3958.0,2,9,121.0,13.444,0,0.0,0,0.0,3,83.0,0,0.0,0,0,3,0,0.0,83.0,38.0,0,EW_GREEN,hold,,,
3959.0,2,9,130.0,14.444,0,0.0,0,0.0,3,86.0,0,0.0,0,0,3,0,0.0,86.0,44.0,0,EW_GREEN,hold,,,
3960.0,2,9,139.0,15.444,0,0.0,0,0.0,3,89.0,0,0.0,0,0,3,0,0.0,89.0,50.0,0,EW_GREEN,hold,,,
3961.0,2,9,148.0,16.444,0,0.0,0,0.0,3,92.0,0,0.0,0,0,3,0,0.0,92.0,56.0,0,EW_GREEN,hold,,,
3962.0,2,9,157.0,17.444,0,0.0,0,0.0,3,95.0,0,0.0,0,0,3,0,0.0,95.0,62.0,0,EW_GREEN,hold,,,
3963.0,2,9,166.0,18.444,0,0.0,0,0.0,3,98.0,0,0.0,0,0,3,0,0.0,98.0,68.0,0,EW_GREEN,hold,,,
3964.0,2,9,175.0,19.444,0,0.0,0,0.0,3,101.0,0,0.0,0,0,3,0,0.0,101.0,74.0,0,EW_GREEN,hold,,,
3965.0,2,9,184.0,20.444,0,0.0,0,0.0,3,104.0,0,0.0,0,0,3,0,0.0,104.0,80.0,0,EW_GREEN,hold,,,
3966.0,2,9,193.0,21.444,0,0.0,0,0.0,3,107.0,0,0.0,0,0,3,0,0.0,107.0,86.0,0,EW_GREEN,hold,,,
3967.0,2,9,202.0,22.444,0,0.0,0,0.0,3,110.0,0,0.0,0,0,3,0,0.0,110.0,92.0,0,EW_GREEN,hold,,,
3968.0,3,9,211.0,23.444,0,0.0,0,0.0,3,113.0,0,0.0,0,0,3,0,0.0,113.0,98.0,0,EW_GREEN,hold,,,
3969.0,3,9,220.0,24.444,0,0.0,0,0.0,3,116.0,0,0.0,0,0,3,0,0.0,116.0,104.0,0,EW_GREEN,hold,,,
3970.0,3,9,229.0,25.444,0,0.0,0,0.0,3,119.0,0,0.0,0,0,3,0,0.0,119.0,110.0,0,EW_GREEN,hold,,,
3971.0,0,6,116.0,19.333,0,0.0,0,0.0,0,0.0,0,0.0,0,0,0,0,0.0,0.0,116.0,0,EW_YELLOW,pressure_ns,,,
3972.0,3,6,122.0,20.333,0,0.0,0,0.0,0,0.0,0,0.0,0,0,0,0,0.0,0.0,122.0,0,EW_YELLOW,hold,,,
3973.0,3,6,128.0,21.333,0,0.0,0,0.0,0,0.0,0,0.0,0,0,0,0,0.0,0.0,128.0,0,EW_YELLOW,hold,,,
3974.0,3,8,134.0,16.75,0,0.0,0,0.0,0,0.0,0,0.0,0,0,0,0,0.0,0.0,134.0,0,NS_GREEN,yellow_end,,,
3975.0,0,9,140.0,15.556,0,0.0,0,0.0,0,0.0,0,0.0,0,0,0,0,0.0,0.0,140.0,0,NS_GREEN,hold,,,
3976.0,0,8,116.0,14.5,0,0.0,0,0.0,0,0.0,0,0.0,0,0,0,0,0.0,0.0,116.0,0,NS_GREEN,hold,,,
3977.0,0,8,93.0,11.625,0,0.0,0,0.0,0,0.0,0,0.0,0,0,0,0,0.0,0.0,93.0,0,NS_GREEN,hold,,,
3978.0,0,8,71.0,8.875,0,0.0,0,0.0,0,0.0,0,0.0,0,0,0,0,0.0,0.0,71.0,0,NS_GREEN,hold,,,
3979.0,0,7,48.0,6.857,0,0.0,0,0.0,0,0.0,0,0.0,0,0,0,0,0.0,0.0,48.0,0,NS_GREEN,hold,,,
3980.0,0,7,24.0,3.429,0,0.0,0,0.0,0,0.0,0,0.0,0,0,0,0,0.0,0.0,24.0,0,NS_GREEN,hold,,,
3981.0,0,7,0.0,0.0,0,0.0,0,0.0,0,0.0,0,0.0,0,0,0,0,0.0,0.0,0.0,0,NS_GREEN,hold,,,
3982.0,0,6,0.0,0.0,0,0.0,0,0.0,0,0.0,0,0.0,0,0,0,0,0.0,0.0,0.0,0,NS_YELLOW,pressure_ew,,,
3983.0,1,5,0.0,0.0,0,0.0,0,0.0,0,0.0,0,0.0,0,0,0,0,0.0,0.0,0.0,0,NS_YELLOW,hold,,,
3984.0,1,5,0.0,0.0,0,0.0,0,0.0,0,0.0,0,0.0,0,0,0,0,0.0,0.0,0.0,0,NS_YELLOW,hold,,,
3985.0,1,5,0.0,0.0,0,0.0,0,0.0,0,0.0,0,0.0,0,0,0,0,0.0,0.0,0.0,0,EW_GREEN,yellow_end,,,
3986.0,2,4,0.0,0.0,0,0.0,0,0.0,0,0.0,0,0.0,0,0,0,0,0.0,0.0,0.0,0,EW_GREEN,hold,,,
3987.0,2,4,0.0,0.0,0,0.0,0,0.0,0,0.0,0,0.0,0,0,0,0,0.0,0.0,0.0,0,EW_GREEN,hold,,,
3988.0,2,3,0.0,0.0,0,0.0,0,0.0,0,0.0,0,0.0,0,0,0,0,0.0,0.0,0.0,0,EW_GREEN,hold,,,
3989.0,2,3,0.0,0.0,0,0.0,0,0.0,0,0.0,0,0.0,0,0,0,0,0.0,0.0,0.0,0,EW_GREEN,hold,,,
3990.0,2,3,0.0,0.0,0,0.0,0,0.0,0,0.0,0,0.0,0,0,0,0,0.0,0.0,0.0,0,EW_GREEN,hold,,,
3991.0,2,3,0.0,0.0,0,0.0,0,0.0,0,0.0,0,0.0,0,0,0,0,0.0,0.0,0.0,0,EW_GREEN,hold,,,
3992.0,2,3,0.0,0.0,0,0.0,0,0.0,0,0.0,0,0.0,0,0,0,0,0.0,0.0,0.0,0,EW_GREEN,hold,,,
3993.0,2,3,0.0,0.0,0,0.0,0,0.0,0,0.0,0,0.0,0,0,0,0,0.0,0.0,0.0,0,EW_YELLOW,pressure_ns,,,
3994.0,3,3,0.0,0.0,0,0.0,0,0.0,0,0.0,0,0.0,0,0,0,0,0.0,0.0,0.0,0,EW_YELLOW,hold,,,
3995.0,3,3,0.0,0.0,0,0.0,0,0.0,0,0.0,0,0.0,0,0,0,0,0.0,0.0,0.0,0,EW_YELLOW,hold,,,
3996.0,3,3,0.0,0.0,0,0.0,0,0.0,0,0.0,0,0.0,0,0,0,0,0.0,0.0,0.0,0,NS_GREEN,yellow_end,,,
3997.0,0,3,0.0,0.0,0,0.0,0,0.0,0,0.0,0,0.0,0,0,0,0,0.0,0.0,0.0,0,NS_GREEN,hold,,,
3998.0,0,3,0.0,0.0,0,0.0,0,0.0,0,0.0,0,0.0,0,0,0,0,0.0,0.0,0.0,0,NS_GREEN,hold,,,
3999.0,0,3,0.0,0.0,0,0.0,0,0.0,0,0.0,0,0.0,0,0,0,0,0.0,0.0,0.0,0,NS_GREEN,hold,,,
4000.0,0,3,0.0,0.0,0,0.0,0,0.0,0,0.0,0,0.0,0,0,0,0,0.0,0.0,0.0,0,NS_GREEN,hold,,,
4001.0,0,3,0.0,0.0,0,0.0,0,0.0,0,0.0,0,0.0,0,0,0,0,0.0,0.0,0.0,0,NS_GREEN,hold,,,
4002.0,0,3,0.0,0.0,0,0.0,0,0.0,0,0.0,0,0.0,0,0,0,0,0.0,0.0,0.0,0,NS_GREEN,hold,,,
4003.0,0,2,0.0,0.0,0,0.0,0,0.0,0,0.0,0,0.0,0,0,0,0,0.0,0.0,0.0,0,NS_GREEN,hold,,,
4004.0,0,2,0.0,0.0,0,0.0,0,0.0,0,0.0,0,0.0,0,0,0,0,0.0,0.0,0.0,0,NS_YELLOW,pressure_ew,,,
4005.0,1,1,0.0,0.0,0,0.0,0,0.0,0,0.0,0,0.0,0,0,0,0,0.0,0.0,0.0,0,NS_YELLOW,hold,,,
4006.0,1,1,0.0,0.0,0,0.0,0,0.0,0,0.0,0,0.0,0,0,0,0,0.0,0.0,0.0,0,NS_YELLOW,hold,,,
4007.0,1,1,0.0,0.0,0,0.0,0,0.0,0,0.0,0,0.0,0,0,0,0,0.0,0.0,0.0,0,EW_GREEN,yellow_end,,,
4008.0,2,0,0.0,0.0,0,0.0,0,0.0,0,0.0,0,0.0,0,0,0,0,0.0,0.0,0.0,0,EW_GREEN,hold,,,
4009.0,2,0,0.0,0.0,0,0.0,0,0.0,0,0.0,0,0.0,0,0,0,0,0.0,0.0,0.0,0,EW_GREEN,hold,,,
4010.0,2,0,0.0,0.0,0,0.0,0,0.0,0,0.0,0,0.0,0,0,0,0,0.0,0.0,0.0,0,EW_GREEN,hold,,,
4011.0,2,0,0.0,0.0,0,0.0,0,0.0,0,0.0,0,0.0,0,0,0,0,0.0,0.0,0.0,0,EW_GREEN,hold,,,
4012.0,2,0,0.0,0.0,0,0.0,0,0.0,0,0.0,0,0.0,0,0,0,0,0.0,0.0,0.0,0,EW_GREEN,hold,,,
4013.0,2,0,0.0,0.0,0,0.0,0,0.0,0,0.0,0,0.0,0,0,0,0,0.0,0.0,0.0,0,EW_GREEN,hold,,,
4014.0,2,0,0.0,0.0,0,0.0,0,0.0,0,0.0,0,0.0,0,0,0,0,0.0,0.0,0.0,0,EW_GREEN,hold,,,
4015.0,2,0,0.0,0.0,0,0.0,0,0.0,0,0.0,0,0.0,0,0,0,0,0.0,0.0,0.0,0,EW_YELLOW,pressure_ns,,,
4016.0,3,0,0.0,0.0,0,0.0,0,0.0,0,0.0,0,0.0,0,0,0,0,0.0,0.0,0.0,0,EW_YELLOW,hold,,,
4017.0,3,0,0.0,0.0,0,0.0,0,0.0,0,0.0,0,0.0,0,0,0,0,0.0,0.0,0.0,0,EW_YELLOW,hold,,,
4018.0,3,0,0.0,0.0,0,0.0,0,0.0,0,0.0,0,0.0,0,0,0,0,0.0,0.0,0.0,0,NS_GREEN,yellow_end,,,
4019.0,0,0,0.0,0.0,0,0.0,0,0.0,0,0.0,0,0.0,0,0,0,0,0.0,0.0,0.0,0,NS_GREEN,hold,,,
4020.0,0,0,0.0,0.0,0,0.0,0,0.0,0,0.0,0,0.0,0,0,0,0,0.0,0.0,0.0,0,NS_GREEN,hold,,,
4021.0,0,0,0.0,0.0,0,0.0,0,0.0,0,0.0,0,0.0,0,0,0,0,0.0,0.0,0.0,0,NS_GREEN,hold,,,
4022.0,0,0,0.0,0.0,0,0.0,0,0.0,0,0.0,0,0.0,0,0,0,0,0.0,0.0,0.0,0,NS_GREEN,hold,,,
4023.0,0,0,0.0,0.0,0,0.0,0,0.0,0,0.0,0,0.0,0,0,0,0,0.0,0.0,0.0,0,NS_GREEN,hold,,,
4024.0,0,0,0.0,0.0,0,0.0,0,0.0,0,0.0,0,0.0,0,0,0,0,0.0,0.0,0.0,0,NS_GREEN,hold,,,
4025.0,0,0,0.0,0.0,0,0.0,0,0.0,0,0.0,0,0.0,0,0,0,0,0.0,0.0,0.0,0,NS_GREEN,hold,,,
